AcquisitionCycle,Connection,ControllerTag,DataType,HmiDataType,Name,SourcePath,Table
1 s,CPU S71500-2PN_TP700,AutoProcessData.A_Table_1[1].PartStatus,Int,Int,AutoProcessData_A_Table_1{1}_PartStatus,EXPORT/HMI tags/ChangeOverProcess.xml,ChangeOverProcess
1 s,CPU S71500-2PN_TP700,AutoProcessData.A_Table_1[2].PartStatus,Int,Int,AutoProcessData_A_Table_1{2}_PartStatus,EXPORT/HMI tags/ChangeOverProcess.xml,ChangeOverProcess
1 s,CPU S71500-2PN_TP700,AutoProcessData.A_Table_1[3].PartStatus,Int,Int,AutoProcessData_A_Table_1{3}_PartStatus,EXPORT/HMI tags/ChangeOverProcess.xml,ChangeOverProcess
1 s,CPU S71500-2PN_TP700,AutoProcessData.A_Table_1[4].PartStatus,Int,Int,AutoProcessData_A_Table_1{4}_PartStatus,EXPORT/HMI tags/ChangeOverProcess.xml,ChangeOverProcess
1 s,CPU S71500-2PN_TP700,AutoProcessData.A_Table_1[5].PartStatus,Int,Int,AutoProcessData_A_Table_1{5}_PartStatus,EXPORT/HMI tags/ChangeOverProcess.xml,ChangeOverProcess
1 s,CPU S71500-2PN_TP700,AutoProcessData.A_Table_1[6].PartStatus,Int,Int,AutoProcessData_A_Table_1{6}_PartStatus,EXPORT/HMI tags/ChangeOverProcess.xml,ChangeOverProcess
1 s,CPU S71500-2PN_TP700,AutoProcessData.A_Table_1[7].PartStatus,Int,Int,AutoProcessData_A_Table_1{7}_PartStatus,EXPORT/HMI tags/ChangeOverProcess.xml,ChangeOverProcess
1 s,CPU S71500-2PN_TP700,AutoProcessData.A_Table_1[8].PartStatus,Int,Int,AutoProcessData_A_Table_1{8}_PartStatus,EXPORT/HMI tags/ChangeOverProcess.xml,ChangeOverProcess
1 s,CPU S71500-2PN_TP700,AutoProcessData.A_Table_2[1].PartStatus,Int,Int,AutoProcessData_A_Table_2{1}_PartStatus,EXPORT/HMI tags/ChangeOverProcess.xml,ChangeOverProcess
1 s,CPU S71500-2PN_TP700,AutoProcessData.A_Table_2[2].PartStatus,Int,Int,AutoProcessData_A_Table_2{2}_PartStatus,EXPORT/HMI tags/ChangeOverProcess.xml,ChangeOverProcess
1 s,CPU S71500-2PN_TP700,AutoProcessData.A_Table_2[3].PartStatus,Int,Int,AutoProcessData_A_Table_2{3}_PartStatus,EXPORT/HMI tags/ChangeOverProcess.xml,ChangeOverProcess
1 s,CPU S71500-2PN_TP700,AutoProcessData.A_Table_2[4].PartStatus,Int,Int,AutoProcessData_A_Table_2{4}_PartStatus,EXPORT/HMI tags/ChangeOverProcess.xml,ChangeOverProcess
1 s,CPU S71500-2PN_TP700,AutoProcessData.A_Table_2[5].PartStatus,Int,Int,AutoProcessData_A_Table_2{5}_PartStatus,EXPORT/HMI tags/ChangeOverProcess.xml,ChangeOverProcess
1 s,CPU S71500-2PN_TP700,AutoProcessData.A_Table_2[6].PartStatus,Int,Int,AutoProcessData_A_Table_2{6}_PartStatus,EXPORT/HMI tags/ChangeOverProcess.xml,ChangeOverProcess
1 s,CPU S71500-2PN_TP700,AutoProcessData.A_Table_2[7].PartStatus,Int,Int,AutoProcessData_A_Table_2{7}_PartStatus,EXPORT/HMI tags/ChangeOverProcess.xml,ChangeOverProcess
1 s,CPU S71500-2PN_TP700,AutoProcessData.A_Table_2[8].PartStatus,Int,Int,AutoProcessData_A_Table_2{8}_PartStatus,EXPORT/HMI tags/ChangeOverProcess.xml,ChangeOverProcess
1 s,CPU S71500-2PN_TP700,AutoProcessData.GlobalData.Table1CodeOKFlag,Bool,Bool,AutoProcessData_GlobalData_Table1CodeOKFlag,EXPORT/HMI tags/ChangeOverProcess.xml,ChangeOverProcess
1 s,CPU S71500-2PN_TP700,AutoProcessData.GlobalData.Table2CodeOKFlag,Bool,Bool,AutoProcessData_GlobalData_Table2CodeOKFlag,EXPORT/HMI tags/ChangeOverProcess.xml,ChangeOverProcess
1 s,CPU S71500-2PN_TP700,AutoProcessData.GlobalData.Fixture1CodeOKFlag,Bool,Bool,AutoProcessData_GlobalData_Fixture1CodeOKFlag,EXPORT/HMI tags/ChangeOverProcess.xml,ChangeOverProcess
1 s,CPU S71500-2PN_TP700,AutoProcessData.GlobalData.Fixture2CodeOKFlag,Bool,Bool,AutoProcessData_GlobalData_Fixture2CodeOKFlag,EXPORT/HMI tags/ChangeOverProcess.xml,ChangeOverProcess
1 s,CPU S71500-2PN_TP700,AutoProcessData.GlobalData.Robot2GripperCodeOKFlag,Bool,Bool,AutoProcessData_GlobalData_Robot2GripperCodeOKFlag,EXPORT/HMI tags/ChangeOverProcess.xml,ChangeOverProcess
1 s,CPU S71500-2PN_TP700,AutoProcessData.GlobalData.Robot1GripperCodeOKFlag,Bool,Bool,AutoProcessData_GlobalData_Robot1GripperCodeOKFlag,EXPORT/HMI tags/ChangeOverProcess.xml,ChangeOverProcess
1 s,CPU S71500-2PN_TP700,AutoProcessData.GlobalData.Robot3GripperCodeOKFlag,Bool,Bool,AutoProcessData_GlobalData_Robot3GripperCodeOKFlag,EXPORT/HMI tags/ChangeOverProcess.xml,ChangeOverProcess
1 s,CPU S71500-2PN_TP700,AutoProcessData.GlobalData.Robot1GripCodeStatus1,Int,Int,AutoProcessData_GlobalData_Robot1GripCodeStatus1,EXPORT/HMI tags/ChangeOverProcess.xml,ChangeOverProcess
1 s,CPU S71500-2PN_TP700,AutoProcessData.GlobalData.Robot1GripCodeStatus2,Int,Int,AutoProcessData_GlobalData_Robot1GripCodeStatus2,EXPORT/HMI tags/ChangeOverProcess.xml,ChangeOverProcess
1 s,CPU S71500-2PN_TP700,AutoProcessData.GlobalData.Robot1GripCodeStatus3,Int,Int,AutoProcessData_GlobalData_Robot1GripCodeStatus3,EXPORT/HMI tags/ChangeOverProcess.xml,ChangeOverProcess
1 s,CPU S71500-2PN_TP700,AutoProcessData.GlobalData.Robot1GripCodeStatus4,Int,Int,AutoProcessData_GlobalData_Robot1GripCodeStatus4,EXPORT/HMI tags/ChangeOverProcess.xml,ChangeOverProcess
1 s,CPU S71500-2PN_TP700,AutoProcessData.GlobalData.Robot2GripCodeStatus1,Int,Int,AutoProcessData_GlobalData_Robot2GripCodeStatus1,EXPORT/HMI tags/ChangeOverProcess.xml,ChangeOverProcess
1 s,CPU S71500-2PN_TP700,AutoProcessData.GlobalData.Robot2GripCodeStatus2,Int,Int,AutoProcessData_GlobalData_Robot2GripCodeStatus2,EXPORT/HMI tags/ChangeOverProcess.xml,ChangeOverProcess
1 s,CPU S71500-2PN_TP700,AutoProcessData.GlobalData.Robot2GripCodeStatus3,Int,Int,AutoProcessData_GlobalData_Robot2GripCodeStatus3,EXPORT/HMI tags/ChangeOverProcess.xml,ChangeOverProcess
1 s,CPU S71500-2PN_TP700,AutoProcessData.GlobalData.Robot2GripCodeStatus4,Int,Int,AutoProcessData_GlobalData_Robot2GripCodeStatus4,EXPORT/HMI tags/ChangeOverProcess.xml,ChangeOverProcess
1 s,CPU S71500-2PN_TP700,AutoProcessData.GlobalData.Robot3GripCodeStatus1,Int,Int,AutoProcessData_GlobalData_Robot3GripCodeStatus1,EXPORT/HMI tags/ChangeOverProcess.xml,ChangeOverProcess
1 s,CPU S71500-2PN_TP700,AutoProcessData.GlobalData.Robot3GripCodeStatus2,Int,Int,AutoProcessData_GlobalData_Robot3GripCodeStatus2,EXPORT/HMI tags/ChangeOverProcess.xml,ChangeOverProcess
1 s,CPU S71500-2PN_TP700,AutoProcessData.GlobalData.Robot3GripCodeStatus3,Int,Int,AutoProcessData_GlobalData_Robot3GripCodeStatus3,EXPORT/HMI tags/ChangeOverProcess.xml,ChangeOverProcess
1 s,CPU S71500-2PN_TP700,AutoProcessData.GlobalData.Robot3GripCodeStatus4,Int,Int,AutoProcessData_GlobalData_Robot3GripCodeStatus4,EXPORT/HMI tags/ChangeOverProcess.xml,ChangeOverProcess
1 s,CPU S71500-2PN_TP700,AutoProcessData.GlobalData.FixtureCode_A1Status1,Int,Int,AutoProcessData_GlobalData_FixtureCode_A1Status1,EXPORT/HMI tags/ChangeOverProcess.xml,ChangeOverProcess
1 s,CPU S71500-2PN_TP700,AutoProcessData.GlobalData.FixtureCode_A1Status2,Int,Int,AutoProcessData_GlobalData_FixtureCode_A1Status2,EXPORT/HMI tags/ChangeOverProcess.xml,ChangeOverProcess
1 s,CPU S71500-2PN_TP700,AutoProcessData.GlobalData.FixtureCode_A1Status3,Int,Int,AutoProcessData_GlobalData_FixtureCode_A1Status3,EXPORT/HMI tags/ChangeOverProcess.xml,ChangeOverProcess
1 s,CPU S71500-2PN_TP700,AutoProcessData.GlobalData.FixtureCode_A1Status4,Int,Int,AutoProcessData_GlobalData_FixtureCode_A1Status4,EXPORT/HMI tags/ChangeOverProcess.xml,ChangeOverProcess
1 s,CPU S71500-2PN_TP700,AutoProcessData.GlobalData.FixtureCode_A1Status5,Int,Int,AutoProcessData_GlobalData_FixtureCode_A1Status5,EXPORT/HMI tags/ChangeOverProcess.xml,ChangeOverProcess
1 s,CPU S71500-2PN_TP700,AutoProcessData.GlobalData.FixtureCode_A1Status6,Int,Int,AutoProcessData_GlobalData_FixtureCode_A1Status6,EXPORT/HMI tags/ChangeOverProcess.xml,ChangeOverProcess
1 s,CPU S71500-2PN_TP700,AutoProcessData.GlobalData.FixtureCode_A1Status7,Int,Int,AutoProcessData_GlobalData_FixtureCode_A1Status7,EXPORT/HMI tags/ChangeOverProcess.xml,ChangeOverProcess
1 s,CPU S71500-2PN_TP700,AutoProcessData.GlobalData.FixtureCode_A1Status8,Int,Int,AutoProcessData_GlobalData_FixtureCode_A1Status8,EXPORT/HMI tags/ChangeOverProcess.xml,ChangeOverProcess
1 s,CPU S71500-2PN_TP700,AutoProcessData.GlobalData.FixtureCode_A1Status9,Int,Int,AutoProcessData_GlobalData_FixtureCode_A1Status9,EXPORT/HMI tags/ChangeOverProcess.xml,ChangeOverProcess
1 s,CPU S71500-2PN_TP700,AutoProcessData.GlobalData.FixtureCode_A1Status10,Int,Int,AutoProcessData_GlobalData_FixtureCode_A1Status10,EXPORT/HMI tags/ChangeOverProcess.xml,ChangeOverProcess
1 s,CPU S71500-2PN_TP700,AutoProcessData.GlobalData.FixtureCode_A2Status1,Int,Int,AutoProcessData_GlobalData_FixtureCode_A2Status1,EXPORT/HMI tags/ChangeOverProcess.xml,ChangeOverProcess
1 s,CPU S71500-2PN_TP700,AutoProcessData.GlobalData.FixtureCode_A2Status2,Int,Int,AutoProcessData_GlobalData_FixtureCode_A2Status2,EXPORT/HMI tags/ChangeOverProcess.xml,ChangeOverProcess
1 s,CPU S71500-2PN_TP700,AutoProcessData.GlobalData.FixtureCode_A2Status3,Int,Int,AutoProcessData_GlobalData_FixtureCode_A2Status3,EXPORT/HMI tags/ChangeOverProcess.xml,ChangeOverProcess
1 s,CPU S71500-2PN_TP700,AutoProcessData.GlobalData.FixtureCode_A2Status4,Int,Int,AutoProcessData_GlobalData_FixtureCode_A2Status4,EXPORT/HMI tags/ChangeOverProcess.xml,ChangeOverProcess
1 s,CPU S71500-2PN_TP700,AutoProcessData.GlobalData.FixtureCode_A2Status5,Int,Int,AutoProcessData_GlobalData_FixtureCode_A2Status5,EXPORT/HMI tags/ChangeOverProcess.xml,ChangeOverProcess
1 s,CPU S71500-2PN_TP700,AutoProcessData.GlobalData.FixtureCode_A2Status6,Int,Int,AutoProcessData_GlobalData_FixtureCode_A2Status6,EXPORT/HMI tags/ChangeOverProcess.xml,ChangeOverProcess
1 s,CPU S71500-2PN_TP700,AutoProcessData.GlobalData.FixtureCode_A2Status7,Int,Int,AutoProcessData_GlobalData_FixtureCode_A2Status7,EXPORT/HMI tags/ChangeOverProcess.xml,ChangeOverProcess
1 s,CPU S71500-2PN_TP700,AutoProcessData.GlobalData.FixtureCode_A2Status8,Int,Int,AutoProcessData_GlobalData_FixtureCode_A2Status8,EXPORT/HMI tags/ChangeOverProcess.xml,ChangeOverProcess
1 s,CPU S71500-2PN_TP700,AutoProcessData.GlobalData.FixtureCode_A2Status9,Int,Int,AutoProcessData_GlobalData_FixtureCode_A2Status9,EXPORT/HMI tags/ChangeOverProcess.xml,ChangeOverProcess
1 s,CPU S71500-2PN_TP700,AutoProcessData.GlobalData.FixtureCode_A2Status10,Int,Int,AutoProcessData_GlobalData_FixtureCode_A2Status10,EXPORT/HMI tags/ChangeOverProcess.xml,ChangeOverProcess
1 s,CPU S71500-2PN_TP700,ChangeOver_DB.Global.AllFixtureScanCompareOk,Bool,Bool,ChangeOver_DB_Global_ChangeOverFinish,EXPORT/HMI tags/ChangeOverProcess.xml,ChangeOverProcess
1 s,CPU S71500-2PN_TP700,ChangeOver_DB.Global.ChangeOverRequest,Bool,Bool,ChangeOver_DB_Global_ChangeOverRequest,EXPORT/HMI tags/ChangeOverProcess.xml,ChangeOverProcess
1 s,CPU S71500-2PN_TP700,ChangeOver_DB.Global.Hmi_Confirm_ChangeOver,Bool,Bool,ChangeOver_DB_Global_Hmi_Confirm_ChangeOver,EXPORT/HMI tags/ChangeOverProcess.xml,ChangeOverProcess
1 s,CPU S71500-2PN_TP700,ChangeOver_DB.Global.ScanFixtureFlag,Bool,Bool,ChangeOver_DB_Global_ScanFixtureFlag,EXPORT/HMI tags/ChangeOverProcess.xml,ChangeOverProcess
1 s,CPU S71500-2PN_TP700,ChangeOver_DB.Global.ChangeOverSelected,Bool,Bool,ChangeOver_DB_Global_ChangeOverSelected,EXPORT/HMI tags/ChangeOverProcess.xml,ChangeOverProcess
1 s,CPU S71500-2PN_TP700,AutoProcessData.A_ScanRotate,ProcessData,ProcessData,AutoProcessData_A_ScanRotate,EXPORT/HMI tags/ProcessData.xml,ProcessData
1 s,CPU S71500-2PN_TP700,AutoProcessData.F_Robot1Grip1,ProcessData,ProcessData,AutoProcessData_F_Robot1Grip1,EXPORT/HMI tags/ProcessData.xml,ProcessData
1 s,CPU S71500-2PN_TP700,AutoProcessData.F_Robot1Grip2,ProcessData,ProcessData,AutoProcessData_F_Robot1Grip2,EXPORT/HMI tags/ProcessData.xml,ProcessData
1 s,CPU S71500-2PN_TP700,AutoProcessData.B_Press1,ProcessData,ProcessData,AutoProcessData_B_Press1,EXPORT/HMI tags/ProcessData.xml,ProcessData
1 s,CPU S71500-2PN_TP700,AutoProcessData.C_Glue,ProcessData,ProcessData,AutoProcessData_C_Glue,EXPORT/HMI tags/ProcessData.xml,ProcessData
1 s,CPU S71500-2PN_TP700,AutoProcessData.F_Robot2Grip1,ProcessData,ProcessData,AutoProcessData_F_Robot2Grip1,EXPORT/HMI tags/ProcessData.xml,ProcessData
1 s,CPU S71500-2PN_TP700,AutoProcessData.F_Robot2Grip2,ProcessData,ProcessData,AutoProcessData_F_Robot2Grip2,EXPORT/HMI tags/ProcessData.xml,ProcessData
1 s,CPU S71500-2PN_TP700,AutoProcessData.C_GlueNGBuffer,ProcessData,ProcessData,AutoProcessData_C_GlueNGBuffer,EXPORT/HMI tags/ProcessData.xml,ProcessData
1 s,CPU S71500-2PN_TP700,AutoProcessData.C_MagnScanNGBuffer,ProcessData,ProcessData,AutoProcessData_C_MagnScanNGBuffer,EXPORT/HMI tags/ProcessData.xml,ProcessData
1 s,CPU S71500-2PN_TP700,AutoProcessData.B_Press2,ProcessData,ProcessData,AutoProcessData_B_Press2,EXPORT/HMI tags/ProcessData.xml,ProcessData
1 s,CPU S71500-2PN_TP700,AutoProcessData.F_Robot3Grip1,ProcessData,ProcessData,AutoProcessData_F_Robot3Grip1,EXPORT/HMI tags/ProcessData.xml,ProcessData
1 s,CPU S71500-2PN_TP700,AutoProcessData.F_Robot3Grip2,ProcessData,ProcessData,AutoProcessData_F_Robot3Grip2,EXPORT/HMI tags/ProcessData.xml,ProcessData
1 s,CPU S71500-2PN_TP700,AutoProcessData.H_ShafeLine,ProcessData,ProcessData,AutoProcessData_H_ShafeLine,EXPORT/HMI tags/ProcessData.xml,ProcessData
1 s,CPU S71500-2PN_TP700,AutoProcessData.J_MagnetBelt,ProcessData,ProcessData,AutoProcessData_J_ShafeLine,EXPORT/HMI tags/ProcessData.xml,ProcessData
1 s,CPU S71500-2PN_TP700,AutoProcessData.K_ReserveBelt,ProcessData,ProcessData,AutoProcessData_K_ShafeLine,EXPORT/HMI tags/ProcessData.xml,ProcessData
1 s,CPU S71500-2PN_TP700,AutoProcessData.L_UnloadBelt,ProcessData,ProcessData,AutoProcessData_L_ShafeLine,EXPORT/HMI tags/ProcessData.xml,ProcessData
500 ms,CPU S71500-2PN_TP700,AutoProcessData_Buffer.DataBuffer_1,ProcessData,ProcessData,AutoProcessData_Buffer_DataBuffer_1,EXPORT/HMI tags/ProcessData_Buffet.xml,ProcessData_Buffet
500 ms,CPU S71500-2PN_TP700,AutoProcessData_Buffer.DataBuffer_2,ProcessData,ProcessData,AutoProcessData_Buffer_DataBuffer_2,EXPORT/HMI tags/ProcessData_Buffet.xml,ProcessData_Buffet
500 ms,CPU S71500-2PN_TP700,AutoProcessData_Buffer.DataBuffer_3,ProcessData,ProcessData,AutoProcessData_Buffer_DataBuffer_3,EXPORT/HMI tags/ProcessData_Buffet.xml,ProcessData_Buffet
500 ms,CPU S71500-2PN_TP700,AutoProcessData_Buffer.DataBuffer_4,ProcessData,ProcessData,AutoProcessData_Buffer_DataBuffer_4,EXPORT/HMI tags/ProcessData_Buffet.xml,ProcessData_Buffet
500 ms,CPU S71500-2PN_TP700,AutoProcessData_Buffer.DataBuffer_5,ProcessData,ProcessData,AutoProcessData_Buffer_DataBuffer_5,EXPORT/HMI tags/ProcessData_Buffet.xml,ProcessData_Buffet
500 ms,CPU S71500-2PN_TP700,AutoProcessData_Buffer.DataBuffer_6,ProcessData,ProcessData,AutoProcessData_Buffer_DataBuffer_6,EXPORT/HMI tags/ProcessData_Buffet.xml,ProcessData_Buffet
500 ms,CPU S71500-2PN_TP700,AutoProcessData_Buffer.SelectButton,Int,Int,AutoProcessData_Buffer_SelectButton,EXPORT/HMI tags/ProcessData_Buffet.xml,ProcessData_Buffet
1 s,CPU S71500-2PN_TP700,ST10_GeneralData.FlowPartStatus[2],Int,Int,Status_FlowPart2,EXPORT/HMI tags/过程数据.xml,过程数据
1 s,CPU S71500-2PN_TP700,ST10_GeneralData.FlowPartStatus[1],Int,Int,Status_FlowPart1,EXPORT/HMI tags/过程数据.xml,过程数据
1 s,CPU S71500-2PN_TP700,ST10_GeneralData.FlowPartStatus[3],Int,Int,Status_FlowPart3,EXPORT/HMI tags/过程数据.xml,过程数据
1 s,CPU S71500-2PN_TP700,ST10_PM.Num[3].ProcessResult,DInt,DInt,Station1_PM_Num{3}_ProcessResult,EXPORT/HMI tags/过程数据.xml,过程数据
1 s,CPU S71500-2PN_TP700,Sys.VersionManagement.ProjectNumber,String,WString,Sys_VersionManagement_ProjectNumber,EXPORT/HMI tags/01 SysCom/Addon.xml,Addon
1 s,CPU S71500-2PN_TP700,"Sys.VersionManagement.""PLC IP Addr""",Array [0..3] of UInt,Array [0..3] of UInt,Sys_VersionManagement_PLC IP Addr,EXPORT/HMI tags/01 SysCom/Addon.xml,Addon
1 s,CPU S71500-2PN_TP700,"Sys.VersionManagement.""HMI IP Addr""",Array [0..3] of UInt,Array [0..3] of UInt,Sys_VersionManagement_HMI IP Addr,EXPORT/HMI tags/01 SysCom/Addon.xml,Addon
1 s,CPU S71500-2PN_TP700,Sys.VersionManagement.PLCVersion,Array [0..1] of UInt,Array [0..1] of UInt,Sys_VersionManagement_PLCVersion,EXPORT/HMI tags/01 SysCom/Addon.xml,Addon
1 s,CPU S71500-2PN_TP700,Sys.VersionManagement.HMIVersion,Array [0..1] of UInt,Array [0..1] of UInt,Sys_VersionManagement_HMIVersion,EXPORT/HMI tags/01 SysCom/Addon.xml,Addon
1 s,CPU S71500-2PN_TP700,"Sys.VersionManagement.""TIA Version""",String,WString,Sys_VersionManagement_TIA Version,EXPORT/HMI tags/01 SysCom/Addon.xml,Addon
1 s,CPU S71500-2PN_TP700,Sys.VersionManagement.ProductLineName,String,WString,Sys_VersionManagement_ProductLineName,EXPORT/HMI tags/01 SysCom/Addon.xml,Addon
1 s,CPU S71500-2PN_TP700,ST10_GeneralData.HMI.AREAPOINTER.SCREEN_NUMBER.SCREENNUMBER,Int,Int,Sys_VersionManagement_HMIPageID,EXPORT/HMI tags/01 SysCom/Addon.xml,Addon
1 s,CPU S71500-2PN_TP700,Sys.VersionManagement.StationID,Int,Int,Sys_VersionManagement_StationID,EXPORT/HMI tags/01 SysCom/Addon.xml,Addon
100 ms,CPU S71500-2PN_TP700,Sys.COM.FlashTime100mS,Bool,Bool,Sys_COM_FlashTime100mS,EXPORT/HMI tags/01 SysCom/Com.xml,Com
100 ms,CPU S71500-2PN_TP700,Sys.COM.FlashTime200mS,Bool,Bool,Sys_COM_FlashTime200mS,EXPORT/HMI tags/01 SysCom/Com.xml,Com
100 ms,CPU S71500-2PN_TP700,Sys.COM.FlashTime500mS,Bool,Bool,Sys_COM_FlashTime500mS,EXPORT/HMI tags/01 SysCom/Com.xml,Com
100 ms,CPU S71500-2PN_TP700,Sys.COM.FlashTime1S,Bool,Bool,Sys_COM_FlashTime1S,EXPORT/HMI tags/01 SysCom/Com.xml,Com
100 ms,CPU S71500-2PN_TP700,Sys.COM.FlashTime2S,Bool,Bool,Sys_COM_FlashTime2S,EXPORT/HMI tags/01 SysCom/Com.xml,Com
1 s,CPU S71500-2PN_TP700,Sys.COM.AlwaysON,Bool,Bool,Sys_COM_AlwaysON,EXPORT/HMI tags/01 SysCom/Com.xml,Com
1 s,CPU S71500-2PN_TP700,Sys.DateTime.Set,Date_And_Time,DateTime,Sys_DateTime_Set,EXPORT/HMI tags/01 SysCom/Com.xml,Com
1 s,CPU S71500-2PN_TP700,Sys.DateTime.Read,Date_And_Time,DateTime,Sys_DateTime_Read,EXPORT/HMI tags/01 SysCom/Com.xml,Com
1 s,CPU S71500-2PN_TP700,Sys.DateTime.Trigger,Bool,Bool,Sys_DateTime_Trigger,EXPORT/HMI tags/01 SysCom/Com.xml,Com
100 ms,CPU S71500-2PN_TP700,Sys.COM.FlashTime100mS,Bool,Bool,SysComFlashTime100mS,EXPORT/HMI tags/01 SysCom/Com.xml,Com
100 ms,CPU S71500-2PN_TP700,Sys.COM.FlashTime200mS,Bool,Bool,SysComFlashTime200mS,EXPORT/HMI tags/01 SysCom/Com.xml,Com
100 ms,CPU S71500-2PN_TP700,Sys.COM.FlashTime500mS,Bool,Bool,SysComFlashTime500mS,EXPORT/HMI tags/01 SysCom/Com.xml,Com
100 ms,CPU S71500-2PN_TP700,Sys.COM.FlashTime1S,Bool,Bool,SysComFlashTime1S,EXPORT/HMI tags/01 SysCom/Com.xml,Com
100 ms,CPU S71500-2PN_TP700,Sys.COM.FlashTime2S,Bool,Bool,SysComFlashTime2S,EXPORT/HMI tags/01 SysCom/Com.xml,Com
1 s,CPU S71500-2PN_TP700,Sys.COM.AlwaysON,Bool,Bool,SysComAlwaysON,EXPORT/HMI tags/01 SysCom/Com.xml,Com
1 s,CPU S71500-2PN_TP700,Sys.DateTime.Set,Date_And_Time,DateTime,SysDateTimeSet,EXPORT/HMI tags/01 SysCom/Com.xml,Com
1 s,CPU S71500-2PN_TP700,Sys.DateTime.Read,Date_And_Time,DateTime,SysDateTimeRead,EXPORT/HMI tags/01 SysCom/Com.xml,Com
1 s,CPU S71500-2PN_TP700,Sys.DateTime.Trigger,Bool,Bool,SysDateTimeTrigger,EXPORT/HMI tags/01 SysCom/Com.xml,Com
1 s,CPU S71500-2PN_TP700,ST10_PMCountCycleTime.PM_Num,Int,Int,ST10_PMCountCycleTime_PM_Num,EXPORT/HMI tags/02 ST_Sys/LXL_CylTime.xml,LXL_CylTime
1 s,,,Int,Int,CountNum,EXPORT/HMI tags/02 ST_Sys/LXL_CylTime.xml,LXL_CylTime
1 s,CPU S71500-2PN_TP700,,Bool,Bool,ST_CommandRecord,EXPORT/HMI tags/02 ST_Sys/ST_Com.xml,ST_Com
1 s,CPU S71500-2PN_TP700,,Bool,Bool,ST_AutoRunningPause,EXPORT/HMI tags/02 ST_Sys/ST_Com.xml,ST_Com
1 s,CPU S71500-2PN_TP700,,Int,Int,ST_ScreenNo,EXPORT/HMI tags/02 ST_Sys/ST_Com.xml,ST_Com
1 s,CPU S71500-2PN_TP700,,Bool,Bool,ST_AutoRunning,EXPORT/HMI tags/02 ST_Sys/ST_Com.xml,ST_Com
1 s,CPU S71500-2PN_TP700,,Bool,Bool,ST_CommandTestLamp,EXPORT/HMI tags/02 ST_Sys/ST_Com.xml,ST_Com
1 s,CPU S71500-2PN_TP700,,Bool,Bool,ST_CommandBuzzerOn,EXPORT/HMI tags/02 ST_Sys/ST_Com.xml,ST_Com
1 s,CPU S71500-2PN_TP700,,Bool,Bool,ST_AutoRunningOver,EXPORT/HMI tags/02 ST_Sys/ST_Com.xml,ST_Com
1 s,CPU S71500-2PN_TP700,,Int,Int,ST_AutoStatus,EXPORT/HMI tags/02 ST_Sys/ST_Com.xml,ST_Com
1 s,CPU S71500-2PN_TP700,,Bool,Bool,ST_CommandChangeOver,EXPORT/HMI tags/02 ST_Sys/ST_Com.xml,ST_Com
1 s,CPU S71500-2PN_TP700,,DInt,DInt,ST_StatusFinishProduct,EXPORT/HMI tags/02 ST_Sys/ST_Com.xml,ST_Com
1 s,CPU S71500-2PN_TP700,,Bool,Bool,ST_AlarmON,EXPORT/HMI tags/02 ST_Sys/ST_Com.xml,ST_Com
1 s,CPU S71500-2PN_TP700,,Bool,Bool,ST_SafetyLightCurtain[1],EXPORT/HMI tags/02 ST_Sys/ST_Com.xml,ST_Com
1 s,CPU S71500-2PN_TP700,,Bool,Bool,ST_SafetyLightCurtain[0],EXPORT/HMI tags/02 ST_Sys/ST_Com.xml,ST_Com
1 s,CPU S71500-2PN_TP700,,Bool,Bool,ST_SafetyLightCurtain[2],EXPORT/HMI tags/02 ST_Sys/ST_Com.xml,ST_Com
1 s,CPU S71500-2PN_TP700,,Bool,Bool,ST_SafetyLightCurtain[3],EXPORT/HMI tags/02 ST_Sys/ST_Com.xml,ST_Com
1 s,CPU S71500-2PN_TP700,,Bool,Bool,ST_SafetyLightCurtain[4],EXPORT/HMI tags/02 ST_Sys/ST_Com.xml,ST_Com
1 s,CPU S71500-2PN_TP700,,Bool,Bool,ST_SafetyLightCurtain[5],EXPORT/HMI tags/02 ST_Sys/ST_Com.xml,ST_Com
1 s,CPU S71500-2PN_TP700,,Bool,Bool,ST_SafetyLightCurtain[6],EXPORT/HMI tags/02 ST_Sys/ST_Com.xml,ST_Com
1 s,CPU S71500-2PN_TP700,,Bool,Bool,ST_SafetyLightCurtain[7],EXPORT/HMI tags/02 ST_Sys/ST_Com.xml,ST_Com
1 s,CPU S71500-2PN_TP700,,Bool,Bool,ST_SafetyDoorClose[0],EXPORT/HMI tags/02 ST_Sys/ST_Com.xml,ST_Com
1 s,CPU S71500-2PN_TP700,,Bool,Bool,ST_SafetyDoorClose[1],EXPORT/HMI tags/02 ST_Sys/ST_Com.xml,ST_Com
1 s,CPU S71500-2PN_TP700,,Bool,Bool,ST_SafetyDoorClose[2],EXPORT/HMI tags/02 ST_Sys/ST_Com.xml,ST_Com
1 s,CPU S71500-2PN_TP700,,Bool,Bool,ST_SafetyDoorClose[3],EXPORT/HMI tags/02 ST_Sys/ST_Com.xml,ST_Com
1 s,CPU S71500-2PN_TP700,,Bool,Bool,ST_SafetyDoorClose[4],EXPORT/HMI tags/02 ST_Sys/ST_Com.xml,ST_Com
1 s,CPU S71500-2PN_TP700,,Bool,Bool,ST_SignalCheckSenor[1],EXPORT/HMI tags/02 ST_Sys/ST_Com.xml,ST_Com
1 s,CPU S71500-2PN_TP700,,Bool,Bool,ST_SignalCheckSenor[2],EXPORT/HMI tags/02 ST_Sys/ST_Com.xml,ST_Com
1 s,CPU S71500-2PN_TP700,,Bool,Bool,ST_SignalCheckSenor[3],EXPORT/HMI tags/02 ST_Sys/ST_Com.xml,ST_Com
1 s,CPU S71500-2PN_TP700,,Bool,Bool,ST_SignalCheckSenor[4],EXPORT/HMI tags/02 ST_Sys/ST_Com.xml,ST_Com
1 s,CPU S71500-2PN_TP700,,String,WString,ST_UserName,EXPORT/HMI tags/02 ST_Sys/ST_Com.xml,ST_Com
1 s,CPU S71500-2PN_TP700,,Bool,Bool,ST_CommandOneCycle,EXPORT/HMI tags/02 ST_Sys/ST_Com.xml,ST_Com
1 s,CPU S71500-2PN_TP700,,Bool,Bool,ST_CommandDryRun,EXPORT/HMI tags/02 ST_Sys/ST_Com.xml,ST_Com
1 s,CPU S71500-2PN_TP700,,Bool,Bool,ST_CommandCalibration,EXPORT/HMI tags/02 ST_Sys/ST_Com.xml,ST_Com
1 s,CPU S71500-2PN_TP700,,Bool,Bool,ST_AlarmReset,EXPORT/HMI tags/02 ST_Sys/ST_Com.xml,ST_Com
1 s,CPU S71500-2PN_TP700,,Bool,Bool,ST10_Sys_Cmd_OnOffLine,EXPORT/HMI tags/02 ST_Sys/ST_Com.xml,ST_Com
1 s,CPU S71500-2PN_TP700,,Bool,Bool,ST_Start_Auto,EXPORT/HMI tags/02 ST_Sys/ST_Com.xml,ST_Com
1 s,CPU S71500-2PN_TP700,,Bool,Bool,ST_AllRun,EXPORT/HMI tags/02 ST_Sys/ST_Com.xml,ST_Com
1 s,,,Int,Int,ST_SysDBNum,EXPORT/HMI tags/02 ST_Sys/ST_Com.xml,ST_Com
1 s,CPU S71500-2PN_TP700,,Bool,Bool,ST_CountClearNG,EXPORT/HMI tags/02 ST_Sys/ST_Count.xml,ST_Count
1 s,CPU S71500-2PN_TP700,,Bool,Bool,ST_CountClearOK,EXPORT/HMI tags/02 ST_Sys/ST_Count.xml,ST_Count
1 s,CPU S71500-2PN_TP700,,Bool,Bool,ST_CountClearTotal,EXPORT/HMI tags/02 ST_Sys/ST_Count.xml,ST_Count
1 s,CPU S71500-2PN_TP700,,DInt,DInt,ST_CountNG[0],EXPORT/HMI tags/02 ST_Sys/ST_Count.xml,ST_Count
1 s,CPU S71500-2PN_TP700,,DInt,DInt,ST_CountNG[01],EXPORT/HMI tags/02 ST_Sys/ST_Count.xml,ST_Count
1 s,CPU S71500-2PN_TP700,,DInt,DInt,ST_CountNG[02],EXPORT/HMI tags/02 ST_Sys/ST_Count.xml,ST_Count
1 s,CPU S71500-2PN_TP700,,DInt,DInt,ST_CountNG[03],EXPORT/HMI tags/02 ST_Sys/ST_Count.xml,ST_Count
1 s,CPU S71500-2PN_TP700,,DInt,DInt,ST_CountNG[04],EXPORT/HMI tags/02 ST_Sys/ST_Count.xml,ST_Count
1 s,CPU S71500-2PN_TP700,,DInt,DInt,ST_CountNG[05],EXPORT/HMI tags/02 ST_Sys/ST_Count.xml,ST_Count
1 s,CPU S71500-2PN_TP700,,DInt,DInt,ST_CountNG[06],EXPORT/HMI tags/02 ST_Sys/ST_Count.xml,ST_Count
1 s,CPU S71500-2PN_TP700,,DInt,DInt,ST_CountNG[07],EXPORT/HMI tags/02 ST_Sys/ST_Count.xml,ST_Count
1 s,CPU S71500-2PN_TP700,,DInt,DInt,ST_CountNG[08],EXPORT/HMI tags/02 ST_Sys/ST_Count.xml,ST_Count
1 s,CPU S71500-2PN_TP700,,DInt,DInt,ST_CountNG[09],EXPORT/HMI tags/02 ST_Sys/ST_Count.xml,ST_Count
1 s,CPU S71500-2PN_TP700,,DInt,DInt,ST_CountNG[10],EXPORT/HMI tags/02 ST_Sys/ST_Count.xml,ST_Count
1 s,CPU S71500-2PN_TP700,,DInt,DInt,ST_CountNG[11],EXPORT/HMI tags/02 ST_Sys/ST_Count.xml,ST_Count
1 s,CPU S71500-2PN_TP700,,DInt,DInt,ST_CountNG[12],EXPORT/HMI tags/02 ST_Sys/ST_Count.xml,ST_Count
1 s,CPU S71500-2PN_TP700,,DInt,DInt,ST_CountNG[13],EXPORT/HMI tags/02 ST_Sys/ST_Count.xml,ST_Count
1 s,CPU S71500-2PN_TP700,,DInt,DInt,ST_CountNG[14],EXPORT/HMI tags/02 ST_Sys/ST_Count.xml,ST_Count
1 s,CPU S71500-2PN_TP700,,DInt,DInt,ST_CountOK[0],EXPORT/HMI tags/02 ST_Sys/ST_Count.xml,ST_Count
1 s,CPU S71500-2PN_TP700,,DInt,DInt,ST_CountOK[01],EXPORT/HMI tags/02 ST_Sys/ST_Count.xml,ST_Count
1 s,CPU S71500-2PN_TP700,,DInt,DInt,ST_CountOK[02],EXPORT/HMI tags/02 ST_Sys/ST_Count.xml,ST_Count
1 s,CPU S71500-2PN_TP700,,DInt,DInt,ST_CountOK[03],EXPORT/HMI tags/02 ST_Sys/ST_Count.xml,ST_Count
1 s,CPU S71500-2PN_TP700,,DInt,DInt,ST_CountOK[04],EXPORT/HMI tags/02 ST_Sys/ST_Count.xml,ST_Count
1 s,CPU S71500-2PN_TP700,,DInt,DInt,ST_CountOK[05],EXPORT/HMI tags/02 ST_Sys/ST_Count.xml,ST_Count
1 s,CPU S71500-2PN_TP700,,DInt,DInt,ST_CountOK[06],EXPORT/HMI tags/02 ST_Sys/ST_Count.xml,ST_Count
1 s,CPU S71500-2PN_TP700,,DInt,DInt,ST_CountOK[07],EXPORT/HMI tags/02 ST_Sys/ST_Count.xml,ST_Count
1 s,CPU S71500-2PN_TP700,,DInt,DInt,ST_CountOK[08],EXPORT/HMI tags/02 ST_Sys/ST_Count.xml,ST_Count
1 s,CPU S71500-2PN_TP700,,DInt,DInt,ST_CountOK[09],EXPORT/HMI tags/02 ST_Sys/ST_Count.xml,ST_Count
1 s,CPU S71500-2PN_TP700,,DInt,DInt,ST_CountOK[10],EXPORT/HMI tags/02 ST_Sys/ST_Count.xml,ST_Count
1 s,CPU S71500-2PN_TP700,,DInt,DInt,ST_CountOK[11],EXPORT/HMI tags/02 ST_Sys/ST_Count.xml,ST_Count
1 s,CPU S71500-2PN_TP700,,DInt,DInt,ST_CountOK[12],EXPORT/HMI tags/02 ST_Sys/ST_Count.xml,ST_Count
1 s,CPU S71500-2PN_TP700,,DInt,DInt,ST_CountOK[13],EXPORT/HMI tags/02 ST_Sys/ST_Count.xml,ST_Count
1 s,CPU S71500-2PN_TP700,,DInt,DInt,ST_CountOK[14],EXPORT/HMI tags/02 ST_Sys/ST_Count.xml,ST_Count
1 s,CPU S71500-2PN_TP700,,DInt,DInt,ST_CountTotal,EXPORT/HMI tags/02 ST_Sys/ST_Count.xml,ST_Count
1 s,CPU S71500-2PN_TP700,,Real,Real,ST_MachineCycleTimeNo[0],EXPORT/HMI tags/02 ST_Sys/ST_CycleTime.xml,ST_CycleTime
1 s,CPU S71500-2PN_TP700,,Real,Real,ST_MachineCycleTimeNo[01],EXPORT/HMI tags/02 ST_Sys/ST_CycleTime.xml,ST_CycleTime
1 s,CPU S71500-2PN_TP700,,Real,Real,ST_MachineCycleTimeNo[02],EXPORT/HMI tags/02 ST_Sys/ST_CycleTime.xml,ST_CycleTime
1 s,CPU S71500-2PN_TP700,,Real,Real,ST_MachineCycleTimeNo[03],EXPORT/HMI tags/02 ST_Sys/ST_CycleTime.xml,ST_CycleTime
1 s,CPU S71500-2PN_TP700,,Real,Real,ST_MachineCycleTimeNo[04],EXPORT/HMI tags/02 ST_Sys/ST_CycleTime.xml,ST_CycleTime
1 s,CPU S71500-2PN_TP700,,Real,Real,ST_MachineCycleTimeNo[05],EXPORT/HMI tags/02 ST_Sys/ST_CycleTime.xml,ST_CycleTime
1 s,CPU S71500-2PN_TP700,,Real,Real,ST_MachineCycleTimeNo[06],EXPORT/HMI tags/02 ST_Sys/ST_CycleTime.xml,ST_CycleTime
1 s,CPU S71500-2PN_TP700,,Real,Real,ST_MachineCycleTimeNo[07],EXPORT/HMI tags/02 ST_Sys/ST_CycleTime.xml,ST_CycleTime
1 s,CPU S71500-2PN_TP700,,Real,Real,ST_MachineCycleTimeNo[08],EXPORT/HMI tags/02 ST_Sys/ST_CycleTime.xml,ST_CycleTime
1 s,CPU S71500-2PN_TP700,,Real,Real,ST_MachineCycleTimeNo[09],EXPORT/HMI tags/02 ST_Sys/ST_CycleTime.xml,ST_CycleTime
1 s,CPU S71500-2PN_TP700,,Real,Real,ST_MachineCycleTimeNo[10],EXPORT/HMI tags/02 ST_Sys/ST_CycleTime.xml,ST_CycleTime
1 s,CPU S71500-2PN_TP700,,Real,Real,ST_MachineCycleTimeNo[11],EXPORT/HMI tags/02 ST_Sys/ST_CycleTime.xml,ST_CycleTime
1 s,CPU S71500-2PN_TP700,,Real,Real,ST_MachineCycleTimeNo[12],EXPORT/HMI tags/02 ST_Sys/ST_CycleTime.xml,ST_CycleTime
1 s,CPU S71500-2PN_TP700,,Real,Real,ST_MachineCycleTimeNo[13],EXPORT/HMI tags/02 ST_Sys/ST_CycleTime.xml,ST_CycleTime
1 s,CPU S71500-2PN_TP700,,Real,Real,ST_MachineCycleTimeNo[14],EXPORT/HMI tags/02 ST_Sys/ST_CycleTime.xml,ST_CycleTime
1 s,CPU S71500-2PN_TP700,,Real,Real,ST_MachineCycleTimeNo[15],EXPORT/HMI tags/02 ST_Sys/ST_CycleTime.xml,ST_CycleTime
1 s,CPU S71500-2PN_TP700,,Real,Real,ST_MachineCycleTimeNo[16],EXPORT/HMI tags/02 ST_Sys/ST_CycleTime.xml,ST_CycleTime
1 s,CPU S71500-2PN_TP700,,Real,Real,ST_MachineCycleTimeNo[17],EXPORT/HMI tags/02 ST_Sys/ST_CycleTime.xml,ST_CycleTime
1 s,CPU S71500-2PN_TP700,,Real,Real,ST_MachineCycleTimeNo[18],EXPORT/HMI tags/02 ST_Sys/ST_CycleTime.xml,ST_CycleTime
1 s,CPU S71500-2PN_TP700,,Real,Real,ST_MachineCycleTimeNo[19],EXPORT/HMI tags/02 ST_Sys/ST_CycleTime.xml,ST_CycleTime
1 s,CPU S71500-2PN_TP700,,Real,Real,ST_MachineCycleTimeNo[20],EXPORT/HMI tags/02 ST_Sys/ST_CycleTime.xml,ST_CycleTime
1 s,CPU S71500-2PN_TP700,,Real,Real,ST_MachineCycleTimeNo[21],EXPORT/HMI tags/02 ST_Sys/ST_CycleTime.xml,ST_CycleTime
1 s,CPU S71500-2PN_TP700,,Real,Real,ST_TotalCycleTimeNo[0],EXPORT/HMI tags/02 ST_Sys/ST_CycleTime.xml,ST_CycleTime
1 s,CPU S71500-2PN_TP700,,Real,Real,ST_TotalCycleTimeNo[01],EXPORT/HMI tags/02 ST_Sys/ST_CycleTime.xml,ST_CycleTime
1 s,CPU S71500-2PN_TP700,,Real,Real,ST_TotalCycleTimeNo[02],EXPORT/HMI tags/02 ST_Sys/ST_CycleTime.xml,ST_CycleTime
1 s,CPU S71500-2PN_TP700,,Real,Real,ST_TotalCycleTimeNo[03],EXPORT/HMI tags/02 ST_Sys/ST_CycleTime.xml,ST_CycleTime
1 s,CPU S71500-2PN_TP700,,Real,Real,ST_TotalCycleTimeNo[04],EXPORT/HMI tags/02 ST_Sys/ST_CycleTime.xml,ST_CycleTime
1 s,CPU S71500-2PN_TP700,,Real,Real,ST_TotalCycleTimeNo[05],EXPORT/HMI tags/02 ST_Sys/ST_CycleTime.xml,ST_CycleTime
1 s,CPU S71500-2PN_TP700,,Real,Real,ST_TotalCycleTimeNo[06],EXPORT/HMI tags/02 ST_Sys/ST_CycleTime.xml,ST_CycleTime
1 s,CPU S71500-2PN_TP700,,Real,Real,ST_TotalCycleTimeNo[07],EXPORT/HMI tags/02 ST_Sys/ST_CycleTime.xml,ST_CycleTime
1 s,CPU S71500-2PN_TP700,,Real,Real,ST_TotalCycleTimeNo[08],EXPORT/HMI tags/02 ST_Sys/ST_CycleTime.xml,ST_CycleTime
1 s,CPU S71500-2PN_TP700,,Real,Real,ST_TotalCycleTimeNo[09],EXPORT/HMI tags/02 ST_Sys/ST_CycleTime.xml,ST_CycleTime
1 s,CPU S71500-2PN_TP700,,Real,Real,ST_TotalCycleTimeNo[10],EXPORT/HMI tags/02 ST_Sys/ST_CycleTime.xml,ST_CycleTime
1 s,CPU S71500-2PN_TP700,,Real,Real,ST_TotalCycleTimeNo[11],EXPORT/HMI tags/02 ST_Sys/ST_CycleTime.xml,ST_CycleTime
1 s,CPU S71500-2PN_TP700,,Real,Real,ST_TotalCycleTimeNo[12],EXPORT/HMI tags/02 ST_Sys/ST_CycleTime.xml,ST_CycleTime
1 s,CPU S71500-2PN_TP700,,Real,Real,ST_TotalCycleTimeNo[13],EXPORT/HMI tags/02 ST_Sys/ST_CycleTime.xml,ST_CycleTime
1 s,CPU S71500-2PN_TP700,,Real,Real,ST_TotalCycleTimeNo[14],EXPORT/HMI tags/02 ST_Sys/ST_CycleTime.xml,ST_CycleTime
1 s,CPU S71500-2PN_TP700,,Real,Real,ST_TotalCycleTimeNo[15],EXPORT/HMI tags/02 ST_Sys/ST_CycleTime.xml,ST_CycleTime
1 s,CPU S71500-2PN_TP700,,Real,Real,ST_TotalCycleTimeNo[16],EXPORT/HMI tags/02 ST_Sys/ST_CycleTime.xml,ST_CycleTime
1 s,CPU S71500-2PN_TP700,,Real,Real,ST_TotalCycleTimeNo[17],EXPORT/HMI tags/02 ST_Sys/ST_CycleTime.xml,ST_CycleTime
1 s,CPU S71500-2PN_TP700,,Real,Real,ST_TotalCycleTimeNo[18],EXPORT/HMI tags/02 ST_Sys/ST_CycleTime.xml,ST_CycleTime
1 s,CPU S71500-2PN_TP700,,Real,Real,ST_TotalCycleTimeNo[19],EXPORT/HMI tags/02 ST_Sys/ST_CycleTime.xml,ST_CycleTime
1 s,CPU S71500-2PN_TP700,,Real,Real,ST_TotalCycleTimeNo[20],EXPORT/HMI tags/02 ST_Sys/ST_CycleTime.xml,ST_CycleTime
1 s,CPU S71500-2PN_TP700,,Real,Real,ST_TotalCycleTimeNo[21],EXPORT/HMI tags/02 ST_Sys/ST_CycleTime.xml,ST_CycleTime
1 s,CPU S71500-2PN_TP700,,Bool,Bool,ST_InitialRunning,EXPORT/HMI tags/02 ST_Sys/ST_Initial.xml,ST_Initial
1 s,CPU S71500-2PN_TP700,,Bool,Bool,ST_InitialRunning[1],EXPORT/HMI tags/02 ST_Sys/ST_Initial.xml,ST_Initial
1 s,CPU S71500-2PN_TP700,,Bool,Bool,ST_InitialRunning[10],EXPORT/HMI tags/02 ST_Sys/ST_Initial.xml,ST_Initial
1 s,CPU S71500-2PN_TP700,,Bool,Bool,ST_InitialRunning[11],EXPORT/HMI tags/02 ST_Sys/ST_Initial.xml,ST_Initial
1 s,CPU S71500-2PN_TP700,,Bool,Bool,ST_InitialRunning[12],EXPORT/HMI tags/02 ST_Sys/ST_Initial.xml,ST_Initial
1 s,CPU S71500-2PN_TP700,,Bool,Bool,ST_InitialRunning[13],EXPORT/HMI tags/02 ST_Sys/ST_Initial.xml,ST_Initial
1 s,CPU S71500-2PN_TP700,,Bool,Bool,ST_InitialRunning[14],EXPORT/HMI tags/02 ST_Sys/ST_Initial.xml,ST_Initial
1 s,CPU S71500-2PN_TP700,,Bool,Bool,ST_InitialRunning[15],EXPORT/HMI tags/02 ST_Sys/ST_Initial.xml,ST_Initial
1 s,CPU S71500-2PN_TP700,,Bool,Bool,ST_InitialRunning[2],EXPORT/HMI tags/02 ST_Sys/ST_Initial.xml,ST_Initial
1 s,CPU S71500-2PN_TP700,,Bool,Bool,ST_InitialRunning[3],EXPORT/HMI tags/02 ST_Sys/ST_Initial.xml,ST_Initial
1 s,CPU S71500-2PN_TP700,,Bool,Bool,ST_InitialRunning[4],EXPORT/HMI tags/02 ST_Sys/ST_Initial.xml,ST_Initial
1 s,CPU S71500-2PN_TP700,,Bool,Bool,ST_InitialRunning[5],EXPORT/HMI tags/02 ST_Sys/ST_Initial.xml,ST_Initial
1 s,CPU S71500-2PN_TP700,,Bool,Bool,ST_InitialRunning[6],EXPORT/HMI tags/02 ST_Sys/ST_Initial.xml,ST_Initial
1 s,CPU S71500-2PN_TP700,,Bool,Bool,ST_InitialRunning[7],EXPORT/HMI tags/02 ST_Sys/ST_Initial.xml,ST_Initial
1 s,CPU S71500-2PN_TP700,,Bool,Bool,ST_InitialRunning[8],EXPORT/HMI tags/02 ST_Sys/ST_Initial.xml,ST_Initial
1 s,CPU S71500-2PN_TP700,,Bool,Bool,ST_InitialRunning[9],EXPORT/HMI tags/02 ST_Sys/ST_Initial.xml,ST_Initial
1 s,CPU S71500-2PN_TP700,,Bool,Bool,ST_SetInitial,EXPORT/HMI tags/02 ST_Sys/ST_Initial.xml,ST_Initial
1 s,CPU S71500-2PN_TP700,,Bool,Bool,ST_SetInitial[1],EXPORT/HMI tags/02 ST_Sys/ST_Initial.xml,ST_Initial
1 s,CPU S71500-2PN_TP700,,Bool,Bool,ST_SetInitial[10],EXPORT/HMI tags/02 ST_Sys/ST_Initial.xml,ST_Initial
1 s,CPU S71500-2PN_TP700,,Bool,Bool,ST_SetInitial[11],EXPORT/HMI tags/02 ST_Sys/ST_Initial.xml,ST_Initial
1 s,CPU S71500-2PN_TP700,,Bool,Bool,ST_SetInitial[12],EXPORT/HMI tags/02 ST_Sys/ST_Initial.xml,ST_Initial
1 s,CPU S71500-2PN_TP700,,Bool,Bool,ST_SetInitial[13],EXPORT/HMI tags/02 ST_Sys/ST_Initial.xml,ST_Initial
1 s,CPU S71500-2PN_TP700,,Bool,Bool,ST_SetInitial[14],EXPORT/HMI tags/02 ST_Sys/ST_Initial.xml,ST_Initial
1 s,CPU S71500-2PN_TP700,,Bool,Bool,ST_SetInitial[15],EXPORT/HMI tags/02 ST_Sys/ST_Initial.xml,ST_Initial
1 s,CPU S71500-2PN_TP700,,Bool,Bool,ST_SetInitial[2],EXPORT/HMI tags/02 ST_Sys/ST_Initial.xml,ST_Initial
1 s,CPU S71500-2PN_TP700,,Bool,Bool,ST_SetInitial[3],EXPORT/HMI tags/02 ST_Sys/ST_Initial.xml,ST_Initial
1 s,CPU S71500-2PN_TP700,,Bool,Bool,ST_SetInitial[4],EXPORT/HMI tags/02 ST_Sys/ST_Initial.xml,ST_Initial
1 s,CPU S71500-2PN_TP700,,Bool,Bool,ST_SetInitial[5],EXPORT/HMI tags/02 ST_Sys/ST_Initial.xml,ST_Initial
1 s,CPU S71500-2PN_TP700,,Bool,Bool,ST_SetInitial[6],EXPORT/HMI tags/02 ST_Sys/ST_Initial.xml,ST_Initial
1 s,CPU S71500-2PN_TP700,,Bool,Bool,ST_SetInitial[7],EXPORT/HMI tags/02 ST_Sys/ST_Initial.xml,ST_Initial
1 s,CPU S71500-2PN_TP700,,Bool,Bool,ST_SetInitial[8],EXPORT/HMI tags/02 ST_Sys/ST_Initial.xml,ST_Initial
1 s,CPU S71500-2PN_TP700,,Bool,Bool,ST_SetInitial[9],EXPORT/HMI tags/02 ST_Sys/ST_Initial.xml,ST_Initial
1 s,CPU S71500-2PN_TP700,,Bool,Bool,ST_SetInitial[16],EXPORT/HMI tags/02 ST_Sys/ST_Initial.xml,ST_Initial
1 s,CPU S71500-2PN_TP700,,Bool,Bool,ST_InitialRunning[16],EXPORT/HMI tags/02 ST_Sys/ST_Initial.xml,ST_Initial
1 s,CPU S71500-2PN_TP700,,Bool,Bool,ST10_Sys_Initial_OK,EXPORT/HMI tags/02 ST_Sys/ST_Initial.xml,ST_Initial
1 s,CPU S71500-2PN_TP700,,Bool,Bool,ST_InitialRunning[25],EXPORT/HMI tags/02 ST_Sys/ST_Initial.xml,ST_Initial
1 s,CPU S71500-2PN_TP700,,Bool,Bool,ST_InitialRunning[24],EXPORT/HMI tags/02 ST_Sys/ST_Initial.xml,ST_Initial
1 s,CPU S71500-2PN_TP700,,Bool,Bool,ST_InitialRunning[23],EXPORT/HMI tags/02 ST_Sys/ST_Initial.xml,ST_Initial
1 s,CPU S71500-2PN_TP700,,Bool,Bool,ST_InitialRunning[22],EXPORT/HMI tags/02 ST_Sys/ST_Initial.xml,ST_Initial
1 s,CPU S71500-2PN_TP700,,Bool,Bool,ST_InitialRunning[21],EXPORT/HMI tags/02 ST_Sys/ST_Initial.xml,ST_Initial
1 s,CPU S71500-2PN_TP700,,Bool,Bool,ST_InitialRunning[20],EXPORT/HMI tags/02 ST_Sys/ST_Initial.xml,ST_Initial
1 s,CPU S71500-2PN_TP700,,Bool,Bool,ST_InitialRunning[19],EXPORT/HMI tags/02 ST_Sys/ST_Initial.xml,ST_Initial
1 s,CPU S71500-2PN_TP700,,Bool,Bool,ST_InitialRunning[18],EXPORT/HMI tags/02 ST_Sys/ST_Initial.xml,ST_Initial
1 s,CPU S71500-2PN_TP700,,Bool,Bool,ST_InitialRunning[17],EXPORT/HMI tags/02 ST_Sys/ST_Initial.xml,ST_Initial
1 s,CPU S71500-2PN_TP700,,Bool,Bool,ST_InitialRunning[30],EXPORT/HMI tags/02 ST_Sys/ST_Initial.xml,ST_Initial
1 s,CPU S71500-2PN_TP700,,Bool,Bool,ST_InitialRunning[29],EXPORT/HMI tags/02 ST_Sys/ST_Initial.xml,ST_Initial
1 s,CPU S71500-2PN_TP700,,Bool,Bool,ST_InitialRunning[28],EXPORT/HMI tags/02 ST_Sys/ST_Initial.xml,ST_Initial
1 s,CPU S71500-2PN_TP700,,Bool,Bool,ST_InitialRunning[27],EXPORT/HMI tags/02 ST_Sys/ST_Initial.xml,ST_Initial
1 s,CPU S71500-2PN_TP700,,Bool,Bool,ST_InitialRunning[26],EXPORT/HMI tags/02 ST_Sys/ST_Initial.xml,ST_Initial
1 s,CPU S71500-2PN_TP700,,Bool,Bool,ST_SetInitial[17],EXPORT/HMI tags/02 ST_Sys/ST_Initial.xml,ST_Initial
1 s,CPU S71500-2PN_TP700,,Bool,Bool,ST_SetInitial[18],EXPORT/HMI tags/02 ST_Sys/ST_Initial.xml,ST_Initial
1 s,CPU S71500-2PN_TP700,,Bool,Bool,ST_SetInitial[19],EXPORT/HMI tags/02 ST_Sys/ST_Initial.xml,ST_Initial
1 s,CPU S71500-2PN_TP700,,Bool,Bool,ST_SetInitial[20],EXPORT/HMI tags/02 ST_Sys/ST_Initial.xml,ST_Initial
1 s,CPU S71500-2PN_TP700,,Bool,Bool,ST_SetInitial[21],EXPORT/HMI tags/02 ST_Sys/ST_Initial.xml,ST_Initial
1 s,CPU S71500-2PN_TP700,,Bool,Bool,ST_SetInitial[22],EXPORT/HMI tags/02 ST_Sys/ST_Initial.xml,ST_Initial
1 s,CPU S71500-2PN_TP700,,Bool,Bool,ST_SetInitial[23],EXPORT/HMI tags/02 ST_Sys/ST_Initial.xml,ST_Initial
1 s,CPU S71500-2PN_TP700,,Bool,Bool,ST_SetInitial[24],EXPORT/HMI tags/02 ST_Sys/ST_Initial.xml,ST_Initial
1 s,CPU S71500-2PN_TP700,,Bool,Bool,ST_SetInitial[25],EXPORT/HMI tags/02 ST_Sys/ST_Initial.xml,ST_Initial
1 s,CPU S71500-2PN_TP700,,Bool,Bool,ST_SetInitial[26],EXPORT/HMI tags/02 ST_Sys/ST_Initial.xml,ST_Initial
1 s,CPU S71500-2PN_TP700,,Bool,Bool,ST_SetInitial[27],EXPORT/HMI tags/02 ST_Sys/ST_Initial.xml,ST_Initial
1 s,CPU S71500-2PN_TP700,,Bool,Bool,ST_SetInitial[28],EXPORT/HMI tags/02 ST_Sys/ST_Initial.xml,ST_Initial
1 s,CPU S71500-2PN_TP700,,Bool,Bool,ST_SetInitial[29],EXPORT/HMI tags/02 ST_Sys/ST_Initial.xml,ST_Initial
1 s,CPU S71500-2PN_TP700,,Bool,Bool,ST_SetInitial[30],EXPORT/HMI tags/02 ST_Sys/ST_Initial.xml,ST_Initial
1 s,CPU S71500-2PN_TP700,,Bool,Bool,ST_AutoMode,EXPORT/HMI tags/02 ST_Sys/ST_Mode.xml,ST_Mode
1 s,CPU S71500-2PN_TP700,,Bool,Bool,ST_ManualMode,EXPORT/HMI tags/02 ST_Sys/ST_Mode.xml,ST_Mode
1 s,CPU S71500-2PN_TP700,,Int,Int,ST_StatusModeSV,EXPORT/HMI tags/02 ST_Sys/ST_Mode.xml,ST_Mode
1 s,CPU S71500-2PN_TP700,,Int,Int,ST_StatusModePV,EXPORT/HMI tags/02 ST_Sys/ST_Mode.xml,ST_Mode
1 s,CPU S71500-2PN_TP700,Station_Sys.Cmd.ClearFlags,Bool,Bool,Station_Sys_Cmd_ClearFlags,EXPORT/HMI tags/02 ST_Sys/ST_Mode.xml,ST_Mode
1 s,,,Int,Int,ST_PMDBNum,EXPORT/HMI tags/02 ST_Sys/ST_PM.xml,ST_PM
1 s,CPU S71500-2PN_TP700,,Bool,Bool,ST_PMStepNext{1},EXPORT/HMI tags/02 ST_Sys/ST_PM.xml,ST_PM
1 s,CPU S71500-2PN_TP700,,Bool,Bool,ST_PMStepNext{2},EXPORT/HMI tags/02 ST_Sys/ST_PM.xml,ST_PM
1 s,CPU S71500-2PN_TP700,,Bool,Bool,ST_PMStepNext{3},EXPORT/HMI tags/02 ST_Sys/ST_PM.xml,ST_PM
1 s,CPU S71500-2PN_TP700,,Bool,Bool,ST_PMStepNext{4},EXPORT/HMI tags/02 ST_Sys/ST_PM.xml,ST_PM
1 s,CPU S71500-2PN_TP700,,Bool,Bool,ST_PMStepNext{5},EXPORT/HMI tags/02 ST_Sys/ST_PM.xml,ST_PM
1 s,CPU S71500-2PN_TP700,,Bool,Bool,ST_PMStepNext{6},EXPORT/HMI tags/02 ST_Sys/ST_PM.xml,ST_PM
1 s,CPU S71500-2PN_TP700,,Bool,Bool,ST_PMStepNext{7},EXPORT/HMI tags/02 ST_Sys/ST_PM.xml,ST_PM
1 s,CPU S71500-2PN_TP700,,Bool,Bool,ST_PMStepNext{8},EXPORT/HMI tags/02 ST_Sys/ST_PM.xml,ST_PM
1 s,CPU S71500-2PN_TP700,,Bool,Bool,ST_PMStepNext{9},EXPORT/HMI tags/02 ST_Sys/ST_PM.xml,ST_PM
1 s,CPU S71500-2PN_TP700,,Bool,Bool,ST_PMStepNext{10},EXPORT/HMI tags/02 ST_Sys/ST_PM.xml,ST_PM
1 s,CPU S71500-2PN_TP700,,Bool,Bool,ST_PMStepNext{11},EXPORT/HMI tags/02 ST_Sys/ST_PM.xml,ST_PM
1 s,CPU S71500-2PN_TP700,,Bool,Bool,ST_PMStepNext{12},EXPORT/HMI tags/02 ST_Sys/ST_PM.xml,ST_PM
1 s,CPU S71500-2PN_TP700,,Bool,Bool,ST_PMStepNext{13},EXPORT/HMI tags/02 ST_Sys/ST_PM.xml,ST_PM
1 s,CPU S71500-2PN_TP700,,Bool,Bool,ST_PMStepNext{14},EXPORT/HMI tags/02 ST_Sys/ST_PM.xml,ST_PM
1 s,CPU S71500-2PN_TP700,,Bool,Bool,ST_PMStepNext{15},EXPORT/HMI tags/02 ST_Sys/ST_PM.xml,ST_PM
1 s,CPU S71500-2PN_TP700,,Bool,Bool,ST_PMStepNext{16},EXPORT/HMI tags/02 ST_Sys/ST_PM.xml,ST_PM
500 ms,CPU S71500-2PN_TP700,,UInt,UInt,ST_PMOperatorPrompt[0],EXPORT/HMI tags/02 ST_Sys/ST_PM.xml,ST_PM
500 ms,CPU S71500-2PN_TP700,,UInt,UInt,ST_PMOperatorPrompt[1],EXPORT/HMI tags/02 ST_Sys/ST_PM.xml,ST_PM
500 ms,CPU S71500-2PN_TP700,,UInt,UInt,ST_PMOperatorPrompt[2],EXPORT/HMI tags/02 ST_Sys/ST_PM.xml,ST_PM
500 ms,CPU S71500-2PN_TP700,,UInt,UInt,ST_PMOperatorPrompt[3],EXPORT/HMI tags/02 ST_Sys/ST_PM.xml,ST_PM
500 ms,CPU S71500-2PN_TP700,,UInt,UInt,ST_PMOperatorPrompt[4],EXPORT/HMI tags/02 ST_Sys/ST_PM.xml,ST_PM
500 ms,CPU S71500-2PN_TP700,,UInt,UInt,ST_PMOperatorPrompt[5],EXPORT/HMI tags/02 ST_Sys/ST_PM.xml,ST_PM
500 ms,CPU S71500-2PN_TP700,,UInt,UInt,ST_PMOperatorPrompt[6],EXPORT/HMI tags/02 ST_Sys/ST_PM.xml,ST_PM
500 ms,CPU S71500-2PN_TP700,,UInt,UInt,ST_PMOperatorPrompt[7],EXPORT/HMI tags/02 ST_Sys/ST_PM.xml,ST_PM
500 ms,CPU S71500-2PN_TP700,,UInt,UInt,ST_PMOperatorPrompt[8],EXPORT/HMI tags/02 ST_Sys/ST_PM.xml,ST_PM
500 ms,CPU S71500-2PN_TP700,,UInt,UInt,ST_PMOperatorPrompt[9],EXPORT/HMI tags/02 ST_Sys/ST_PM.xml,ST_PM
500 ms,CPU S71500-2PN_TP700,,UInt,UInt,ST_PMOperatorPrompt[10],EXPORT/HMI tags/02 ST_Sys/ST_PM.xml,ST_PM
100 ms,CPU S71500-2PN_TP700,,Int,Int,ST_PMStep[11],EXPORT/HMI tags/02 ST_Sys/ST_PM.xml,ST_PM
100 ms,CPU S71500-2PN_TP700,,Int,Int,ST_PMStep[3],EXPORT/HMI tags/02 ST_Sys/ST_PM.xml,ST_PM
100 ms,CPU S71500-2PN_TP700,,Int,Int,ST_PMStep[14],EXPORT/HMI tags/02 ST_Sys/ST_PM.xml,ST_PM
100 ms,CPU S71500-2PN_TP700,,Int,Int,ST_PMStep[10],EXPORT/HMI tags/02 ST_Sys/ST_PM.xml,ST_PM
100 ms,CPU S71500-2PN_TP700,,Int,Int,ST_PMStep[8],EXPORT/HMI tags/02 ST_Sys/ST_PM.xml,ST_PM
100 ms,CPU S71500-2PN_TP700,,Int,Int,ST_PMStep[15],EXPORT/HMI tags/02 ST_Sys/ST_PM.xml,ST_PM
100 ms,CPU S71500-2PN_TP700,,Int,Int,ST_PMStep[13],EXPORT/HMI tags/02 ST_Sys/ST_PM.xml,ST_PM
100 ms,CPU S71500-2PN_TP700,,Int,Int,ST_PMStep[1],EXPORT/HMI tags/02 ST_Sys/ST_PM.xml,ST_PM
100 ms,CPU S71500-2PN_TP700,,Int,Int,ST_PMStep[12],EXPORT/HMI tags/02 ST_Sys/ST_PM.xml,ST_PM
100 ms,CPU S71500-2PN_TP700,,Int,Int,ST_PMStep[16],EXPORT/HMI tags/02 ST_Sys/ST_PM.xml,ST_PM
100 ms,CPU S71500-2PN_TP700,,Int,Int,ST_PMStep[2],EXPORT/HMI tags/02 ST_Sys/ST_PM.xml,ST_PM
100 ms,CPU S71500-2PN_TP700,,Int,Int,ST_PMStep[6],EXPORT/HMI tags/02 ST_Sys/ST_PM.xml,ST_PM
100 ms,CPU S71500-2PN_TP700,,Int,Int,ST_PMStep[4],EXPORT/HMI tags/02 ST_Sys/ST_PM.xml,ST_PM
100 ms,CPU S71500-2PN_TP700,,Int,Int,ST_PMStep[5],EXPORT/HMI tags/02 ST_Sys/ST_PM.xml,ST_PM
100 ms,CPU S71500-2PN_TP700,,Int,Int,ST_PMStep[7],EXPORT/HMI tags/02 ST_Sys/ST_PM.xml,ST_PM
100 ms,CPU S71500-2PN_TP700,,Int,Int,ST_PMStep[9],EXPORT/HMI tags/02 ST_Sys/ST_PM.xml,ST_PM
1 s,CPU S71500-2PN_TP700,,Int,Int,ST_PMStep[30],EXPORT/HMI tags/02 ST_Sys/ST_PM.xml,ST_PM
1 s,CPU S71500-2PN_TP700,,Int,Int,ST_PMStep[29],EXPORT/HMI tags/02 ST_Sys/ST_PM.xml,ST_PM
1 s,CPU S71500-2PN_TP700,,Int,Int,ST_PMStep[28],EXPORT/HMI tags/02 ST_Sys/ST_PM.xml,ST_PM
1 s,CPU S71500-2PN_TP700,,Int,Int,ST_PMStep[27],EXPORT/HMI tags/02 ST_Sys/ST_PM.xml,ST_PM
1 s,CPU S71500-2PN_TP700,,Int,Int,ST_PMStep[26],EXPORT/HMI tags/02 ST_Sys/ST_PM.xml,ST_PM
1 s,CPU S71500-2PN_TP700,,Int,Int,ST_PMStep[25],EXPORT/HMI tags/02 ST_Sys/ST_PM.xml,ST_PM
1 s,CPU S71500-2PN_TP700,,Int,Int,ST_PMStep[24],EXPORT/HMI tags/02 ST_Sys/ST_PM.xml,ST_PM
1 s,CPU S71500-2PN_TP700,,Int,Int,ST_PMStep[23],EXPORT/HMI tags/02 ST_Sys/ST_PM.xml,ST_PM
1 s,CPU S71500-2PN_TP700,,Int,Int,ST_PMStep[22],EXPORT/HMI tags/02 ST_Sys/ST_PM.xml,ST_PM
1 s,CPU S71500-2PN_TP700,,Int,Int,ST_PMStep[21],EXPORT/HMI tags/02 ST_Sys/ST_PM.xml,ST_PM
1 s,CPU S71500-2PN_TP700,,Int,Int,ST_PMStep[20],EXPORT/HMI tags/02 ST_Sys/ST_PM.xml,ST_PM
1 s,CPU S71500-2PN_TP700,,Int,Int,ST_PMStep[19],EXPORT/HMI tags/02 ST_Sys/ST_PM.xml,ST_PM
1 s,CPU S71500-2PN_TP700,,Int,Int,ST_PMStep[18],EXPORT/HMI tags/02 ST_Sys/ST_PM.xml,ST_PM
1 s,CPU S71500-2PN_TP700,,Int,Int,ST_PMStep[17],EXPORT/HMI tags/02 ST_Sys/ST_PM.xml,ST_PM
1 s,CPU S71500-2PN_TP700,,Bool,Bool,ST_PMStepNext{17},EXPORT/HMI tags/02 ST_Sys/ST_PM.xml,ST_PM
1 s,CPU S71500-2PN_TP700,,Bool,Bool,ST_PMStepNext{18},EXPORT/HMI tags/02 ST_Sys/ST_PM.xml,ST_PM
1 s,CPU S71500-2PN_TP700,,Bool,Bool,ST_PMStepNext{19},EXPORT/HMI tags/02 ST_Sys/ST_PM.xml,ST_PM
1 s,CPU S71500-2PN_TP700,,Bool,Bool,ST_PMStepNext{20},EXPORT/HMI tags/02 ST_Sys/ST_PM.xml,ST_PM
1 s,CPU S71500-2PN_TP700,,Bool,Bool,ST_PMStepNext{21},EXPORT/HMI tags/02 ST_Sys/ST_PM.xml,ST_PM
1 s,CPU S71500-2PN_TP700,,Bool,Bool,ST_PMStepNext{22},EXPORT/HMI tags/02 ST_Sys/ST_PM.xml,ST_PM
1 s,CPU S71500-2PN_TP700,,Bool,Bool,ST_PMStepNext{23},EXPORT/HMI tags/02 ST_Sys/ST_PM.xml,ST_PM
1 s,CPU S71500-2PN_TP700,,Bool,Bool,ST_PMStepNext{24},EXPORT/HMI tags/02 ST_Sys/ST_PM.xml,ST_PM
1 s,CPU S71500-2PN_TP700,,Bool,Bool,ST_PMStepNext{25},EXPORT/HMI tags/02 ST_Sys/ST_PM.xml,ST_PM
1 s,CPU S71500-2PN_TP700,,Bool,Bool,ST_PMStepNext{26},EXPORT/HMI tags/02 ST_Sys/ST_PM.xml,ST_PM
1 s,CPU S71500-2PN_TP700,,Bool,Bool,ST_PMStepNext{27},EXPORT/HMI tags/02 ST_Sys/ST_PM.xml,ST_PM
1 s,CPU S71500-2PN_TP700,,Bool,Bool,ST_PMStepNext{28},EXPORT/HMI tags/02 ST_Sys/ST_PM.xml,ST_PM
1 s,CPU S71500-2PN_TP700,,Bool,Bool,ST_PMStepNext{29},EXPORT/HMI tags/02 ST_Sys/ST_PM.xml,ST_PM
1 s,CPU S71500-2PN_TP700,,Bool,Bool,ST_PMStepNext{30},EXPORT/HMI tags/02 ST_Sys/ST_PM.xml,ST_PM
1 s,CPU S71500-2PN_TP700,,Bool,Bool,CyVisual_Ctrl_End,EXPORT/HMI tags/03 Cyl/Cylinder.xml,Cylinder
1 s,CPU S71500-2PN_TP700,,Bool,Bool,CyVisual_Ctrl_Home,EXPORT/HMI tags/03 Cyl/Cylinder.xml,Cylinder
1 s,CPU S71500-2PN_TP700,,Bool,Bool,CyVisual_Ctrl_Next,EXPORT/HMI tags/03 Cyl/Cylinder.xml,Cylinder
1 s,CPU S71500-2PN_TP700,,Bool,Bool,CyVisual_Ctrl_Previous,EXPORT/HMI tags/03 Cyl/Cylinder.xml,Cylinder
1 s,CPU S71500-2PN_TP700,,Bool,Bool,CyVisual_Cy{4}_oHome(1),EXPORT/HMI tags/03 Cyl/Cylinder.xml,Cylinder
1 s,CPU S71500-2PN_TP700,,Int,Int,CyVisual_CyPageNO,EXPORT/HMI tags/03 Cyl/Cylinder.xml,Cylinder
1 s,CPU S71500-2PN_TP700,,Int,Int,CyVisual_CyTotalPageNO,EXPORT/HMI tags/03 Cyl/Cylinder.xml,Cylinder
1 s,CPU S71500-2PN_TP700,,Int,Int,CyVisual_StructNum,EXPORT/HMI tags/03 Cyl/Cylinder.xml,Cylinder
1 s,CPU S71500-2PN_TP700,,Bool,Bool,CyVisual_VisualAttribute{0},EXPORT/HMI tags/03 Cyl/Cylinder.xml,Cylinder
1 s,CPU S71500-2PN_TP700,,Bool,Bool,CyVisual_VisualAttribute{1},EXPORT/HMI tags/03 Cyl/Cylinder.xml,Cylinder
1 s,CPU S71500-2PN_TP700,,Bool,Bool,CyVisual_VisualAttribute{2},EXPORT/HMI tags/03 Cyl/Cylinder.xml,Cylinder
1 s,CPU S71500-2PN_TP700,,Bool,Bool,CyVisual_VisualAttribute{3},EXPORT/HMI tags/03 Cyl/Cylinder.xml,Cylinder
1 s,CPU S71500-2PN_TP700,,Bool,Bool,CyVisual_VisualAttribute{4},EXPORT/HMI tags/03 Cyl/Cylinder.xml,Cylinder
1 s,,,Int,Int,ST_CyDBNum,EXPORT/HMI tags/03 Cyl/Cylinder.xml,Cylinder
1 s,CPU S71500-2PN_TP700,,Int,Int,STxxxCyHMIVisual_Cy{0}_GoHomeTime,EXPORT/HMI tags/03 Cyl/Cylinder.xml,Cylinder
1 s,CPU S71500-2PN_TP700,,Int,Int,STxxxCyHMIVisual_Cy{0}_GoWorkTime,EXPORT/HMI tags/03 Cyl/Cylinder.xml,Cylinder
1 s,CPU S71500-2PN_TP700,,Int,Int,STxxxCyHMIVisual_Cy{1}_GoHomeTime,EXPORT/HMI tags/03 Cyl/Cylinder.xml,Cylinder
1 s,CPU S71500-2PN_TP700,,Int,Int,STxxxCyHMIVisual_Cy{1}_GoWorkTime,EXPORT/HMI tags/03 Cyl/Cylinder.xml,Cylinder
1 s,CPU S71500-2PN_TP700,,Int,Int,STxxxCyHMIVisual_Cy{2}_GoHomeTime,EXPORT/HMI tags/03 Cyl/Cylinder.xml,Cylinder
1 s,CPU S71500-2PN_TP700,,Int,Int,STxxxCyHMIVisual_Cy{2}_GoWorkTime,EXPORT/HMI tags/03 Cyl/Cylinder.xml,Cylinder
1 s,CPU S71500-2PN_TP700,,Int,Int,STxxxCyHMIVisual_Cy{3}_GoHomeTime,EXPORT/HMI tags/03 Cyl/Cylinder.xml,Cylinder
1 s,CPU S71500-2PN_TP700,,Int,Int,STxxxCyHMIVisual_Cy{3}_GoWorkTime,EXPORT/HMI tags/03 Cyl/Cylinder.xml,Cylinder
1 s,CPU S71500-2PN_TP700,,Int,Int,STxxxCyHMIVisual_Cy{4}_GoHomeTime,EXPORT/HMI tags/03 Cyl/Cylinder.xml,Cylinder
1 s,CPU S71500-2PN_TP700,,Int,Int,STxxxCyHMIVisual_Cy{4}_GoWorkTime,EXPORT/HMI tags/03 Cyl/Cylinder.xml,Cylinder
1 s,CPU S71500-2PN_TP700,,Bool,Bool,CyVisual_Cy{1}_iWork,EXPORT/HMI tags/03 Cyl/Cylinder.xml,Cylinder
1 s,CPU S71500-2PN_TP700,,Bool,Bool,CyVisual_Cy{1}_iHome,EXPORT/HMI tags/03 Cyl/Cylinder.xml,Cylinder
1 s,CPU S71500-2PN_TP700,,Bool,Bool,CyVisual_Cy{4}_iHome,EXPORT/HMI tags/03 Cyl/Cylinder.xml,Cylinder
1 s,CPU S71500-2PN_TP700,,Bool,Bool,CyVisual_Cy{0}_oHomeInterlock,EXPORT/HMI tags/03 Cyl/Cylinder.xml,Cylinder
1 s,CPU S71500-2PN_TP700,,Bool,Bool,CyVisual_Cy{1}_oHomeInterlock,EXPORT/HMI tags/03 Cyl/Cylinder.xml,Cylinder
1 s,CPU S71500-2PN_TP700,,Bool,Bool,CyVisual_Cy{2}_ManualHome,EXPORT/HMI tags/03 Cyl/Cylinder.xml,Cylinder
1 s,CPU S71500-2PN_TP700,,Bool,Bool,CyVisual_Cy{3}_ManualWork,EXPORT/HMI tags/03 Cyl/Cylinder.xml,Cylinder
1 s,CPU S71500-2PN_TP700,,Bool,Bool,CyVisual_Cy{4}_oHome,EXPORT/HMI tags/03 Cyl/Cylinder.xml,Cylinder
1 s,CPU S71500-2PN_TP700,,Bool,Bool,CyVisual_Cy{2}_oHome,EXPORT/HMI tags/03 Cyl/Cylinder.xml,Cylinder
1 s,CPU S71500-2PN_TP700,,Bool,Bool,CyVisual_Cy{4}_oHomeInterlock,EXPORT/HMI tags/03 Cyl/Cylinder.xml,Cylinder
1 s,CPU S71500-2PN_TP700,,Bool,Bool,CyVisual_Cy{4}_owork,EXPORT/HMI tags/03 Cyl/Cylinder.xml,Cylinder
1 s,CPU S71500-2PN_TP700,,Bool,Bool,CyVisual_Cy{4}_iWork,EXPORT/HMI tags/03 Cyl/Cylinder.xml,Cylinder
1 s,CPU S71500-2PN_TP700,,Bool,Bool,CyVisual_Cy{0}_ManualWork,EXPORT/HMI tags/03 Cyl/Cylinder.xml,Cylinder
1 s,CPU S71500-2PN_TP700,,Bool,Bool,CyVisual_Cy{3}_ManualHome,EXPORT/HMI tags/03 Cyl/Cylinder.xml,Cylinder
1 s,CPU S71500-2PN_TP700,,Bool,Bool,CyVisual_Cy{2}_oWorkInterlock,EXPORT/HMI tags/03 Cyl/Cylinder.xml,Cylinder
1 s,CPU S71500-2PN_TP700,,Byte,USInt,CyVisual_Cy{4}_CyNO,EXPORT/HMI tags/03 Cyl/Cylinder.xml,Cylinder
1 s,CPU S71500-2PN_TP700,,Bool,Bool,CyVisual_Cy{0}_owork,EXPORT/HMI tags/03 Cyl/Cylinder.xml,Cylinder
1 s,CPU S71500-2PN_TP700,,Bool,Bool,CyVisual_Cy{4}_ManualWork,EXPORT/HMI tags/03 Cyl/Cylinder.xml,Cylinder
1 s,CPU S71500-2PN_TP700,,Byte,USInt,CyVisual_Cy{0}_CyNO,EXPORT/HMI tags/03 Cyl/Cylinder.xml,Cylinder
1 s,CPU S71500-2PN_TP700,,Bool,Bool,CyVisual_Cy{3}_oHome,EXPORT/HMI tags/03 Cyl/Cylinder.xml,Cylinder
1 s,CPU S71500-2PN_TP700,,Bool,Bool,CyVisual_Cy{0}_oHome,EXPORT/HMI tags/03 Cyl/Cylinder.xml,Cylinder
1 s,CPU S71500-2PN_TP700,,Bool,Bool,CyVisual_Cy{2}_ManualWork,EXPORT/HMI tags/03 Cyl/Cylinder.xml,Cylinder
1 s,CPU S71500-2PN_TP700,,Bool,Bool,CyVisual_Cy{1}_ManualHome,EXPORT/HMI tags/03 Cyl/Cylinder.xml,Cylinder
1 s,CPU S71500-2PN_TP700,,Byte,USInt,CyVisual_Cy{1}_CyNO,EXPORT/HMI tags/03 Cyl/Cylinder.xml,Cylinder
1 s,CPU S71500-2PN_TP700,,Bool,Bool,CyVisual_Cy{3}_oWorkInterlock,EXPORT/HMI tags/03 Cyl/Cylinder.xml,Cylinder
1 s,CPU S71500-2PN_TP700,,Bool,Bool,CyVisual_Cy{1}_ManualWork,EXPORT/HMI tags/03 Cyl/Cylinder.xml,Cylinder
1 s,CPU S71500-2PN_TP700,,Bool,Bool,CyVisual_Cy{2}_owork,EXPORT/HMI tags/03 Cyl/Cylinder.xml,Cylinder
1 s,CPU S71500-2PN_TP700,,Bool,Bool,CyVisual_Cy{2}_oHomeInterlock,EXPORT/HMI tags/03 Cyl/Cylinder.xml,Cylinder
1 s,CPU S71500-2PN_TP700,,Byte,USInt,CyVisual_Cy{3}_CyNO,EXPORT/HMI tags/03 Cyl/Cylinder.xml,Cylinder
1 s,CPU S71500-2PN_TP700,,Bool,Bool,CyVisual_Cy{1}_oHome,EXPORT/HMI tags/03 Cyl/Cylinder.xml,Cylinder
1 s,CPU S71500-2PN_TP700,,Bool,Bool,CyVisual_Cy{3}_iHome,EXPORT/HMI tags/03 Cyl/Cylinder.xml,Cylinder
1 s,CPU S71500-2PN_TP700,,Bool,Bool,CyVisual_Cy{0}_iHome,EXPORT/HMI tags/03 Cyl/Cylinder.xml,Cylinder
1 s,CPU S71500-2PN_TP700,,Bool,Bool,CyVisual_Cy{4}_oWorkInterlock,EXPORT/HMI tags/03 Cyl/Cylinder.xml,Cylinder
1 s,CPU S71500-2PN_TP700,,Bool,Bool,CyVisual_Cy{4}_ManualHome,EXPORT/HMI tags/03 Cyl/Cylinder.xml,Cylinder
1 s,CPU S71500-2PN_TP700,,Bool,Bool,CyVisual_Cy{0}_ManualHome,EXPORT/HMI tags/03 Cyl/Cylinder.xml,Cylinder
1 s,CPU S71500-2PN_TP700,,Bool,Bool,CyVisual_Cy{3}_iWork,EXPORT/HMI tags/03 Cyl/Cylinder.xml,Cylinder
1 s,CPU S71500-2PN_TP700,,Bool,Bool,CyVisual_Cy{0}_oWorkInterlock,EXPORT/HMI tags/03 Cyl/Cylinder.xml,Cylinder
1 s,CPU S71500-2PN_TP700,,Bool,Bool,CyVisual_Cy{1}_owork,EXPORT/HMI tags/03 Cyl/Cylinder.xml,Cylinder
1 s,CPU S71500-2PN_TP700,,Bool,Bool,CyVisual_Cy{2}_iHome,EXPORT/HMI tags/03 Cyl/Cylinder.xml,Cylinder
1 s,CPU S71500-2PN_TP700,,Bool,Bool,CyVisual_Cy{0}_iWork,EXPORT/HMI tags/03 Cyl/Cylinder.xml,Cylinder
1 s,CPU S71500-2PN_TP700,,Bool,Bool,CyVisual_Cy{1}_oWorkInterlock,EXPORT/HMI tags/03 Cyl/Cylinder.xml,Cylinder
1 s,CPU S71500-2PN_TP700,,Bool,Bool,CyVisual_Cy{3}_oHomeInterlock,EXPORT/HMI tags/03 Cyl/Cylinder.xml,Cylinder
1 s,CPU S71500-2PN_TP700,,Bool,Bool,CyVisual_Cy{3}_owork,EXPORT/HMI tags/03 Cyl/Cylinder.xml,Cylinder
1 s,CPU S71500-2PN_TP700,,Bool,Bool,CyVisual_Cy{2}_iWork,EXPORT/HMI tags/03 Cyl/Cylinder.xml,Cylinder
1 s,CPU S71500-2PN_TP700,,Byte,USInt,CyVisual_Cy{2}_CyNO,EXPORT/HMI tags/03 Cyl/Cylinder.xml,Cylinder
1 s,CPU S71500-2PN_TP700,,Array [0..99] of Byte,Array [0..99] of USInt,CyHMIVisual_CyNumberConfig_CyNum,EXPORT/HMI tags/03 Cyl/CylinderNum.xml,CylinderNum
1 s,,,Int,Int,Byte_numberA,EXPORT/HMI tags/04 IOVisual/I&O.xml,I&O
1 s,,,Int,Int,Byte_numberB,EXPORT/HMI tags/04 IOVisual/I&O.xml,I&O
1 s,CPU S71500-2PN_TP700,,Byte,USInt,Input_Byte,EXPORT/HMI tags/04 IOVisual/I&O.xml,I&O
1 s,CPU S71500-2PN_TP700,,Byte,USInt,Output_Byte,EXPORT/HMI tags/04 IOVisual/I&O.xml,I&O
1 s,,,Int,Int,InputPCount,EXPORT/HMI tags/04 IOVisual/I&O.xml,I&O
1 s,,,Int,Int,OutputPCount,EXPORT/HMI tags/04 IOVisual/I&O.xml,I&O
1 s,CPU S71500-2PN_TP700,,Bool,Bool,iBitA0,EXPORT/HMI tags/04 IOVisual/I&O.xml,I&O
1 s,CPU S71500-2PN_TP700,,Bool,Bool,iBitA1,EXPORT/HMI tags/04 IOVisual/I&O.xml,I&O
1 s,CPU S71500-2PN_TP700,,Bool,Bool,iBitA2,EXPORT/HMI tags/04 IOVisual/I&O.xml,I&O
1 s,CPU S71500-2PN_TP700,,Bool,Bool,iBitA3,EXPORT/HMI tags/04 IOVisual/I&O.xml,I&O
1 s,CPU S71500-2PN_TP700,,Bool,Bool,iBitA4,EXPORT/HMI tags/04 IOVisual/I&O.xml,I&O
1 s,CPU S71500-2PN_TP700,,Bool,Bool,iBitA5,EXPORT/HMI tags/04 IOVisual/I&O.xml,I&O
1 s,CPU S71500-2PN_TP700,,Bool,Bool,iBitA6,EXPORT/HMI tags/04 IOVisual/I&O.xml,I&O
1 s,CPU S71500-2PN_TP700,,Bool,Bool,iBitA7,EXPORT/HMI tags/04 IOVisual/I&O.xml,I&O
1 s,,,WString,WString,Str_bitA0,EXPORT/HMI tags/04 IOVisual/I&O.xml,I&O
1 s,,,WString,WString,Str_bitA1,EXPORT/HMI tags/04 IOVisual/I&O.xml,I&O
1 s,,,WString,WString,Str_bitA2,EXPORT/HMI tags/04 IOVisual/I&O.xml,I&O
1 s,,,WString,WString,Str_bitA3,EXPORT/HMI tags/04 IOVisual/I&O.xml,I&O
1 s,,,WString,WString,Str_bitA4,EXPORT/HMI tags/04 IOVisual/I&O.xml,I&O
1 s,,,WString,WString,Str_bitA5,EXPORT/HMI tags/04 IOVisual/I&O.xml,I&O
1 s,,,WString,WString,Str_bitA6,EXPORT/HMI tags/04 IOVisual/I&O.xml,I&O
1 s,,,WString,WString,Str_bitA7,EXPORT/HMI tags/04 IOVisual/I&O.xml,I&O
1 s,CPU S71500-2PN_TP700,,Bool,Bool,iBitB0,EXPORT/HMI tags/04 IOVisual/I&O.xml,I&O
1 s,CPU S71500-2PN_TP700,,Bool,Bool,iBitB1,EXPORT/HMI tags/04 IOVisual/I&O.xml,I&O
1 s,CPU S71500-2PN_TP700,,Bool,Bool,iBitB2,EXPORT/HMI tags/04 IOVisual/I&O.xml,I&O
1 s,CPU S71500-2PN_TP700,,Bool,Bool,iBitB3,EXPORT/HMI tags/04 IOVisual/I&O.xml,I&O
1 s,CPU S71500-2PN_TP700,,Bool,Bool,iBitB4,EXPORT/HMI tags/04 IOVisual/I&O.xml,I&O
1 s,CPU S71500-2PN_TP700,,Bool,Bool,iBitB5,EXPORT/HMI tags/04 IOVisual/I&O.xml,I&O
1 s,CPU S71500-2PN_TP700,,Bool,Bool,iBitB6,EXPORT/HMI tags/04 IOVisual/I&O.xml,I&O
1 s,CPU S71500-2PN_TP700,,Bool,Bool,iBitB7,EXPORT/HMI tags/04 IOVisual/I&O.xml,I&O
1 s,,,WString,WString,Str_bitB0,EXPORT/HMI tags/04 IOVisual/I&O.xml,I&O
1 s,,,WString,WString,Str_bitB1,EXPORT/HMI tags/04 IOVisual/I&O.xml,I&O
1 s,,,WString,WString,Str_bitB2,EXPORT/HMI tags/04 IOVisual/I&O.xml,I&O
1 s,,,WString,WString,Str_bitB3,EXPORT/HMI tags/04 IOVisual/I&O.xml,I&O
1 s,,,WString,WString,Str_bitB4,EXPORT/HMI tags/04 IOVisual/I&O.xml,I&O
1 s,,,WString,WString,Str_bitB5,EXPORT/HMI tags/04 IOVisual/I&O.xml,I&O
1 s,,,WString,WString,Str_bitB6,EXPORT/HMI tags/04 IOVisual/I&O.xml,I&O
1 s,,,WString,WString,Str_bitB7,EXPORT/HMI tags/04 IOVisual/I&O.xml,I&O
1 s,,,Array [0..99] of Int,Array [0..99] of Int,ByteInputConfig,EXPORT/HMI tags/04 IOVisual/I&O.xml,I&O
1 s,,,Array [0..99] of Int,Array [0..99] of Int,ByteOutputConfig,EXPORT/HMI tags/04 IOVisual/I&O.xml,I&O
1 s,,,Int,Int,InputMax,EXPORT/HMI tags/04 IOVisual/I&O.xml,I&O
1 s,,,Int,Int,OutputMax,EXPORT/HMI tags/04 IOVisual/I&O.xml,I&O
1 s,,,Int,Int,InPval,EXPORT/HMI tags/04 IOVisual/I&O.xml,I&O
1 s,,,Bool,Bool,IVisual,EXPORT/HMI tags/04 IOVisual/I&O.xml,I&O
1 s,,,Bool,Bool,QVisual,EXPORT/HMI tags/04 IOVisual/I&O.xml,I&O
1 s,CPU S71500-2PN_TP700,,Bool,Bool,qBitA0,EXPORT/HMI tags/04 IOVisual/I&O.xml,I&O
1 s,CPU S71500-2PN_TP700,,Bool,Bool,qBitA1,EXPORT/HMI tags/04 IOVisual/I&O.xml,I&O
1 s,CPU S71500-2PN_TP700,,Bool,Bool,qBitA2,EXPORT/HMI tags/04 IOVisual/I&O.xml,I&O
1 s,CPU S71500-2PN_TP700,,Bool,Bool,qBitA3,EXPORT/HMI tags/04 IOVisual/I&O.xml,I&O
1 s,CPU S71500-2PN_TP700,,Bool,Bool,qBitA4,EXPORT/HMI tags/04 IOVisual/I&O.xml,I&O
1 s,CPU S71500-2PN_TP700,,Bool,Bool,qBitA5,EXPORT/HMI tags/04 IOVisual/I&O.xml,I&O
1 s,CPU S71500-2PN_TP700,,Bool,Bool,qBitA6,EXPORT/HMI tags/04 IOVisual/I&O.xml,I&O
1 s,CPU S71500-2PN_TP700,,Bool,Bool,qBitA7,EXPORT/HMI tags/04 IOVisual/I&O.xml,I&O
1 s,CPU S71500-2PN_TP700,,Bool,Bool,qBitB0,EXPORT/HMI tags/04 IOVisual/I&O.xml,I&O
1 s,CPU S71500-2PN_TP700,,Bool,Bool,qBitB1,EXPORT/HMI tags/04 IOVisual/I&O.xml,I&O
1 s,CPU S71500-2PN_TP700,,Bool,Bool,qBitB2,EXPORT/HMI tags/04 IOVisual/I&O.xml,I&O
1 s,CPU S71500-2PN_TP700,,Bool,Bool,qBitB3,EXPORT/HMI tags/04 IOVisual/I&O.xml,I&O
1 s,CPU S71500-2PN_TP700,,Bool,Bool,qBitB4,EXPORT/HMI tags/04 IOVisual/I&O.xml,I&O
1 s,CPU S71500-2PN_TP700,,Bool,Bool,qBitB5,EXPORT/HMI tags/04 IOVisual/I&O.xml,I&O
1 s,CPU S71500-2PN_TP700,,Bool,Bool,qBitB6,EXPORT/HMI tags/04 IOVisual/I&O.xml,I&O
1 s,CPU S71500-2PN_TP700,,Bool,Bool,qBitB7,EXPORT/HMI tags/04 IOVisual/I&O.xml,I&O
1 s,,,Int,Int,OutPval,EXPORT/HMI tags/04 IOVisual/I&O.xml,I&O
1 s,,,Int,Int,VisualPInput,EXPORT/HMI tags/04 IOVisual/I&O.xml,I&O
1 s,,,Int,Int,VisualPOutput,EXPORT/HMI tags/04 IOVisual/I&O.xml,I&O
1 s,CPU S71500-2PN_TP700,HMISystemDB.HMI_Axis,HMI_Axis,HMI_Axis,HMISystemDB_HMI_Axis,EXPORT/HMI tags/IAI/IAI.xml,IAI
1 s,CPU S71500-2PN_TP700,DB_KeyenceCheckerIV3.aDev[1],ST_KeyenceCheckerIV3,ST_KeyenceCheckerIV3,DB_KeyenceCheckerIV3_aDev{1},EXPORT/HMI tags/IV3/IV3.xml,IV3
1 s,CPU S71500-2PN_TP700,DB_KeyenceCheckerIV3.aDev[2],ST_KeyenceCheckerIV3,ST_KeyenceCheckerIV3,DB_KeyenceCheckerIV3_aDev{2},EXPORT/HMI tags/IV3/IV3.xml,IV3
1 s,CPU S71500-2PN_TP700,DB_KeyenceCheckerIV3.aDev[3],ST_KeyenceCheckerIV3,ST_KeyenceCheckerIV3,DB_KeyenceCheckerIV3_aDev{3},EXPORT/HMI tags/IV3/IV3.xml,IV3
1 s,CPU S71500-2PN_TP700,DB_KeyenceCheckerIV3.aDev[4],ST_KeyenceCheckerIV3,ST_KeyenceCheckerIV3,DB_KeyenceCheckerIV3_aDev{4},EXPORT/HMI tags/IV3/IV3.xml,IV3
100 ms,CPU S71500-2PN_TP700,,Bool,Bool,KistlerPresser_ContinueSeq,EXPORT/HMI tags/Kistler/Presser.xml,Presser
100 ms,CPU S71500-2PN_TP700,,Bool,Bool,KistlerPresser_Homing,EXPORT/HMI tags/Kistler/Presser.xml,Presser
100 ms,CPU S71500-2PN_TP700,,Bool,Bool,KistlerPresser_Inputs_ACK,EXPORT/HMI tags/Kistler/Presser.xml,Presser
100 ms,CPU S71500-2PN_TP700,,Bool,Bool,KistlerPresser_Inputs_ALARM,EXPORT/HMI tags/Kistler/Presser.xml,Presser
100 ms,CPU S71500-2PN_TP700,,Bool,Bool,KistlerPresser_Inputs_AUTO,EXPORT/HMI tags/Kistler/Presser.xml,Presser
100 ms,CPU S71500-2PN_TP700,,Bool,Bool,KistlerPresser_Inputs_BACKUP-REQUEST,EXPORT/HMI tags/Kistler/Presser.xml,Presser
100 ms,CPU S71500-2PN_TP700,,Bool,Bool,KistlerPresser_Inputs_BRAKETEST-DONE,EXPORT/HMI tags/Kistler/Presser.xml,Presser
100 ms,CPU S71500-2PN_TP700,,Bool,Bool,KistlerPresser_Inputs_BRAKETEST-REQ,EXPORT/HMI tags/Kistler/Presser.xml,Presser
100 ms,CPU S71500-2PN_TP700,,Bool,Bool,KistlerPresser_Inputs_BREAKETEST-ACTIVE,EXPORT/HMI tags/Kistler/Presser.xml,Presser
100 ms,CPU S71500-2PN_TP700,,Byte,USInt,KistlerPresser_Inputs_CFG-MP,EXPORT/HMI tags/Kistler/Presser.xml,Presser
100 ms,CPU S71500-2PN_TP700,,Bool,Bool,KistlerPresser_Inputs_CHANGED--GLOBAL,EXPORT/HMI tags/Kistler/Presser.xml,Presser
100 ms,CPU S71500-2PN_TP700,,Bool,Bool,KistlerPresser_Inputs_CHANGEDSELECTED-MP,EXPORT/HMI tags/Kistler/Presser.xml,Presser
100 ms,CPU S71500-2PN_TP700,,Bool,Bool,KistlerPresser_Inputs_DEVICE-AVAILABLE,EXPORT/HMI tags/Kistler/Presser.xml,Presser
100 ms,CPU S71500-2PN_TP700,,Bool,Bool,KistlerPresser_Inputs_DRIVE-ENABLE,EXPORT/HMI tags/Kistler/Presser.xml,Presser
100 ms,CPU S71500-2PN_TP700,,Bool,Bool,KistlerPresser_Inputs_DRIVE-ENABLED,EXPORT/HMI tags/Kistler/Presser.xml,Presser
100 ms,CPU S71500-2PN_TP700,,Bool,Bool,KistlerPresser_Inputs_DRIVE-TO-HOMEPOS,EXPORT/HMI tags/Kistler/Presser.xml,Presser
100 ms,CPU S71500-2PN_TP700,,Bool,Bool,KistlerPresser_Inputs_DRIVE-TO-REFPOS,EXPORT/HMI tags/Kistler/Presser.xml,Presser
100 ms,CPU S71500-2PN_TP700,,Bool,Bool,KistlerPresser_Inputs_EXT-STOP,EXPORT/HMI tags/Kistler/Presser.xml,Presser
100 ms,CPU S71500-2PN_TP700,,Bool,Bool,KistlerPresser_Inputs_GLOBAL-CFG-MP,EXPORT/HMI tags/Kistler/Presser.xml,Presser
100 ms,CPU S71500-2PN_TP700,,Bool,Bool,KistlerPresser_Inputs_HOMEPOS-REACHED,EXPORT/HMI tags/Kistler/Presser.xml,Presser
100 ms,CPU S71500-2PN_TP700,,Bool,Bool,KistlerPresser_Inputs_INC-ZERO,EXPORT/HMI tags/Kistler/Presser.xml,Presser
100 ms,CPU S71500-2PN_TP700,,Bool,Bool,KistlerPresser_Inputs_JOG-BW,EXPORT/HMI tags/Kistler/Presser.xml,Presser
100 ms,CPU S71500-2PN_TP700,,Bool,Bool,KistlerPresser_Inputs_JOG-FW,EXPORT/HMI tags/Kistler/Presser.xml,Presser
100 ms,CPU S71500-2PN_TP700,,Byte,USInt,KistlerPresser_Inputs_LABEL-ID,EXPORT/HMI tags/Kistler/Presser.xml,Presser
100 ms,CPU S71500-2PN_TP700,,Bool,Bool,KistlerPresser_Inputs_MASTER-MEAS,EXPORT/HMI tags/Kistler/Presser.xml,Presser
100 ms,CPU S71500-2PN_TP700,,Byte,USInt,KistlerPresser_Inputs_MIRRIR-CFG-ADR,EXPORT/HMI tags/Kistler/Presser.xml,Presser
100 ms,CPU S71500-2PN_TP700,,Byte,USInt,KistlerPresser_Inputs_MIRRIR-CFG-LENGTH,EXPORT/HMI tags/Kistler/Presser.xml,Presser
100 ms,CPU S71500-2PN_TP700,,Bool,Bool,KistlerPresser_Inputs_MIRROR-ACCESS,EXPORT/HMI tags/Kistler/Presser.xml,Presser
100 ms,CPU S71500-2PN_TP700,,Bool,Bool,KistlerPresser_Inputs_MIRROR-ACK-ADMIN,EXPORT/HMI tags/Kistler/Presser.xml,Presser
100 ms,CPU S71500-2PN_TP700,,Bool,Bool,KistlerPresser_Inputs_MIRROR-START,EXPORT/HMI tags/Kistler/Presser.xml,Presser
100 ms,CPU S71500-2PN_TP700,,Bool,Bool,KistlerPresser_Inputs_MIRROR-STEST-X,EXPORT/HMI tags/Kistler/Presser.xml,Presser
100 ms,CPU S71500-2PN_TP700,,Bool,Bool,KistlerPresser_Inputs_MIRROR-STEST-Y,EXPORT/HMI tags/Kistler/Presser.xml,Presser
100 ms,CPU S71500-2PN_TP700,,Bool,Bool,KistlerPresser_Inputs_MIRROR-TARE-Y,EXPORT/HMI tags/Kistler/Presser.xml,Presser
100 ms,CPU S71500-2PN_TP700,,Bool,Bool,KistlerPresser_Inputs_MIRROR-ZERO X,EXPORT/HMI tags/Kistler/Presser.xml,Presser
100 ms,CPU S71500-2PN_TP700,,Byte,USInt,KistlerPresser_Inputs_MP,EXPORT/HMI tags/Kistler/Presser.xml,Presser
100 ms,CPU S71500-2PN_TP700,,Bool,Bool,KistlerPresser_Inputs_NOK-TOTAL,EXPORT/HMI tags/Kistler/Presser.xml,Presser
100 ms,CPU S71500-2PN_TP700,,Bool,Bool,KistlerPresser_Inputs_NO-PASS,EXPORT/HMI tags/Kistler/Presser.xml,Presser
100 ms,CPU S71500-2PN_TP700,,Bool,Bool,KistlerPresser_Inputs_OK-TOTAL,EXPORT/HMI tags/Kistler/Presser.xml,Presser
100 ms,CPU S71500-2PN_TP700,,Bool,Bool,KistlerPresser_Inputs_ONLINE-EO-NOK,EXPORT/HMI tags/Kistler/Presser.xml,Presser
100 ms,CPU S71500-2PN_TP700,,Bool,Bool,KistlerPresser_Inputs_READY,EXPORT/HMI tags/Kistler/Presser.xml,Presser
100 ms,CPU S71500-2PN_TP700,,Bool,Bool,KistlerPresser_Inputs_REFPOS-REACHED,EXPORT/HMI tags/Kistler/Presser.xml,Presser
100 ms,CPU S71500-2PN_TP700,,Bool,Bool,KistlerPresser_Inputs_RESET-SN-GENERATOR,EXPORT/HMI tags/Kistler/Presser.xml,Presser
100 ms,CPU S71500-2PN_TP700,,Bool,Bool,KistlerPresser_Inputs_RUN-SEQUENCE,EXPORT/HMI tags/Kistler/Presser.xml,Presser
100 ms,CPU S71500-2PN_TP700,,Bool,Bool,KistlerPresser_Inputs_S1,EXPORT/HMI tags/Kistler/Presser.xml,Presser
100 ms,CPU S71500-2PN_TP700,,Bool,Bool,KistlerPresser_Inputs_S2,EXPORT/HMI tags/Kistler/Presser.xml,Presser
100 ms,CPU S71500-2PN_TP700,,Byte,USInt,KistlerPresser_Inputs_SELECT-PAGE,EXPORT/HMI tags/Kistler/Presser.xml,Presser
100 ms,CPU S71500-2PN_TP700,,Byte,USInt,KistlerPresser_Inputs_SEQUENCE,EXPORT/HMI tags/Kistler/Presser.xml,Presser
100 ms,CPU S71500-2PN_TP700,,Bool,Bool,KistlerPresser_Inputs_SEQUENCE-END,EXPORT/HMI tags/Kistler/Presser.xml,Presser
100 ms,CPU S71500-2PN_TP700,,Bool,Bool,KistlerPresser_Inputs_SEQUENCE-ERROR,EXPORT/HMI tags/Kistler/Presser.xml,Presser
100 ms,CPU S71500-2PN_TP700,,Bool,Bool,KistlerPresser_Inputs_SEQUENCE-STOPPED,EXPORT/HMI tags/Kistler/Presser.xml,Presser
100 ms,CPU S71500-2PN_TP700,,Bool,Bool,KistlerPresser_Inputs_SERVO-ERROR,EXPORT/HMI tags/Kistler/Presser.xml,Presser
100 ms,CPU S71500-2PN_TP700,,Bool,Bool,KistlerPresser_Inputs_SERVO-WARN,EXPORT/HMI tags/Kistler/Presser.xml,Presser
100 ms,CPU S71500-2PN_TP700,,Bool,Bool,KistlerPresser_Inputs_SMES-ACTIVE,EXPORT/HMI tags/Kistler/Presser.xml,Presser
100 ms,CPU S71500-2PN_TP700,,Bool,Bool,KistlerPresser_Inputs_SMM1-ACTIVE,EXPORT/HMI tags/Kistler/Presser.xml,Presser
100 ms,CPU S71500-2PN_TP700,,Bool,Bool,KistlerPresser_Inputs_SMST2-ACTIVE,EXPORT/HMI tags/Kistler/Presser.xml,Presser
100 ms,CPU S71500-2PN_TP700,,Bool,Bool,KistlerPresser_Inputs_STANDSTILL,EXPORT/HMI tags/Kistler/Presser.xml,Presser
100 ms,CPU S71500-2PN_TP700,,Bool,Bool,KistlerPresser_Inputs_STAT-DISABLE,EXPORT/HMI tags/Kistler/Presser.xml,Presser
100 ms,CPU S71500-2PN_TP700,,Bool,Bool,KistlerPresser_Inputs_STAT-RESET,EXPORT/HMI tags/Kistler/Presser.xml,Presser
100 ms,CPU S71500-2PN_TP700,,Bool,Bool,KistlerPresser_Inputs_TARE-EXTENDED-Y,EXPORT/HMI tags/Kistler/Presser.xml,Presser
100 ms,CPU S71500-2PN_TP700,,Bool,Bool,KistlerPresser_Inputs_TRANSMISSION-FAULT,EXPORT/HMI tags/Kistler/Presser.xml,Presser
100 ms,CPU S71500-2PN_TP700,,Bool,Bool,KistlerPresser_Inputs_USER-MODE-ACTIVE,EXPORT/HMI tags/Kistler/Presser.xml,Presser
100 ms,CPU S71500-2PN_TP700,,Bool,Bool,KistlerPresser_Inputs_WAIT-REQUEST,EXPORT/HMI tags/Kistler/Presser.xml,Presser
100 ms,CPU S71500-2PN_TP700,,Bool,Bool,KistlerPresser_Inputs_WARN,EXPORT/HMI tags/Kistler/Presser.xml,Presser
100 ms,CPU S71500-2PN_TP700,,Bool,Bool,KistlerPresser_JogNeg,EXPORT/HMI tags/Kistler/Presser.xml,Presser
100 ms,CPU S71500-2PN_TP700,,Bool,Bool,KistlerPresser_JogPos,EXPORT/HMI tags/Kistler/Presser.xml,Presser
100 ms,CPU S71500-2PN_TP700,,Bool,Bool,KistlerPresser_Outputs_ACCESS,EXPORT/HMI tags/Kistler/Presser.xml,Presser
100 ms,CPU S71500-2PN_TP700,,Bool,Bool,KistlerPresser_Outputs_ACK-ADMIN,EXPORT/HMI tags/Kistler/Presser.xml,Presser
100 ms,CPU S71500-2PN_TP700,,Bool,Bool,KistlerPresser_Outputs_AUTO,EXPORT/HMI tags/Kistler/Presser.xml,Presser
100 ms,CPU S71500-2PN_TP700,,Bool,Bool,KistlerPresser_Outputs_BACKUP-REQUEST,EXPORT/HMI tags/Kistler/Presser.xml,Presser
100 ms,CPU S71500-2PN_TP700,,Bool,Bool,KistlerPresser_Outputs_CONTNUEFROM-WAIT,EXPORT/HMI tags/Kistler/Presser.xml,Presser
100 ms,CPU S71500-2PN_TP700,,Bool,Bool,KistlerPresser_Outputs_DRIVE-ENABLE,EXPORT/HMI tags/Kistler/Presser.xml,Presser
100 ms,CPU S71500-2PN_TP700,,Bool,Bool,KistlerPresser_Outputs_DRIVE-TO-HOMEPOS,EXPORT/HMI tags/Kistler/Presser.xml,Presser
100 ms,CPU S71500-2PN_TP700,,Bool,Bool,KistlerPresser_Outputs_DRIVE-TO-REFPOS,EXPORT/HMI tags/Kistler/Presser.xml,Presser
100 ms,CPU S71500-2PN_TP700,,Bool,Bool,KistlerPresser_Outputs_GLOBAL-CFG-MP,EXPORT/HMI tags/Kistler/Presser.xml,Presser
100 ms,CPU S71500-2PN_TP700,,Bool,Bool,KistlerPresser_Outputs_INC-ZERO,EXPORT/HMI tags/Kistler/Presser.xml,Presser
100 ms,CPU S71500-2PN_TP700,,Bool,Bool,KistlerPresser_Outputs_JOG-BW,EXPORT/HMI tags/Kistler/Presser.xml,Presser
100 ms,CPU S71500-2PN_TP700,,Bool,Bool,KistlerPresser_Outputs_JOG-FW,EXPORT/HMI tags/Kistler/Presser.xml,Presser
100 ms,CPU S71500-2PN_TP700,,Bool,Bool,KistlerPresser_Outputs_MANUAL-BRAKETEST,EXPORT/HMI tags/Kistler/Presser.xml,Presser
100 ms,CPU S71500-2PN_TP700,,Bool,Bool,KistlerPresser_Outputs_MASTER-MEAS,EXPORT/HMI tags/Kistler/Presser.xml,Presser
100 ms,CPU S71500-2PN_TP700,,Bool,Bool,KistlerPresser_Outputs_RESET-CHANGEDGLOBAL,EXPORT/HMI tags/Kistler/Presser.xml,Presser
100 ms,CPU S71500-2PN_TP700,,Bool,Bool,KistlerPresser_Outputs_RESET-CHANGED-SELECTED-MP,EXPORT/HMI tags/Kistler/Presser.xml,Presser
100 ms,CPU S71500-2PN_TP700,,Bool,Bool,KistlerPresser_Outputs_RESET-SN-GENERATOR,EXPORT/HMI tags/Kistler/Presser.xml,Presser
100 ms,CPU S71500-2PN_TP700,,Bool,Bool,KistlerPresser_Outputs_RUN-SEQUENCE,EXPORT/HMI tags/Kistler/Presser.xml,Presser
100 ms,CPU S71500-2PN_TP700,,Bool,Bool,KistlerPresser_Outputs_SAVE-TO-MP,EXPORT/HMI tags/Kistler/Presser.xml,Presser
100 ms,CPU S71500-2PN_TP700,,Bool,Bool,KistlerPresser_Outputs_SEQ-EXT-STOP-REQ,EXPORT/HMI tags/Kistler/Presser.xml,Presser
100 ms,CPU S71500-2PN_TP700,,Bool,Bool,KistlerPresser_Outputs_START,EXPORT/HMI tags/Kistler/Presser.xml,Presser
100 ms,CPU S71500-2PN_TP700,,Bool,Bool,KistlerPresser_Outputs_STAT-DISABLE,EXPORT/HMI tags/Kistler/Presser.xml,Presser
100 ms,CPU S71500-2PN_TP700,,Bool,Bool,KistlerPresser_Outputs_STAT-RESET,EXPORT/HMI tags/Kistler/Presser.xml,Presser
100 ms,CPU S71500-2PN_TP700,,Bool,Bool,KistlerPresser_Outputs_STEST-X,EXPORT/HMI tags/Kistler/Presser.xml,Presser
100 ms,CPU S71500-2PN_TP700,,Bool,Bool,KistlerPresser_Outputs_STEST-Y,EXPORT/HMI tags/Kistler/Presser.xml,Presser
100 ms,CPU S71500-2PN_TP700,,Bool,Bool,KistlerPresser_Outputs_STROBE,EXPORT/HMI tags/Kistler/Presser.xml,Presser
100 ms,CPU S71500-2PN_TP700,,Bool,Bool,KistlerPresser_Outputs_TARE-EXTENDED-Y,EXPORT/HMI tags/Kistler/Presser.xml,Presser
100 ms,CPU S71500-2PN_TP700,,Bool,Bool,KistlerPresser_Outputs_TARE-Y,EXPORT/HMI tags/Kistler/Presser.xml,Presser
100 ms,CPU S71500-2PN_TP700,,Bool,Bool,KistlerPresser_Outputs_ZERO X,EXPORT/HMI tags/Kistler/Presser.xml,Presser
100 ms,CPU S71500-2PN_TP700,,Bool,Bool,KistlerPresser_StartCycle,EXPORT/HMI tags/Kistler/Presser.xml,Presser
100 ms,,,Int,Int,KistlerPresser_DB_Number,EXPORT/HMI tags/Kistler/Presser.xml,Presser
100 ms,CPU S71500-2PN_TP700,,Real,Real,KistlerPresser_Inputs_FreelyConfigurableArea_CurValueX_1,EXPORT/HMI tags/Kistler/Presser.xml,Presser
100 ms,CPU S71500-2PN_TP700,,Real,Real,KistlerPresser_Inputs_FreelyConfigurableArea_CurValueY,EXPORT/HMI tags/Kistler/Presser.xml,Presser
100 ms,CPU S71500-2PN_TP700,,Word,UInt,KistlerPresser_oFltNo,EXPORT/HMI tags/Kistler/Presser.xml,Presser
100 ms,CPU S71500-2PN_TP700,,Byte,USInt,KistlerPresser_Outputs_CFG-ADDRESS,EXPORT/HMI tags/Kistler/Presser.xml,Presser
100 ms,CPU S71500-2PN_TP700,,Byte,USInt,KistlerPresser_Outputs_CFG-LENGTH,EXPORT/HMI tags/Kistler/Presser.xml,Presser
100 ms,CPU S71500-2PN_TP700,,Byte,USInt,KistlerPresser_Outputs_CFG-MP,EXPORT/HMI tags/Kistler/Presser.xml,Presser
100 ms,CPU S71500-2PN_TP700,,Byte,USInt,KistlerPresser_Outputs_CURRENT SEQUENCE,EXPORT/HMI tags/Kistler/Presser.xml,Presser
100 ms,CPU S71500-2PN_TP700,,Real,Real,KistlerPresser_Outputs_FreelyConfigurableArea_JogMaxForce,EXPORT/HMI tags/Kistler/Presser.xml,Presser
100 ms,CPU S71500-2PN_TP700,,Real,Real,KistlerPresser_Outputs_FreelyConfigurableArea_JogSpeed,EXPORT/HMI tags/Kistler/Presser.xml,Presser
100 ms,CPU S71500-2PN_TP700,,Byte,USInt,KistlerPresser_Outputs_SELECT-PAGE,EXPORT/HMI tags/Kistler/Presser.xml,Presser
100 ms,CPU S71500-2PN_TP700,,Int,Int,KistlerPresser_ProgNo,EXPORT/HMI tags/Kistler/Presser.xml,Presser
100 ms,CPU S71500-2PN_TP700,,Int,Int,KistlerPresser_SelectSeq,EXPORT/HMI tags/Kistler/Presser.xml,Presser
1 s,CPU S71500-2PN_TP700,ProcessData_1.PressInterlock_1,Array [0..15] of Bool,Array [0..15] of Bool,ProcessData_1_PressInterlock_1,EXPORT/HMI tags/Kistler/Presser.xml,Presser
1 s,CPU S71500-2PN_TP700,ProcessData_1.PressInterlock_2,Array [0..15] of Bool,Array [0..15] of Bool,ProcessData_1_PressInterlock_2,EXPORT/HMI tags/Kistler/Presser.xml,Presser
1 s,CPU S71500-2PN_TP700,KistlerPressData2.ManualPro,Int,Int,KistlerPressData2_ManualPro,EXPORT/HMI tags/Kistler/Presser.xml,Presser
1 s,CPU S71500-2PN_TP700,KistlerPressData1.ManualPro,Int,Int,KistlerPressData1_ManualPro,EXPORT/HMI tags/Kistler/Presser.xml,Presser
1 s,CPU S71500-2PN_TP700,ProcessData_1.Calibartion_1,Bool,Bool,ProcessData_1_Calibartion_1,EXPORT/HMI tags/Kistler/Presser.xml,Presser
1 s,CPU S71500-2PN_TP700,ProcessData_1.Calibartion_2,Bool,Bool,ProcessData_1_Calibartion_2,EXPORT/HMI tags/Kistler/Presser.xml,Presser
1 s,,,Int,Int,TimeMin,EXPORT/HMI tags/Message/Bar.xml,Bar
1 s,,,Int,Int,TimeMax,EXPORT/HMI tags/Message/Bar.xml,Bar
1 s,,,DInt,DInt,CountMaxD,EXPORT/HMI tags/Message/Bar.xml,Bar
1 s,,,DInt,DInt,CountMinD,EXPORT/HMI tags/Message/Bar.xml,Bar
1 s,,,DInt,DInt,TimeTMax,EXPORT/HMI tags/Message/Bar.xml,Bar
1 s,,,DInt,DInt,TimeTMin,EXPORT/HMI tags/Message/Bar.xml,Bar
1 s,,,Int,Int,TimeMMax,EXPORT/HMI tags/Message/Bar.xml,Bar
1 s,,,Int,Int,TimeMMin,EXPORT/HMI tags/Message/Bar.xml,Bar
1 s,CPU S71500-2PN_TP700,ST10_GeneralData.FunctionDeSelect.A.DeSelectPB_Servo380A1,Bool,Bool,ST10_GeneralData_FunctionDeSelect_A_DeSelectPB_Servo380A1,EXPORT/HMI tags/Message/Bypass.xml,Bypass
1 s,CPU S71500-2PN_TP700,ST10_GeneralData.FunctionDeSelect.A.FunctionDeSelected_Servo380A1,Bool,Bool,ST10_GeneralData_FunctionDeSelect_A_FunctionDeSelected_Servo380A1,EXPORT/HMI tags/Message/Bypass.xml,Bypass
1 s,CPU S71500-2PN_TP700,ST10_GeneralData.FunctionDeSelect.A.DeSelectPB_Servo381A1,Bool,Bool,ST10_GeneralData_FunctionDeSelect_A_DeSelectPB_Servo381A1,EXPORT/HMI tags/Message/Bypass.xml,Bypass
1 s,CPU S71500-2PN_TP700,ST10_GeneralData.FunctionDeSelect.A.FunctionDeSelected_Servo381A1,Bool,Bool,ST10_GeneralData_FunctionDeSelect_A_FunctionDeSelected_Servo381A1,EXPORT/HMI tags/Message/Bypass.xml,Bypass
1 s,CPU S71500-2PN_TP700,ST10_GeneralData.FunctionDeSelect.A.DeSelectPB_Servo383A1,Bool,Bool,ST10_GeneralData_FunctionDeSelect_A_DeSelectPB_Servo383A1,EXPORT/HMI tags/Message/Bypass.xml,Bypass
1 s,CPU S71500-2PN_TP700,ST10_GeneralData.FunctionDeSelect.A.FunctionDeSelected_Servo383A1,Bool,Bool,ST10_GeneralData_FunctionDeSelect_A_FunctionDeSelected_Servo383A1,EXPORT/HMI tags/Message/Bypass.xml,Bypass
1 s,CPU S71500-2PN_TP700,ST10_GeneralData.FunctionDeSelect.A.DeSelectPB_Reader800A1,Bool,Bool,ST10_GeneralData_FunctionDeSelect_A_DeSelectPB_Reader800A1,EXPORT/HMI tags/Message/Bypass.xml,Bypass
1 s,CPU S71500-2PN_TP700,ST10_GeneralData.FunctionDeSelect.A.FunctionDeSelected_Reader800A1,Bool,Bool,ST10_GeneralData_FunctionDeSelect_A_FunctionDeSelected_Reader800A1,EXPORT/HMI tags/Message/Bypass.xml,Bypass
1 s,CPU S71500-2PN_TP700,ST10_GeneralData.FunctionDeSelect.A.DeSelectPB_Reader801A1,Bool,Bool,ST10_GeneralData_FunctionDeSelect_A_DeSelectPB_Reader801A1,EXPORT/HMI tags/Message/Bypass.xml,Bypass
1 s,CPU S71500-2PN_TP700,ST10_GeneralData.FunctionDeSelect.A.FunctionDeSelected_Reader801A1,Bool,Bool,ST10_GeneralData_FunctionDeSelect_A_FunctionDeSelected_Reader801A1,EXPORT/HMI tags/Message/Bypass.xml,Bypass
1 s,CPU S71500-2PN_TP700,ST10_GeneralData.FunctionDeSelect.A.DeSelectPB_Reader802A1,Bool,Bool,ST10_GeneralData_FunctionDeSelect_A_DeSelectPB_Reader802A1,EXPORT/HMI tags/Message/Bypass.xml,Bypass
1 s,CPU S71500-2PN_TP700,ST10_GeneralData.FunctionDeSelect.A.FunctionDeSelected_Reader802A1,Bool,Bool,ST10_GeneralData_FunctionDeSelect_A_FunctionDeSelected_Reader802A1,EXPORT/HMI tags/Message/Bypass.xml,Bypass
1 s,CPU S71500-2PN_TP700,ST10_GeneralData.FunctionDeSelect.A.DeSelectPB_Reader803A1,Bool,Bool,ST10_GeneralData_FunctionDeSelect_A_DeSelectPB_Reader803A1,EXPORT/HMI tags/Message/Bypass.xml,Bypass
1 s,CPU S71500-2PN_TP700,ST10_GeneralData.FunctionDeSelect.A.FunctionDeSelected_Reader803A1,Bool,Bool,ST10_GeneralData_FunctionDeSelect_A_FunctionDeSelected_Reader803A1,EXPORT/HMI tags/Message/Bypass.xml,Bypass
1 s,CPU S71500-2PN_TP700,ST10_GeneralData.FunctionDeSelect.A.DeSelectPB_Reader804A1,Bool,Bool,ST10_GeneralData_FunctionDeSelect_A_DeSelectPB_Reader804A1,EXPORT/HMI tags/Message/Bypass.xml,Bypass
1 s,CPU S71500-2PN_TP700,ST10_GeneralData.FunctionDeSelect.A.FunctionDeSelected_Reader804A1,Bool,Bool,ST10_GeneralData_FunctionDeSelect_A_FunctionDeSelected_Reader804A1,EXPORT/HMI tags/Message/Bypass.xml,Bypass
1 s,CPU S71500-2PN_TP700,ST10_GeneralData.FunctionDeSelect.B.DeSelectPB_Press372A1,Bool,Bool,ST10_GeneralData_FunctionDeSelect_B_DeSelectPB_Press372A1,EXPORT/HMI tags/Message/Bypass.xml,Bypass
1 s,CPU S71500-2PN_TP700,ST10_GeneralData.FunctionDeSelect.B.FunctionDeSelected_Press372A1,Bool,Bool,ST10_GeneralData_FunctionDeSelect_B_FunctionDeSelected_Press372A1,EXPORT/HMI tags/Message/Bypass.xml,Bypass
1 s,CPU S71500-2PN_TP700,ST10_GeneralData.FunctionDeSelect.B.DeSelectPB_Press375A1,Bool,Bool,ST10_GeneralData_FunctionDeSelect_B_DeSelectPB_Press375A1,EXPORT/HMI tags/Message/Bypass.xml,Bypass
1 s,CPU S71500-2PN_TP700,ST10_GeneralData.FunctionDeSelect.B.FunctionDeSelected_Press375A1,Bool,Bool,ST10_GeneralData_FunctionDeSelect_B_FunctionDeSelected_Press375A1,EXPORT/HMI tags/Message/Bypass.xml,Bypass
1 s,CPU S71500-2PN_TP700,ST10_GeneralData.FunctionDeSelect.B.DeSelectPB_Reader806A1,Bool,Bool,ST10_GeneralData_FunctionDeSelect_B_DeSelectPB_Reader806A1,EXPORT/HMI tags/Message/Bypass.xml,Bypass
1 s,CPU S71500-2PN_TP700,ST10_GeneralData.FunctionDeSelect.B.FunctionDeSelected_Reader806A1,Bool,Bool,ST10_GeneralData_FunctionDeSelect_B_FunctionDeSelected_Reader806A1,EXPORT/HMI tags/Message/Bypass.xml,Bypass
1 s,CPU S71500-2PN_TP700,ST10_GeneralData.FunctionDeSelect.C.DeSelectPB_Servo382A1,Bool,Bool,ST10_GeneralData_FunctionDeSelect_C_DeSelectPB_Servo382A1,EXPORT/HMI tags/Message/Bypass.xml,Bypass
1 s,CPU S71500-2PN_TP700,ST10_GeneralData.FunctionDeSelect.C.FunctionDeSelected_Servo382A1,Bool,Bool,ST10_GeneralData_FunctionDeSelect_C_FunctionDeSelected_Servo382A1,EXPORT/HMI tags/Message/Bypass.xml,Bypass
1 s,CPU S71500-2PN_TP700,ST10_GeneralData.FunctionDeSelect.C.DeSelectPB_ServoIAI,Bool,Bool,ST10_GeneralData_FunctionDeSelect_C_DeSelectPB_ServoIAI,EXPORT/HMI tags/Message/Bypass.xml,Bypass
1 s,CPU S71500-2PN_TP700,ST10_GeneralData.FunctionDeSelect.C.FunctionDeSelected_ServoIAI,Bool,Bool,ST10_GeneralData_FunctionDeSelect_C_FunctionDeSelected_ServoIAI,EXPORT/HMI tags/Message/Bypass.xml,Bypass
1 s,CPU S71500-2PN_TP700,ST10_GeneralData.FunctionDeSelect.C.DeSelectPB_IV3810A1,Bool,Bool,ST10_GeneralData_FunctionDeSelect_C_DeSelectPB_IV3810A1,EXPORT/HMI tags/Message/Bypass.xml,Bypass
1 s,CPU S71500-2PN_TP700,ST10_GeneralData.FunctionDeSelect.C.FunctionDeSelected_IV3810A1,Bool,Bool,ST10_GeneralData_FunctionDeSelect_C_FunctionDeSelected_IV3810A1,EXPORT/HMI tags/Message/Bypass.xml,Bypass
1 s,CPU S71500-2PN_TP700,ST10_GeneralData.FunctionDeSelect.C.DeSelectPB_IV3811A1,Bool,Bool,ST10_GeneralData_FunctionDeSelect_C_DeSelectPB_IV3811A1,EXPORT/HMI tags/Message/Bypass.xml,Bypass
1 s,CPU S71500-2PN_TP700,ST10_GeneralData.FunctionDeSelect.C.FunctionDeSelected_IV3811A1,Bool,Bool,ST10_GeneralData_FunctionDeSelect_C_FunctionDeSelected_IV3811A1,EXPORT/HMI tags/Message/Bypass.xml,Bypass
1 s,CPU S71500-2PN_TP700,ST10_GeneralData.FunctionDeSelect.C.DeSelectPB_Glue,Bool,Bool,ST10_GeneralData_FunctionDeSelect_C_DeSelectPB_Glue,EXPORT/HMI tags/Message/Bypass.xml,Bypass
1 s,CPU S71500-2PN_TP700,ST10_GeneralData.FunctionDeSelect.C.FunctionDeSelected_Glue,Bool,Bool,ST10_GeneralData_FunctionDeSelect_C_FunctionDeSelected_Glue,EXPORT/HMI tags/Message/Bypass.xml,Bypass
1 s,CPU S71500-2PN_TP700,ST10_GeneralData.FunctionDeSelect.F.DeSelectPB_Reader805A1,Bool,Bool,ST10_GeneralData_FunctionDeSelect_F_DeSelectPB_Reader805A1,EXPORT/HMI tags/Message/Bypass.xml,Bypass
1 s,CPU S71500-2PN_TP700,ST10_GeneralData.FunctionDeSelect.F.FunctionDeSelected_Reader805A1,Bool,Bool,ST10_GeneralData_FunctionDeSelect_F_FunctionDeSelected_Reader805A1,EXPORT/HMI tags/Message/Bypass.xml,Bypass
1 s,CPU S71500-2PN_TP700,ST10_GeneralData.FunctionDeSelect.Global.DeSelectPB_DryMode,Bool,Bool,ST10_GeneralData_FunctionDeSelect_Global_DeSelectPB_DryMode,EXPORT/HMI tags/Message/Bypass.xml,Bypass
1 s,CPU S71500-2PN_TP700,ST10_GeneralData.FunctionDeSelect.Global.FunctionDeSelected_DryMode,Bool,Bool,ST10_GeneralData_FunctionDeSelect_Global_FunctionDeSelected_DryMode,EXPORT/HMI tags/Message/Bypass.xml,Bypass
1 s,CPU S71500-2PN_TP700,Station_Sys.Auto.Mode,Bool,Bool,Station_Sys_Auto_Mode,EXPORT/HMI tags/Message/Bypass.xml,Bypass
100 ms,CPU S71500-2PN_TP700,AutoProcessControl.C_Glue.GlueTest,Bool,Bool,AutoProcessControl_C_Glue_GlueTest,EXPORT/HMI tags/Message/Bypass.xml,Bypass
1 s,CPU S71500-2PN_TP700,ST10_GeneralData.FunctionDeSelect.MES.DeSelectPB,Bool,Bool,ST10_GeneralData_FunctionDeSelect_MES_DeSelectPB,EXPORT/HMI tags/Message/Bypass.xml,Bypass
1 s,CPU S71500-2PN_TP700,ST10_GeneralData.FunctionDeSelect.MES.FunctionDeSelected,Bool,Bool,ST10_GeneralData_FunctionDeSelect_MES_FunctionDeSelected,EXPORT/HMI tags/Message/Bypass.xml,Bypass
1 s,CPU S71500-2PN_TP700,ST10_GeneralData.FunctionDeSelect.Global.DeSelectPB_ScanFixture,Bool,Bool,ST10_GeneralData_FunctionDeSelect_Global_DeSelectPB_ScanFixture,EXPORT/HMI tags/Message/Bypass.xml,Bypass
1 s,CPU S71500-2PN_TP700,ST10_GeneralData.FunctionDeSelect.Global.FunctionDeSelected_ScanFixture,Bool,Bool,ST10_GeneralData_FunctionDeSelect_Global_FunctionDeSelected_ScanFixture,EXPORT/HMI tags/Message/Bypass.xml,Bypass
1 s,CPU S71500-2PN_TP700,Station_Sys.Manual.Mode,Bool,Bool,ST10_Manual_mode,EXPORT/HMI tags/Mode/Mode.xml,Mode
1 s,CPU S71500-2PN_TP700,Station_Sys.Auto.Mode,Bool,Bool,ST10_Auto_Mode,EXPORT/HMI tags/Mode/Mode.xml,Mode
1 s,CPU S71500-2PN_TP700,Station_Sys.Status.ModeSV,Int,Int,ST10_Status_ModeSV,EXPORT/HMI tags/Mode/Mode.xml,Mode
1 s,CPU S71500-2PN_TP700,MotorControl.Dev[1],Motor_Control,Motor_Control,MotorControl_Dev{1},EXPORT/HMI tags/Motor/Motor_1.xml,Motor_1
1 s,CPU S71500-2PN_TP700,MotorControl.Dev[2],Motor_Control,Motor_Control,MotorControl_Dev{2},EXPORT/HMI tags/Motor/Motor_1.xml,Motor_1
1 s,CPU S71500-2PN_TP700,MotorControl.Dev[3],Motor_Control,Motor_Control,MotorControl_Dev{3},EXPORT/HMI tags/Motor/Motor_1.xml,Motor_1
1 s,CPU S71500-2PN_TP700,MotorControl.Dev[4],Motor_Control,Motor_Control,MotorControl_Dev{4},EXPORT/HMI tags/Motor/Motor_1.xml,Motor_1
1 s,CPU S71500-2PN_TP700,MotorControl.Dev[5],Motor_Control,Motor_Control,MotorControl_Dev{5},EXPORT/HMI tags/Motor/Motor_1.xml,Motor_1
1 s,CPU S71500-2PN_TP700,MotorControl.Dev[6],Motor_Control,Motor_Control,MotorControl_Dev{6},EXPORT/HMI tags/Motor/Motor_1.xml,Motor_1
1 s,CPU S71500-2PN_TP700,MotorControl.Dev[7],Motor_Control,Motor_Control,MotorControl_Dev{7},EXPORT/HMI tags/Motor/Motor_1.xml,Motor_1
1 s,CPU S71500-2PN_TP700,MotorControl.Dev[8],Motor_Control,Motor_Control,MotorControl_Dev{8},EXPORT/HMI tags/Motor/Motor_1.xml,Motor_1
1 s,CPU S71500-2PN_TP700,MotorControl.Dev[9],Motor_Control,Motor_Control,MotorControl_Dev{9},EXPORT/HMI tags/Motor/Motor_1.xml,Motor_1
1 s,CPU S71500-2PN_TP700,MotorControl.Dev[10],Motor_Control,Motor_Control,MotorControl_Dev{10},EXPORT/HMI tags/Motor/Motor_1.xml,Motor_1
1 s,CPU S71500-2PN_TP700,MotorControl.Dev[11],Motor_Control,Motor_Control,MotorControl_Dev{11},EXPORT/HMI tags/Motor/Motor_1.xml,Motor_1
1 s,CPU S71500-2PN_TP700,MotorControl.Dev[12],Motor_Control,Motor_Control,MotorControl_Dev{12},EXPORT/HMI tags/Motor/Motor_1.xml,Motor_1
1 s,CPU S71500-2PN_TP700,MotorControl.Dev[13],Motor_Control,Motor_Control,MotorControl_Dev{13},EXPORT/HMI tags/Motor/Motor_1.xml,Motor_1
1 s,CPU S71500-2PN_TP700,MotorControl.Dev[14],Motor_Control,Motor_Control,MotorControl_Dev{14},EXPORT/HMI tags/Motor/Motor_1.xml,Motor_1
1 s,CPU S71500-2PN_TP700,MotorControl.Dev[15],Motor_Control,Motor_Control,MotorControl_Dev{15},EXPORT/HMI tags/Motor/Motor_1.xml,Motor_1
1 s,CPU S71500-2PN_TP700,MotorControl.Dev[16],Motor_Control,Motor_Control,MotorControl_Dev{16},EXPORT/HMI tags/Motor/Motor_1.xml,Motor_1
1 s,CPU S71500-2PN_TP700,MotorControl.Dev[17],Motor_Control,Motor_Control,MotorControl_Dev{17},EXPORT/HMI tags/Motor/Motor_1.xml,Motor_1
1 s,CPU S71500-2PN_TP700,MotorControl.Dev[18],Motor_Control,Motor_Control,MotorControl_Dev{18},EXPORT/HMI tags/Motor/Motor_1.xml,Motor_1
1 s,CPU S71500-2PN_TP700,MotorControl.Dev[19],Motor_Control,Motor_Control,MotorControl_Dev{19},EXPORT/HMI tags/Motor/Motor_1.xml,Motor_1
1 s,CPU S71500-2PN_TP700,MotorControl.Dev[20],Motor_Control,Motor_Control,MotorControl_Dev{20},EXPORT/HMI tags/Motor/Motor_1.xml,Motor_1
1 s,CPU S71500-2PN_TP700,MotorData.Time,Array [0..50] of Time,Array [0..50] of DInt,MotorData_Time,EXPORT/HMI tags/Motor/Motor_2.xml,Motor_2
100 ms,CPU S71500-2PN_TP700,PalletNGData.LoadingNGPallet.NG_1_1,Bool,Bool,PalletNGData_LoadingNGPallet_NG_1_1,EXPORT/HMI tags/OP010/NG.xml,NG
100 ms,CPU S71500-2PN_TP700,PalletNGData.LoadingNGPallet.NG_1_2,Bool,Bool,PalletNGData_LoadingNGPallet_NG_1_2,EXPORT/HMI tags/OP010/NG.xml,NG
100 ms,CPU S71500-2PN_TP700,PalletNGData.LoadingNGPallet.NG_1_3,Bool,Bool,PalletNGData_LoadingNGPallet_NG_1_3,EXPORT/HMI tags/OP010/NG.xml,NG
100 ms,CPU S71500-2PN_TP700,PalletNGData.LoadingNGPallet.NG_1_4,Bool,Bool,PalletNGData_LoadingNGPallet_NG_1_4,EXPORT/HMI tags/OP010/NG.xml,NG
100 ms,CPU S71500-2PN_TP700,PalletNGData.LoadingNGPallet.NG_1_5,Bool,Bool,PalletNGData_LoadingNGPallet_NG_1_5,EXPORT/HMI tags/OP010/NG.xml,NG
100 ms,CPU S71500-2PN_TP700,PalletNGData.LoadingNGPallet.NG_2_1,Bool,Bool,PalletNGData_LoadingNGPallet_NG_2_1,EXPORT/HMI tags/OP010/NG.xml,NG
100 ms,CPU S71500-2PN_TP700,PalletNGData.LoadingNGPallet.NG_2_2,Bool,Bool,PalletNGData_LoadingNGPallet_NG_2_2,EXPORT/HMI tags/OP010/NG.xml,NG
100 ms,CPU S71500-2PN_TP700,PalletNGData.LoadingNGPallet.NG_2_3,Bool,Bool,PalletNGData_LoadingNGPallet_NG_2_3,EXPORT/HMI tags/OP010/NG.xml,NG
100 ms,CPU S71500-2PN_TP700,PalletNGData.LoadingNGPallet.NG_2_4,Bool,Bool,PalletNGData_LoadingNGPallet_NG_2_4,EXPORT/HMI tags/OP010/NG.xml,NG
100 ms,CPU S71500-2PN_TP700,PalletNGData.LoadingNGPallet.NG_2_5,Bool,Bool,PalletNGData_LoadingNGPallet_NG_2_5,EXPORT/HMI tags/OP010/NG.xml,NG
100 ms,CPU S71500-2PN_TP700,PalletNGData.LoadingNGPallet.NG_3_1,Bool,Bool,PalletNGData_LoadingNGPallet_NG_3_1,EXPORT/HMI tags/OP010/NG.xml,NG
100 ms,CPU S71500-2PN_TP700,PalletNGData.LoadingNGPallet.NG_3_2,Bool,Bool,PalletNGData_LoadingNGPallet_NG_3_2,EXPORT/HMI tags/OP010/NG.xml,NG
100 ms,CPU S71500-2PN_TP700,PalletNGData.LoadingNGPallet.NG_3_3,Bool,Bool,PalletNGData_LoadingNGPallet_NG_3_3,EXPORT/HMI tags/OP010/NG.xml,NG
100 ms,CPU S71500-2PN_TP700,PalletNGData.LoadingNGPallet.NG_3_4,Bool,Bool,PalletNGData_LoadingNGPallet_NG_3_4,EXPORT/HMI tags/OP010/NG.xml,NG
100 ms,CPU S71500-2PN_TP700,PalletNGData.LoadingNGPallet.NG_3_5,Bool,Bool,PalletNGData_LoadingNGPallet_NG_3_5,EXPORT/HMI tags/OP010/NG.xml,NG
100 ms,CPU S71500-2PN_TP700,PalletNGData.LoadingNGPallet.Status_1,Int,Int,PalletNGData_LoadingNGPallet_Status_1,EXPORT/HMI tags/OP010/NG.xml,NG
100 ms,CPU S71500-2PN_TP700,PalletNGData.LoadingNGPallet.Status_2,Int,Int,PalletNGData_LoadingNGPallet_Status_2,EXPORT/HMI tags/OP010/NG.xml,NG
100 ms,CPU S71500-2PN_TP700,PalletNGData.LoadingNGPallet.Status_3,Int,Int,PalletNGData_LoadingNGPallet_Status_3,EXPORT/HMI tags/OP010/NG.xml,NG
100 ms,CPU S71500-2PN_TP700,PalletNGData.LoadingNGPallet.Ready_1,Bool,Bool,PalletNGData_LoadingNGPallet_Ready_1,EXPORT/HMI tags/OP010/NG.xml,NG
100 ms,CPU S71500-2PN_TP700,PalletNGData.LoadingNGPallet.Ready_2,Bool,Bool,PalletNGData_LoadingNGPallet_Ready_2,EXPORT/HMI tags/OP010/NG.xml,NG
100 ms,CPU S71500-2PN_TP700,PalletNGData.LoadingNGPallet.Ready_3,Bool,Bool,PalletNGData_LoadingNGPallet_Ready_3,EXPORT/HMI tags/OP010/NG.xml,NG
1 s,CPU S71500-2PN_TP700,PalletNGData.LoadingNGPallet.Interlock_1,Array [0..9] of Bool,Array [0..9] of Bool,PalletNGData_LoadingNGPallet_Interlock_1,EXPORT/HMI tags/OP010/NG.xml,NG
1 s,CPU S71500-2PN_TP700,PalletNGData.LoadingNGPallet.Interlock_2,Array [0..9] of Bool,Array [0..9] of Bool,PalletNGData_LoadingNGPallet_Interlock_2,EXPORT/HMI tags/OP010/NG.xml,NG
1 s,CPU S71500-2PN_TP700,PalletNGData.LoadingNGPallet.Interlock_3,Array [0..9] of Bool,Array [0..9] of Bool,PalletNGData_LoadingNGPallet_Interlock_3,EXPORT/HMI tags/OP010/NG.xml,NG
1 s,CPU S71500-2PN_TP700,PalletNGData.LoadingNGPallet.LockStatus,Int,Int,PalletNGData_LoadingNGPallet_LockStatus,EXPORT/HMI tags/OP010/NG.xml,NG
100 ms,CPU S71500-2PN_TP700,PalletNGData.UnLoadingNGPallet.NG_1_1,Bool,Bool,PalletNGData_UnLoadingNGPallet_NG_1_1,EXPORT/HMI tags/OP010/NG.xml,NG
100 ms,CPU S71500-2PN_TP700,PalletNGData.UnLoadingNGPallet.NG_1_2,Bool,Bool,PalletNGData_UnLoadingNGPallet_NG_1_2,EXPORT/HMI tags/OP010/NG.xml,NG
100 ms,CPU S71500-2PN_TP700,PalletNGData.UnLoadingNGPallet.NG_1_3,Bool,Bool,PalletNGData_UnLoadingNGPallet_NG_1_3,EXPORT/HMI tags/OP010/NG.xml,NG
100 ms,CPU S71500-2PN_TP700,PalletNGData.UnLoadingNGPallet.NG_1_4,Bool,Bool,PalletNGData_UnLoadingNGPallet_NG_1_4,EXPORT/HMI tags/OP010/NG.xml,NG
100 ms,CPU S71500-2PN_TP700,PalletNGData.UnLoadingNGPallet.NG_1_5,Bool,Bool,PalletNGData_UnLoadingNGPallet_NG_1_5,EXPORT/HMI tags/OP010/NG.xml,NG
100 ms,CPU S71500-2PN_TP700,PalletNGData.UnLoadingNGPallet.NG_2_1,Bool,Bool,PalletNGData_UnLoadingNGPallet_NG_2_1,EXPORT/HMI tags/OP010/NG.xml,NG
100 ms,CPU S71500-2PN_TP700,PalletNGData.UnLoadingNGPallet.NG_2_2,Bool,Bool,PalletNGData_UnLoadingNGPallet_NG_2_2,EXPORT/HMI tags/OP010/NG.xml,NG
100 ms,CPU S71500-2PN_TP700,PalletNGData.UnLoadingNGPallet.NG_2_3,Bool,Bool,PalletNGData_UnLoadingNGPallet_NG_2_3,EXPORT/HMI tags/OP010/NG.xml,NG
100 ms,CPU S71500-2PN_TP700,PalletNGData.UnLoadingNGPallet.NG_2_4,Bool,Bool,PalletNGData_UnLoadingNGPallet_NG_2_4,EXPORT/HMI tags/OP010/NG.xml,NG
100 ms,CPU S71500-2PN_TP700,PalletNGData.UnLoadingNGPallet.NG_2_5,Bool,Bool,PalletNGData_UnLoadingNGPallet_NG_2_5,EXPORT/HMI tags/OP010/NG.xml,NG
100 ms,CPU S71500-2PN_TP700,PalletNGData.UnLoadingNGPallet.NG_3_1,Bool,Bool,PalletNGData_UnLoadingNGPallet_NG_3_1,EXPORT/HMI tags/OP010/NG.xml,NG
100 ms,CPU S71500-2PN_TP700,PalletNGData.UnLoadingNGPallet.NG_3_2,Bool,Bool,PalletNGData_UnLoadingNGPallet_NG_3_2,EXPORT/HMI tags/OP010/NG.xml,NG
100 ms,CPU S71500-2PN_TP700,PalletNGData.UnLoadingNGPallet.NG_3_3,Bool,Bool,PalletNGData_UnLoadingNGPallet_NG_3_3,EXPORT/HMI tags/OP010/NG.xml,NG
100 ms,CPU S71500-2PN_TP700,PalletNGData.UnLoadingNGPallet.NG_3_4,Bool,Bool,PalletNGData_UnLoadingNGPallet_NG_3_4,EXPORT/HMI tags/OP010/NG.xml,NG
100 ms,CPU S71500-2PN_TP700,PalletNGData.UnLoadingNGPallet.NG_3_5,Bool,Bool,PalletNGData_UnLoadingNGPallet_NG_3_5,EXPORT/HMI tags/OP010/NG.xml,NG
100 ms,CPU S71500-2PN_TP700,PalletNGData.UnLoadingNGPallet.Status_1,Int,Int,PalletNGData_UnLoadingNGPallet_Status_1,EXPORT/HMI tags/OP010/NG.xml,NG
100 ms,CPU S71500-2PN_TP700,PalletNGData.UnLoadingNGPallet.Status_2,Int,Int,PalletNGData_UnLoadingNGPallet_Status_2,EXPORT/HMI tags/OP010/NG.xml,NG
100 ms,CPU S71500-2PN_TP700,PalletNGData.UnLoadingNGPallet.Status_3,Int,Int,PalletNGData_UnLoadingNGPallet_Status_3,EXPORT/HMI tags/OP010/NG.xml,NG
100 ms,CPU S71500-2PN_TP700,PalletNGData.UnLoadingNGPallet.Ready_1,Bool,Bool,PalletNGData_UnLoadingNGPallet_Ready_1,EXPORT/HMI tags/OP010/NG.xml,NG
100 ms,CPU S71500-2PN_TP700,PalletNGData.UnLoadingNGPallet.Ready_2,Bool,Bool,PalletNGData_UnLoadingNGPallet_Ready_2,EXPORT/HMI tags/OP010/NG.xml,NG
100 ms,CPU S71500-2PN_TP700,PalletNGData.UnLoadingNGPallet.Ready_3,Bool,Bool,PalletNGData_UnLoadingNGPallet_Ready_3,EXPORT/HMI tags/OP010/NG.xml,NG
1 s,CPU S71500-2PN_TP700,PalletNGData.UnLoadingNGPallet.Interlock_1,Array [0..9] of Bool,Array [0..9] of Bool,PalletNGData_UnLoadingNGPallet_Interlock_1,EXPORT/HMI tags/OP010/NG.xml,NG
1 s,CPU S71500-2PN_TP700,PalletNGData.UnLoadingNGPallet.Interlock_2,Array [0..9] of Bool,Array [0..9] of Bool,PalletNGData_UnLoadingNGPallet_Interlock_2,EXPORT/HMI tags/OP010/NG.xml,NG
1 s,CPU S71500-2PN_TP700,PalletNGData.UnLoadingNGPallet.Interlock_3,Array [0..9] of Bool,Array [0..9] of Bool,PalletNGData_UnLoadingNGPallet_Interlock_3,EXPORT/HMI tags/OP010/NG.xml,NG
1 s,CPU S71500-2PN_TP700,PalletNGData.UnLoadingNGPallet.LockStatus,Int,Int,PalletNGData_UnLoadingNGPallet_LockStatus,EXPORT/HMI tags/OP010/NG.xml,NG
100 ms,CPU S71500-2PN_TP700,AutoProcessControl.Global.H.EmptyPallet,Bool,Bool,AutoProcessControl_Global_H_EmptyPallet,EXPORT/HMI tags/OP010/Pallet.xml,Pallet
100 ms,CPU S71500-2PN_TP700,AutoProcessControl.Global.J.EmptyPallet,Bool,Bool,AutoProcessControl_Global_J_EmptyPallet,EXPORT/HMI tags/OP010/Pallet.xml,Pallet
100 ms,CPU S71500-2PN_TP700,AutoProcessControl.Global.K.EmptyPallet,Bool,Bool,AutoProcessControl_Global_K_EmptyPallet,EXPORT/HMI tags/OP010/Pallet.xml,Pallet
100 ms,CPU S71500-2PN_TP700,AutoProcessControl.Global.L.EmptyPallet,Bool,Bool,AutoProcessControl_Global_L_EmptyPallet,EXPORT/HMI tags/OP010/Pallet.xml,Pallet
100 ms,CPU S71500-2PN_TP700,AutoProcessControl.Global.ALL_EmptyPallet,Bool,Bool,AutoProcessControl_Global_ALL_EmptyPallet,EXPORT/HMI tags/OP010/Pallet.xml,Pallet
1 s,CPU S71500-2PN_TP700,AutoProcessControl.Robot_3.PalletFull,Bool,Bool,AutoProcessControl_Robot_3_PalletFull(1),EXPORT/HMI tags/OP010/Pallet.xml,Pallet
1 s,CPU S71500-2PN_TP700,ST10_GeneralData.HMI.StationLightPB,Bool,Bool,STxxx_GeneralData_HMI_StationLightPB,EXPORT/HMI tags/OP010/ST350_GeneralData.xml,ST350_GeneralData
1 s,CPU S71500-2PN_TP700,ST10_GeneralData.Operator.Name,String,WString,OpName,EXPORT/HMI tags/OP010/ST350_OperatorMessage.xml,ST350_OperatorMessage
1 s,CPU S71500-2PN_TP700,ST10_GeneralData.Operator.ID,String,WString,OpNo,EXPORT/HMI tags/OP010/ST350_OperatorMessage.xml,ST350_OperatorMessage
1 s,CPU S71500-2PN_TP700,PartData_Interface_DB.PartDataID,Int,Int,PartData_Interface_DB_PartDataID,EXPORT/HMI tags/OP010/ST350_PartData.xml,ST350_PartData
1 s,CPU S71500-2PN_TP700,PartData_Interface_DB.PartData[1].PartDataHMI,PartDataHMI,PartDataHMI,PartData_Interface_DB_PartData{1}_PartDataHMI,EXPORT/HMI tags/OP010/ST350_PartData.xml,ST350_PartData
1 s,CPU S71500-2PN_TP700,PartData_Interface_DB.PartData[2].PartDataHMI,PartDataHMI,PartDataHMI,PartData_Interface_DB_PartData{2}_PartDataHMI,EXPORT/HMI tags/OP010/ST350_PartData.xml,ST350_PartData
1 s,CPU S71500-2PN_TP700,PartData_Interface_DB.PartCMD[1].Set,Bool,Bool,PartData_Interface_DB_PartCMD{1}_Set(1),EXPORT/HMI tags/OP010/ST350_PartData.xml,ST350_PartData
1 s,CPU S71500-2PN_TP700,PartData_Interface_DB.PartCMD[1].Use,Bool,Bool,PartData_Interface_DB_PartCMD{1}_Use(1),EXPORT/HMI tags/OP010/ST350_PartData.xml,ST350_PartData
1 s,CPU S71500-2PN_TP700,PartData_Interface_DB.PartCMD[2].Set,Bool,Bool,PartData_Interface_DB_PartCMD{2}_Set,EXPORT/HMI tags/OP010/ST350_PartData.xml,ST350_PartData
1 s,CPU S71500-2PN_TP700,PartData_Interface_DB.PartCMD[2].Use,Bool,Bool,PartData_Interface_DB_PartCMD{2}_Use,EXPORT/HMI tags/OP010/ST350_PartData.xml,ST350_PartData
1 s,CPU S71500-2PN_TP700,AutoProcessControl.Status.A1TableScan.Status,Int,Int,Status_A1TableScanStatus,EXPORT/HMI tags/OP010/StationStatus.xml,StationStatus
1 s,CPU S71500-2PN_TP700,AutoProcessControl.Status.B1Press.Status,Int,Int,Status_B1Press_Status,EXPORT/HMI tags/OP010/StationStatus.xml,StationStatus
1 s,CPU S71500-2PN_TP700,AutoProcessControl.Status.B2Press.Status,Int,Int,Status_B2Press_Status,EXPORT/HMI tags/OP010/StationStatus.xml,StationStatus
1 s,CPU S71500-2PN_TP700,AutoProcessControl.Status.CGlueing.Status,Int,Int,Status_C_Glue_Status,EXPORT/HMI tags/OP010/StationStatus.xml,StationStatus
1 s,CPU S71500-2PN_TP700,AutoProcessControl.Status.ENG_1.Status,Int,Int,Status_ENG_1_Status,EXPORT/HMI tags/OP010/StationStatus.xml,StationStatus
1 s,CPU S71500-2PN_TP700,AutoProcessControl.Status.ENG_2.Status,Int,Int,Status_ENG_2_Status,EXPORT/HMI tags/OP010/StationStatus.xml,StationStatus
1 s,CPU S71500-2PN_TP700,AutoProcessControl.Status.FRobot_1.Status,Int,Int,Status_FRobot_1_Status,EXPORT/HMI tags/OP010/StationStatus.xml,StationStatus
1 s,CPU S71500-2PN_TP700,AutoProcessControl.Status.FRobot_2.Status,Int,Int,Status_FRobot_2_Status,EXPORT/HMI tags/OP010/StationStatus.xml,StationStatus
1 s,CPU S71500-2PN_TP700,AutoProcessControl.Status.FRobot_3.Status,Int,Int,Status_FRobot_3_Status,EXPORT/HMI tags/OP010/StationStatus.xml,StationStatus
1 s,CPU S71500-2PN_TP700,AutoProcessControl.Status.HShaftLifting.Status,Int,Int,StationStatusH,EXPORT/HMI tags/OP010/StationStatus.xml,StationStatus
1 s,CPU S71500-2PN_TP700,AutoProcessControl.Status.JMagnetLifting.Status,Int,Int,StationStatusJ,EXPORT/HMI tags/OP010/StationStatus.xml,StationStatus
1 s,CPU S71500-2PN_TP700,AutoProcessControl.Status.KReserveLifting.Status,Int,Int,StationStatusK,EXPORT/HMI tags/OP010/StationStatus.xml,StationStatus
1 s,CPU S71500-2PN_TP700,ST10_SysInput.HMI_Button.E-Stop,Bool,Bool,HMI_ESTOP,EXPORT/HMI tags/OP010/StationStatus.xml,StationStatus
1 s,CPU S71500-2PN_TP700,ST10_SysInput.iE-StopPB[1],Bool,Bool,ESTOP_PB1,EXPORT/HMI tags/OP010/StationStatus.xml,StationStatus
1 s,CPU S71500-2PN_TP700,ST10_SysInput.iE-StopPB[2],Bool,Bool,ESTOP_PB2,EXPORT/HMI tags/OP010/StationStatus.xml,StationStatus
1 s,CPU S71500-2PN_TP700,ST10_SysInput.iE-StopPB[3],Bool,Bool,ESTOP_PB3,EXPORT/HMI tags/OP010/StationStatus.xml,StationStatus
1 s,CPU S71500-2PN_TP700,ST10_SysInput.iE-StopPB[4],Bool,Bool,ESTOP_PB4,EXPORT/HMI tags/OP010/StationStatus.xml,StationStatus
1 s,CPU S71500-2PN_TP700,ST10_SysInput.iE-StopPB[5],Bool,Bool,ESTOP_PB5,EXPORT/HMI tags/OP010/StationStatus.xml,StationStatus
1 s,CPU S71500-2PN_TP700,ST10_SysInput.iE-StopPB[6],Bool,Bool,ESTOP_PB6,EXPORT/HMI tags/OP010/StationStatus.xml,StationStatus
1 s,CPU S71500-2PN_TP700,ST10_SysInput.iE-StopPB[7],Bool,Bool,ESTOP_PB7,EXPORT/HMI tags/OP010/StationStatus.xml,StationStatus
1 s,CPU S71500-2PN_TP700,ST10_SysInput.iE-StopPB[8],Bool,Bool,ESTOP_PB8,EXPORT/HMI tags/OP010/StationStatus.xml,StationStatus
1 s,CPU S71500-2PN_TP700,ST10_SysInput.iE-StopPB[9],Bool,Bool,ESTOP_PB9,EXPORT/HMI tags/OP010/StationStatus.xml,StationStatus
1 s,CPU S71500-2PN_TP700,ST10_SysInput.iE-StopPB[10],Bool,Bool,ESTOP_PB10,EXPORT/HMI tags/OP010/StationStatus.xml,StationStatus
1 s,CPU S71500-2PN_TP700,ST10_SysInput.iE-StopPB[11],Bool,Bool,ESTOP_PB11,EXPORT/HMI tags/OP010/StationStatus.xml,StationStatus
1 s,CPU S71500-2PN_TP700,ST10_SysInput.iE-StopPB[12],Bool,Bool,ESTOP_PB12,EXPORT/HMI tags/OP010/StationStatus.xml,StationStatus
1 s,CPU S71500-2PN_TP700,AutoProcessControl.Status.A2TableScan.Status,Int,Int,Status_A2TableScanStatus,EXPORT/HMI tags/OP010/StationStatus.xml,StationStatus
1 s,CPU S71500-2PN_TP700,AutoProcessControl.Status.LUnloadingTrans.Status,Int,Int,StationStatusL,EXPORT/HMI tags/OP010/StationStatus.xml,StationStatus
1 s,CPU S71500-2PN_TP700,AutoProcessControl.Status.Solidify.Status,Int,Int,Status_Solidify_Status,EXPORT/HMI tags/OP010/StationStatus.xml,StationStatus
100 ms,CPU S71500-2PN_TP700,ST10_GeneralData.HMI.Win.10x弹窗[1],Int,Int,Win101,EXPORT/HMI tags/Win/弹窗.xml,弹窗
100 ms,CPU S71500-2PN_TP700,ST10_GeneralData.HMI.Win.10x弹窗[2],Int,Int,Win102,EXPORT/HMI tags/Win/弹窗.xml,弹窗
100 ms,CPU S71500-2PN_TP700,ST10_GeneralData.HMI.Win.10x弹窗[3],Int,Int,Win103,EXPORT/HMI tags/Win/弹窗.xml,弹窗
100 ms,CPU S71500-2PN_TP700,ST10_GeneralData.HMI.Win.10x弹窗[4],Int,Int,Win104,EXPORT/HMI tags/Win/弹窗.xml,弹窗
100 ms,CPU S71500-2PN_TP700,ST10_GeneralData.HMI.Win.10x弹窗[5],Int,Int,Win105,EXPORT/HMI tags/Win/弹窗.xml,弹窗
100 ms,CPU S71500-2PN_TP700,ST10_GeneralData.HMI.Win.10x弹窗[6],Int,Int,Win106,EXPORT/HMI tags/Win/弹窗.xml,弹窗
100 ms,CPU S71500-2PN_TP700,ST10_GeneralData.HMI.Win.10x弹窗[7],Int,Int,Win107,EXPORT/HMI tags/Win/弹窗.xml,弹窗
100 ms,CPU S71500-2PN_TP700,ST10_GeneralData.HMI.Win.10x弹窗[8],Int,Int,Win108,EXPORT/HMI tags/Win/弹窗.xml,弹窗
100 ms,CPU S71500-2PN_TP700,ST10_GeneralData.HMI.Win.10x弹窗[9],Int,Int,Win109,EXPORT/HMI tags/Win/弹窗.xml,弹窗
100 ms,CPU S71500-2PN_TP700,ST10_GeneralData.HMI.Win.10x弹窗[10],Int,Int,Win110,EXPORT/HMI tags/Win/弹窗.xml,弹窗
100 ms,CPU S71500-2PN_TP700,ST10_GeneralData.HMI.Win.20x弹窗[1],Int,Int,Win201,EXPORT/HMI tags/Win/弹窗.xml,弹窗
100 ms,CPU S71500-2PN_TP700,ST10_GeneralData.HMI.Win.20x弹窗[2],Int,Int,Win202,EXPORT/HMI tags/Win/弹窗.xml,弹窗
100 ms,CPU S71500-2PN_TP700,ST10_GeneralData.HMI.Win.20x弹窗[3],Int,Int,Win203,EXPORT/HMI tags/Win/弹窗.xml,弹窗
100 ms,CPU S71500-2PN_TP700,ST10_GeneralData.HMI.Win.20x弹窗[4],Int,Int,Win204,EXPORT/HMI tags/Win/弹窗.xml,弹窗
100 ms,CPU S71500-2PN_TP700,ST10_GeneralData.HMI.Win.20x弹窗[5],Int,Int,Win205,EXPORT/HMI tags/Win/弹窗.xml,弹窗
100 ms,CPU S71500-2PN_TP700,ST10_GeneralData.HMI.Win.20x弹窗[6],Int,Int,Win206,EXPORT/HMI tags/Win/弹窗.xml,弹窗
100 ms,CPU S71500-2PN_TP700,ST10_GeneralData.HMI.Win.20x弹窗[7],Int,Int,Win207,EXPORT/HMI tags/Win/弹窗.xml,弹窗
100 ms,CPU S71500-2PN_TP700,ST10_GeneralData.HMI.Win.20x弹窗[8],Int,Int,Win208,EXPORT/HMI tags/Win/弹窗.xml,弹窗
100 ms,CPU S71500-2PN_TP700,ST10_GeneralData.HMI.Win.20x弹窗[9],Int,Int,Win209,EXPORT/HMI tags/Win/弹窗.xml,弹窗
100 ms,CPU S71500-2PN_TP700,ST10_GeneralData.HMI.Win.20x弹窗[10],Int,Int,Win210,EXPORT/HMI tags/Win/弹窗.xml,弹窗
100 ms,CPU S71500-2PN_TP700,ST10_GeneralData.HMI.Win.30x弹窗[1],Int,Int,Win301,EXPORT/HMI tags/Win/弹窗.xml,弹窗
100 ms,CPU S71500-2PN_TP700,ST10_GeneralData.HMI.Win.30x弹窗[2],Int,Int,Win302,EXPORT/HMI tags/Win/弹窗.xml,弹窗
100 ms,CPU S71500-2PN_TP700,ST10_GeneralData.HMI.Win.30x弹窗[3],Int,Int,Win303,EXPORT/HMI tags/Win/弹窗.xml,弹窗
100 ms,CPU S71500-2PN_TP700,ST10_GeneralData.HMI.Win.30x弹窗[4],Int,Int,Win304,EXPORT/HMI tags/Win/弹窗.xml,弹窗
100 ms,CPU S71500-2PN_TP700,ST10_GeneralData.HMI.Win.30x弹窗[5],Int,Int,Win305,EXPORT/HMI tags/Win/弹窗.xml,弹窗
100 ms,CPU S71500-2PN_TP700,ST10_GeneralData.HMI.Win.30x弹窗[6],Int,Int,Win306,EXPORT/HMI tags/Win/弹窗.xml,弹窗
100 ms,CPU S71500-2PN_TP700,ST10_GeneralData.HMI.Win.30x弹窗[7],Int,Int,Win307,EXPORT/HMI tags/Win/弹窗.xml,弹窗
100 ms,CPU S71500-2PN_TP700,ST10_GeneralData.HMI.Win.30x弹窗[8],Int,Int,Win308,EXPORT/HMI tags/Win/弹窗.xml,弹窗
100 ms,CPU S71500-2PN_TP700,ST10_GeneralData.HMI.Win.30x弹窗[9],Int,Int,Win309,EXPORT/HMI tags/Win/弹窗.xml,弹窗
100 ms,CPU S71500-2PN_TP700,ST10_GeneralData.HMI.Win.30x弹窗[10],Int,Int,Win310,EXPORT/HMI tags/Win/弹窗.xml,弹窗
100 ms,CPU S71500-2PN_TP700,ST10_GeneralData.HMI.Win.40x弹窗[1],Int,Int,Win401,EXPORT/HMI tags/Win/弹窗.xml,弹窗
100 ms,CPU S71500-2PN_TP700,ST10_GeneralData.HMI.Win.40x弹窗[2],Int,Int,Win402,EXPORT/HMI tags/Win/弹窗.xml,弹窗
100 ms,CPU S71500-2PN_TP700,ST10_GeneralData.HMI.Win.40x弹窗[3],Int,Int,Win403,EXPORT/HMI tags/Win/弹窗.xml,弹窗
100 ms,CPU S71500-2PN_TP700,ST10_GeneralData.HMI.Win.40x弹窗[4],Int,Int,Win404,EXPORT/HMI tags/Win/弹窗.xml,弹窗
100 ms,CPU S71500-2PN_TP700,ST10_GeneralData.HMI.Win.40x弹窗[5],Int,Int,Win405,EXPORT/HMI tags/Win/弹窗.xml,弹窗
100 ms,CPU S71500-2PN_TP700,ST10_GeneralData.HMI.Win.40x弹窗[6],Int,Int,Win406,EXPORT/HMI tags/Win/弹窗.xml,弹窗
100 ms,CPU S71500-2PN_TP700,ST10_GeneralData.HMI.Win.40x弹窗[7],Int,Int,Win407,EXPORT/HMI tags/Win/弹窗.xml,弹窗
100 ms,CPU S71500-2PN_TP700,ST10_GeneralData.HMI.Win.40x弹窗[8],Int,Int,Win408,EXPORT/HMI tags/Win/弹窗.xml,弹窗
100 ms,CPU S71500-2PN_TP700,ST10_GeneralData.HMI.Win.40x弹窗[9],Int,Int,Win409,EXPORT/HMI tags/Win/弹窗.xml,弹窗
100 ms,CPU S71500-2PN_TP700,ST10_GeneralData.HMI.Win.40x弹窗[10],Int,Int,Win410,EXPORT/HMI tags/Win/弹窗.xml,弹窗
100 ms,CPU S71500-2PN_TP700,ST10_GeneralData.HMI.Win.Win,Int,Int,Win,EXPORT/HMI tags/Win/弹窗.xml,弹窗
100 ms,CPU S71500-2PN_TP700,ST10_GeneralData.HMI.Win.WinBullfer,Int,Int,WinBuffer,EXPORT/HMI tags/Win/弹窗.xml,弹窗
100 ms,CPU S71500-2PN_TP700,,Word,UInt,CylinderError1-4,EXPORT/HMI tags/OP010/Alarm/CylinderErrorWord.xml,CylinderErrorWord
100 ms,CPU S71500-2PN_TP700,,Word,UInt,CylinderError5-8,EXPORT/HMI tags/OP010/Alarm/CylinderErrorWord.xml,CylinderErrorWord
100 ms,CPU S71500-2PN_TP700,,Word,UInt,CylinderError9-12,EXPORT/HMI tags/OP010/Alarm/CylinderErrorWord.xml,CylinderErrorWord
100 ms,CPU S71500-2PN_TP700,,Word,UInt,CylinderError13-16,EXPORT/HMI tags/OP010/Alarm/CylinderErrorWord.xml,CylinderErrorWord
100 ms,CPU S71500-2PN_TP700,,Word,UInt,CylinderError17-20,EXPORT/HMI tags/OP010/Alarm/CylinderErrorWord.xml,CylinderErrorWord
100 ms,CPU S71500-2PN_TP700,,Word,UInt,CylinderError21-24,EXPORT/HMI tags/OP010/Alarm/CylinderErrorWord.xml,CylinderErrorWord
100 ms,CPU S71500-2PN_TP700,,Word,UInt,CylinderError25-28,EXPORT/HMI tags/OP010/Alarm/CylinderErrorWord.xml,CylinderErrorWord
100 ms,CPU S71500-2PN_TP700,,Word,UInt,CylinderError29-32,EXPORT/HMI tags/OP010/Alarm/CylinderErrorWord.xml,CylinderErrorWord
100 ms,CPU S71500-2PN_TP700,,Word,UInt,CylinderError33-36,EXPORT/HMI tags/OP010/Alarm/CylinderErrorWord.xml,CylinderErrorWord
100 ms,CPU S71500-2PN_TP700,,Word,UInt,CylinderError37-40,EXPORT/HMI tags/OP010/Alarm/CylinderErrorWord.xml,CylinderErrorWord
100 ms,CPU S71500-2PN_TP700,,Word,UInt,CylinderError41-44,EXPORT/HMI tags/OP010/Alarm/CylinderErrorWord.xml,CylinderErrorWord
100 ms,CPU S71500-2PN_TP700,,Word,UInt,CylinderError45-48,EXPORT/HMI tags/OP010/Alarm/CylinderErrorWord.xml,CylinderErrorWord
100 ms,CPU S71500-2PN_TP700,,Word,UInt,CylinderError49-52,EXPORT/HMI tags/OP010/Alarm/CylinderErrorWord.xml,CylinderErrorWord
100 ms,CPU S71500-2PN_TP700,,Word,UInt,CylinderError53-56,EXPORT/HMI tags/OP010/Alarm/CylinderErrorWord.xml,CylinderErrorWord
100 ms,CPU S71500-2PN_TP700,,Word,UInt,CylinderError57-60,EXPORT/HMI tags/OP010/Alarm/CylinderErrorWord.xml,CylinderErrorWord
100 ms,CPU S71500-2PN_TP700,,Word,UInt,CylinderError61-64,EXPORT/HMI tags/OP010/Alarm/CylinderErrorWord.xml,CylinderErrorWord
100 ms,CPU S71500-2PN_TP700,,Word,UInt,CylinderError65-68,EXPORT/HMI tags/OP010/Alarm/CylinderErrorWord.xml,CylinderErrorWord
100 ms,CPU S71500-2PN_TP700,,Word,UInt,CylinderError69-72,EXPORT/HMI tags/OP010/Alarm/CylinderErrorWord.xml,CylinderErrorWord
100 ms,CPU S71500-2PN_TP700,,Word,UInt,CylinderError73-76,EXPORT/HMI tags/OP010/Alarm/CylinderErrorWord.xml,CylinderErrorWord
100 ms,CPU S71500-2PN_TP700,,Word,UInt,CylinderError77-80,EXPORT/HMI tags/OP010/Alarm/CylinderErrorWord.xml,CylinderErrorWord
100 ms,CPU S71500-2PN_TP700,,Word,UInt,CylinderError81-84,EXPORT/HMI tags/OP010/Alarm/CylinderErrorWord.xml,CylinderErrorWord
100 ms,CPU S71500-2PN_TP700,,Word,UInt,CylinderError85-88,EXPORT/HMI tags/OP010/Alarm/CylinderErrorWord.xml,CylinderErrorWord
100 ms,CPU S71500-2PN_TP700,,Word,UInt,CylinderError89-92,EXPORT/HMI tags/OP010/Alarm/CylinderErrorWord.xml,CylinderErrorWord
100 ms,CPU S71500-2PN_TP700,,Word,UInt,CylinderError93-96,EXPORT/HMI tags/OP010/Alarm/CylinderErrorWord.xml,CylinderErrorWord
100 ms,CPU S71500-2PN_TP700,,Word,UInt,CylinderError97-100,EXPORT/HMI tags/OP010/Alarm/CylinderErrorWord.xml,CylinderErrorWord
100 ms,CPU S71500-2PN_TP700,,Word,UInt,CylinderError101-104,EXPORT/HMI tags/OP010/Alarm/CylinderErrorWord.xml,CylinderErrorWord
100 ms,CPU S71500-2PN_TP700,,Word,UInt,CylinderError105-108,EXPORT/HMI tags/OP010/Alarm/CylinderErrorWord.xml,CylinderErrorWord
100 ms,CPU S71500-2PN_TP700,,Word,UInt,CylinderError109-112,EXPORT/HMI tags/OP010/Alarm/CylinderErrorWord.xml,CylinderErrorWord
100 ms,CPU S71500-2PN_TP700,,Word,UInt,CylinderError113-116,EXPORT/HMI tags/OP010/Alarm/CylinderErrorWord.xml,CylinderErrorWord
100 ms,CPU S71500-2PN_TP700,,Word,UInt,CylinderError117-120,EXPORT/HMI tags/OP010/Alarm/CylinderErrorWord.xml,CylinderErrorWord
100 ms,CPU S71500-2PN_TP700,,Word,UInt,CylinderError121-124,EXPORT/HMI tags/OP010/Alarm/CylinderErrorWord.xml,CylinderErrorWord
100 ms,CPU S71500-2PN_TP700,,Word,UInt,CylinderError125-128,EXPORT/HMI tags/OP010/Alarm/CylinderErrorWord.xml,CylinderErrorWord
100 ms,CPU S71500-2PN_TP700,,Word,UInt,CylinderError129-132,EXPORT/HMI tags/OP010/Alarm/CylinderErrorWord.xml,CylinderErrorWord
100 ms,CPU S71500-2PN_TP700,,Word,UInt,CylinderError133-136,EXPORT/HMI tags/OP010/Alarm/CylinderErrorWord.xml,CylinderErrorWord
100 ms,CPU S71500-2PN_TP700,,Word,UInt,CylinderError137-140,EXPORT/HMI tags/OP010/Alarm/CylinderErrorWord.xml,CylinderErrorWord
100 ms,CPU S71500-2PN_TP700,,Word,UInt,CylinderError141-144,EXPORT/HMI tags/OP010/Alarm/CylinderErrorWord.xml,CylinderErrorWord
100 ms,CPU S71500-2PN_TP700,,Word,UInt,CylinderError145-148,EXPORT/HMI tags/OP010/Alarm/CylinderErrorWord.xml,CylinderErrorWord
100 ms,CPU S71500-2PN_TP700,,Word,UInt,CylinderError149-152,EXPORT/HMI tags/OP010/Alarm/CylinderErrorWord.xml,CylinderErrorWord
100 ms,CPU S71500-2PN_TP700,,Word,UInt,CylinderError153-156,EXPORT/HMI tags/OP010/Alarm/CylinderErrorWord.xml,CylinderErrorWord
100 ms,CPU S71500-2PN_TP700,,Word,UInt,CylinderError157-160,EXPORT/HMI tags/OP010/Alarm/CylinderErrorWord.xml,CylinderErrorWord
100 ms,CPU S71500-2PN_TP700,,Word,UInt,CylinderError161-164,EXPORT/HMI tags/OP010/Alarm/CylinderErrorWord.xml,CylinderErrorWord
100 ms,CPU S71500-2PN_TP700,,Word,UInt,CylinderError165-168,EXPORT/HMI tags/OP010/Alarm/CylinderErrorWord.xml,CylinderErrorWord
100 ms,CPU S71500-2PN_TP700,,Word,UInt,CylinderError169-172,EXPORT/HMI tags/OP010/Alarm/CylinderErrorWord.xml,CylinderErrorWord
100 ms,CPU S71500-2PN_TP700,,Word,UInt,CylinderError173-176,EXPORT/HMI tags/OP010/Alarm/CylinderErrorWord.xml,CylinderErrorWord
100 ms,CPU S71500-2PN_TP700,,Word,UInt,CylinderError177-180,EXPORT/HMI tags/OP010/Alarm/CylinderErrorWord.xml,CylinderErrorWord
100 ms,CPU S71500-2PN_TP700,,Word,UInt,CylinderError181-184,EXPORT/HMI tags/OP010/Alarm/CylinderErrorWord.xml,CylinderErrorWord
100 ms,CPU S71500-2PN_TP700,,Word,UInt,CylinderError185-188,EXPORT/HMI tags/OP010/Alarm/CylinderErrorWord.xml,CylinderErrorWord
100 ms,CPU S71500-2PN_TP700,,Word,UInt,CylinderError189-192,EXPORT/HMI tags/OP010/Alarm/CylinderErrorWord.xml,CylinderErrorWord
100 ms,CPU S71500-2PN_TP700,,Word,UInt,CylinderError193-196,EXPORT/HMI tags/OP010/Alarm/CylinderErrorWord.xml,CylinderErrorWord
100 ms,CPU S71500-2PN_TP700,,Word,UInt,CylinderError197-200,EXPORT/HMI tags/OP010/Alarm/CylinderErrorWord.xml,CylinderErrorWord
500 ms,CPU S71500-2PN_TP700,,Word,UInt,A1TableScan,EXPORT/HMI tags/OP010/Alarm/DeviceErrorWord.xml,DeviceErrorWord
500 ms,CPU S71500-2PN_TP700,,Word,UInt,A1TableUnloading,EXPORT/HMI tags/OP010/Alarm/DeviceErrorWord.xml,DeviceErrorWord
500 ms,CPU S71500-2PN_TP700,,Word,UInt,A1RotaryScan,EXPORT/HMI tags/OP010/Alarm/DeviceErrorWord.xml,DeviceErrorWord
500 ms,CPU S71500-2PN_TP700,,Word,UInt,Robot_1,EXPORT/HMI tags/OP010/Alarm/DeviceErrorWord.xml,DeviceErrorWord
500 ms,CPU S71500-2PN_TP700,,Word,UInt,A1FixtureCodeScan,EXPORT/HMI tags/OP010/Alarm/DeviceErrorWord.xml,DeviceErrorWord
500 ms,CPU S71500-2PN_TP700,,Word,UInt,A2TableScan,EXPORT/HMI tags/OP010/Alarm/DeviceErrorWord.xml,DeviceErrorWord
500 ms,CPU S71500-2PN_TP700,,Word,UInt,A2TableUnloading,EXPORT/HMI tags/OP010/Alarm/DeviceErrorWord.xml,DeviceErrorWord
500 ms,CPU S71500-2PN_TP700,,Word,UInt,A2RotaryScan,EXPORT/HMI tags/OP010/Alarm/DeviceErrorWord.xml,DeviceErrorWord
500 ms,CPU S71500-2PN_TP700,,Word,UInt,B1Press,EXPORT/HMI tags/OP010/Alarm/DeviceErrorWord.xml,DeviceErrorWord
500 ms,CPU S71500-2PN_TP700,,Word,UInt,B2Press,EXPORT/HMI tags/OP010/Alarm/DeviceErrorWord.xml,DeviceErrorWord
500 ms,CPU S71500-2PN_TP700,,Word,UInt,CGlueing,EXPORT/HMI tags/OP010/Alarm/DeviceErrorWord.xml,DeviceErrorWord
500 ms,CPU S71500-2PN_TP700,,Word,UInt,NG_1,EXPORT/HMI tags/OP010/Alarm/DeviceErrorWord.xml,DeviceErrorWord
500 ms,CPU S71500-2PN_TP700,,Word,UInt,Robot_2,EXPORT/HMI tags/OP010/Alarm/DeviceErrorWord.xml,DeviceErrorWord
500 ms,CPU S71500-2PN_TP700,,Word,UInt,Robot_3,EXPORT/HMI tags/OP010/Alarm/DeviceErrorWord.xml,DeviceErrorWord
500 ms,CPU S71500-2PN_TP700,,Word,UInt,A2FixtureCodeScan,EXPORT/HMI tags/OP010/Alarm/DeviceErrorWord.xml,DeviceErrorWord
500 ms,CPU S71500-2PN_TP700,,Word,UInt,NG_2,EXPORT/HMI tags/OP010/Alarm/DeviceErrorWord.xml,DeviceErrorWord
500 ms,CPU S71500-2PN_TP700,,Word,UInt,ShaftLine,EXPORT/HMI tags/OP010/Alarm/DeviceErrorWord.xml,DeviceErrorWord
500 ms,CPU S71500-2PN_TP700,,Word,UInt,MagnetLine,EXPORT/HMI tags/OP010/Alarm/DeviceErrorWord.xml,DeviceErrorWord
500 ms,CPU S71500-2PN_TP700,,Word,UInt,ReserveLine,EXPORT/HMI tags/OP010/Alarm/DeviceErrorWord.xml,DeviceErrorWord
500 ms,CPU S71500-2PN_TP700,,Word,UInt,UnloadingLine,EXPORT/HMI tags/OP010/Alarm/DeviceErrorWord.xml,DeviceErrorWord
500 ms,CPU S71500-2PN_TP700,,Word,UInt,CuringOven,EXPORT/HMI tags/OP010/Alarm/DeviceErrorWord.xml,DeviceErrorWord
1 s,CPU S71500-2PN_TP700,,Word,UInt,A_Other,EXPORT/HMI tags/OP010/Alarm/DeviceErrorWord.xml,DeviceErrorWord
1 s,CPU S71500-2PN_TP700,,Word,UInt,C_Other,EXPORT/HMI tags/OP010/Alarm/DeviceErrorWord.xml,DeviceErrorWord
1 s,CPU S71500-2PN_TP700,,Word,UInt,MESS_Error,EXPORT/HMI tags/OP010/Alarm/DeviceErrorWord.xml,DeviceErrorWord
1 s,CPU S71500-2PN_TP700,,Word,UInt,A_DeviceError,EXPORT/HMI tags/OP010/Alarm/DeviceErrorWord.xml,DeviceErrorWord
1 s,CPU S71500-2PN_TP700,,Word,UInt,B_DeviceError,EXPORT/HMI tags/OP010/Alarm/DeviceErrorWord.xml,DeviceErrorWord
1 s,CPU S71500-2PN_TP700,,Word,UInt,C_DeviceError,EXPORT/HMI tags/OP010/Alarm/DeviceErrorWord.xml,DeviceErrorWord
1 s,CPU S71500-2PN_TP700,,Word,UInt,E_DeviceError,EXPORT/HMI tags/OP010/Alarm/DeviceErrorWord.xml,DeviceErrorWord
1 s,CPU S71500-2PN_TP700,,Word,UInt,F_DeviceError,EXPORT/HMI tags/OP010/Alarm/DeviceErrorWord.xml,DeviceErrorWord
1 s,CPU S71500-2PN_TP700,,Word,UInt,H_DeviceError,EXPORT/HMI tags/OP010/Alarm/DeviceErrorWord.xml,DeviceErrorWord
1 s,CPU S71500-2PN_TP700,,Word,UInt,J_DeviceError,EXPORT/HMI tags/OP010/Alarm/DeviceErrorWord.xml,DeviceErrorWord
1 s,CPU S71500-2PN_TP700,,Word,UInt,K_DeviceError,EXPORT/HMI tags/OP010/Alarm/DeviceErrorWord.xml,DeviceErrorWord
1 s,CPU S71500-2PN_TP700,,Word,UInt,L_DeviceError,EXPORT/HMI tags/OP010/Alarm/DeviceErrorWord.xml,DeviceErrorWord
100 ms,CPU S71500-2PN_TP700,,Word,UInt,GlobalCOMError,EXPORT/HMI tags/OP010/Alarm/GlobalErrorWord.xml,GlobalErrorWord
100 ms,CPU S71500-2PN_TP700,,Word,UInt,PNSlaveStation01Error1,EXPORT/HMI tags/OP010/Alarm/GlobalErrorWord.xml,GlobalErrorWord
100 ms,CPU S71500-2PN_TP700,,Word,UInt,PNSlaveStation01Error2,EXPORT/HMI tags/OP010/Alarm/GlobalErrorWord.xml,GlobalErrorWord
100 ms,CPU S71500-2PN_TP700,,Word,UInt,PNSlaveStation01Error3,EXPORT/HMI tags/OP010/Alarm/GlobalErrorWord.xml,GlobalErrorWord
100 ms,CPU S71500-2PN_TP700,,Word,UInt,PNSlaveStation01Error4,EXPORT/HMI tags/OP010/Alarm/GlobalErrorWord.xml,GlobalErrorWord
100 ms,CPU S71500-2PN_TP700,,Word,UInt,PNSlaveStation01Error5,EXPORT/HMI tags/OP010/Alarm/GlobalErrorWord.xml,GlobalErrorWord
100 ms,CPU S71500-2PN_TP700,,Word,UInt,PNSlaveStation01Error6,EXPORT/HMI tags/OP010/Alarm/GlobalErrorWord.xml,GlobalErrorWord
100 ms,CPU S71500-2PN_TP700,,Word,UInt,PNSlaveStation01Error7,EXPORT/HMI tags/OP010/Alarm/GlobalErrorWord.xml,GlobalErrorWord
100 ms,CPU S71500-2PN_TP700,,Word,UInt,PNSlaveStation01Error8,EXPORT/HMI tags/OP010/Alarm/GlobalErrorWord.xml,GlobalErrorWord
100 ms,CPU S71500-2PN_TP700,,Word,UInt,PNSlaveStation01Error9,EXPORT/HMI tags/OP010/Alarm/GlobalErrorWord.xml,GlobalErrorWord
100 ms,CPU S71500-2PN_TP700,,Word,UInt,PNSlaveStation01Error10,EXPORT/HMI tags/OP010/Alarm/GlobalErrorWord.xml,GlobalErrorWord
100 ms,CPU S71500-2PN_TP700,,Word,UInt,SerialCOMM01Error,EXPORT/HMI tags/OP010/Alarm/GlobalErrorWord.xml,GlobalErrorWord
100 ms,CPU S71500-2PN_TP700,,Word,UInt,SerialCOMM02Error,EXPORT/HMI tags/OP010/Alarm/GlobalErrorWord.xml,GlobalErrorWord
100 ms,CPU S71500-2PN_TP700,,Word,UInt,SerialCOMM03Error,EXPORT/HMI tags/OP010/Alarm/GlobalErrorWord.xml,GlobalErrorWord
100 ms,CPU S71500-2PN_TP700,,Word,UInt,SerialCOMM04Error,EXPORT/HMI tags/OP010/Alarm/GlobalErrorWord.xml,GlobalErrorWord
100 ms,CPU S71500-2PN_TP700,,Word,UInt,SerialCOMM05Error,EXPORT/HMI tags/OP010/Alarm/GlobalErrorWord.xml,GlobalErrorWord
100 ms,CPU S71500-2PN_TP700,,Word,UInt,PNSlaveStation02Error1,EXPORT/HMI tags/OP010/Alarm/GlobalErrorWord.xml,GlobalErrorWord
100 ms,CPU S71500-2PN_TP700,,Word,UInt,PNSlaveStation02Error2,EXPORT/HMI tags/OP010/Alarm/GlobalErrorWord.xml,GlobalErrorWord
100 ms,CPU S71500-2PN_TP700,,Word,UInt,PNSlaveStation02Error3,EXPORT/HMI tags/OP010/Alarm/GlobalErrorWord.xml,GlobalErrorWord
100 ms,CPU S71500-2PN_TP700,,Word,UInt,PNSlaveStation02Error4,EXPORT/HMI tags/OP010/Alarm/GlobalErrorWord.xml,GlobalErrorWord
100 ms,CPU S71500-2PN_TP700,,Word,UInt,PNSlaveStation02Error5,EXPORT/HMI tags/OP010/Alarm/GlobalErrorWord.xml,GlobalErrorWord
100 ms,CPU S71500-2PN_TP700,,Word,UInt,PNSlaveStation02Error6,EXPORT/HMI tags/OP010/Alarm/GlobalErrorWord.xml,GlobalErrorWord
100 ms,CPU S71500-2PN_TP700,,Word,UInt,PNSlaveStation02Error7,EXPORT/HMI tags/OP010/Alarm/GlobalErrorWord.xml,GlobalErrorWord
100 ms,CPU S71500-2PN_TP700,,Word,UInt,PNSlaveStation02Error8,EXPORT/HMI tags/OP010/Alarm/GlobalErrorWord.xml,GlobalErrorWord
100 ms,CPU S71500-2PN_TP700,,Word,UInt,PNSlaveStation02Error9,EXPORT/HMI tags/OP010/Alarm/GlobalErrorWord.xml,GlobalErrorWord
100 ms,CPU S71500-2PN_TP700,,Word,UInt,PNSlaveStation02Error10,EXPORT/HMI tags/OP010/Alarm/GlobalErrorWord.xml,GlobalErrorWord
100 ms,CPU S71500-2PN_TP700,,Word,UInt,PNSlaveStation03Error1,EXPORT/HMI tags/OP010/Alarm/GlobalErrorWord.xml,GlobalErrorWord
100 ms,CPU S71500-2PN_TP700,,Word,UInt,PNSlaveStation03Error2,EXPORT/HMI tags/OP010/Alarm/GlobalErrorWord.xml,GlobalErrorWord
100 ms,CPU S71500-2PN_TP700,,Word,UInt,PNSlaveStation03Error3,EXPORT/HMI tags/OP010/Alarm/GlobalErrorWord.xml,GlobalErrorWord
100 ms,CPU S71500-2PN_TP700,,Word,UInt,PNSlaveStation03Error4,EXPORT/HMI tags/OP010/Alarm/GlobalErrorWord.xml,GlobalErrorWord
100 ms,CPU S71500-2PN_TP700,,Word,UInt,PNSlaveStation03Error5,EXPORT/HMI tags/OP010/Alarm/GlobalErrorWord.xml,GlobalErrorWord
100 ms,CPU S71500-2PN_TP700,,Word,UInt,PNSlaveStation03Error6,EXPORT/HMI tags/OP010/Alarm/GlobalErrorWord.xml,GlobalErrorWord
100 ms,CPU S71500-2PN_TP700,,Word,UInt,PNSlaveStation03Error7,EXPORT/HMI tags/OP010/Alarm/GlobalErrorWord.xml,GlobalErrorWord
100 ms,CPU S71500-2PN_TP700,,Word,UInt,PNSlaveStation03Error8,EXPORT/HMI tags/OP010/Alarm/GlobalErrorWord.xml,GlobalErrorWord
100 ms,CPU S71500-2PN_TP700,,Word,UInt,PNSlaveStation03Error9,EXPORT/HMI tags/OP010/Alarm/GlobalErrorWord.xml,GlobalErrorWord
100 ms,CPU S71500-2PN_TP700,,Word,UInt,PNSlaveStation03Error10,EXPORT/HMI tags/OP010/Alarm/GlobalErrorWord.xml,GlobalErrorWord
100 ms,CPU S71500-2PN_TP700,,Word,UInt,ValveIsland01Error,EXPORT/HMI tags/OP010/Alarm/GlobalErrorWord.xml,GlobalErrorWord
100 ms,CPU S71500-2PN_TP700,,Word,UInt,ValveIsland02Error,EXPORT/HMI tags/OP010/Alarm/GlobalErrorWord.xml,GlobalErrorWord
100 ms,CPU S71500-2PN_TP700,,Word,UInt,ValveIsland03Error,EXPORT/HMI tags/OP010/Alarm/GlobalErrorWord.xml,GlobalErrorWord
100 ms,CPU S71500-2PN_TP700,,Word,UInt,ValveIsland04Error,EXPORT/HMI tags/OP010/Alarm/GlobalErrorWord.xml,GlobalErrorWord
100 ms,CPU S71500-2PN_TP700,,Word,UInt,ValveIsland05Error,EXPORT/HMI tags/OP010/Alarm/GlobalErrorWord.xml,GlobalErrorWord
100 ms,CPU S71500-2PN_TP700,,Word,UInt,SafetyGlobalError,EXPORT/HMI tags/OP010/Alarm/GlobalErrorWord.xml,GlobalErrorWord
100 ms,CPU S71500-2PN_TP700,,Word,UInt,SafetyDoorType01Error,EXPORT/HMI tags/OP010/Alarm/GlobalErrorWord.xml,GlobalErrorWord
100 ms,CPU S71500-2PN_TP700,,Word,UInt,SafetyDoorType02Error,EXPORT/HMI tags/OP010/Alarm/GlobalErrorWord.xml,GlobalErrorWord
100 ms,CPU S71500-2PN_TP700,,Word,UInt,SafetyDoorType03Error,EXPORT/HMI tags/OP010/Alarm/GlobalErrorWord.xml,GlobalErrorWord
100 ms,CPU S71500-2PN_TP700,,Word,UInt,SafetyDoorType04Error,EXPORT/HMI tags/OP010/Alarm/GlobalErrorWord.xml,GlobalErrorWord
100 ms,CPU S71500-2PN_TP700,,Word,UInt,SafetyDoorType05Error,EXPORT/HMI tags/OP010/Alarm/GlobalErrorWord.xml,GlobalErrorWord
100 ms,CPU S71500-2PN_TP700,,Word,UInt,SafetyDoor01Error,EXPORT/HMI tags/OP010/Alarm/GlobalErrorWord.xml,GlobalErrorWord
100 ms,CPU S71500-2PN_TP700,,Word,UInt,SafetyDoor02Error,EXPORT/HMI tags/OP010/Alarm/GlobalErrorWord.xml,GlobalErrorWord
100 ms,CPU S71500-2PN_TP700,,Word,UInt,SafetyDoor03Error,EXPORT/HMI tags/OP010/Alarm/GlobalErrorWord.xml,GlobalErrorWord
100 ms,CPU S71500-2PN_TP700,,Word,UInt,SafetyDoor04Error,EXPORT/HMI tags/OP010/Alarm/GlobalErrorWord.xml,GlobalErrorWord
100 ms,CPU S71500-2PN_TP700,,Word,UInt,SafetyDoor05Error,EXPORT/HMI tags/OP010/Alarm/GlobalErrorWord.xml,GlobalErrorWord
100 ms,CPU S71500-2PN_TP700,,Word,UInt,SafetyDoor06Error,EXPORT/HMI tags/OP010/Alarm/GlobalErrorWord.xml,GlobalErrorWord
100 ms,CPU S71500-2PN_TP700,,Word,UInt,SafetyDoor07Error,EXPORT/HMI tags/OP010/Alarm/GlobalErrorWord.xml,GlobalErrorWord
100 ms,CPU S71500-2PN_TP700,,Word,UInt,SafetyDoor08Error,EXPORT/HMI tags/OP010/Alarm/GlobalErrorWord.xml,GlobalErrorWord
100 ms,CPU S71500-2PN_TP700,,Word,UInt,SafetyDoor09Error,EXPORT/HMI tags/OP010/Alarm/GlobalErrorWord.xml,GlobalErrorWord
100 ms,CPU S71500-2PN_TP700,,Word,UInt,SafetyDoor10Error,EXPORT/HMI tags/OP010/Alarm/GlobalErrorWord.xml,GlobalErrorWord
100 ms,CPU S71500-2PN_TP700,,Word,UInt,LightCurtain01Error,EXPORT/HMI tags/OP010/Alarm/GlobalErrorWord.xml,GlobalErrorWord
100 ms,CPU S71500-2PN_TP700,,Word,UInt,LightCurtain02Error,EXPORT/HMI tags/OP010/Alarm/GlobalErrorWord.xml,GlobalErrorWord
100 ms,CPU S71500-2PN_TP700,,Word,UInt,LightCurtain03Error,EXPORT/HMI tags/OP010/Alarm/GlobalErrorWord.xml,GlobalErrorWord
100 ms,CPU S71500-2PN_TP700,,Word,UInt,LightCurtain04Error,EXPORT/HMI tags/OP010/Alarm/GlobalErrorWord.xml,GlobalErrorWord
100 ms,CPU S71500-2PN_TP700,,Word,UInt,LightCurtain05Error,EXPORT/HMI tags/OP010/Alarm/GlobalErrorWord.xml,GlobalErrorWord
100 ms,CPU S71500-2PN_TP700,,Word,UInt,Product01Error,EXPORT/HMI tags/OP010/Alarm/GlobalErrorWord.xml,GlobalErrorWord
100 ms,CPU S71500-2PN_TP700,,Word,UInt,Product02Error,EXPORT/HMI tags/OP010/Alarm/GlobalErrorWord.xml,GlobalErrorWord
100 ms,CPU S71500-2PN_TP700,,Word,UInt,Product03Error,EXPORT/HMI tags/OP010/Alarm/GlobalErrorWord.xml,GlobalErrorWord
100 ms,CPU S71500-2PN_TP700,,Word,UInt,Product04Error,EXPORT/HMI tags/OP010/Alarm/GlobalErrorWord.xml,GlobalErrorWord
100 ms,CPU S71500-2PN_TP700,,Word,UInt,Product05Error,EXPORT/HMI tags/OP010/Alarm/GlobalErrorWord.xml,GlobalErrorWord
100 ms,CPU S71500-2PN_TP700,,Word,UInt,Fixture01Error,EXPORT/HMI tags/OP010/Alarm/GlobalErrorWord.xml,GlobalErrorWord
100 ms,CPU S71500-2PN_TP700,,Word,UInt,Fixture02Error,EXPORT/HMI tags/OP010/Alarm/GlobalErrorWord.xml,GlobalErrorWord
100 ms,CPU S71500-2PN_TP700,,Word,UInt,Fixture03Error,EXPORT/HMI tags/OP010/Alarm/GlobalErrorWord.xml,GlobalErrorWord
100 ms,CPU S71500-2PN_TP700,,Word,UInt,Fixture04Error,EXPORT/HMI tags/OP010/Alarm/GlobalErrorWord.xml,GlobalErrorWord
100 ms,CPU S71500-2PN_TP700,,Word,UInt,Fixture05Error,EXPORT/HMI tags/OP010/Alarm/GlobalErrorWord.xml,GlobalErrorWord
100 ms,CPU S71500-2PN_TP700,,Word,UInt,Fixture06Error,EXPORT/HMI tags/OP010/Alarm/GlobalErrorWord.xml,GlobalErrorWord
100 ms,CPU S71500-2PN_TP700,,Word,UInt,Fixture07Error,EXPORT/HMI tags/OP010/Alarm/GlobalErrorWord.xml,GlobalErrorWord
100 ms,CPU S71500-2PN_TP700,,Word,UInt,Fixture08Error,EXPORT/HMI tags/OP010/Alarm/GlobalErrorWord.xml,GlobalErrorWord
100 ms,CPU S71500-2PN_TP700,,Word,UInt,Fixture09Error,EXPORT/HMI tags/OP010/Alarm/GlobalErrorWord.xml,GlobalErrorWord
100 ms,CPU S71500-2PN_TP700,,Word,UInt,Fixture10Error,EXPORT/HMI tags/OP010/Alarm/GlobalErrorWord.xml,GlobalErrorWord
100 ms,CPU S71500-2PN_TP700,,Word,UInt,BreakerTripError01,EXPORT/HMI tags/OP010/Alarm/GlobalErrorWord.xml,GlobalErrorWord
100 ms,CPU S71500-2PN_TP700,,Word,UInt,GlobalTip_01,EXPORT/HMI tags/OP010/Alarm/TipWord.xml,TipWord
100 ms,CPU S71500-2PN_TP700,,Word,UInt,GlobalTip_02,EXPORT/HMI tags/OP010/Alarm/TipWord.xml,TipWord
100 ms,CPU S71500-2PN_TP700,,Word,UInt,GlobalTip_03,EXPORT/HMI tags/OP010/Alarm/TipWord.xml,TipWord
100 ms,CPU S71500-2PN_TP700,,Word,UInt,GlobalTip_04,EXPORT/HMI tags/OP010/Alarm/TipWord.xml,TipWord
100 ms,CPU S71500-2PN_TP700,,Word,UInt,GlobalTip_05,EXPORT/HMI tags/OP010/Alarm/TipWord.xml,TipWord
100 ms,CPU S71500-2PN_TP700,,Word,UInt,GlobalTip_06,EXPORT/HMI tags/OP010/Alarm/TipWord.xml,TipWord
100 ms,CPU S71500-2PN_TP700,,Word,UInt,GlobalTip_07,EXPORT/HMI tags/OP010/Alarm/TipWord.xml,TipWord
100 ms,CPU S71500-2PN_TP700,,Word,UInt,GlobalTip_08,EXPORT/HMI tags/OP010/Alarm/TipWord.xml,TipWord
100 ms,CPU S71500-2PN_TP700,,Word,UInt,GlobalTip_09,EXPORT/HMI tags/OP010/Alarm/TipWord.xml,TipWord
100 ms,CPU S71500-2PN_TP700,,Word,UInt,GlobalTip_10,EXPORT/HMI tags/OP010/Alarm/TipWord.xml,TipWord
100 ms,CPU S71500-2PN_TP700,,Word,UInt,GlobalTip_OP1,EXPORT/HMI tags/OP010/Alarm/TipWord.xml,TipWord
100 ms,CPU S71500-2PN_TP700,,Word,UInt,GlobalTip_OP2,EXPORT/HMI tags/OP010/Alarm/TipWord.xml,TipWord
100 ms,CPU S71500-2PN_TP700,,Word,UInt,GlobalWarning_01,EXPORT/HMI tags/OP010/Alarm/WarningWord.xml,WarningWord
100 ms,CPU S71500-2PN_TP700,,Word,UInt,GlobalWarning_02,EXPORT/HMI tags/OP010/Alarm/WarningWord.xml,WarningWord
100 ms,CPU S71500-2PN_TP700,,Word,UInt,GlobalWarning_03,EXPORT/HMI tags/OP010/Alarm/WarningWord.xml,WarningWord
100 ms,CPU S71500-2PN_TP700,,Word,UInt,GlobalWarning_04,EXPORT/HMI tags/OP010/Alarm/WarningWord.xml,WarningWord
100 ms,CPU S71500-2PN_TP700,,Word,UInt,GlobalWarning_05,EXPORT/HMI tags/OP010/Alarm/WarningWord.xml,WarningWord
100 ms,CPU S71500-2PN_TP700,,Word,UInt,GlobalWarning_06,EXPORT/HMI tags/OP010/Alarm/WarningWord.xml,WarningWord
100 ms,CPU S71500-2PN_TP700,,Word,UInt,GlobalWarning_07,EXPORT/HMI tags/OP010/Alarm/WarningWord.xml,WarningWord
100 ms,CPU S71500-2PN_TP700,,Word,UInt,GlobalWarning_08,EXPORT/HMI tags/OP010/Alarm/WarningWord.xml,WarningWord
100 ms,CPU S71500-2PN_TP700,,Word,UInt,GlobalWarning_09,EXPORT/HMI tags/OP010/Alarm/WarningWord.xml,WarningWord
100 ms,CPU S71500-2PN_TP700,,Word,UInt,GlobalWarning_10,EXPORT/HMI tags/OP010/Alarm/WarningWord.xml,WarningWord
100 ms,CPU S71500-2PN_TP700,,Word,UInt,IndexTableWarning_01,EXPORT/HMI tags/OP010/Alarm/WarningWord.xml,WarningWord
100 ms,CPU S71500-2PN_TP700,,Word,UInt,IndexTableWarning_02,EXPORT/HMI tags/OP010/Alarm/WarningWord.xml,WarningWord
100 ms,CPU S71500-2PN_TP700,,Word,UInt,ServoWarning_01,EXPORT/HMI tags/OP010/Alarm/WarningWord.xml,WarningWord
100 ms,CPU S71500-2PN_TP700,,Word,UInt,ServoWarning_02,EXPORT/HMI tags/OP010/Alarm/WarningWord.xml,WarningWord
100 ms,CPU S71500-2PN_TP700,,Word,UInt,ServePressWarning_01,EXPORT/HMI tags/OP010/Alarm/WarningWord.xml,WarningWord
100 ms,CPU S71500-2PN_TP700,,Word,UInt,ServePressWarning_02,EXPORT/HMI tags/OP010/Alarm/WarningWord.xml,WarningWord
100 ms,CPU S71500-2PN_TP700,,Word,UInt,3AxisInterpolationWarning_01,EXPORT/HMI tags/OP010/Alarm/WarningWord.xml,WarningWord
100 ms,CPU S71500-2PN_TP700,,Word,UInt,3AxisInterpolationWarning_02,EXPORT/HMI tags/OP010/Alarm/WarningWord.xml,WarningWord
100 ms,CPU S71500-2PN_TP700,,Word,UInt,LaserWeldingWarning_01,EXPORT/HMI tags/OP010/Alarm/WarningWord.xml,WarningWord
100 ms,CPU S71500-2PN_TP700,,Word,UInt,LaserWeldingWarning_02,EXPORT/HMI tags/OP010/Alarm/WarningWord.xml,WarningWord
100 ms,CPU S71500-2PN_TP700,,Word,UInt,LaserMarkingWarning_01,EXPORT/HMI tags/OP010/Alarm/WarningWord.xml,WarningWord
100 ms,CPU S71500-2PN_TP700,,Word,UInt,LaserMarkingWarning_02,EXPORT/HMI tags/OP010/Alarm/WarningWord.xml,WarningWord
100 ms,CPU S71500-2PN_TP700,,Word,UInt,PrinterWarning_01,EXPORT/HMI tags/OP010/Alarm/WarningWord.xml,WarningWord
100 ms,CPU S71500-2PN_TP700,,Word,UInt,PrinterWarning_02,EXPORT/HMI tags/OP010/Alarm/WarningWord.xml,WarningWord
100 ms,CPU S71500-2PN_TP700,,Word,UInt,MarkingWarning_01,EXPORT/HMI tags/OP010/Alarm/WarningWord.xml,WarningWord
100 ms,CPU S71500-2PN_TP700,,Word,UInt,MarkingWarning_02,EXPORT/HMI tags/OP010/Alarm/WarningWord.xml,WarningWord
100 ms,CPU S71500-2PN_TP700,,Word,UInt,LabellingWarning_01,EXPORT/HMI tags/OP010/Alarm/WarningWord.xml,WarningWord
100 ms,CPU S71500-2PN_TP700,,Word,UInt,LabellingWarning_02,EXPORT/HMI tags/OP010/Alarm/WarningWord.xml,WarningWord
100 ms,CPU S71500-2PN_TP700,,Word,UInt,DispensingWarning_01,EXPORT/HMI tags/OP010/Alarm/WarningWord.xml,WarningWord
100 ms,CPU S71500-2PN_TP700,,Word,UInt,DispensingWarning_02,EXPORT/HMI tags/OP010/Alarm/WarningWord.xml,WarningWord
100 ms,CPU S71500-2PN_TP700,,Word,UInt,GreasingWarning_01,EXPORT/HMI tags/OP010/Alarm/WarningWord.xml,WarningWord
100 ms,CPU S71500-2PN_TP700,,Word,UInt,GreasingWarning_02,EXPORT/HMI tags/OP010/Alarm/WarningWord.xml,WarningWord
100 ms,CPU S71500-2PN_TP700,,Word,UInt,HotWindSystemWarning_01,EXPORT/HMI tags/OP010/Alarm/WarningWord.xml,WarningWord
100 ms,CPU S71500-2PN_TP700,,Word,UInt,HotWindSystemWarning_02,EXPORT/HMI tags/OP010/Alarm/WarningWord.xml,WarningWord
100 ms,CPU S71500-2PN_TP700,,Word,UInt,HighFrequencyHeatingWarning_01,EXPORT/HMI tags/OP010/Alarm/WarningWord.xml,WarningWord
100 ms,CPU S71500-2PN_TP700,,Word,UInt,HighFrequencyHeatingWarning_02,EXPORT/HMI tags/OP010/Alarm/WarningWord.xml,WarningWord
100 ms,CPU S71500-2PN_TP700,,Word,UInt,DegaussingWarning_01,EXPORT/HMI tags/OP010/Alarm/WarningWord.xml,WarningWord
100 ms,CPU S71500-2PN_TP700,,Word,UInt,DegaussingWarning_02,EXPORT/HMI tags/OP010/Alarm/WarningWord.xml,WarningWord
100 ms,CPU S71500-2PN_TP700,,Word,UInt,BowlFeederWarning_01,EXPORT/HMI tags/OP010/Alarm/WarningWord.xml,WarningWord
100 ms,CPU S71500-2PN_TP700,,Word,UInt,BowlFeederWarning_02,EXPORT/HMI tags/OP010/Alarm/WarningWord.xml,WarningWord
100 ms,CPU S71500-2PN_TP700,,Word,UInt,RiveterWarning_01,EXPORT/HMI tags/OP010/Alarm/WarningWord.xml,WarningWord
100 ms,CPU S71500-2PN_TP700,,Word,UInt,RiveterWarning_02,EXPORT/HMI tags/OP010/Alarm/WarningWord.xml,WarningWord
100 ms,CPU S71500-2PN_TP700,,Word,UInt,HydraulicSystemWarning_01,EXPORT/HMI tags/OP010/Alarm/WarningWord.xml,WarningWord
100 ms,CPU S71500-2PN_TP700,,Word,UInt,HydraulicSystemWarning_02,EXPORT/HMI tags/OP010/Alarm/WarningWord.xml,WarningWord
100 ms,CPU S71500-2PN_TP700,,Word,UInt,RobotWarning_01,EXPORT/HMI tags/OP010/Alarm/WarningWord.xml,WarningWord
100 ms,CPU S71500-2PN_TP700,,Word,UInt,RobotWarning_02,EXPORT/HMI tags/OP010/Alarm/WarningWord.xml,WarningWord
100 ms,CPU S71500-2PN_TP700,,Word,UInt,CameraWarning_01,EXPORT/HMI tags/OP010/Alarm/WarningWord.xml,WarningWord
100 ms,CPU S71500-2PN_TP700,,Word,UInt,CameraWarning_02,EXPORT/HMI tags/OP010/Alarm/WarningWord.xml,WarningWord
100 ms,CPU S71500-2PN_TP700,,Word,UInt,ScannnerWarning_01,EXPORT/HMI tags/OP010/Alarm/WarningWord.xml,WarningWord
100 ms,CPU S71500-2PN_TP700,,Word,UInt,ScannnerWarning_02,EXPORT/HMI tags/OP010/Alarm/WarningWord.xml,WarningWord
100 ms,CPU S71500-2PN_TP700,,Word,UInt,MeasureSensorWarning_01,EXPORT/HMI tags/OP010/Alarm/WarningWord.xml,WarningWord
100 ms,CPU S71500-2PN_TP700,,Word,UInt,MeasureSensorWarning_02,EXPORT/HMI tags/OP010/Alarm/WarningWord.xml,WarningWord
100 ms,CPU S71500-2PN_TP700,,Word,UInt,LeakageTesterWarning_01,EXPORT/HMI tags/OP010/Alarm/WarningWord.xml,WarningWord
100 ms,CPU S71500-2PN_TP700,,Word,UInt,LeakageTesterWarning_02,EXPORT/HMI tags/OP010/Alarm/WarningWord.xml,WarningWord
100 ms,CPU S71500-2PN_TP700,,Word,UInt,TestPowerWarning_01,EXPORT/HMI tags/OP010/Alarm/WarningWord.xml,WarningWord
100 ms,CPU S71500-2PN_TP700,,Word,UInt,TestPowerWarning_02,EXPORT/HMI tags/OP010/Alarm/WarningWord.xml,WarningWord
100 ms,CPU S71500-2PN_TP700,,Word,UInt,HighVoltageTestWarning_01,EXPORT/HMI tags/OP010/Alarm/WarningWord.xml,WarningWord
100 ms,CPU S71500-2PN_TP700,,Word,UInt,HighVoltageTestWarning_02,EXPORT/HMI tags/OP010/Alarm/WarningWord.xml,WarningWord
100 ms,CPU S71500-2PN_TP700,,Word,UInt,EOLFinalInspectionWarning_01,EXPORT/HMI tags/OP010/Alarm/WarningWord.xml,WarningWord
100 ms,CPU S71500-2PN_TP700,,Word,UInt,EOLFinalInspectionWarning_02,EXPORT/HMI tags/OP010/Alarm/WarningWord.xml,WarningWord
100 ms,CPU S71500-2PN_TP700,,Word,UInt,ScrewWarning_01,EXPORT/HMI tags/OP010/Alarm/WarningWord.xml,WarningWord
100 ms,CPU S71500-2PN_TP700,,Word,UInt,ScrewWarning_02,EXPORT/HMI tags/OP010/Alarm/WarningWord.xml,WarningWord
100 ms,CPU S71500-2PN_TP700,,Word,UInt,3AxisScrewEncoderWarning_01,EXPORT/HMI tags/OP010/Alarm/WarningWord.xml,WarningWord
100 ms,CPU S71500-2PN_TP700,,Word,UInt,3AxisScrewEncoderWarning_02,EXPORT/HMI tags/OP010/Alarm/WarningWord.xml,WarningWord
100 ms,CPU S71500-2PN_TP700,,Word,UInt,HeatingWarning_01,EXPORT/HMI tags/OP010/Alarm/WarningWord.xml,WarningWord
100 ms,CPU S71500-2PN_TP700,,Word,UInt,HeatingWarning_02,EXPORT/HMI tags/OP010/Alarm/WarningWord.xml,WarningWord
100 ms,CPU S71500-2PN_TP700,,Word,UInt,PressurizedOilAirCylinderWarning_01,EXPORT/HMI tags/OP010/Alarm/WarningWord.xml,WarningWord
100 ms,CPU S71500-2PN_TP700,,Word,UInt,PressurizedOilAirCylinderWarning_02,EXPORT/HMI tags/OP010/Alarm/WarningWord.xml,WarningWord
100 ms,CPU S71500-2PN_TP700,,Word,UInt,MobyWarning_01,EXPORT/HMI tags/OP010/Alarm/WarningWord.xml,WarningWord
100 ms,CPU S71500-2PN_TP700,,Word,UInt,MobyWarning_02,EXPORT/HMI tags/OP010/Alarm/WarningWord.xml,WarningWord
100 ms,CPU S71500-2PN_TP700,,Word,UInt,IPC_Warning_01,EXPORT/HMI tags/OP010/Alarm/WarningWord.xml,WarningWord
100 ms,CPU S71500-2PN_TP700,,Word,UInt,IPC_Warning_02,EXPORT/HMI tags/OP010/Alarm/WarningWord.xml,WarningWord
100 ms,CPU S71500-2PN_TP700,,Word,UInt,ValveIslandWarning_01,EXPORT/HMI tags/OP010/Alarm/WarningWord.xml,WarningWord
100 ms,CPU S71500-2PN_TP700,,Word,UInt,ValveIslandWarning_02,EXPORT/HMI tags/OP010/Alarm/WarningWord.xml,WarningWord
100 ms,CPU S71500-2PN_TP700,,Word,UInt,RFIDWarning_01,EXPORT/HMI tags/OP010/Alarm/WarningWord.xml,WarningWord
100 ms,CPU S71500-2PN_TP700,,Word,UInt,RFIDWarning_02,EXPORT/HMI tags/OP010/Alarm/WarningWord.xml,WarningWord
100 ms,CPU S71500-2PN_TP700,,Word,UInt,RemoteI_O_Warning_01,EXPORT/HMI tags/OP010/Alarm/WarningWord.xml,WarningWord
100 ms,CPU S71500-2PN_TP700,,Word,UInt,RemoteI_O_Warning_02,EXPORT/HMI tags/OP010/Alarm/WarningWord.xml,WarningWord
100 ms,CPU S71500-2PN_TP700,,Word,UInt,DP_PN_SlaveStationWarning_01,EXPORT/HMI tags/OP010/Alarm/WarningWord.xml,WarningWord
100 ms,CPU S71500-2PN_TP700,,Word,UInt,DP_PN_SlaveStationWarning_02,EXPORT/HMI tags/OP010/Alarm/WarningWord.xml,WarningWord
100 ms,CPU S71500-2PN_TP700,,Word,UInt,MSCOMM_Warning_01,EXPORT/HMI tags/OP010/Alarm/WarningWord.xml,WarningWord
100 ms,CPU S71500-2PN_TP700,,Word,UInt,MSCOMM_Warning_02,EXPORT/HMI tags/OP010/Alarm/WarningWord.xml,WarningWord
100 ms,CPU S71500-2PN_TP700,,Word,UInt,FlowtesterWarning_01,EXPORT/HMI tags/OP010/Alarm/WarningWord.xml,WarningWord
100 ms,CPU S71500-2PN_TP700,,Word,UInt,FlowtesterWarning_02,EXPORT/HMI tags/OP010/Alarm/WarningWord.xml,WarningWord
100 ms,CPU S71500-2PN_TP700,,Word,UInt,CurrentsTesterWarning_01,EXPORT/HMI tags/OP010/Alarm/WarningWord.xml,WarningWord
100 ms,CPU S71500-2PN_TP700,,Word,UInt,CurrentsTesterWarning_02,EXPORT/HMI tags/OP010/Alarm/WarningWord.xml,WarningWord
100 ms,CPU S71500-2PN_TP700,,Word,UInt,VoltageTesterWarning_01,EXPORT/HMI tags/OP010/Alarm/WarningWord.xml,WarningWord
100 ms,CPU S71500-2PN_TP700,,Word,UInt,VoltageTesterWarning_02,EXPORT/HMI tags/OP010/Alarm/WarningWord.xml,WarningWord
100 ms,CPU S71500-2PN_TP700,,Word,UInt,InductanceTesterWarning_01,EXPORT/HMI tags/OP010/Alarm/WarningWord.xml,WarningWord
100 ms,CPU S71500-2PN_TP700,,Word,UInt,InductanceTesterWarning_02,EXPORT/HMI tags/OP010/Alarm/WarningWord.xml,WarningWord
100 ms,CPU S71500-2PN_TP700,,Word,UInt,ResistanceTesterWarning_01,EXPORT/HMI tags/OP010/Alarm/WarningWord.xml,WarningWord
100 ms,CPU S71500-2PN_TP700,,Word,UInt,ResistanceTesterWarning_02,EXPORT/HMI tags/OP010/Alarm/WarningWord.xml,WarningWord
100 ms,CPU S71500-2PN_TP700,,Word,UInt,LCR_TesterWarning_01,EXPORT/HMI tags/OP010/Alarm/WarningWord.xml,WarningWord
100 ms,CPU S71500-2PN_TP700,,Word,UInt,LCR_TesterWarning_02,EXPORT/HMI tags/OP010/Alarm/WarningWord.xml,WarningWord
100 ms,CPU S71500-2PN_TP700,,Word,UInt,PressureDisplacementMonitorWarning_01,EXPORT/HMI tags/OP010/Alarm/WarningWord.xml,WarningWord
100 ms,CPU S71500-2PN_TP700,,Word,UInt,PressureDisplacementMonitorWarning_02,EXPORT/HMI tags/OP010/Alarm/WarningWord.xml,WarningWord
100 ms,CPU S71500-2PN_TP700,,Word,UInt,UltrasonicWeldingWarning_01,EXPORT/HMI tags/OP010/Alarm/WarningWord.xml,WarningWord
100 ms,CPU S71500-2PN_TP700,,Word,UInt,UltrasonicWeldingWarning_02,EXPORT/HMI tags/OP010/Alarm/WarningWord.xml,WarningWord
100 ms,CPU S71500-2PN_TP700,,Word,UInt,ElectricResistanceWeldingWarning_01,EXPORT/HMI tags/OP010/Alarm/WarningWord.xml,WarningWord
100 ms,CPU S71500-2PN_TP700,,Word,UInt,ElectricResistanceWeldingWarning_02,EXPORT/HMI tags/OP010/Alarm/WarningWord.xml,WarningWord
1 s,CPU S71500-2PN_TP700,Parameter.AxisRun.Axis[1],ServoType_UDT,ServoType_UDT,Parameter_AxisRun_Axis{1},EXPORT/HMI tags/OP010/ChangeOver/Axis.xml,Axis
1 s,CPU S71500-2PN_TP700,Parameter.AxisRun.Axis[2],ServoType_UDT,ServoType_UDT,Parameter_AxisRun_Axis{2},EXPORT/HMI tags/OP010/ChangeOver/Axis.xml,Axis
1 s,CPU S71500-2PN_TP700,Parameter.AxisRun.Axis[3],ServoType_UDT,ServoType_UDT,Parameter_AxisRun_Axis{3},EXPORT/HMI tags/OP010/ChangeOver/Axis.xml,Axis
1 s,CPU S71500-2PN_TP700,Parameter.AxisRun.Axis[4],ServoType_UDT,ServoType_UDT,Parameter_AxisRun_Axis{4},EXPORT/HMI tags/OP010/ChangeOver/Axis.xml,Axis
1 s,CPU S71500-2PN_TP700,Parameter.AxisRun.Axis[5],ServoType_UDT,ServoType_UDT,Parameter_AxisRun_Axis{5},EXPORT/HMI tags/OP010/ChangeOver/Axis.xml,Axis
1 s,CPU S71500-2PN_TP700,Parameter.AxisRun.Axis[6],ServoType_UDT,ServoType_UDT,Parameter_AxisRun_Axis{6},EXPORT/HMI tags/OP010/ChangeOver/Axis.xml,Axis
1 s,CPU S71500-2PN_TP700,Parameter.AxisRun.Axis[7],ServoType_UDT,ServoType_UDT,Parameter_AxisRun_Axis{7},EXPORT/HMI tags/OP010/ChangeOver/Axis.xml,Axis
1 s,CPU S71500-2PN_TP700,Parameter.AxisRun.Axis[8],ServoType_UDT,ServoType_UDT,Parameter_AxisRun_Axis{8},EXPORT/HMI tags/OP010/ChangeOver/Axis.xml,Axis
1 s,CPU S71500-2PN_TP700,Parameter.AxisRun.Axis[9],ServoType_UDT,ServoType_UDT,Parameter_AxisRun_Axis{9},EXPORT/HMI tags/OP010/ChangeOver/Axis.xml,Axis
1 s,CPU S71500-2PN_TP700,Parameter.AxisRun.Axis[10],ServoType_UDT,ServoType_UDT,Parameter_AxisRun_Axis{10},EXPORT/HMI tags/OP010/ChangeOver/Axis.xml,Axis
1 s,CPU S71500-2PN_TP700,Parameter.AxisRun.Axis[11],ServoType_UDT,ServoType_UDT,Parameter_AxisRun_Axis{11},EXPORT/HMI tags/OP010/ChangeOver/Axis.xml,Axis
1 s,CPU S71500-2PN_TP700,Parameter.AxisRun.Axis[12],ServoType_UDT,ServoType_UDT,Parameter_AxisRun_Axis{12},EXPORT/HMI tags/OP010/ChangeOver/Axis.xml,Axis
1 s,CPU S71500-2PN_TP700,Parameter.AxisRun.Axis[13],ServoType_UDT,ServoType_UDT,Parameter_AxisRun_Axis{13},EXPORT/HMI tags/OP010/ChangeOver/Axis.xml,Axis
1 s,CPU S71500-2PN_TP700,Parameter.AxisRun.Axis[14],ServoType_UDT,ServoType_UDT,Parameter_AxisRun_Axis{14},EXPORT/HMI tags/OP010/ChangeOver/Axis.xml,Axis
1 s,CPU S71500-2PN_TP700,Parameter.AxisRun.Axis[15],ServoType_UDT,ServoType_UDT,Parameter_AxisRun_Axis{15},EXPORT/HMI tags/OP010/ChangeOver/Axis.xml,Axis
1 s,CPU S71500-2PN_TP700,ST10_RecipeDB_HMI.ParameterElement.R1GripperFixtureCode,Array [0..6] of String,WString,ST10_RecipeDB_HMI_ParameterElement_R1GripperFixtureCode,EXPORT/HMI tags/OP010/ChangeOver/HMI_Tool.xml,HMI_Tool
1 s,CPU S71500-2PN_TP700,ST10_RecipeDB_HMI.ParameterElement.R2GripperFixtureCode,Array [0..6] of String,WString,ST10_RecipeDB_HMI_ParameterElement_R2GripperFixtureCode,EXPORT/HMI tags/OP010/ChangeOver/HMI_Tool.xml,HMI_Tool
1 s,CPU S71500-2PN_TP700,ST10_RecipeDB_HMI.ParameterElement.R3GripperFixtureCode,Array [0..6] of String,WString,ST10_RecipeDB_HMI_ParameterElement_R3GripperFixtureCode,EXPORT/HMI tags/OP010/ChangeOver/HMI_Tool.xml,HMI_Tool
1 s,CPU S71500-2PN_TP700,ST10_RecipeDB_HMI.ParameterElement.A1RingUnloadingFixtureCode,String,WString,ST10_RecipeDB_HMI_ParameterElement_A1RingUnloadingFixtureCode,EXPORT/HMI tags/OP010/ChangeOver/HMI_Tool.xml,HMI_Tool
1 s,CPU S71500-2PN_TP700,ST10_RecipeDB_HMI.ParameterElement.E1LoadingNGFixtureCode,String,WString,ST10_RecipeDB_HMI_ParameterElement_E1LoadingNGFixtureCode,EXPORT/HMI tags/OP010/ChangeOver/HMI_Tool.xml,HMI_Tool
1 s,CPU S71500-2PN_TP700,ST10_RecipeDB_HMI.ParameterElement.ShaftScanFixtureCode,String,WString,ST10_RecipeDB_HMI_ParameterElement_ShaftScanFixtureCode,EXPORT/HMI tags/OP010/ChangeOver/HMI_Tool.xml,HMI_Tool
1 s,CPU S71500-2PN_TP700,ST10_RecipeDB_HMI.ParameterElement.B1PressFixtureCode,String,WString,ST10_RecipeDB_HMI_ParameterElement_B1PressFixtureCode,EXPORT/HMI tags/OP010/ChangeOver/HMI_Tool.xml,HMI_Tool
1 s,CPU S71500-2PN_TP700,ST10_RecipeDB_HMI.ParameterElement.CGlueFixtureCode,String,WString,ST10_RecipeDB_HMI_ParameterElement_CGlueFixtureCode,EXPORT/HMI tags/OP010/ChangeOver/HMI_Tool.xml,HMI_Tool
1 s,CPU S71500-2PN_TP700,ST10_RecipeDB_HMI.ParameterElement.B1PressCylFixtureCode,String,WString,ST10_RecipeDB_HMI_ParameterElement_B1PressCylFixtureCode,EXPORT/HMI tags/OP010/ChangeOver/HMI_Tool.xml,HMI_Tool
1 s,CPU S71500-2PN_TP700,ST10_RecipeDB_HMI.ParameterElement.A2RingUnloadingFixtureCode,String,WString,ST10_RecipeDB_HMI_ParameterElement_A2RingUnloadingFixtureCode,EXPORT/HMI tags/OP010/ChangeOver/HMI_Tool.xml,HMI_Tool
1 s,CPU S71500-2PN_TP700,ST10_RecipeDB_HMI.ParameterElement.E2UnloadingNGFixtureCode,String,WString,ST10_RecipeDB_HMI_ParameterElement_E2UnloadingNGFixtureCode,EXPORT/HMI tags/OP010/ChangeOver/HMI_Tool.xml,HMI_Tool
1 s,CPU S71500-2PN_TP700,ST10_RecipeDB_HMI.ParameterElement.B2PressFixtureCode,String,WString,ST10_RecipeDB_HMI_ParameterElement_B2PressFixtureCode,EXPORT/HMI tags/OP010/ChangeOver/HMI_Tool.xml,HMI_Tool
1 s,CPU S71500-2PN_TP700,ST10_RecipeDB_HMI.ParameterElement.CGlueNGFixtureCode,String,WString,ST10_RecipeDB_HMI_ParameterElement_CGlueNGFixtureCode,EXPORT/HMI tags/OP010/ChangeOver/HMI_Tool.xml,HMI_Tool
1 s,CPU S71500-2PN_TP700,ST10_RecipeDB_HMI.ParameterElement.B2PressCylFixtureCode,String,WString,ST10_RecipeDB_HMI_ParameterElement_B2PressCylFixtureCode,EXPORT/HMI tags/OP010/ChangeOver/HMI_Tool.xml,HMI_Tool
1 s,CPU S71500-2PN_TP700,ST10_RecipeDB_HMI.ParameterElement.A1_TableFixtureCode,Array [0..10] of String,WString,ST10_RecipeDB_HMI_ParameterElement_A1_TableFixtureCode,EXPORT/HMI tags/OP010/ChangeOver/HMI_Tool.xml,HMI_Tool
1 s,CPU S71500-2PN_TP700,ST10_RecipeDB_HMI.ParameterElement.A2_TableFixtureCode,Array [0..10] of String,WString,ST10_RecipeDB_HMI_ParameterElement_A2_TableFixtureCode,EXPORT/HMI tags/OP010/ChangeOver/HMI_Tool.xml,HMI_Tool
1 s,CPU S71500-2PN_TP700,ST10_RecipeDB.Recipe.Equal,Bool,Bool,RecipeDB_Recipe_Equal,EXPORT/HMI tags/OP010/ChangeOver/ST350_ChangeOver.xml,ST350_ChangeOver
1 s,CPU S71500-2PN_TP700,ST10_RecipeDB.Recipe.PreConfigType,String,WString,RecipeDB_Recipe_PreConfigType,EXPORT/HMI tags/OP010/ChangeOver/ST350_ChangeOver.xml,ST350_ChangeOver
100 ms,CPU S71500-2PN_TP700,ST10_RecipeDB.Recipe.Pulse,Bool,Bool,RecipeDB_Recipe_Pulse,EXPORT/HMI tags/OP010/ChangeOver/ST350_ChangeOver.xml,ST350_ChangeOver
1 s,CPU S71500-2PN_TP700,ST10_RecipeDB.Recipe.RecipeTag,String,WString,RecipeDB_Recipe_RecipeTag,EXPORT/HMI tags/OP010/ChangeOver/ST350_ChangeOver.xml,ST350_ChangeOver
1 s,CPU S71500-2PN_TP700,ST10_RecipeDB.Recipe.RecordName,String,WString,RecipeDB_Recipe_RecordName,EXPORT/HMI tags/OP010/ChangeOver/ST350_ChangeOver.xml,ST350_ChangeOver
1 s,CPU S71500-2PN_TP700,ST10_RecipeDB.Recipe.Trigger,Bool,Bool,RecipeDB_Recipe_Trigger,EXPORT/HMI tags/OP010/ChangeOver/ST350_ChangeOver.xml,ST350_ChangeOver
1 s,CPU S71500-2PN_TP700,ST10_RecipeDB.Recipe.DataRecord_TransferStatus,Int,Int,RecipeDB_Recipe_DataRecord_TransferStatus,EXPORT/HMI tags/OP010/ChangeOver/ST350_ChangeOver.xml,ST350_ChangeOver
1 s,,,Int,Int,Recipe_Processing_status,EXPORT/HMI tags/OP010/ChangeOver/ST350_ChangeOver.xml,ST350_ChangeOver
1 s,CPU S71500-2PN_TP700,ST10_GeneralData.FixtureIDCheck[1],FixtureCheck_UDT,FixtureCheck_UDT,STxxx_GeneralData_FixtureIDCheck{1},EXPORT/HMI tags/OP010/ChangeOver/ST350_FixtureCheck.xml,ST350_FixtureCheck
1 s,CPU S71500-2PN_TP700,ST10_GeneralData.FixtureIDCheck[2],FixtureCheck_UDT,FixtureCheck_UDT,STxxx_GeneralData_FixtureIDCheck{2},EXPORT/HMI tags/OP010/ChangeOver/ST350_FixtureCheck.xml,ST350_FixtureCheck
1 s,CPU S71500-2PN_TP700,ST10_GeneralData.FixtureIDCheck[3],FixtureCheck_UDT,FixtureCheck_UDT,STxxx_GeneralData_FixtureIDCheck{3},EXPORT/HMI tags/OP010/ChangeOver/ST350_FixtureCheck.xml,ST350_FixtureCheck
1 s,CPU S71500-2PN_TP700,ST10_GeneralData.FixtureIDCheck[4],FixtureCheck_UDT,FixtureCheck_UDT,STxxx_GeneralData_FixtureIDCheck{4},EXPORT/HMI tags/OP010/ChangeOver/ST350_FixtureCheck.xml,ST350_FixtureCheck
1 s,CPU S71500-2PN_TP700,ST10_GeneralData.FixtureIDCheck[5],FixtureCheck_UDT,FixtureCheck_UDT,STxxx_GeneralData_FixtureIDCheck{5},EXPORT/HMI tags/OP010/ChangeOver/ST350_FixtureCheck.xml,ST350_FixtureCheck
1 s,CPU S71500-2PN_TP700,ST10_GeneralData.FixtureIDCheck[6],FixtureCheck_UDT,FixtureCheck_UDT,STxxx_GeneralData_FixtureIDCheck{6},EXPORT/HMI tags/OP010/ChangeOver/ST350_FixtureCheck.xml,ST350_FixtureCheck
1 s,CPU S71500-2PN_TP700,ST10_GeneralData.FixtureIDCheck[7],FixtureCheck_UDT,FixtureCheck_UDT,STxxx_GeneralData_FixtureIDCheck{7},EXPORT/HMI tags/OP010/ChangeOver/ST350_FixtureCheck.xml,ST350_FixtureCheck
1 s,CPU S71500-2PN_TP700,ST10_GeneralData.FixtureIDCheck[8],FixtureCheck_UDT,FixtureCheck_UDT,STxxx_GeneralData_FixtureIDCheck{8},EXPORT/HMI tags/OP010/ChangeOver/ST350_FixtureCheck.xml,ST350_FixtureCheck
1 s,CPU S71500-2PN_TP700,ST10_GeneralData.FixtureIDCheck[9],FixtureCheck_UDT,FixtureCheck_UDT,STxxx_GeneralData_FixtureIDCheck{9},EXPORT/HMI tags/OP010/ChangeOver/ST350_FixtureCheck.xml,ST350_FixtureCheck
1 s,CPU S71500-2PN_TP700,ST10_GeneralData.FixtureIDCheck[10],FixtureCheck_UDT,FixtureCheck_UDT,STxxx_GeneralData_FixtureIDCheck{10},EXPORT/HMI tags/OP010/ChangeOver/ST350_FixtureCheck.xml,ST350_FixtureCheck
1 s,CPU S71500-2PN_TP700,ST10_GeneralData.FixtureIDCheck[11],FixtureCheck_UDT,FixtureCheck_UDT,STxxx_GeneralData_FixtureIDCheck{11},EXPORT/HMI tags/OP010/ChangeOver/ST350_FixtureCheck.xml,ST350_FixtureCheck
1 s,CPU S71500-2PN_TP700,ST10_GeneralData.FixtureIDCheck[12],FixtureCheck_UDT,FixtureCheck_UDT,STxxx_GeneralData_FixtureIDCheck{12},EXPORT/HMI tags/OP010/ChangeOver/ST350_FixtureCheck.xml,ST350_FixtureCheck
1 s,CPU S71500-2PN_TP700,ST10_GeneralData.FixtureIDCheck[13],FixtureCheck_UDT,FixtureCheck_UDT,STxxx_GeneralData_FixtureIDCheck{13},EXPORT/HMI tags/OP010/ChangeOver/ST350_FixtureCheck.xml,ST350_FixtureCheck
1 s,CPU S71500-2PN_TP700,ST10_GeneralData.FixtureIDCheck[14],FixtureCheck_UDT,FixtureCheck_UDT,STxxx_GeneralData_FixtureIDCheck{14},EXPORT/HMI tags/OP010/ChangeOver/ST350_FixtureCheck.xml,ST350_FixtureCheck
1 s,CPU S71500-2PN_TP700,ST10_GeneralData.FixtureIDCheck[15],FixtureCheck_UDT,FixtureCheck_UDT,STxxx_GeneralData_FixtureIDCheck{15},EXPORT/HMI tags/OP010/ChangeOver/ST350_FixtureCheck.xml,ST350_FixtureCheck
1 s,CPU S71500-2PN_TP700,ST10_GeneralData.FixtureIDCheck[16],FixtureCheck_UDT,FixtureCheck_UDT,STxxx_GeneralData_FixtureIDCheck{16},EXPORT/HMI tags/OP010/ChangeOver/ST350_FixtureCheck.xml,ST350_FixtureCheck
1 s,CPU S71500-2PN_TP700,ST10_RecipeDB.ParameterElement.TypeID,USInt,USInt,RecipeDB_ParameterElement_TypeID,EXPORT/HMI tags/OP010/ChangeOver/ST350_Recpie.xml,ST350_Recpie
1 s,CPU S71500-2PN_TP700,ST10_RecipeDB.ParameterElement.TypeName,String,WString,RecipeDB_ParameterElement_TypeName,EXPORT/HMI tags/OP010/ChangeOver/ST350_Recpie.xml,ST350_Recpie
1 s,CPU S71500-2PN_TP700,ST10_RecipeDB.ParameterElement.FixtureID[1],Byte,USInt,STxxx_RecipeDB_ParameterElement_FixtureID{1},EXPORT/HMI tags/OP010/ChangeOver/ST350_Recpie.xml,ST350_Recpie
1 s,,,WString,WString,Spare,EXPORT/HMI tags/OP010/ChangeOver/ST350_Recpie.xml,ST350_Recpie
1 s,CPU S71500-2PN_TP700,ST10_RecipeDB.ParameterElement.A1_TableFixtureCode,Array [0..10] of String,WString,ST10_RecipeDB_ParameterElement_A1_TableFixtureCode,EXPORT/HMI tags/OP010/ChangeOver/ST350_Recpie.xml,ST350_Recpie
1 s,CPU S71500-2PN_TP700,ST10_RecipeDB.ParameterElement.A2_TableFixtureCode,Array [0..10] of String,WString,ST10_RecipeDB_ParameterElement_A2_TableFixtureCode,EXPORT/HMI tags/OP010/ChangeOver/ST350_Recpie.xml,ST350_Recpie
1 s,CPU S71500-2PN_TP700,ST10_RecipeDB.ParameterElement.A1RingUnloadingFixtureCode,String,WString,ST10_RecipeDB_ParameterElement_A1RingUnloadingFixtureCode,EXPORT/HMI tags/OP010/ChangeOver/ST350_Recpie.xml,ST350_Recpie
1 s,CPU S71500-2PN_TP700,ST10_RecipeDB.ParameterElement.E1LoadingNGFixtureCode,String,WString,ST10_RecipeDB_ParameterElement_E1LoadingNGFixtureCode,EXPORT/HMI tags/OP010/ChangeOver/ST350_Recpie.xml,ST350_Recpie
1 s,CPU S71500-2PN_TP700,ST10_RecipeDB.ParameterElement.ShaftScanFixtureCode,String,WString,ST10_RecipeDB_ParameterElement_ShaftScanFixtureCode,EXPORT/HMI tags/OP010/ChangeOver/ST350_Recpie.xml,ST350_Recpie
1 s,CPU S71500-2PN_TP700,ST10_RecipeDB.ParameterElement.B1PressFixtureCode,String,WString,ST10_RecipeDB_ParameterElement_B1PressFixtureCode,EXPORT/HMI tags/OP010/ChangeOver/ST350_Recpie.xml,ST350_Recpie
1 s,CPU S71500-2PN_TP700,ST10_RecipeDB.ParameterElement.CGlueFixtureCode,String,WString,ST10_RecipeDB_ParameterElement_CGlueFixtureCode,EXPORT/HMI tags/OP010/ChangeOver/ST350_Recpie.xml,ST350_Recpie
1 s,CPU S71500-2PN_TP700,ST10_RecipeDB.ParameterElement.B1PressCylFixtureCode,String,WString,ST10_RecipeDB_ParameterElement_B1PressCylFixtureCode,EXPORT/HMI tags/OP010/ChangeOver/ST350_Recpie.xml,ST350_Recpie
1 s,CPU S71500-2PN_TP700,ST10_RecipeDB.ParameterElement.A2RingUnloadingFixtureCode,String,WString,ST10_RecipeDB_ParameterElement_A2RingUnloadingFixtureCode,EXPORT/HMI tags/OP010/ChangeOver/ST350_Recpie.xml,ST350_Recpie
1 s,CPU S71500-2PN_TP700,ST10_RecipeDB.ParameterElement.E2UnloadingNGFixtureCode,String,WString,ST10_RecipeDB_ParameterElement_E2UnloadingNGFixtureCode,EXPORT/HMI tags/OP010/ChangeOver/ST350_Recpie.xml,ST350_Recpie
1 s,CPU S71500-2PN_TP700,ST10_RecipeDB.ParameterElement.B2PressFixtureCode,String,WString,ST10_RecipeDB_ParameterElement_B2PressFixtureCode,EXPORT/HMI tags/OP010/ChangeOver/ST350_Recpie.xml,ST350_Recpie
1 s,CPU S71500-2PN_TP700,ST10_RecipeDB.ParameterElement.CGlueNGFixtureCode,String,WString,ST10_RecipeDB_ParameterElement_CGlueNGFixtureCode,EXPORT/HMI tags/OP010/ChangeOver/ST350_Recpie.xml,ST350_Recpie
1 s,CPU S71500-2PN_TP700,ST10_RecipeDB.ParameterElement.B2PressCylFixtureCode,String,WString,ST10_RecipeDB_ParameterElement_B2PressCylFixtureCode,EXPORT/HMI tags/OP010/ChangeOver/ST350_Recpie.xml,ST350_Recpie
1 s,CPU S71500-2PN_TP700,ST10_RecipeDB.ParameterElement.B1PressProgram,Int,Int,ST10_RecipeDB_ParameterElement_B1PressProgram,EXPORT/HMI tags/OP010/ChangeOver/ST350_Recpie.xml,ST350_Recpie
1 s,CPU S71500-2PN_TP700,ST10_RecipeDB.ParameterElement.B2PressProgram,Int,Int,ST10_RecipeDB_ParameterElement_B2PressProgram,EXPORT/HMI tags/OP010/ChangeOver/ST350_Recpie.xml,ST350_Recpie
1 s,CPU S71500-2PN_TP700,ST10_RecipeDB.ParameterElement.CGlueShaftIV3Program_1,Word,UInt,ST10_RecipeDB_ParameterElement_CGlueShaftIV3Program_1,EXPORT/HMI tags/OP010/ChangeOver/ST350_Recpie.xml,ST350_Recpie
1 s,CPU S71500-2PN_TP700,ST10_RecipeDB.ParameterElement.CGlueShaftIV3Program_2,Word,UInt,ST10_RecipeDB_ParameterElement_CGlueShaftIV3Program_2,EXPORT/HMI tags/OP010/ChangeOver/ST350_Recpie.xml,ST350_Recpie
1 s,CPU S71500-2PN_TP700,ST10_RecipeDB.ParameterElement.CGlueShaftIV3Program_3,Word,UInt,ST10_RecipeDB_ParameterElement_CGlueShaftIV3Program_3,EXPORT/HMI tags/OP010/ChangeOver/ST350_Recpie.xml,ST350_Recpie
1 s,CPU S71500-2PN_TP700,ST10_RecipeDB.ParameterElement.CGlueShaftIV3Program_4,Word,UInt,ST10_RecipeDB_ParameterElement_CGlueShaftIV3Program_4,EXPORT/HMI tags/OP010/ChangeOver/ST350_Recpie.xml,ST350_Recpie
1 s,CPU S71500-2PN_TP700,ST10_RecipeDB.ParameterElement.CGlueMagnetIV3Program,Word,UInt,ST10_RecipeDB_ParameterElement_CGlueMagnetIV3Program,EXPORT/HMI tags/OP010/ChangeOver/ST350_Recpie.xml,ST350_Recpie
1 s,CPU S71500-2PN_TP700,ST10_RecipeDB.ParameterElement.CGlueProgram,Int,Int,ST10_RecipeDB_ParameterElement_CGlueProgram,EXPORT/HMI tags/OP010/ChangeOver/ST350_Recpie.xml,ST350_Recpie
1 s,CPU S71500-2PN_TP700,AutoProcessData.GripperCode_R1[1],String,WString,AutoProcessData_Gripper1_LCode_R1[1],EXPORT/HMI tags/OP010/ChangeOver/ST350_Recpie.xml,ST350_Recpie
1 s,CPU S71500-2PN_TP700,AutoProcessData.GripperCode_R1[2],String,WString,AutoProcessData_Gripper1_RCode_R1[2],EXPORT/HMI tags/OP010/ChangeOver/ST350_Recpie.xml,ST350_Recpie
1 s,CPU S71500-2PN_TP700,AutoProcessData.GripperCode_R1[3],String,WString,AutoProcessData_Gripper2_LCode_R1[3],EXPORT/HMI tags/OP010/ChangeOver/ST350_Recpie.xml,ST350_Recpie
1 s,CPU S71500-2PN_TP700,AutoProcessData.GripperCode_R1[4],String,WString,AutoProcessData_Gripper2_RCode_R1[4],EXPORT/HMI tags/OP010/ChangeOver/ST350_Recpie.xml,ST350_Recpie
1 s,CPU S71500-2PN_TP700,AutoProcessData.GripperCode_R2[1],String,WString,AutoProcessData_Gripper1_LCode_R2[1],EXPORT/HMI tags/OP010/ChangeOver/ST350_Recpie.xml,ST350_Recpie
1 s,CPU S71500-2PN_TP700,AutoProcessData.GripperCode_R2[2],String,WString,AutoProcessData_Gripper1_RCode_R2[2],EXPORT/HMI tags/OP010/ChangeOver/ST350_Recpie.xml,ST350_Recpie
1 s,CPU S71500-2PN_TP700,AutoProcessData.GripperCode_R2[3],String,WString,AutoProcessData_Gripper2_LCode_R2[3],EXPORT/HMI tags/OP010/ChangeOver/ST350_Recpie.xml,ST350_Recpie
1 s,CPU S71500-2PN_TP700,AutoProcessData.GripperCode_R2[4],String,WString,AutoProcessData_Gripper2_RCode_R2[4],EXPORT/HMI tags/OP010/ChangeOver/ST350_Recpie.xml,ST350_Recpie
1 s,CPU S71500-2PN_TP700,AutoProcessData.GripperCode_R3[1],String,WString,AutoProcessData_Gripper1_LCode_R3[1],EXPORT/HMI tags/OP010/ChangeOver/ST350_Recpie.xml,ST350_Recpie
1 s,CPU S71500-2PN_TP700,AutoProcessData.GripperCode_R3[2],String,WString,AutoProcessData_Gripper1_RCode_R3[2],EXPORT/HMI tags/OP010/ChangeOver/ST350_Recpie.xml,ST350_Recpie
1 s,CPU S71500-2PN_TP700,AutoProcessData.GripperCode_R3[3],String,WString,AutoProcessData_Gripper2_LCode_R3[3],EXPORT/HMI tags/OP010/ChangeOver/ST350_Recpie.xml,ST350_Recpie
1 s,CPU S71500-2PN_TP700,AutoProcessData.GripperCode_R3[4],String,WString,AutoProcessData_Gripper2_RCode_R3[4],EXPORT/HMI tags/OP010/ChangeOver/ST350_Recpie.xml,ST350_Recpie
1 s,CPU S71500-2PN_TP700,ST10_RecipeDB.ParameterElement.R1GripperFixtureCode,Array [0..6] of String,WString,ST10_RecipeDB_ParameterElement_R1GripperFixtureCode,EXPORT/HMI tags/OP010/ChangeOver/ST350_Recpie.xml,ST350_Recpie
1 s,CPU S71500-2PN_TP700,ST10_RecipeDB.ParameterElement.R2GripperFixtureCode,Array [0..6] of String,WString,ST10_RecipeDB_ParameterElement_R2GripperFixtureCode,EXPORT/HMI tags/OP010/ChangeOver/ST350_Recpie.xml,ST350_Recpie
1 s,CPU S71500-2PN_TP700,ST10_RecipeDB.ParameterElement.R3GripperFixtureCode,Array [0..6] of String,WString,ST10_RecipeDB_ParameterElement_R3GripperFixtureCode,EXPORT/HMI tags/OP010/ChangeOver/ST350_Recpie.xml,ST350_Recpie
100 ms,CPU S71500-2PN_TP700,ST10_PLC_GetDB.InData.Global.Beat,Bool,Bool,ST10_PLC_GetDB_InData_Global_Beat,EXPORT/HMI tags/OP010/Device/CuringOven.xml,CuringOven
100 ms,CPU S71500-2PN_TP700,ST10_PLC_GetDB.InData.Global.AutoRunning,Bool,Bool,ST10_PLC_GetDB_InData_Global_AutoRunning,EXPORT/HMI tags/OP010/Device/CuringOven.xml,CuringOven
100 ms,CPU S71500-2PN_TP700,ST10_PLC_GetDB.InData.Global.Alarm,Bool,Bool,ST10_PLC_GetDB_InData_Global_Alarm,EXPORT/HMI tags/OP010/Device/CuringOven.xml,CuringOven
100 ms,CPU S71500-2PN_TP700,ST10_PLC_GetDB.InData.Global.SystemStandby,Bool,Bool,ST10_PLC_GetDB_InData_Global_SystemStandby,EXPORT/HMI tags/OP010/Device/CuringOven.xml,CuringOven
100 ms,CPU S71500-2PN_TP700,ST10_PLC_GetDB.InData.Global.AutoMode,Bool,Bool,ST10_PLC_GetDB_InData_Global_AutoMode,EXPORT/HMI tags/OP010/Device/CuringOven.xml,CuringOven
100 ms,CPU S71500-2PN_TP700,ST10_PLC_GetDB.InData.Global.ManualMode,Bool,Bool,ST10_PLC_GetDB_InData_Global_ManualMode,EXPORT/HMI tags/OP010/Device/CuringOven.xml,CuringOven
100 ms,CPU S71500-2PN_TP700,ST10_PLC_GetDB.InData.Control.AskPallet,Bool,Bool,ST10_PLC_GetDB_InData_Control_AskPallet,EXPORT/HMI tags/OP010/Device/CuringOven.xml,CuringOven
100 ms,CPU S71500-2PN_TP700,ST10_PLC_GetDB.InData.Control.PalletInPos,Bool,Bool,ST10_PLC_GetDB_InData_Control_PalletInPos,EXPORT/HMI tags/OP010/Device/CuringOven.xml,CuringOven
100 ms,CPU S71500-2PN_TP700,ST10_PLC_GetDB.InData.Data.CurrentTemperature_1,Int,Int,ST10_PLC_GetDB_InData_Data_CurrentTemperature_1,EXPORT/HMI tags/OP010/Device/CuringOven.xml,CuringOven
100 ms,CPU S71500-2PN_TP700,ST10_PLC_GetDB.InData.Data.CurrentTemperature_2,Int,Int,ST10_PLC_GetDB_InData_Data_CurrentTemperature_2,EXPORT/HMI tags/OP010/Device/CuringOven.xml,CuringOven
100 ms,CPU S71500-2PN_TP700,ST10_PLC_GetDB.InData.Data.SetTemperature,Int,Int,ST10_PLC_GetDB_InData_Data_SetTemperature,EXPORT/HMI tags/OP010/Device/CuringOven.xml,CuringOven
100 ms,CPU S71500-2PN_TP700,ST10_PLC_GetDB.InData.Data.SetSolidifyTime,Int,Int,ST10_PLC_GetDB_InData_Data_SetSolidifyTime,EXPORT/HMI tags/OP010/Device/CuringOven.xml,CuringOven
100 ms,CPU S71500-2PN_TP700,ST10_PLC_GetDB.InData.Data.ActualSolidifyTime,Int,Int,ST10_PLC_GetDB_InData_Data_ActualSolidifyTime,EXPORT/HMI tags/OP010/Device/CuringOven.xml,CuringOven
1 s,CPU S71500-2PN_TP700,GluingControl.Input.GluingDeviceReady,Bool,Bool,GluingControl_Input_GluingDeviceReady,EXPORT/HMI tags/OP010/Device/Glue.xml,Glue
1 s,CPU S71500-2PN_TP700,GluingControl.Input.GluingFault,Bool,Bool,GluingControl_Input_GluingFault,EXPORT/HMI tags/OP010/Device/Glue.xml,Glue
1 s,CPU S71500-2PN_TP700,GluingControl.Input.GluingRefillTank,Bool,Bool,GluingControl_Input_GluingRefillTank,EXPORT/HMI tags/OP010/Device/Glue.xml,Glue
1 s,CPU S71500-2PN_TP700,GluingControl.Input.GluingTankEmpty,Bool,Bool,GluingControl_Input_GluingTankEmpty,EXPORT/HMI tags/OP010/Device/Glue.xml,Glue
1 s,CPU S71500-2PN_TP700,GluingControl.Output.GluingPro_X,Bool,Bool,GluingControl_Output_GluingPro_X,EXPORT/HMI tags/OP010/Device/Glue.xml,Glue
1 s,CPU S71500-2PN_TP700,GluingControl.Output.GluingPro_Y,Bool,Bool,GluingControl_Output_GluingPro_Y,EXPORT/HMI tags/OP010/Device/Glue.xml,Glue
1 s,CPU S71500-2PN_TP700,GluingControl.Output.GluingPro_Z,Bool,Bool,GluingControl_Output_GluingPro_Z,EXPORT/HMI tags/OP010/Device/Glue.xml,Glue
1 s,CPU S71500-2PN_TP700,GluingControl.Output.GluingReset,Bool,Bool,GluingControl_Output_GluingReset,EXPORT/HMI tags/OP010/Device/Glue.xml,Glue
1 s,CPU S71500-2PN_TP700,GluingControl.Control.Manual_X,Bool,Bool,GluingControl_Control_Manual_X,EXPORT/HMI tags/OP010/Device/Glue.xml,Glue
1 s,CPU S71500-2PN_TP700,GluingControl.Control.Manual_Y,Bool,Bool,GluingControl_Control_Manual_Y,EXPORT/HMI tags/OP010/Device/Glue.xml,Glue
1 s,CPU S71500-2PN_TP700,GluingControl.Control.Manual_Z,Bool,Bool,GluingControl_Control_Manual_Z,EXPORT/HMI tags/OP010/Device/Glue.xml,Glue
1 s,CPU S71500-2PN_TP700,GluingControl.Control.ManualTest_X,Bool,Bool,GluingControl_Control_ManualTest_X,EXPORT/HMI tags/OP010/Device/Glue.xml,Glue
1 s,CPU S71500-2PN_TP700,GluingControl.Control.ManualTestStartGlue,Bool,Bool,GluingControl_Control_ManualTestStartGlue,EXPORT/HMI tags/OP010/Device/Glue.xml,Glue
1 s,CPU S71500-2PN_TP700,GluingControl.GlueCalibratonMode,Bool,Bool,GluingControl_GlueCalibraton,EXPORT/HMI tags/OP010/Device/Glue.xml,Glue
1 s,CPU S71500-2PN_TP700,Robot_DB.Control.Robot1GripControl,Bool,Bool,Robot_DB_Control_Robot1GripControl,EXPORT/HMI tags/OP010/Device/Robot.xml,Robot
1 s,CPU S71500-2PN_TP700,Robot_DB.Control.Robot2GripControl,Bool,Bool,Robot_DB_Control_Robot2GripControl,EXPORT/HMI tags/OP010/Device/Robot.xml,Robot
1 s,CPU S71500-2PN_TP700,Robot_DB.Control.Robot3GripControl,Bool,Bool,Robot_DB_Control_Robot3GripControl,EXPORT/HMI tags/OP010/Device/Robot.xml,Robot
1 s,CPU S71500-2PN_TP700,KukaRobot1_CtrlDB.sHMI,KukaRobot_HMI,KukaRobot_HMI,KukaRobot1_CtrlDB_sHMI,EXPORT/HMI tags/OP010/Device/Robot.xml,Robot
1 s,CPU S71500-2PN_TP700,KukaRobot2_CtrlDB.sHMI,KukaRobot_HMI,KukaRobot_HMI,KukaRobot2_CtrlDB_sHMI,EXPORT/HMI tags/OP010/Device/Robot.xml,Robot
1 s,CPU S71500-2PN_TP700,KukaRobot3_CtrlDB.sHMI,KukaRobot_HMI,KukaRobot_HMI,KukaRobot3_CtrlDB_sHMI,EXPORT/HMI tags/OP010/Device/Robot.xml,Robot
100 ms,CPU S71500-2PN_TP700,Robot_DB.Robot_1.PalletCount_1,Int,Int,KukaRobot1_PalletCount_1,EXPORT/HMI tags/OP010/Device/Robot.xml,Robot
100 ms,CPU S71500-2PN_TP700,Robot_DB.Robot_2.PalletCount_1,Int,Int,KukaRobot2_PalletCount_1,EXPORT/HMI tags/OP010/Device/Robot.xml,Robot
100 ms,CPU S71500-2PN_TP700,Robot_DB.Robot_2.PalletCount_2,Int,Int,KukaRobot2_PalletCount_2,EXPORT/HMI tags/OP010/Device/Robot.xml,Robot
100 ms,CPU S71500-2PN_TP700,Robot_DB.Robot_3.PalletCount_1,Int,Int,KukaRobot3_PalletCount_1,EXPORT/HMI tags/OP010/Device/Robot.xml,Robot
100 ms,CPU S71500-2PN_TP700,Robot_DB.Robot_3.PalletCount_2,Int,Int,KukaRobot3_PalletCount_2,EXPORT/HMI tags/OP010/Device/Robot.xml,Robot
100 ms,CPU S71500-2PN_TP700,KukaRobot1_CtrlDB.iSpeedValue,USInt,USInt,KukaRobot1_CtrlDB_iSpeedValue,EXPORT/HMI tags/OP010/Device/Robot.xml,Robot
100 ms,CPU S71500-2PN_TP700,KukaRobot2_CtrlDB.iSpeedValue,USInt,USInt,KukaRobot2_CtrlDB_iSpeedValue,EXPORT/HMI tags/OP010/Device/Robot.xml,Robot
100 ms,CPU S71500-2PN_TP700,KukaRobot3_CtrlDB.iSpeedValue,USInt,USInt,KukaRobot3_CtrlDB_iSpeedValue,EXPORT/HMI tags/OP010/Device/Robot.xml,Robot
1 s,CPU S71500-2PN_TP700,AutoProcessControl.Robot_3.PalletFull,Bool,Bool,AutoProcessControl_Robot_3_PalletFull,EXPORT/HMI tags/OP010/Device/Robot.xml,Robot
1 s,CPU S71500-2PN_TP700,AutoProcessControl.Robot_1.ClearPart,Bool,Bool,AutoProcessControl_Robot_1_ClearPart,EXPORT/HMI tags/OP010/Device/Robot.xml,Robot
1 s,CPU S71500-2PN_TP700,ChangeOver_DB.Robot_1.HMI_MaintenancePosReqSel,Bool,Bool,ChangeOver_DB_Robot_1_HMI_MaintenancePosReqSel,EXPORT/HMI tags/OP010/Device/Robot.xml,Robot
1 s,CPU S71500-2PN_TP700,ChangeOver_DB.Robot_1.HMI_MaintenancePosActive,Bool,Bool,ChangeOver_DB_Robot_1_HMI_MaintenancePosActive,EXPORT/HMI tags/OP010/Device/Robot.xml,Robot
1 s,CPU S71500-2PN_TP700,ChangeOver_DB.Robot_1.HMI_MaintenanceHomeReq,Bool,Bool,ChangeOver_DB_Robot_1_HMI_MaintenanceHomeReq,EXPORT/HMI tags/OP010/Device/Robot.xml,Robot
1 s,CPU S71500-2PN_TP700,ChangeOver_DB.Robot_1.MaintenancePosReqSelFlag,Bool,Bool,ChangeOver_DB_Robot_1_MaintenancePosReqSelFlag,EXPORT/HMI tags/OP010/Device/Robot.xml,Robot
1 s,CPU S71500-2PN_TP700,ChangeOver_DB.Robot_2.HMI_MaintenancePosReqSel,Bool,Bool,ChangeOver_DB_Robot_2_HMI_MaintenancePosReqSel,EXPORT/HMI tags/OP010/Device/Robot.xml,Robot
1 s,CPU S71500-2PN_TP700,ChangeOver_DB.Robot_2.HMI_MaintenancePosActive,Bool,Bool,ChangeOver_DB_Robot_2_HMI_MaintenancePosActive,EXPORT/HMI tags/OP010/Device/Robot.xml,Robot
1 s,CPU S71500-2PN_TP700,ChangeOver_DB.Robot_2.HMI_MaintenanceHomeReq,Bool,Bool,ChangeOver_DB_Robot_2_HMI_MaintenanceHomeReq,EXPORT/HMI tags/OP010/Device/Robot.xml,Robot
1 s,CPU S71500-2PN_TP700,ChangeOver_DB.Robot_2.MaintenancePosReqSelFlag,Bool,Bool,ChangeOver_DB_Robot_2_MaintenancePosReqSelFlag,EXPORT/HMI tags/OP010/Device/Robot.xml,Robot
1 s,CPU S71500-2PN_TP700,ChangeOver_DB.Robot_3.HMI_MaintenancePosReqSel,Bool,Bool,ChangeOver_DB_Robot_3_HMI_MaintenancePosReqSel,EXPORT/HMI tags/OP010/Device/Robot.xml,Robot
1 s,CPU S71500-2PN_TP700,ChangeOver_DB.Robot_3.HMI_MaintenancePosActive,Bool,Bool,ChangeOver_DB_Robot_3_HMI_MaintenancePosActive,EXPORT/HMI tags/OP010/Device/Robot.xml,Robot
1 s,CPU S71500-2PN_TP700,ChangeOver_DB.Robot_3.HMI_MaintenanceHomeReq,Bool,Bool,ChangeOver_DB_Robot_3_HMI_MaintenanceHomeReq,EXPORT/HMI tags/OP010/Device/Robot.xml,Robot
1 s,CPU S71500-2PN_TP700,ChangeOver_DB.Robot_3.MaintenancePosReqSelFlag,Bool,Bool,ChangeOver_DB_Robot_3_MaintenancePosReqSelFlag,EXPORT/HMI tags/OP010/Device/Robot.xml,Robot
1 s,CPU S71500-2PN_TP700,KukaRobot3_CtrlDB.sROBtoPLC.User.Cycle.DO300_HomeInside,Bool,Bool,Robot3HomeRunning,EXPORT/HMI tags/OP010/Device/Robot.xml,Robot
1 s,CPU S71500-2PN_TP700,KukaRobot1_CtrlDB.sROBtoPLC.User.Cycle.DO300_HomeInside,Bool,Bool,Robot1HomeRunning,EXPORT/HMI tags/OP010/Device/Robot.xml,Robot
1 s,CPU S71500-2PN_TP700,KukaRobot2_CtrlDB.sROBtoPLC.User.Cycle.DO300_HomeInside,Bool,Bool,Robot2HomeRunning,EXPORT/HMI tags/OP010/Device/Robot.xml,Robot
1 s,CPU S71500-2PN_TP700,ChangeOver_DB.Robot1.Ring1Weight,Int,Int,ST10_RecipeDB_ParameterElement_Robot1_Ring1Weight,EXPORT/HMI tags/OP010/Device/Robot.xml,Robot
1 s,CPU S71500-2PN_TP700,ChangeOver_DB.Robot1.ShaftWeight,Int,Int,ST10_RecipeDB_ParameterElement_Robot1_ShaftWeight,EXPORT/HMI tags/OP010/Device/Robot.xml,Robot
1 s,CPU S71500-2PN_TP700,ChangeOver_DB.Robot1.MagnetWeight,Int,Int,ST10_RecipeDB_ParameterElement_Robot1_MagnetWeight,EXPORT/HMI tags/OP010/Device/Robot.xml,Robot
1 s,CPU S71500-2PN_TP700,ChangeOver_DB.Robot1.Ring2Weight,Int,Int,ST10_RecipeDB_ParameterElement_Robot1_Ring2Weight,EXPORT/HMI tags/OP010/Device/Robot.xml,Robot
1 s,CPU S71500-2PN_TP700,ChangeOver_DB.Robot2.Ring1Weight,Int,Int,ST10_RecipeDB_ParameterElement_Robot2_Ring1Weight,EXPORT/HMI tags/OP010/Device/Robot.xml,Robot
1 s,CPU S71500-2PN_TP700,ChangeOver_DB.Robot2.ShaftWeight,Int,Int,ST10_RecipeDB_ParameterElement_Robot2_ShaftWeight,EXPORT/HMI tags/OP010/Device/Robot.xml,Robot
1 s,CPU S71500-2PN_TP700,ChangeOver_DB.Robot2.MagnetWeight,Int,Int,ST10_RecipeDB_ParameterElement_Robot2_MagnetWeight,EXPORT/HMI tags/OP010/Device/Robot.xml,Robot
1 s,CPU S71500-2PN_TP700,ChangeOver_DB.Robot2.Ring2Weight,Int,Int,ST10_RecipeDB_ParameterElement_Robot2_Ring2Weight,EXPORT/HMI tags/OP010/Device/Robot.xml,Robot
1 s,CPU S71500-2PN_TP700,ChangeOver_DB.Robot3.Ring1Weight,Int,Int,ST10_RecipeDB_ParameterElement_Robot3_Ring1Weight,EXPORT/HMI tags/OP010/Device/Robot.xml,Robot
1 s,CPU S71500-2PN_TP700,ChangeOver_DB.Robot3.ShaftWeight,Int,Int,ST10_RecipeDB_ParameterElement_Robot3_ShaftWeight,EXPORT/HMI tags/OP010/Device/Robot.xml,Robot
1 s,CPU S71500-2PN_TP700,ChangeOver_DB.Robot3.MagnetWeight,Int,Int,ST10_RecipeDB_ParameterElement_Robot3_MagnetWeight,EXPORT/HMI tags/OP010/Device/Robot.xml,Robot
1 s,CPU S71500-2PN_TP700,ChangeOver_DB.Robot3.Ring2Weight,Int,Int,ST10_RecipeDB_ParameterElement_Robot3_Ring2Weight,EXPORT/HMI tags/OP010/Device/Robot.xml,Robot
1 s,CPU S71500-2PN_TP700,Robot_DB.Robot_1.BrakeTest_Req,Bool,Bool,Robot_DB_Robot_1_BrakeTest_Req,EXPORT/HMI tags/OP010/Device/Robot.xml,Robot
1 s,CPU S71500-2PN_TP700,Robot_DB.Robot_2.BrakeTest_Req,Bool,Bool,Robot_DB_Robot_2_BrakeTest_Req,EXPORT/HMI tags/OP010/Device/Robot.xml,Robot
1 s,CPU S71500-2PN_TP700,Robot_DB.Robot_3.BrakeTest_Req,Bool,Bool,Robot_DB_Robot_3_BrakeTest_Req,EXPORT/HMI tags/OP010/Device/Robot.xml,Robot
1 s,CPU S71500-2PN_TP700,,fpCylinder V 0.0.19,fpCylinder V 0.0.19,STxxxCylinder001,EXPORT/HMI tags/OP010/Device/ST350_CylinderV2.xml,ST350_CylinderV2
1 s,CPU S71500-2PN_TP700,,fpCylinder V 0.0.19,fpCylinder V 0.0.19,STxxxCylinder002,EXPORT/HMI tags/OP010/Device/ST350_CylinderV2.xml,ST350_CylinderV2
1 s,CPU S71500-2PN_TP700,,fpCylinder V 0.0.19,fpCylinder V 0.0.19,STxxxCylinder003,EXPORT/HMI tags/OP010/Device/ST350_CylinderV2.xml,ST350_CylinderV2
1 s,CPU S71500-2PN_TP700,,fpCylinder V 0.0.19,fpCylinder V 0.0.19,STxxxCylinder004,EXPORT/HMI tags/OP010/Device/ST350_CylinderV2.xml,ST350_CylinderV2
1 s,CPU S71500-2PN_TP700,,fpCylinder V 0.0.19,fpCylinder V 0.0.19,STxxxCylinder005,EXPORT/HMI tags/OP010/Device/ST350_CylinderV2.xml,ST350_CylinderV2
1 s,CPU S71500-2PN_TP700,,fpCylinder V 0.0.19,fpCylinder V 0.0.19,STxxxCylinder006,EXPORT/HMI tags/OP010/Device/ST350_CylinderV2.xml,ST350_CylinderV2
1 s,CPU S71500-2PN_TP700,,fpCylinder V 0.0.19,fpCylinder V 0.0.19,STxxxCylinder007,EXPORT/HMI tags/OP010/Device/ST350_CylinderV2.xml,ST350_CylinderV2
1 s,CPU S71500-2PN_TP700,,fpCylinder V 0.0.19,fpCylinder V 0.0.19,STxxxCylinder008,EXPORT/HMI tags/OP010/Device/ST350_CylinderV2.xml,ST350_CylinderV2
1 s,CPU S71500-2PN_TP700,,fpCylinder V 0.0.19,fpCylinder V 0.0.19,STxxxCylinder009,EXPORT/HMI tags/OP010/Device/ST350_CylinderV2.xml,ST350_CylinderV2
1 s,CPU S71500-2PN_TP700,,fpCylinder V 0.0.19,fpCylinder V 0.0.19,STxxxCylinder010,EXPORT/HMI tags/OP010/Device/ST350_CylinderV2.xml,ST350_CylinderV2
1 s,CPU S71500-2PN_TP700,,fpCylinder V 0.0.19,fpCylinder V 0.0.19,STxxxCylinder011,EXPORT/HMI tags/OP010/Device/ST350_CylinderV2.xml,ST350_CylinderV2
1 s,CPU S71500-2PN_TP700,,fpCylinder V 0.0.19,fpCylinder V 0.0.19,STxxxCylinder012,EXPORT/HMI tags/OP010/Device/ST350_CylinderV2.xml,ST350_CylinderV2
1 s,CPU S71500-2PN_TP700,,fpCylinder V 0.0.19,fpCylinder V 0.0.19,STxxxCylinder013,EXPORT/HMI tags/OP010/Device/ST350_CylinderV2.xml,ST350_CylinderV2
1 s,CPU S71500-2PN_TP700,,fpCylinder V 0.0.19,fpCylinder V 0.0.19,STxxxCylinder014,EXPORT/HMI tags/OP010/Device/ST350_CylinderV2.xml,ST350_CylinderV2
1 s,CPU S71500-2PN_TP700,,fpCylinder V 0.0.19,fpCylinder V 0.0.19,STxxxCylinder015,EXPORT/HMI tags/OP010/Device/ST350_CylinderV2.xml,ST350_CylinderV2
1 s,CPU S71500-2PN_TP700,,fpCylinder V 0.0.19,fpCylinder V 0.0.19,STxxxCylinder016,EXPORT/HMI tags/OP010/Device/ST350_CylinderV2.xml,ST350_CylinderV2
1 s,CPU S71500-2PN_TP700,,fpCylinder V 0.0.19,fpCylinder V 0.0.19,STxxxCylinder017,EXPORT/HMI tags/OP010/Device/ST350_CylinderV2.xml,ST350_CylinderV2
1 s,CPU S71500-2PN_TP700,,fpCylinder V 0.0.19,fpCylinder V 0.0.19,STxxxCylinder018,EXPORT/HMI tags/OP010/Device/ST350_CylinderV2.xml,ST350_CylinderV2
1 s,CPU S71500-2PN_TP700,,fpCylinder V 0.0.19,fpCylinder V 0.0.19,STxxxCylinder019,EXPORT/HMI tags/OP010/Device/ST350_CylinderV2.xml,ST350_CylinderV2
1 s,CPU S71500-2PN_TP700,,fpCylinder V 0.0.19,fpCylinder V 0.0.19,STxxxCylinder020,EXPORT/HMI tags/OP010/Device/ST350_CylinderV2.xml,ST350_CylinderV2
1 s,CPU S71500-2PN_TP700,,fpCylinder V 0.0.19,fpCylinder V 0.0.19,STxxxCylinder021,EXPORT/HMI tags/OP010/Device/ST350_CylinderV2.xml,ST350_CylinderV2
1 s,CPU S71500-2PN_TP700,,fpCylinder V 0.0.19,fpCylinder V 0.0.19,STxxxCylinder022,EXPORT/HMI tags/OP010/Device/ST350_CylinderV2.xml,ST350_CylinderV2
1 s,CPU S71500-2PN_TP700,,fpCylinder V 0.0.19,fpCylinder V 0.0.19,STxxxCylinder023,EXPORT/HMI tags/OP010/Device/ST350_CylinderV2.xml,ST350_CylinderV2
1 s,CPU S71500-2PN_TP700,,fpCylinder V 0.0.19,fpCylinder V 0.0.19,STxxxCylinder024,EXPORT/HMI tags/OP010/Device/ST350_CylinderV2.xml,ST350_CylinderV2
1 s,CPU S71500-2PN_TP700,,fpCylinder V 0.0.19,fpCylinder V 0.0.19,STxxxCylinder025,EXPORT/HMI tags/OP010/Device/ST350_CylinderV2.xml,ST350_CylinderV2
1 s,CPU S71500-2PN_TP700,,fpCylinder V 0.0.19,fpCylinder V 0.0.19,STxxxCylinder026,EXPORT/HMI tags/OP010/Device/ST350_CylinderV2.xml,ST350_CylinderV2
1 s,CPU S71500-2PN_TP700,,fpCylinder V 0.0.19,fpCylinder V 0.0.19,STxxxCylinder027,EXPORT/HMI tags/OP010/Device/ST350_CylinderV2.xml,ST350_CylinderV2
1 s,CPU S71500-2PN_TP700,,fpCylinder V 0.0.19,fpCylinder V 0.0.19,STxxxCylinder028,EXPORT/HMI tags/OP010/Device/ST350_CylinderV2.xml,ST350_CylinderV2
1 s,CPU S71500-2PN_TP700,,fpCylinder V 0.0.19,fpCylinder V 0.0.19,STxxxCylinder029,EXPORT/HMI tags/OP010/Device/ST350_CylinderV2.xml,ST350_CylinderV2
1 s,CPU S71500-2PN_TP700,,fpCylinder V 0.0.19,fpCylinder V 0.0.19,STxxxCylinder030,EXPORT/HMI tags/OP010/Device/ST350_CylinderV2.xml,ST350_CylinderV2
1 s,CPU S71500-2PN_TP700,,fpCylinder V 0.0.19,fpCylinder V 0.0.19,STxxxCylinder031,EXPORT/HMI tags/OP010/Device/ST350_CylinderV2.xml,ST350_CylinderV2
1 s,CPU S71500-2PN_TP700,,fpCylinder V 0.0.19,fpCylinder V 0.0.19,STxxxCylinder032,EXPORT/HMI tags/OP010/Device/ST350_CylinderV2.xml,ST350_CylinderV2
1 s,CPU S71500-2PN_TP700,,fpCylinder V 0.0.19,fpCylinder V 0.0.19,STxxxCylinder033,EXPORT/HMI tags/OP010/Device/ST350_CylinderV2.xml,ST350_CylinderV2
1 s,CPU S71500-2PN_TP700,,fpCylinder V 0.0.19,fpCylinder V 0.0.19,STxxxCylinder034,EXPORT/HMI tags/OP010/Device/ST350_CylinderV2.xml,ST350_CylinderV2
1 s,CPU S71500-2PN_TP700,,fpCylinder V 0.0.19,fpCylinder V 0.0.19,STxxxCylinder035,EXPORT/HMI tags/OP010/Device/ST350_CylinderV2.xml,ST350_CylinderV2
1 s,CPU S71500-2PN_TP700,,fpCylinder V 0.0.19,fpCylinder V 0.0.19,STxxxCylinder036,EXPORT/HMI tags/OP010/Device/ST350_CylinderV2.xml,ST350_CylinderV2
1 s,CPU S71500-2PN_TP700,,fpCylinder V 0.0.19,fpCylinder V 0.0.19,STxxxCylinder037,EXPORT/HMI tags/OP010/Device/ST350_CylinderV2.xml,ST350_CylinderV2
1 s,CPU S71500-2PN_TP700,,fpCylinder V 0.0.19,fpCylinder V 0.0.19,STxxxCylinder038,EXPORT/HMI tags/OP010/Device/ST350_CylinderV2.xml,ST350_CylinderV2
1 s,CPU S71500-2PN_TP700,,fpCylinder V 0.0.19,fpCylinder V 0.0.19,STxxxCylinder039,EXPORT/HMI tags/OP010/Device/ST350_CylinderV2.xml,ST350_CylinderV2
1 s,CPU S71500-2PN_TP700,,fpCylinder V 0.0.19,fpCylinder V 0.0.19,STxxxCylinder040,EXPORT/HMI tags/OP010/Device/ST350_CylinderV2.xml,ST350_CylinderV2
1 s,CPU S71500-2PN_TP700,,fpCylinder V 0.0.19,fpCylinder V 0.0.19,STxxxCylinder041,EXPORT/HMI tags/OP010/Device/ST350_CylinderV2.xml,ST350_CylinderV2
1 s,CPU S71500-2PN_TP700,,fpCylinder V 0.0.19,fpCylinder V 0.0.19,STxxxCylinder042,EXPORT/HMI tags/OP010/Device/ST350_CylinderV2.xml,ST350_CylinderV2
1 s,CPU S71500-2PN_TP700,,fpCylinder V 0.0.19,fpCylinder V 0.0.19,STxxxCylinder043,EXPORT/HMI tags/OP010/Device/ST350_CylinderV2.xml,ST350_CylinderV2
1 s,CPU S71500-2PN_TP700,,fpCylinder V 0.0.19,fpCylinder V 0.0.19,STxxxCylinder044,EXPORT/HMI tags/OP010/Device/ST350_CylinderV2.xml,ST350_CylinderV2
1 s,CPU S71500-2PN_TP700,,fpCylinder V 0.0.19,fpCylinder V 0.0.19,STxxxCylinder045,EXPORT/HMI tags/OP010/Device/ST350_CylinderV2.xml,ST350_CylinderV2
1 s,CPU S71500-2PN_TP700,,fpCylinder V 0.0.19,fpCylinder V 0.0.19,STxxxCylinder046,EXPORT/HMI tags/OP010/Device/ST350_CylinderV2.xml,ST350_CylinderV2
1 s,CPU S71500-2PN_TP700,,fpCylinder V 0.0.19,fpCylinder V 0.0.19,STxxxCylinder047,EXPORT/HMI tags/OP010/Device/ST350_CylinderV2.xml,ST350_CylinderV2
1 s,CPU S71500-2PN_TP700,,fpCylinder V 0.0.19,fpCylinder V 0.0.19,STxxxCylinder048,EXPORT/HMI tags/OP010/Device/ST350_CylinderV2.xml,ST350_CylinderV2
1 s,CPU S71500-2PN_TP700,,fpCylinder V 0.0.19,fpCylinder V 0.0.19,STxxxCylinder049,EXPORT/HMI tags/OP010/Device/ST350_CylinderV2.xml,ST350_CylinderV2
1 s,CPU S71500-2PN_TP700,,fpCylinder V 0.0.19,fpCylinder V 0.0.19,STxxxCylinder050,EXPORT/HMI tags/OP010/Device/ST350_CylinderV2.xml,ST350_CylinderV2
1 s,CPU S71500-2PN_TP700,,fpCylinder V 0.0.19,fpCylinder V 0.0.19,STxxxCylinder051,EXPORT/HMI tags/OP010/Device/ST350_CylinderV2.xml,ST350_CylinderV2
1 s,CPU S71500-2PN_TP700,,fpCylinder V 0.0.19,fpCylinder V 0.0.19,STxxxCylinder052,EXPORT/HMI tags/OP010/Device/ST350_CylinderV2.xml,ST350_CylinderV2
1 s,CPU S71500-2PN_TP700,,fpCylinder V 0.0.19,fpCylinder V 0.0.19,STxxxCylinder053,EXPORT/HMI tags/OP010/Device/ST350_CylinderV2.xml,ST350_CylinderV2
1 s,CPU S71500-2PN_TP700,,fpCylinder V 0.0.19,fpCylinder V 0.0.19,STxxxCylinder054,EXPORT/HMI tags/OP010/Device/ST350_CylinderV2.xml,ST350_CylinderV2
1 s,CPU S71500-2PN_TP700,,fpCylinder V 0.0.19,fpCylinder V 0.0.19,STxxxCylinder055,EXPORT/HMI tags/OP010/Device/ST350_CylinderV2.xml,ST350_CylinderV2
1 s,CPU S71500-2PN_TP700,,fpCylinder V 0.0.19,fpCylinder V 0.0.19,STxxxCylinder056,EXPORT/HMI tags/OP010/Device/ST350_CylinderV2.xml,ST350_CylinderV2
1 s,CPU S71500-2PN_TP700,,fpCylinder V 0.0.19,fpCylinder V 0.0.19,STxxxCylinder057,EXPORT/HMI tags/OP010/Device/ST350_CylinderV2.xml,ST350_CylinderV2
1 s,CPU S71500-2PN_TP700,,fpCylinder V 0.0.19,fpCylinder V 0.0.19,STxxxCylinder058,EXPORT/HMI tags/OP010/Device/ST350_CylinderV2.xml,ST350_CylinderV2
1 s,CPU S71500-2PN_TP700,,fpCylinder V 0.0.19,fpCylinder V 0.0.19,STxxxCylinder059,EXPORT/HMI tags/OP010/Device/ST350_CylinderV2.xml,ST350_CylinderV2
1 s,CPU S71500-2PN_TP700,,fpCylinder V 0.0.19,fpCylinder V 0.0.19,STxxxCylinder060,EXPORT/HMI tags/OP010/Device/ST350_CylinderV2.xml,ST350_CylinderV2
1 s,CPU S71500-2PN_TP700,,fpCylinder V 0.0.19,fpCylinder V 0.0.19,STxxxCylinder061,EXPORT/HMI tags/OP010/Device/ST350_CylinderV2.xml,ST350_CylinderV2
1 s,CPU S71500-2PN_TP700,,fpCylinder V 0.0.19,fpCylinder V 0.0.19,STxxxCylinder062,EXPORT/HMI tags/OP010/Device/ST350_CylinderV2.xml,ST350_CylinderV2
1 s,CPU S71500-2PN_TP700,,fpCylinder V 0.0.19,fpCylinder V 0.0.19,STxxxCylinder063,EXPORT/HMI tags/OP010/Device/ST350_CylinderV2.xml,ST350_CylinderV2
1 s,CPU S71500-2PN_TP700,,fpCylinder V 0.0.19,fpCylinder V 0.0.19,STxxxCylinder064,EXPORT/HMI tags/OP010/Device/ST350_CylinderV2.xml,ST350_CylinderV2
1 s,CPU S71500-2PN_TP700,,fpCylinder V 0.0.19,fpCylinder V 0.0.19,STxxxCylinder065,EXPORT/HMI tags/OP010/Device/ST350_CylinderV2.xml,ST350_CylinderV2
1 s,CPU S71500-2PN_TP700,,fpCylinder V 0.0.19,fpCylinder V 0.0.19,STxxxCylinder066,EXPORT/HMI tags/OP010/Device/ST350_CylinderV2.xml,ST350_CylinderV2
1 s,CPU S71500-2PN_TP700,,fpCylinder V 0.0.19,fpCylinder V 0.0.19,STxxxCylinder067,EXPORT/HMI tags/OP010/Device/ST350_CylinderV2.xml,ST350_CylinderV2
1 s,CPU S71500-2PN_TP700,,fpCylinder V 0.0.19,fpCylinder V 0.0.19,STxxxCylinder068,EXPORT/HMI tags/OP010/Device/ST350_CylinderV2.xml,ST350_CylinderV2
1 s,CPU S71500-2PN_TP700,,fpCylinder V 0.0.19,fpCylinder V 0.0.19,STxxxCylinder069,EXPORT/HMI tags/OP010/Device/ST350_CylinderV2.xml,ST350_CylinderV2
1 s,CPU S71500-2PN_TP700,,fpCylinder V 0.0.19,fpCylinder V 0.0.19,STxxxCylinder070,EXPORT/HMI tags/OP010/Device/ST350_CylinderV2.xml,ST350_CylinderV2
1 s,CPU S71500-2PN_TP700,,fpCylinder V 0.0.19,fpCylinder V 0.0.19,STxxxCylinder071,EXPORT/HMI tags/OP010/Device/ST350_CylinderV2.xml,ST350_CylinderV2
1 s,CPU S71500-2PN_TP700,,fpCylinder V 0.0.19,fpCylinder V 0.0.19,STxxxCylinder072,EXPORT/HMI tags/OP010/Device/ST350_CylinderV2.xml,ST350_CylinderV2
1 s,CPU S71500-2PN_TP700,,fpCylinder V 0.0.19,fpCylinder V 0.0.19,STxxxCylinder073,EXPORT/HMI tags/OP010/Device/ST350_CylinderV2.xml,ST350_CylinderV2
1 s,CPU S71500-2PN_TP700,,fpCylinder V 0.0.19,fpCylinder V 0.0.19,STxxxCylinder074,EXPORT/HMI tags/OP010/Device/ST350_CylinderV2.xml,ST350_CylinderV2
1 s,CPU S71500-2PN_TP700,,fpCylinder V 0.0.19,fpCylinder V 0.0.19,STxxxCylinder075,EXPORT/HMI tags/OP010/Device/ST350_CylinderV2.xml,ST350_CylinderV2
1 s,CPU S71500-2PN_TP700,,fpCylinder V 0.0.19,fpCylinder V 0.0.19,STxxxCylinder076,EXPORT/HMI tags/OP010/Device/ST350_CylinderV2.xml,ST350_CylinderV2
1 s,CPU S71500-2PN_TP700,,fpCylinder V 0.0.19,fpCylinder V 0.0.19,STxxxCylinder077,EXPORT/HMI tags/OP010/Device/ST350_CylinderV2.xml,ST350_CylinderV2
1 s,CPU S71500-2PN_TP700,,fpCylinder V 0.0.19,fpCylinder V 0.0.19,STxxxCylinder078,EXPORT/HMI tags/OP010/Device/ST350_CylinderV2.xml,ST350_CylinderV2
1 s,CPU S71500-2PN_TP700,,fpCylinder V 0.0.19,fpCylinder V 0.0.19,STxxxCylinder079,EXPORT/HMI tags/OP010/Device/ST350_CylinderV2.xml,ST350_CylinderV2
1 s,CPU S71500-2PN_TP700,,fpCylinder V 0.0.19,fpCylinder V 0.0.19,STxxxCylinder080,EXPORT/HMI tags/OP010/Device/ST350_CylinderV2.xml,ST350_CylinderV2
1 s,CPU S71500-2PN_TP700,,fpCylinder V 0.0.19,fpCylinder V 0.0.19,STxxxCylinder081,EXPORT/HMI tags/OP010/Device/ST350_CylinderV2.xml,ST350_CylinderV2
1 s,CPU S71500-2PN_TP700,,fpCylinder V 0.0.19,fpCylinder V 0.0.19,STxxxCylinder082,EXPORT/HMI tags/OP010/Device/ST350_CylinderV2.xml,ST350_CylinderV2
1 s,CPU S71500-2PN_TP700,,fpCylinder V 0.0.19,fpCylinder V 0.0.19,STxxxCylinder083,EXPORT/HMI tags/OP010/Device/ST350_CylinderV2.xml,ST350_CylinderV2
1 s,CPU S71500-2PN_TP700,,fpCylinder V 0.0.19,fpCylinder V 0.0.19,STxxxCylinder084,EXPORT/HMI tags/OP010/Device/ST350_CylinderV2.xml,ST350_CylinderV2
1 s,CPU S71500-2PN_TP700,,fpCylinder V 0.0.19,fpCylinder V 0.0.19,STxxxCylinder085,EXPORT/HMI tags/OP010/Device/ST350_CylinderV2.xml,ST350_CylinderV2
1 s,CPU S71500-2PN_TP700,,fpCylinder V 0.0.19,fpCylinder V 0.0.19,STxxxCylinder086,EXPORT/HMI tags/OP010/Device/ST350_CylinderV2.xml,ST350_CylinderV2
1 s,CPU S71500-2PN_TP700,,fpCylinder V 0.0.19,fpCylinder V 0.0.19,STxxxCylinder087,EXPORT/HMI tags/OP010/Device/ST350_CylinderV2.xml,ST350_CylinderV2
1 s,CPU S71500-2PN_TP700,,fpCylinder V 0.0.19,fpCylinder V 0.0.19,STxxxCylinder088,EXPORT/HMI tags/OP010/Device/ST350_CylinderV2.xml,ST350_CylinderV2
1 s,CPU S71500-2PN_TP700,,fpCylinder V 0.0.19,fpCylinder V 0.0.19,STxxxCylinder089,EXPORT/HMI tags/OP010/Device/ST350_CylinderV2.xml,ST350_CylinderV2
1 s,CPU S71500-2PN_TP700,,fpCylinder V 0.0.19,fpCylinder V 0.0.19,STxxxCylinder090,EXPORT/HMI tags/OP010/Device/ST350_CylinderV2.xml,ST350_CylinderV2
1 s,CPU S71500-2PN_TP700,,fpCylinder V 0.0.19,fpCylinder V 0.0.19,STxxxCylinder091,EXPORT/HMI tags/OP010/Device/ST350_CylinderV2.xml,ST350_CylinderV2
1 s,CPU S71500-2PN_TP700,,fpCylinder V 0.0.19,fpCylinder V 0.0.19,STxxxCylinder092,EXPORT/HMI tags/OP010/Device/ST350_CylinderV2.xml,ST350_CylinderV2
1 s,CPU S71500-2PN_TP700,,fpCylinder V 0.0.19,fpCylinder V 0.0.19,STxxxCylinder093,EXPORT/HMI tags/OP010/Device/ST350_CylinderV2.xml,ST350_CylinderV2
1 s,CPU S71500-2PN_TP700,,fpCylinder V 0.0.19,fpCylinder V 0.0.19,STxxxCylinder094,EXPORT/HMI tags/OP010/Device/ST350_CylinderV2.xml,ST350_CylinderV2
1 s,CPU S71500-2PN_TP700,,fpCylinder V 0.0.19,fpCylinder V 0.0.19,STxxxCylinder095,EXPORT/HMI tags/OP010/Device/ST350_CylinderV2.xml,ST350_CylinderV2
1 s,CPU S71500-2PN_TP700,,fpCylinder V 0.0.19,fpCylinder V 0.0.19,STxxxCylinder096,EXPORT/HMI tags/OP010/Device/ST350_CylinderV2.xml,ST350_CylinderV2
1 s,CPU S71500-2PN_TP700,,fpCylinder V 0.0.19,fpCylinder V 0.0.19,STxxxCylinder097,EXPORT/HMI tags/OP010/Device/ST350_CylinderV2.xml,ST350_CylinderV2
1 s,CPU S71500-2PN_TP700,,fpCylinder V 0.0.19,fpCylinder V 0.0.19,STxxxCylinder098,EXPORT/HMI tags/OP010/Device/ST350_CylinderV2.xml,ST350_CylinderV2
1 s,CPU S71500-2PN_TP700,,fpCylinder V 0.0.19,fpCylinder V 0.0.19,STxxxCylinder099,EXPORT/HMI tags/OP010/Device/ST350_CylinderV2.xml,ST350_CylinderV2
1 s,CPU S71500-2PN_TP700,,fpCylinder V 0.0.19,fpCylinder V 0.0.19,STxxxCylinder100,EXPORT/HMI tags/OP010/Device/ST350_CylinderV2.xml,ST350_CylinderV2
1 s,CPU S71500-2PN_TP700,OP10_GeneralAnalogDB.aDev[1],ST_GeneralAnalog,ST_GeneralAnalog,STxxx_GeneralAnalogDB_aDev{1},EXPORT/HMI tags/OP010/Device/ST350_GengralAnalog.xml,ST350_GengralAnalog
1 s,CPU S71500-2PN_TP700,OP10_GeneralAnalogDB.aDev[2],ST_GeneralAnalog,ST_GeneralAnalog,STxxx_GeneralAnalogDB_aDev{2},EXPORT/HMI tags/OP010/Device/ST350_GengralAnalog.xml,ST350_GengralAnalog
100 ms,CPU S71500-2PN_TP700,ST10_SafetyGate_InterfaceDB.aDev[1],SafetyGateUDT,SafetyGateUDT,ST10_SafetyGate_InterfaceDB_aDev{1},EXPORT/HMI tags/OP010/Device/ST350_SafetyGate.xml,ST350_SafetyGate
100 ms,CPU S71500-2PN_TP700,ST10_SafetyGate_InterfaceDB.aDev[2],SafetyGateUDT,SafetyGateUDT,ST10_SafetyGate_InterfaceDB_aDev{2},EXPORT/HMI tags/OP010/Device/ST350_SafetyGate.xml,ST350_SafetyGate
100 ms,CPU S71500-2PN_TP700,ST10_SafetyGate_InterfaceDB.aDev[3],SafetyGateUDT,SafetyGateUDT,ST10_SafetyGate_InterfaceDB_aDev{3},EXPORT/HMI tags/OP010/Device/ST350_SafetyGate.xml,ST350_SafetyGate
100 ms,CPU S71500-2PN_TP700,ST10_SafetyGate_InterfaceDB.aDev[4],SafetyGateUDT,SafetyGateUDT,ST10_SafetyGate_InterfaceDB_aDev{4},EXPORT/HMI tags/OP010/Device/ST350_SafetyGate.xml,ST350_SafetyGate
100 ms,CPU S71500-2PN_TP700,ST10_SafetyGate_InterfaceDB.aDev[5],SafetyGateUDT,SafetyGateUDT,ST10_SafetyGate_InterfaceDB_aDev{5},EXPORT/HMI tags/OP010/Device/ST350_SafetyGate.xml,ST350_SafetyGate
100 ms,CPU S71500-2PN_TP700,ST10_SafetyGate_InterfaceDB.aDev[7],SafetyGateUDT,SafetyGateUDT,ST10_SafetyGate_InterfaceDB_aDev{7},EXPORT/HMI tags/OP010/Device/ST350_SafetyGate.xml,ST350_SafetyGate
100 ms,CPU S71500-2PN_TP700,ST10_SafetyGate_InterfaceDB.aDev[8],SafetyGateUDT,SafetyGateUDT,ST10_SafetyGate_InterfaceDB_aDev{8},EXPORT/HMI tags/OP010/Device/ST350_SafetyGate.xml,ST350_SafetyGate
100 ms,CPU S71500-2PN_TP700,ST10_SafetyGate_InterfaceDB.aDev[9],SafetyGateUDT,SafetyGateUDT,ST10_SafetyGate_InterfaceDB_aDev{9},EXPORT/HMI tags/OP010/Device/ST350_SafetyGate.xml,ST350_SafetyGate
100 ms,CPU S71500-2PN_TP700,ST10_SafetyGate_InterfaceDB.aDev[10],SafetyGateUDT,SafetyGateUDT,ST10_SafetyGate_InterfaceDB_aDev{10},EXPORT/HMI tags/OP010/Device/ST350_SafetyGate.xml,ST350_SafetyGate
100 ms,CPU S71500-2PN_TP700,ST10_SafetyGate_InterfaceDB.aDev[11],SafetyGateUDT,SafetyGateUDT,ST10_SafetyGate_InterfaceDB_aDev{11},EXPORT/HMI tags/OP010/Device/ST350_SafetyGate.xml,ST350_SafetyGate
100 ms,CPU S71500-2PN_TP700,ST10_SafetyGate_InterfaceDB.aDev[12],SafetyGateUDT,SafetyGateUDT,ST10_SafetyGate_InterfaceDB_aDev{12},EXPORT/HMI tags/OP010/Device/ST350_SafetyGate.xml,ST350_SafetyGate
100 ms,CPU S71500-2PN_TP700,ST10_SafetyGate_InterfaceDB.aDev[13],SafetyGateUDT,SafetyGateUDT,ST10_SafetyGate_InterfaceDB_aDev{13},EXPORT/HMI tags/OP010/Device/ST350_SafetyGate.xml,ST350_SafetyGate
100 ms,CPU S71500-2PN_TP700,ST10_SafetyGate_InterfaceDB.aDev[14],SafetyGateUDT,SafetyGateUDT,ST10_SafetyGate_InterfaceDB_aDev{14},EXPORT/HMI tags/OP010/Device/ST350_SafetyGate.xml,ST350_SafetyGate
100 ms,CPU S71500-2PN_TP700,ST10_SafetyGate_InterfaceDB.aDev[15],SafetyGateUDT,SafetyGateUDT,ST10_SafetyGate_InterfaceDB_aDev{15},EXPORT/HMI tags/OP010/Device/ST350_SafetyGate.xml,ST350_SafetyGate
100 ms,CPU S71500-2PN_TP700,ST10_SafetyGate_InterfaceDB.aDev[16],SafetyGateUDT,SafetyGateUDT,ST10_SafetyGate_InterfaceDB_aDev{16},EXPORT/HMI tags/OP010/Device/ST350_SafetyGate.xml,ST350_SafetyGate
100 ms,CPU S71500-2PN_TP700,ST10_SafetyGate_InterfaceDB.aDev[17],SafetyGateUDT,SafetyGateUDT,ST10_SafetyGate_InterfaceDB_aDev{17},EXPORT/HMI tags/OP010/Device/ST350_SafetyGate.xml,ST350_SafetyGate
100 ms,CPU S71500-2PN_TP700,ST10_SafetyGate_InterfaceDB.aDev[18],SafetyGateUDT,SafetyGateUDT,ST10_SafetyGate_InterfaceDB_aDev{18},EXPORT/HMI tags/OP010/Device/ST350_SafetyGate.xml,ST350_SafetyGate
100 ms,CPU S71500-2PN_TP700,ST10_SafetyGate_InterfaceDB.aDev[19],SafetyGateUDT,SafetyGateUDT,ST10_SafetyGate_InterfaceDB_aDev{19},EXPORT/HMI tags/OP010/Device/ST350_SafetyGate.xml,ST350_SafetyGate
100 ms,CPU S71500-2PN_TP700,ST10_SafetyGate_InterfaceDB.aDev[20],SafetyGateUDT,SafetyGateUDT,ST10_SafetyGate_InterfaceDB_aDev{20},EXPORT/HMI tags/OP010/Device/ST350_SafetyGate.xml,ST350_SafetyGate
100 ms,CPU S71500-2PN_TP700,ST10_SafetyGate_InterfaceDB.aDev[6],SafetyGateUDT,SafetyGateUDT,ST10_SafetyGate_InterfaceDB_aDev{6},EXPORT/HMI tags/OP010/Device/ST350_SafetyGate.xml,ST350_SafetyGate
100 ms,CPU S71500-2PN_TP700,ST10_Stopper_InterfaceDB.aDev[1],ST_Stopper,ST_Stopper,ST350_Stopper_InterfaceDB.aDev[1],EXPORT/HMI tags/OP010/Device/ST350_Stopper.xml,ST350_Stopper
100 ms,CPU S71500-2PN_TP700,ST10_Stopper_InterfaceDB.aDev[2],ST_Stopper,ST_Stopper,ST350_Stopper_InterfaceDB.aDev[2],EXPORT/HMI tags/OP010/Device/ST350_Stopper.xml,ST350_Stopper
100 ms,CPU S71500-2PN_TP700,ST10_Stopper_InterfaceDB.aDev[3],ST_Stopper,ST_Stopper,ST350_Stopper_InterfaceDB.aDev[3],EXPORT/HMI tags/OP010/Device/ST350_Stopper.xml,ST350_Stopper
100 ms,CPU S71500-2PN_TP700,ST10_Stopper_InterfaceDB.aDev[4],ST_Stopper,ST_Stopper,ST350_Stopper_InterfaceDB.aDev[4],EXPORT/HMI tags/OP010/Device/ST350_Stopper.xml,ST350_Stopper
100 ms,CPU S71500-2PN_TP700,ST10_Stopper_InterfaceDB.aDev[5],ST_Stopper,ST_Stopper,ST350_Stopper_InterfaceDB.aDev[5],EXPORT/HMI tags/OP010/Device/ST350_Stopper.xml,ST350_Stopper
1 s,CPU S71500-2PN_TP700,AutoProcessData.A_Table_1[1].Code,String,WString,AutoProcessData.A_Table1_Code1,EXPORT/HMI tags/OP010/Device/ToolingCode.xml,ToolingCode
1 s,CPU S71500-2PN_TP700,AutoProcessData.A_Table_1[2].Code,String,WString,AutoProcessData.A_Table1_Code2,EXPORT/HMI tags/OP010/Device/ToolingCode.xml,ToolingCode
1 s,CPU S71500-2PN_TP700,AutoProcessData.A_Table_1[3].Code,String,WString,AutoProcessData.A_Table1_Code3,EXPORT/HMI tags/OP010/Device/ToolingCode.xml,ToolingCode
1 s,CPU S71500-2PN_TP700,AutoProcessData.A_Table_1[4].Code,String,WString,AutoProcessData.A_Table1_Code4,EXPORT/HMI tags/OP010/Device/ToolingCode.xml,ToolingCode
1 s,CPU S71500-2PN_TP700,AutoProcessData.A_Table_1[5].Code,String,WString,AutoProcessData.A_Table1_Code5,EXPORT/HMI tags/OP010/Device/ToolingCode.xml,ToolingCode
1 s,CPU S71500-2PN_TP700,AutoProcessData.A_Table_1[6].Code,String,WString,AutoProcessData.A_Table1_Code6,EXPORT/HMI tags/OP010/Device/ToolingCode.xml,ToolingCode
1 s,CPU S71500-2PN_TP700,AutoProcessData.A_Table_1[7].Code,String,WString,AutoProcessData.A_Table1_Code7,EXPORT/HMI tags/OP010/Device/ToolingCode.xml,ToolingCode
1 s,CPU S71500-2PN_TP700,AutoProcessData.A_Table_1[8].Code,String,WString,AutoProcessData.A_Table1_Code8,EXPORT/HMI tags/OP010/Device/ToolingCode.xml,ToolingCode
1 s,CPU S71500-2PN_TP700,AutoProcessData.A_Table_2[1].Code,String,WString,AutoProcessData.A_Table2_Code1,EXPORT/HMI tags/OP010/Device/ToolingCode.xml,ToolingCode
1 s,CPU S71500-2PN_TP700,AutoProcessData.A_Table_2[2].Code,String,WString,AutoProcessData.A_Table2_Code2,EXPORT/HMI tags/OP010/Device/ToolingCode.xml,ToolingCode
1 s,CPU S71500-2PN_TP700,AutoProcessData.A_Table_2[3].Code,String,WString,AutoProcessData.A_Table2_Code3,EXPORT/HMI tags/OP010/Device/ToolingCode.xml,ToolingCode
1 s,CPU S71500-2PN_TP700,AutoProcessData.A_Table_2[4].Code,String,WString,AutoProcessData.A_Table2_Code4,EXPORT/HMI tags/OP010/Device/ToolingCode.xml,ToolingCode
1 s,CPU S71500-2PN_TP700,AutoProcessData.A_Table_2[5].Code,String,WString,AutoProcessData.A_Table2_Code5,EXPORT/HMI tags/OP010/Device/ToolingCode.xml,ToolingCode
1 s,CPU S71500-2PN_TP700,AutoProcessData.A_Table_2[6].Code,String,WString,AutoProcessData.A_Table2_Code6,EXPORT/HMI tags/OP010/Device/ToolingCode.xml,ToolingCode
1 s,CPU S71500-2PN_TP700,AutoProcessData.A_Table_2[7].Code,String,WString,AutoProcessData.A_Table2_Code7,EXPORT/HMI tags/OP010/Device/ToolingCode.xml,ToolingCode
1 s,CPU S71500-2PN_TP700,AutoProcessData.A_Table_2[8].Code,String,WString,AutoProcessData.A_Table2_Code8,EXPORT/HMI tags/OP010/Device/ToolingCode.xml,ToolingCode
1 s,CPU S71500-2PN_TP700,AutoProcessData.FixtureCode_A1[1],String,WString,AutoProcessData.FixtureCode_A1_1,EXPORT/HMI tags/OP010/Device/ToolingCode.xml,ToolingCode
1 s,CPU S71500-2PN_TP700,AutoProcessData.FixtureCode_A1[2],String,WString,AutoProcessData.FixtureCode_A1_2,EXPORT/HMI tags/OP010/Device/ToolingCode.xml,ToolingCode
1 s,CPU S71500-2PN_TP700,AutoProcessData.FixtureCode_A1[3],String,WString,AutoProcessData.FixtureCode_A1_3,EXPORT/HMI tags/OP010/Device/ToolingCode.xml,ToolingCode
1 s,CPU S71500-2PN_TP700,AutoProcessData.FixtureCode_A1[4],String,WString,AutoProcessData.FixtureCode_A1_4,EXPORT/HMI tags/OP010/Device/ToolingCode.xml,ToolingCode
1 s,CPU S71500-2PN_TP700,AutoProcessData.FixtureCode_A1[5],String,WString,AutoProcessData.FixtureCode_A1_5,EXPORT/HMI tags/OP010/Device/ToolingCode.xml,ToolingCode
1 s,CPU S71500-2PN_TP700,AutoProcessData.FixtureCode_A2[1],String,WString,AutoProcessData.FixtureCode_A2_1,EXPORT/HMI tags/OP010/Device/ToolingCode.xml,ToolingCode
1 s,CPU S71500-2PN_TP700,AutoProcessData.FixtureCode_A2[2],String,WString,AutoProcessData.FixtureCode_A2_2,EXPORT/HMI tags/OP010/Device/ToolingCode.xml,ToolingCode
1 s,CPU S71500-2PN_TP700,AutoProcessData.FixtureCode_A2[3],String,WString,AutoProcessData.FixtureCode_A2_3,EXPORT/HMI tags/OP010/Device/ToolingCode.xml,ToolingCode
1 s,CPU S71500-2PN_TP700,AutoProcessData.FixtureCode_A2[4],String,WString,AutoProcessData.FixtureCode_A2_4,EXPORT/HMI tags/OP010/Device/ToolingCode.xml,ToolingCode
1 s,CPU S71500-2PN_TP700,AutoProcessData.FixtureCode_A2[5],String,WString,AutoProcessData.FixtureCode_A2_5,EXPORT/HMI tags/OP010/Device/ToolingCode.xml,ToolingCode
1 s,CPU S71500-2PN_TP700,AutoProcessData.FixtureCode_A1[6],String,WString,AutoProcessData.FixtureCode_A1_6,EXPORT/HMI tags/OP010/Device/ToolingCode.xml,ToolingCode
1 s,CPU S71500-2PN_TP700,AutoProcessData.FixtureCode_A1[7],String,WString,AutoProcessData.FixtureCode_A1_7,EXPORT/HMI tags/OP010/Device/ToolingCode.xml,ToolingCode
1 s,CPU S71500-2PN_TP700,AutoProcessData.FixtureCode_A2[6],String,WString,AutoProcessData.FixtureCode_A2_6,EXPORT/HMI tags/OP010/Device/ToolingCode.xml,ToolingCode
1 s,CPU S71500-2PN_TP700,AutoProcessData.FixtureCode_A2[7],String,WString,AutoProcessData.FixtureCode_A2_7,EXPORT/HMI tags/OP010/Device/ToolingCode.xml,ToolingCode
1 s,CPU S71500-2PN_TP700,AutoProcessData.FixtureCode_A2[8],String,WString,AutoProcessData.FixtureCode_A2_8,EXPORT/HMI tags/OP010/Device/ToolingCode.xml,ToolingCode
1 s,CPU S71500-2PN_TP700,AutoProcessData.GripperCode_R1[1],String,WString,AutoProcessData.GripperCode_R1[1],EXPORT/HMI tags/OP010/Device/ToolingCode.xml,ToolingCode
1 s,CPU S71500-2PN_TP700,AutoProcessData.GripperCode_R1[2],String,WString,AutoProcessData.GripperCode_R1[2],EXPORT/HMI tags/OP010/Device/ToolingCode.xml,ToolingCode
1 s,CPU S71500-2PN_TP700,AutoProcessData.GripperCode_R1[3],String,WString,AutoProcessData.GripperCode_R1[3],EXPORT/HMI tags/OP010/Device/ToolingCode.xml,ToolingCode
1 s,CPU S71500-2PN_TP700,AutoProcessData.GripperCode_R1[4],String,WString,AutoProcessData.GripperCode_R1[4],EXPORT/HMI tags/OP010/Device/ToolingCode.xml,ToolingCode
1 s,CPU S71500-2PN_TP700,AutoProcessData.GripperCode_R2[1],String,WString,AutoProcessData.GripperCode_R2[1],EXPORT/HMI tags/OP010/Device/ToolingCode.xml,ToolingCode
1 s,CPU S71500-2PN_TP700,AutoProcessData.GripperCode_R2[2],String,WString,AutoProcessData.GripperCode_R2[2],EXPORT/HMI tags/OP010/Device/ToolingCode.xml,ToolingCode
1 s,CPU S71500-2PN_TP700,AutoProcessData.GripperCode_R2[3],String,WString,AutoProcessData.GripperCode_R2[3],EXPORT/HMI tags/OP010/Device/ToolingCode.xml,ToolingCode
1 s,CPU S71500-2PN_TP700,AutoProcessData.GripperCode_R2[4],String,WString,AutoProcessData.GripperCode_R2[4],EXPORT/HMI tags/OP010/Device/ToolingCode.xml,ToolingCode
1 s,CPU S71500-2PN_TP700,AutoProcessData.GripperCode_R3[1],String,WString,AutoProcessData.GripperCode_R3[1],EXPORT/HMI tags/OP010/Device/ToolingCode.xml,ToolingCode
1 s,CPU S71500-2PN_TP700,AutoProcessData.GripperCode_R3[2],String,WString,AutoProcessData.GripperCode_R3[2],EXPORT/HMI tags/OP010/Device/ToolingCode.xml,ToolingCode
1 s,CPU S71500-2PN_TP700,AutoProcessData.GripperCode_R3[3],String,WString,AutoProcessData.GripperCode_R3[3],EXPORT/HMI tags/OP010/Device/ToolingCode.xml,ToolingCode
1 s,CPU S71500-2PN_TP700,AutoProcessData.GripperCode_R3[4],String,WString,AutoProcessData.GripperCode_R3[4],EXPORT/HMI tags/OP010/Device/ToolingCode.xml,ToolingCode
1 s,CPU S71500-2PN_TP700,"PLCtoMES.""PLC.Load_Station1ChickInReq""",Bool,Bool,PLCtoMES_Load_Station1ChickInReq,EXPORT/HMI tags/OP010/MES/1Command PLC To Mes_DB500.xml,1Command PLC To Mes_DB500
1 s,CPU S71500-2PN_TP700,"PLCtoMES.""PLC.Load_Station2ChickInReq""",Bool,Bool,PLCtoMES_Load_Station2ChickInReq,EXPORT/HMI tags/OP010/MES/1Command PLC To Mes_DB500.xml,1Command PLC To Mes_DB500
1 s,CPU S71500-2PN_TP700,"PLCtoMES.""PLC.Load_Station3ChickInReq""",Bool,Bool,PLCtoMES_Load_Station3ChickInReq,EXPORT/HMI tags/OP010/MES/1Command PLC To Mes_DB500.xml,1Command PLC To Mes_DB500
1 s,CPU S71500-2PN_TP700,"PLCtoMES.""PLC.Load_Station4ChickInReq""",Bool,Bool,PLCtoMES_Load_Station4ChickInReq,EXPORT/HMI tags/OP010/MES/1Command PLC To Mes_DB500.xml,1Command PLC To Mes_DB500
1 s,CPU S71500-2PN_TP700,"PLCtoMES.""PLC.Load_Station5ChickInReq""",Bool,Bool,PLCtoMES_Load_Station5ChickInReq,EXPORT/HMI tags/OP010/MES/1Command PLC To Mes_DB500.xml,1Command PLC To Mes_DB500
1 s,CPU S71500-2PN_TP700,"PLCtoMES.""PLC.Load_Station6ChickInReq""",Bool,Bool,PLCtoMES_Load_Station6ChickInReq,EXPORT/HMI tags/OP010/MES/1Command PLC To Mes_DB500.xml,1Command PLC To Mes_DB500
1 s,CPU S71500-2PN_TP700,"PLCtoMES.""PLC.Load_Station7ChickInReq""",Bool,Bool,PLCtoMES_Load_Station7ChickInReq,EXPORT/HMI tags/OP010/MES/1Command PLC To Mes_DB500.xml,1Command PLC To Mes_DB500
1 s,CPU S71500-2PN_TP700,"PLCtoMES.""PLC.Load_Station8ChickInReq""",Bool,Bool,PLCtoMES_Load_Station8ChickInReq,EXPORT/HMI tags/OP010/MES/1Command PLC To Mes_DB500.xml,1Command PLC To Mes_DB500
1 s,CPU S71500-2PN_TP700,"PLCtoMES.""PLC.Load_StoveCheckIn""",Bool,Bool,PLCtoMES_Load_SubPart1ChickInReq,EXPORT/HMI tags/OP010/MES/1Command PLC To Mes_DB500.xml,1Command PLC To Mes_DB500
1 s,CPU S71500-2PN_TP700,PLCtoMES.Spare_11,Bool,Bool,PLCtoMES_Load_SubPart2ChickInReq,EXPORT/HMI tags/OP010/MES/1Command PLC To Mes_DB500.xml,1Command PLC To Mes_DB500
1 s,CPU S71500-2PN_TP700,PLCtoMES.Spare_12,Bool,Bool,PLCtoMES_Load_SubPart3ChickInReq,EXPORT/HMI tags/OP010/MES/1Command PLC To Mes_DB500.xml,1Command PLC To Mes_DB500
1 s,CPU S71500-2PN_TP700,PLCtoMES.Spare_13,Bool,Bool,PLCtoMES_Load_SubPart4ChickInReq,EXPORT/HMI tags/OP010/MES/1Command PLC To Mes_DB500.xml,1Command PLC To Mes_DB500
1 s,CPU S71500-2PN_TP700,PLCtoMES.Spare_14,Bool,Bool,PLCtoMES_Load_SubPart5ChickInReq,EXPORT/HMI tags/OP010/MES/1Command PLC To Mes_DB500.xml,1Command PLC To Mes_DB500
1 s,CPU S71500-2PN_TP700,PLCtoMES.Spare_15,Bool,Bool,PLCtoMES_Load_SubPart6ChickInReq,EXPORT/HMI tags/OP010/MES/1Command PLC To Mes_DB500.xml,1Command PLC To Mes_DB500
1 s,CPU S71500-2PN_TP700,PLCtoMES.Spare_16,Bool,Bool,PLCtoMES_Load_SubPart7ChickInReq,EXPORT/HMI tags/OP010/MES/1Command PLC To Mes_DB500.xml,1Command PLC To Mes_DB500
1 s,CPU S71500-2PN_TP700,PLCtoMES.Spare_17,Bool,Bool,PLCtoMES_Load_SubPart8ChickInReq,EXPORT/HMI tags/OP010/MES/1Command PLC To Mes_DB500.xml,1Command PLC To Mes_DB500
1 s,CPU S71500-2PN_TP700,PLCtoMES.Spare_18,Bool,Bool,PLCtoMES_Load_Scanner1ChickInReq,EXPORT/HMI tags/OP010/MES/1Command PLC To Mes_DB500.xml,1Command PLC To Mes_DB500
1 s,CPU S71500-2PN_TP700,PLCtoMES.Spare_19,Bool,Bool,PLCtoMES_Load_Scanner2ChickInReq,EXPORT/HMI tags/OP010/MES/1Command PLC To Mes_DB500.xml,1Command PLC To Mes_DB500
1 s,CPU S71500-2PN_TP700,PLCtoMES.Spare_20,Bool,Bool,PLCtoMES_Load_Scanner3ChickInReq,EXPORT/HMI tags/OP010/MES/1Command PLC To Mes_DB500.xml,1Command PLC To Mes_DB500
1 s,CPU S71500-2PN_TP700,PLCtoMES.Spare_21,Bool,Bool,PLCtoMES_Load_Scanner4ChickInReq,EXPORT/HMI tags/OP010/MES/1Command PLC To Mes_DB500.xml,1Command PLC To Mes_DB500
1 s,CPU S71500-2PN_TP700,PLCtoMES.Spare_22,Bool,Bool,PLCtoMES_Load_Scanner5ChickInReq,EXPORT/HMI tags/OP010/MES/1Command PLC To Mes_DB500.xml,1Command PLC To Mes_DB500
1 s,CPU S71500-2PN_TP700,PLCtoMES.Spare_23,Bool,Bool,PLCtoMES_Load_Scanner6ChickInReq,EXPORT/HMI tags/OP010/MES/1Command PLC To Mes_DB500.xml,1Command PLC To Mes_DB500
1 s,CPU S71500-2PN_TP700,PLCtoMES.Spare_24,Bool,Bool,PLCtoMES_Load_Scanner7ChickInReq,EXPORT/HMI tags/OP010/MES/1Command PLC To Mes_DB500.xml,1Command PLC To Mes_DB500
1 s,CPU S71500-2PN_TP700,PLCtoMES.Spare_25,Bool,Bool,PLCtoMES_Load_Scanner8ChickInReq,EXPORT/HMI tags/OP010/MES/1Command PLC To Mes_DB500.xml,1Command PLC To Mes_DB500
1 s,CPU S71500-2PN_TP700,PLCtoMES.Spare_1,Byte,USInt,PLCtoMES_SpareByte,EXPORT/HMI tags/OP010/MES/1Command PLC To Mes_DB500.xml,1Command PLC To Mes_DB500
1 s,CPU S71500-2PN_TP700,PLCtoMES.Spare_2,Bool,Bool,PLCtoMES_Load_PrintReq,EXPORT/HMI tags/OP010/MES/1Command PLC To Mes_DB500.xml,1Command PLC To Mes_DB500
1 s,CPU S71500-2PN_TP700,PLCtoMES.Spare_3,Bool,Bool,PLCtoMES_Load_DataMatrixCheckReq,EXPORT/HMI tags/OP010/MES/1Command PLC To Mes_DB500.xml,1Command PLC To Mes_DB500
1 s,CPU S71500-2PN_TP700,PLCtoMES.Spare_4,Bool,Bool,PLCtoMES_Load_Spare,EXPORT/HMI tags/OP010/MES/1Command PLC To Mes_DB500.xml,1Command PLC To Mes_DB500
1 s,CPU S71500-2PN_TP700,PLCtoMES.Spare_5,Bool,Bool,PLCtoMES_Load_Spare_1,EXPORT/HMI tags/OP010/MES/1Command PLC To Mes_DB500.xml,1Command PLC To Mes_DB500
1 s,CPU S71500-2PN_TP700,PLCtoMES.Spare_6,Bool,Bool,PLCtoMES_Load_Spare_2,EXPORT/HMI tags/OP010/MES/1Command PLC To Mes_DB500.xml,1Command PLC To Mes_DB500
1 s,CPU S71500-2PN_TP700,PLCtoMES.Spare_7,Bool,Bool,PLCtoMES_Load_Spare_3,EXPORT/HMI tags/OP010/MES/1Command PLC To Mes_DB500.xml,1Command PLC To Mes_DB500
1 s,CPU S71500-2PN_TP700,PLCtoMES.Spare_8,Bool,Bool,PLCtoMES_Load_Spare_4,EXPORT/HMI tags/OP010/MES/1Command PLC To Mes_DB500.xml,1Command PLC To Mes_DB500
1 s,CPU S71500-2PN_TP700,PLCtoMES.Spare_9,Bool,Bool,PLCtoMES_Load_Spare_5,EXPORT/HMI tags/OP010/MES/1Command PLC To Mes_DB500.xml,1Command PLC To Mes_DB500
1 s,CPU S71500-2PN_TP700,PLCtoMES.Static_2,Bool,Bool,PLCtoMES_Unload_Station1DataSaveReq,EXPORT/HMI tags/OP010/MES/1Command PLC To Mes_DB500.xml,1Command PLC To Mes_DB500
1 s,CPU S71500-2PN_TP700,"PLCtoMES.""PLC.Unload_Station1DataSaveReq""",Bool,Bool,PLCtoMES_Unload_Station2DataSaveReq,EXPORT/HMI tags/OP010/MES/1Command PLC To Mes_DB500.xml,1Command PLC To Mes_DB500
1 s,CPU S71500-2PN_TP700,"PLCtoMES.""PLC.Unload_Station2DataSaveReq""",Bool,Bool,PLCtoMES_Unload_Station3DataSaveReq,EXPORT/HMI tags/OP010/MES/1Command PLC To Mes_DB500.xml,1Command PLC To Mes_DB500
1 s,CPU S71500-2PN_TP700,"PLCtoMES.""PLC.Unload_Station3DataSaveReq""",Bool,Bool,PLCtoMES_Unload_Station4DataSaveReq,EXPORT/HMI tags/OP010/MES/1Command PLC To Mes_DB500.xml,1Command PLC To Mes_DB500
1 s,CPU S71500-2PN_TP700,"PLCtoMES.""PLC.Unload_Station4DataSaveReq""",Bool,Bool,PLCtoMES_Unload_Station5DataSaveReq,EXPORT/HMI tags/OP010/MES/1Command PLC To Mes_DB500.xml,1Command PLC To Mes_DB500
1 s,CPU S71500-2PN_TP700,"PLCtoMES.""PLC.Unload_Station5DataSaveReq""",Bool,Bool,PLCtoMES_Unload_Station6DataSaveReq,EXPORT/HMI tags/OP010/MES/1Command PLC To Mes_DB500.xml,1Command PLC To Mes_DB500
1 s,CPU S71500-2PN_TP700,"PLCtoMES.""PLC.Unload_Station6DataSaveReq""",Bool,Bool,PLCtoMES_Unload_Station7DataSaveReq,EXPORT/HMI tags/OP010/MES/1Command PLC To Mes_DB500.xml,1Command PLC To Mes_DB500
1 s,CPU S71500-2PN_TP700,"PLCtoMES.""PLC.Unload_Station7DataSaveReq""",Bool,Bool,PLCtoMES_Unload_Station8DataSaveReq,EXPORT/HMI tags/OP010/MES/1Command PLC To Mes_DB500.xml,1Command PLC To Mes_DB500
1 s,CPU S71500-2PN_TP700,"PLCtoMES.""PLC.Unload_Station8DataSaveReq""",Bool,Bool,PLCtoMES_P-HeartBeat,EXPORT/HMI tags/OP010/MES/1Command PLC To Mes_DB500.xml,1Command PLC To Mes_DB500
1 s,CPU S71500-2PN_TP700,"MEStoPLC.""MES.Load_Station1PartOK""",Bool,Bool,MEStoPLC_Load_Station1PartOK,EXPORT/HMI tags/OP010/MES/2Command Mes To PLC_DB501.xml,2Command Mes To PLC_DB501
1 s,CPU S71500-2PN_TP700,"MEStoPLC.""MES.Load_Station1PartNG""",Bool,Bool,MEStoPLC_Load_Station1PartNG,EXPORT/HMI tags/OP010/MES/2Command Mes To PLC_DB501.xml,2Command Mes To PLC_DB501
1 s,CPU S71500-2PN_TP700,"MEStoPLC.""MES.Load_Station1ReqMesDone""",Bool,Bool,MEStoPLC_Load_Station1ReqMesDone,EXPORT/HMI tags/OP010/MES/2Command Mes To PLC_DB501.xml,2Command Mes To PLC_DB501
1 s,CPU S71500-2PN_TP700,MEStoPLC.Spare_1,Bool,Bool,MEStoPLC_Load_Station1Spare,EXPORT/HMI tags/OP010/MES/2Command Mes To PLC_DB501.xml,2Command Mes To PLC_DB501
1 s,CPU S71500-2PN_TP700,"MEStoPLC.""MES.Load_Station2PartOK""",Bool,Bool,MEStoPLC_Load_Station1Spare1,EXPORT/HMI tags/OP010/MES/2Command Mes To PLC_DB501.xml,2Command Mes To PLC_DB501
1 s,CPU S71500-2PN_TP700,"MEStoPLC.""MES.Load_Station2PartNG""",Bool,Bool,MEStoPLC_Load_Station1Spare2,EXPORT/HMI tags/OP010/MES/2Command Mes To PLC_DB501.xml,2Command Mes To PLC_DB501
1 s,CPU S71500-2PN_TP700,"MEStoPLC.""MES.Load_Station2ReqMesDone""",Bool,Bool,MEStoPLC_Load_Station1Spare3,EXPORT/HMI tags/OP010/MES/2Command Mes To PLC_DB501.xml,2Command Mes To PLC_DB501
1 s,CPU S71500-2PN_TP700,MEStoPLC.Spare_2,Bool,Bool,MEStoPLC_Load_Station1Spare4,EXPORT/HMI tags/OP010/MES/2Command Mes To PLC_DB501.xml,2Command Mes To PLC_DB501
1 s,CPU S71500-2PN_TP700,"MEStoPLC.""MES.Load_Station3PartOK""",Bool,Bool,MEStoPLC_Load_Station2PartOK,EXPORT/HMI tags/OP010/MES/2Command Mes To PLC_DB501.xml,2Command Mes To PLC_DB501
1 s,CPU S71500-2PN_TP700,"MEStoPLC.""MES.Load_Station3PartNG""",Bool,Bool,MEStoPLC_Load_Station2PartNG,EXPORT/HMI tags/OP010/MES/2Command Mes To PLC_DB501.xml,2Command Mes To PLC_DB501
1 s,CPU S71500-2PN_TP700,"MEStoPLC.""MES.Load_Station3ReqMesDone""",Bool,Bool,MEStoPLC_Load_Station2ReqMesDone,EXPORT/HMI tags/OP010/MES/2Command Mes To PLC_DB501.xml,2Command Mes To PLC_DB501
1 s,CPU S71500-2PN_TP700,MEStoPLC.Spare_3,Bool,Bool,MEStoPLC_Load_Station2Spare,EXPORT/HMI tags/OP010/MES/2Command Mes To PLC_DB501.xml,2Command Mes To PLC_DB501
1 s,CPU S71500-2PN_TP700,"MEStoPLC.""MES.Load_Station4PartOK""",Bool,Bool,MEStoPLC_Load_Station2Spare1,EXPORT/HMI tags/OP010/MES/2Command Mes To PLC_DB501.xml,2Command Mes To PLC_DB501
1 s,CPU S71500-2PN_TP700,"MEStoPLC.""MES.Load_Station4PartNG""",Bool,Bool,MEStoPLC_Load_Station2Spare2,EXPORT/HMI tags/OP010/MES/2Command Mes To PLC_DB501.xml,2Command Mes To PLC_DB501
1 s,CPU S71500-2PN_TP700,"MEStoPLC.""MES.Load_Station4ReqMesDone""",Bool,Bool,MEStoPLC_Load_Station2Spare3,EXPORT/HMI tags/OP010/MES/2Command Mes To PLC_DB501.xml,2Command Mes To PLC_DB501
1 s,CPU S71500-2PN_TP700,MEStoPLC.Spare_4,Bool,Bool,MEStoPLC_Load_Station2Spare4,EXPORT/HMI tags/OP010/MES/2Command Mes To PLC_DB501.xml,2Command Mes To PLC_DB501
1 s,CPU S71500-2PN_TP700,"MEStoPLC.""MES.Load_Station5PartOK""",Bool,Bool,MEStoPLC_Load_Station3PartOK,EXPORT/HMI tags/OP010/MES/2Command Mes To PLC_DB501.xml,2Command Mes To PLC_DB501
1 s,CPU S71500-2PN_TP700,"MEStoPLC.""MES.Load_Station5PartNG""",Bool,Bool,MEStoPLC_Load_Station3PartNG,EXPORT/HMI tags/OP010/MES/2Command Mes To PLC_DB501.xml,2Command Mes To PLC_DB501
1 s,CPU S71500-2PN_TP700,"MEStoPLC.""MES.Load_Station5ReqMesDone""",Bool,Bool,MEStoPLC_Load_Station3ReqMesDone,EXPORT/HMI tags/OP010/MES/2Command Mes To PLC_DB501.xml,2Command Mes To PLC_DB501
1 s,CPU S71500-2PN_TP700,MEStoPLC.Spare_5,Bool,Bool,MEStoPLC_Load_Station3Spare,EXPORT/HMI tags/OP010/MES/2Command Mes To PLC_DB501.xml,2Command Mes To PLC_DB501
1 s,CPU S71500-2PN_TP700,"MEStoPLC.""MES.Load_Station6PartOK""",Bool,Bool,MEStoPLC_Load_Station3Spare1,EXPORT/HMI tags/OP010/MES/2Command Mes To PLC_DB501.xml,2Command Mes To PLC_DB501
1 s,CPU S71500-2PN_TP700,"MEStoPLC.""MES.Load_Station6PartNG""",Bool,Bool,MEStoPLC_Load_Station3Spare2,EXPORT/HMI tags/OP010/MES/2Command Mes To PLC_DB501.xml,2Command Mes To PLC_DB501
1 s,CPU S71500-2PN_TP700,"MEStoPLC.""MES.Load_Station6ReqMesDone""",Bool,Bool,MEStoPLC_Load_Station3Spare3,EXPORT/HMI tags/OP010/MES/2Command Mes To PLC_DB501.xml,2Command Mes To PLC_DB501
1 s,CPU S71500-2PN_TP700,MEStoPLC.Spare_6,Bool,Bool,MEStoPLC_Load_Station3Spare4,EXPORT/HMI tags/OP010/MES/2Command Mes To PLC_DB501.xml,2Command Mes To PLC_DB501
1 s,CPU S71500-2PN_TP700,"MEStoPLC.""MES.Load_Station7PartOK""",Bool,Bool,MEStoPLC_Load_Station4PartOK,EXPORT/HMI tags/OP010/MES/2Command Mes To PLC_DB501.xml,2Command Mes To PLC_DB501
1 s,CPU S71500-2PN_TP700,"MEStoPLC.""MES.Load_Station7PartNG""",Bool,Bool,MEStoPLC_Load_Station4PartNG,EXPORT/HMI tags/OP010/MES/2Command Mes To PLC_DB501.xml,2Command Mes To PLC_DB501
1 s,CPU S71500-2PN_TP700,"MEStoPLC.""MES.Load_Station7ReqMesDone""",Bool,Bool,MEStoPLC_Load_Station4ReqMesDone,EXPORT/HMI tags/OP010/MES/2Command Mes To PLC_DB501.xml,2Command Mes To PLC_DB501
1 s,CPU S71500-2PN_TP700,MEStoPLC.Spare_7,Bool,Bool,MEStoPLC_Load_Station4Spare,EXPORT/HMI tags/OP010/MES/2Command Mes To PLC_DB501.xml,2Command Mes To PLC_DB501
1 s,CPU S71500-2PN_TP700,"MEStoPLC.""MES.Load_Station8PartOK""",Bool,Bool,MEStoPLC_Load_Station4Spare1,EXPORT/HMI tags/OP010/MES/2Command Mes To PLC_DB501.xml,2Command Mes To PLC_DB501
1 s,CPU S71500-2PN_TP700,"MEStoPLC.""MES.Load_Station8PartNG""",Bool,Bool,MEStoPLC_Load_Station4Spare2,EXPORT/HMI tags/OP010/MES/2Command Mes To PLC_DB501.xml,2Command Mes To PLC_DB501
1 s,CPU S71500-2PN_TP700,"MEStoPLC.""MES.Load_Station8ReqMesDone""",Bool,Bool,MEStoPLC_Load_Station4Spare3,EXPORT/HMI tags/OP010/MES/2Command Mes To PLC_DB501.xml,2Command Mes To PLC_DB501
1 s,CPU S71500-2PN_TP700,MEStoPLC.Spare_8,Bool,Bool,MEStoPLC_Load_Station4Spare4,EXPORT/HMI tags/OP010/MES/2Command Mes To PLC_DB501.xml,2Command Mes To PLC_DB501
1 s,CPU S71500-2PN_TP700,MEStoPLC.Spare_9,Bool,Bool,MEStoPLC_Load_Station5PartOK,EXPORT/HMI tags/OP010/MES/2Command Mes To PLC_DB501.xml,2Command Mes To PLC_DB501
1 s,CPU S71500-2PN_TP700,MEStoPLC.Static_3,Bool,Bool,MEStoPLC_Load_Station5PartNG,EXPORT/HMI tags/OP010/MES/2Command Mes To PLC_DB501.xml,2Command Mes To PLC_DB501
1 s,CPU S71500-2PN_TP700,"MEStoPLC.""MES.Load_SubPart1OK""",Bool,Bool,MEStoPLC_Load_Station5ReqMesDone,EXPORT/HMI tags/OP010/MES/2Command Mes To PLC_DB501.xml,2Command Mes To PLC_DB501
1 s,CPU S71500-2PN_TP700,"MEStoPLC.""MES.Load_SubPart1tNG""",Bool,Bool,MEStoPLC_Load_Station5Spare,EXPORT/HMI tags/OP010/MES/2Command Mes To PLC_DB501.xml,2Command Mes To PLC_DB501
1 s,CPU S71500-2PN_TP700,"MEStoPLC.""MES.Load_SubPart1ReqMesDone""",Bool,Bool,MEStoPLC_Load_Station5Spare1,EXPORT/HMI tags/OP010/MES/2Command Mes To PLC_DB501.xml,2Command Mes To PLC_DB501
1 s,CPU S71500-2PN_TP700,MEStoPLC.Spare_10,Bool,Bool,MEStoPLC_Load_Station5Spare2,EXPORT/HMI tags/OP010/MES/2Command Mes To PLC_DB501.xml,2Command Mes To PLC_DB501
1 s,CPU S71500-2PN_TP700,"MEStoPLC.""MES.Load_SubPart2OK""",Bool,Bool,MEStoPLC_Load_Station5Spare3,EXPORT/HMI tags/OP010/MES/2Command Mes To PLC_DB501.xml,2Command Mes To PLC_DB501
1 s,CPU S71500-2PN_TP700,"MEStoPLC.""MES.Load_SubPart2tNG""",Bool,Bool,MEStoPLC_Load_Station5Spare4,EXPORT/HMI tags/OP010/MES/2Command Mes To PLC_DB501.xml,2Command Mes To PLC_DB501
1 s,CPU S71500-2PN_TP700,"MEStoPLC.""MES.Load_SubPart2ReqMesDone""",Bool,Bool,MEStoPLC_Load_Station6PartOK,EXPORT/HMI tags/OP010/MES/2Command Mes To PLC_DB501.xml,2Command Mes To PLC_DB501
1 s,CPU S71500-2PN_TP700,MEStoPLC.Spare_11,Bool,Bool,MEStoPLC_Load_Station6PartNG,EXPORT/HMI tags/OP010/MES/2Command Mes To PLC_DB501.xml,2Command Mes To PLC_DB501
1 s,CPU S71500-2PN_TP700,"MEStoPLC.""MES.Load_SubPart3OK""",Bool,Bool,MEStoPLC_Load_Station6ReqMesDone,EXPORT/HMI tags/OP010/MES/2Command Mes To PLC_DB501.xml,2Command Mes To PLC_DB501
1 s,CPU S71500-2PN_TP700,"MEStoPLC.""MES.Load_SubPart3tNG""",Bool,Bool,MEStoPLC_Load_Station6Spare,EXPORT/HMI tags/OP010/MES/2Command Mes To PLC_DB501.xml,2Command Mes To PLC_DB501
1 s,CPU S71500-2PN_TP700,"MEStoPLC.""MES.Load_SubPart3ReqMesDone""",Bool,Bool,MEStoPLC_Load_Station6Spare1,EXPORT/HMI tags/OP010/MES/2Command Mes To PLC_DB501.xml,2Command Mes To PLC_DB501
1 s,CPU S71500-2PN_TP700,MEStoPLC.Spare_12,Bool,Bool,MEStoPLC_Load_Station6Spare2,EXPORT/HMI tags/OP010/MES/2Command Mes To PLC_DB501.xml,2Command Mes To PLC_DB501
1 s,CPU S71500-2PN_TP700,"MEStoPLC.""MES.Load_SubPart4OK""",Bool,Bool,MEStoPLC_Load_Station6Spare3,EXPORT/HMI tags/OP010/MES/2Command Mes To PLC_DB501.xml,2Command Mes To PLC_DB501
1 s,CPU S71500-2PN_TP700,"MEStoPLC.""MES.Load_SubPart4tNG""",Bool,Bool,MEStoPLC_Load_Station6Spare4,EXPORT/HMI tags/OP010/MES/2Command Mes To PLC_DB501.xml,2Command Mes To PLC_DB501
1 s,CPU S71500-2PN_TP700,"MEStoPLC.""MES.Load_SubPart4ReqMesDone""",Bool,Bool,MEStoPLC_Load_Station7PartOK,EXPORT/HMI tags/OP010/MES/2Command Mes To PLC_DB501.xml,2Command Mes To PLC_DB501
1 s,CPU S71500-2PN_TP700,MEStoPLC.Spare_13,Bool,Bool,MEStoPLC_Load_Station7PartNG,EXPORT/HMI tags/OP010/MES/2Command Mes To PLC_DB501.xml,2Command Mes To PLC_DB501
1 s,CPU S71500-2PN_TP700,"MEStoPLC.""MES.Load_SubPart5OK""",Bool,Bool,MEStoPLC_Load_Station7ReqMesDone,EXPORT/HMI tags/OP010/MES/2Command Mes To PLC_DB501.xml,2Command Mes To PLC_DB501
1 s,CPU S71500-2PN_TP700,"MEStoPLC.""MES.Load_SubPart5tNG""",Bool,Bool,MEStoPLC_Load_Station7Spare,EXPORT/HMI tags/OP010/MES/2Command Mes To PLC_DB501.xml,2Command Mes To PLC_DB501
1 s,CPU S71500-2PN_TP700,"MEStoPLC.""MES.Load_SubPart5ReqMesDone""",Bool,Bool,MEStoPLC_Load_Station7Spare1,EXPORT/HMI tags/OP010/MES/2Command Mes To PLC_DB501.xml,2Command Mes To PLC_DB501
1 s,CPU S71500-2PN_TP700,MEStoPLC.Spare_14,Bool,Bool,MEStoPLC_Load_Station7Spare2,EXPORT/HMI tags/OP010/MES/2Command Mes To PLC_DB501.xml,2Command Mes To PLC_DB501
1 s,CPU S71500-2PN_TP700,"MEStoPLC.""MES.Load_SubPart6OK""",Bool,Bool,MEStoPLC_Load_Station7Spare3,EXPORT/HMI tags/OP010/MES/2Command Mes To PLC_DB501.xml,2Command Mes To PLC_DB501
1 s,CPU S71500-2PN_TP700,"MEStoPLC.""MES.Load_SubPart6tNG""",Bool,Bool,MEStoPLC_Load_Station7Spare4,EXPORT/HMI tags/OP010/MES/2Command Mes To PLC_DB501.xml,2Command Mes To PLC_DB501
1 s,CPU S71500-2PN_TP700,"MEStoPLC.""MES.Load_SubPart6ReqMesDone""",Bool,Bool,MEStoPLC_Load_Station8PartOK,EXPORT/HMI tags/OP010/MES/2Command Mes To PLC_DB501.xml,2Command Mes To PLC_DB501
1 s,CPU S71500-2PN_TP700,MEStoPLC.Spare_15,Bool,Bool,MEStoPLC_Load_Station8PartNG,EXPORT/HMI tags/OP010/MES/2Command Mes To PLC_DB501.xml,2Command Mes To PLC_DB501
1 s,CPU S71500-2PN_TP700,"MEStoPLC.""MES.Load_SubPart7OK""",Bool,Bool,MEStoPLC_Load_Station8ReqMesDone,EXPORT/HMI tags/OP010/MES/2Command Mes To PLC_DB501.xml,2Command Mes To PLC_DB501
1 s,CPU S71500-2PN_TP700,"MEStoPLC.""MES.Load_SubPart7tNG""",Bool,Bool,MEStoPLC_Load_Station8Spare,EXPORT/HMI tags/OP010/MES/2Command Mes To PLC_DB501.xml,2Command Mes To PLC_DB501
1 s,CPU S71500-2PN_TP700,"MEStoPLC.""MES.Load_SubPart7ReqMesDone""",Bool,Bool,MEStoPLC_Load_Station8Spare5,EXPORT/HMI tags/OP010/MES/2Command Mes To PLC_DB501.xml,2Command Mes To PLC_DB501
1 s,CPU S71500-2PN_TP700,MEStoPLC.Spare_16,Bool,Bool,MEStoPLC_Load_Station8Spare6,EXPORT/HMI tags/OP010/MES/2Command Mes To PLC_DB501.xml,2Command Mes To PLC_DB501
1 s,CPU S71500-2PN_TP700,"MEStoPLC.""MES.Load_SubPart8OK""",Bool,Bool,MEStoPLC_Load_Station8Spare8,EXPORT/HMI tags/OP010/MES/2Command Mes To PLC_DB501.xml,2Command Mes To PLC_DB501
1 s,CPU S71500-2PN_TP700,"MEStoPLC.""MES.Load_SubPart8tNG""",Bool,Bool,MEStoPLC_Load_Station8Spare9,EXPORT/HMI tags/OP010/MES/2Command Mes To PLC_DB501.xml,2Command Mes To PLC_DB501
1 s,CPU S71500-2PN_TP700,MEStoPLC.Spare,Bool,Bool,MEStoPLC_Load_SubPart1OK,EXPORT/HMI tags/OP010/MES/2Command Mes To PLC_DB501.xml,2Command Mes To PLC_DB501
1 s,CPU S71500-2PN_TP700,MEStoPLC.Spare_17,Bool,Bool,MEStoPLC_Load_SubPart1tNG,EXPORT/HMI tags/OP010/MES/2Command Mes To PLC_DB501.xml,2Command Mes To PLC_DB501
1 s,CPU S71500-2PN_TP700,"MEStoPLC.""MES.Load_ResultsStored1OK""",Bool,Bool,MEStoPLC_Load_SubPart1ReqMesDone,EXPORT/HMI tags/OP010/MES/2Command Mes To PLC_DB501.xml,2Command Mes To PLC_DB501
1 s,CPU S71500-2PN_TP700,"MEStoPLC.""MES.Load_ResultsStored2ReqMesDone""",Bool,Bool,MEStoPLC_Load_SubPart2OK,EXPORT/HMI tags/OP010/MES/2Command Mes To PLC_DB501.xml,2Command Mes To PLC_DB501
1 s,CPU S71500-2PN_TP700,MEStoPLC.Spare_19,Bool,Bool,MEStoPLC_Load_SubPart2tNG,EXPORT/HMI tags/OP010/MES/2Command Mes To PLC_DB501.xml,2Command Mes To PLC_DB501
1 s,CPU S71500-2PN_TP700,"MEStoPLC.""MES.Load_ResultsStored3OK""",Bool,Bool,MEStoPLC_Load_SubPart2ReqMesDone,EXPORT/HMI tags/OP010/MES/2Command Mes To PLC_DB501.xml,2Command Mes To PLC_DB501
1 s,CPU S71500-2PN_TP700,"MEStoPLC.""MES.Load_ResultsStored4ReqMesDone""",Bool,Bool,MEStoPLC_Load_SubPart3OK,EXPORT/HMI tags/OP010/MES/2Command Mes To PLC_DB501.xml,2Command Mes To PLC_DB501
1 s,CPU S71500-2PN_TP700,MEStoPLC.Spare_21,Bool,Bool,MEStoPLC_Load_SubPart3tNG,EXPORT/HMI tags/OP010/MES/2Command Mes To PLC_DB501.xml,2Command Mes To PLC_DB501
1 s,CPU S71500-2PN_TP700,"MEStoPLC.""MES.Load_ResultsStored5OK""",Bool,Bool,MEStoPLC_Load_SubPart3ReqMesDone,EXPORT/HMI tags/OP010/MES/2Command Mes To PLC_DB501.xml,2Command Mes To PLC_DB501
1 s,CPU S71500-2PN_TP700,"MEStoPLC.""MES.Load_ResultsStored6ReqMesDone""",Bool,Bool,MEStoPLC_Load_SubPart4OK,EXPORT/HMI tags/OP010/MES/2Command Mes To PLC_DB501.xml,2Command Mes To PLC_DB501
1 s,CPU S71500-2PN_TP700,MEStoPLC.Spare_23,Bool,Bool,MEStoPLC_Load_SubPart4tNG,EXPORT/HMI tags/OP010/MES/2Command Mes To PLC_DB501.xml,2Command Mes To PLC_DB501
1 s,CPU S71500-2PN_TP700,"MEStoPLC.""MES.Load_ResultsStored7OK""",Bool,Bool,MEStoPLC_Load_SubPart4ReqMesDone,EXPORT/HMI tags/OP010/MES/2Command Mes To PLC_DB501.xml,2Command Mes To PLC_DB501
1 s,CPU S71500-2PN_TP700,"MEStoPLC.""MES.Load_ResultsStored8ReqMesDone""",Bool,Bool,MEStoPLC_Load_SubPart5OK,EXPORT/HMI tags/OP010/MES/2Command Mes To PLC_DB501.xml,2Command Mes To PLC_DB501
1 s,CPU S71500-2PN_TP700,"MEStoPLC.""MES.Load_StoveCheckInOk""",Bool,Bool,MEStoPLC_Load_SubPart5tNG,EXPORT/HMI tags/OP010/MES/2Command Mes To PLC_DB501.xml,2Command Mes To PLC_DB501
1 s,CPU S71500-2PN_TP700,MEStoPLC.Static_1,Bool,Bool,MEStoPLC_Load_SubPart5ReqMesDone,EXPORT/HMI tags/OP010/MES/2Command Mes To PLC_DB501.xml,2Command Mes To PLC_DB501
1 s,CPU S71500-2PN_TP700,MEStoPLC.Spare_31,Bool,Bool,MEStoPLC_Load_SubPart6OK,EXPORT/HMI tags/OP010/MES/2Command Mes To PLC_DB501.xml,2Command Mes To PLC_DB501
1 s,CPU S71500-2PN_TP700,MEStoPLC.Spare_32,Bool,Bool,MEStoPLC_Load_SubPart6tNG,EXPORT/HMI tags/OP010/MES/2Command Mes To PLC_DB501.xml,2Command Mes To PLC_DB501
1 s,CPU S71500-2PN_TP700,MEStoPLC.Spare_33,Bool,Bool,MEStoPLC_Load_SubPart6ReqMesDone,EXPORT/HMI tags/OP010/MES/2Command Mes To PLC_DB501.xml,2Command Mes To PLC_DB501
1 s,CPU S71500-2PN_TP700,"MEStoPLC.""MES.Unload_ResultsStored2NG""",Bool,Bool,MEStoPLC_Load_SubPart7OK,EXPORT/HMI tags/OP010/MES/2Command Mes To PLC_DB501.xml,2Command Mes To PLC_DB501
1 s,CPU S71500-2PN_TP700,"MEStoPLC.""MES.Unload_ResultsStored2ReqMesDone""",Bool,Bool,MEStoPLC_Load_SubPart7tNG,EXPORT/HMI tags/OP010/MES/2Command Mes To PLC_DB501.xml,2Command Mes To PLC_DB501
1 s,CPU S71500-2PN_TP700,MEStoPLC.Spare_35,Bool,Bool,MEStoPLC_Load_SubPart7ReqMesDone,EXPORT/HMI tags/OP010/MES/2Command Mes To PLC_DB501.xml,2Command Mes To PLC_DB501
1 s,CPU S71500-2PN_TP700,"MEStoPLC.""MES.Unload_ResultsStored4NG""",Bool,Bool,MEStoPLC_Load_SubPart8OK,EXPORT/HMI tags/OP010/MES/2Command Mes To PLC_DB501.xml,2Command Mes To PLC_DB501
1 s,CPU S71500-2PN_TP700,"MEStoPLC.""MES.Unload_ResultsStored6ReqMesDone""",Bool,Bool,MEStoPLC_Load_ResultsStored1OK,EXPORT/HMI tags/OP010/MES/2Command Mes To PLC_DB501.xml,2Command Mes To PLC_DB501
1 s,CPU S71500-2PN_TP700,MEStoPLC.Spare_39,Bool,Bool,MEStoPLC_Load_ResultsStored1NG,EXPORT/HMI tags/OP010/MES/2Command Mes To PLC_DB501.xml,2Command Mes To PLC_DB501
1 s,CPU S71500-2PN_TP700,"MEStoPLC.""MES.Unload_ResultsStored7OK""",Bool,Bool,MEStoPLC_Load_ResultsStored1ReqMesDone,EXPORT/HMI tags/OP010/MES/2Command Mes To PLC_DB501.xml,2Command Mes To PLC_DB501
1 s,CPU S71500-2PN_TP700,"MEStoPLC.""MES.Unload_ResultsStored7NG""",Bool,Bool,MEStoPLC_Load_ResultsStored1Spare,EXPORT/HMI tags/OP010/MES/2Command Mes To PLC_DB501.xml,2Command Mes To PLC_DB501
1 s,CPU S71500-2PN_TP700,"MEStoPLC.""MES.Unload_ResultsStored7ReqMesDone""",Bool,Bool,MEStoPLC_Load_ResultsStored1Spare1,EXPORT/HMI tags/OP010/MES/2Command Mes To PLC_DB501.xml,2Command Mes To PLC_DB501
1 s,CPU S71500-2PN_TP700,MEStoPLC.Spare_40,Bool,Bool,MEStoPLC_Load_ResultsStored1Spare2,EXPORT/HMI tags/OP010/MES/2Command Mes To PLC_DB501.xml,2Command Mes To PLC_DB501
1 s,CPU S71500-2PN_TP700,"MEStoPLC.""MES.Unload_ResultsStored8OK""",Bool,Bool,MEStoPLC_Load_ResultsStored1Spare3,EXPORT/HMI tags/OP010/MES/2Command Mes To PLC_DB501.xml,2Command Mes To PLC_DB501
1 s,CPU S71500-2PN_TP700,"MEStoPLC.""MES.Unload_ResultsStored8NG""",Bool,Bool,MEStoPLC_Load_ResultsStored1Spare4,EXPORT/HMI tags/OP010/MES/2Command Mes To PLC_DB501.xml,2Command Mes To PLC_DB501
1 s,CPU S71500-2PN_TP700,"MEStoPLC.""MES.Unload_ResultsStored8ReqMesDone""",Bool,Bool,MEStoPLC_Load_ResultsStored2OK,EXPORT/HMI tags/OP010/MES/2Command Mes To PLC_DB501.xml,2Command Mes To PLC_DB501
1 s,CPU S71500-2PN_TP700,MEStoPLC.Spare_41,Bool,Bool,MEStoPLC_Load_ResultsStored2NG,EXPORT/HMI tags/OP010/MES/2Command Mes To PLC_DB501.xml,2Command Mes To PLC_DB501
1 s,CPU S71500-2PN_TP700,"MEStoPLC.""MES.HeartbeatSignal""",Bool,Bool,MEStoPLC_Load_ResultsStored2ReqMesDone,EXPORT/HMI tags/OP010/MES/2Command Mes To PLC_DB501.xml,2Command Mes To PLC_DB501
100 ms,CPU S71500-2PN_TP700,PilzData.85A1.I8,Bool,Bool,PilzData_85A1_I8,EXPORT/HMI tags/OP010/Pilz/Pilz.xml,Pilz
100 ms,CPU S71500-2PN_TP700,PilzData.85A1.I9,Bool,Bool,PilzData_85A1_I9,EXPORT/HMI tags/OP010/Pilz/Pilz.xml,Pilz
100 ms,CPU S71500-2PN_TP700,PilzData.85A1.I10,Bool,Bool,PilzData_85A1_I10,EXPORT/HMI tags/OP010/Pilz/Pilz.xml,Pilz
100 ms,CPU S71500-2PN_TP700,PilzData.85A1.I11,Bool,Bool,PilzData_85A1_I11,EXPORT/HMI tags/OP010/Pilz/Pilz.xml,Pilz
100 ms,CPU S71500-2PN_TP700,PilzData.85A1.I12,Bool,Bool,PilzData_85A1_I12,EXPORT/HMI tags/OP010/Pilz/Pilz.xml,Pilz
100 ms,CPU S71500-2PN_TP700,PilzData.85A1.I13,Bool,Bool,PilzData_85A1_I13,EXPORT/HMI tags/OP010/Pilz/Pilz.xml,Pilz
100 ms,CPU S71500-2PN_TP700,PilzData.85A1.I14,Bool,Bool,PilzData_85A1_I14,EXPORT/HMI tags/OP010/Pilz/Pilz.xml,Pilz
100 ms,CPU S71500-2PN_TP700,PilzData.85A1.I15,Bool,Bool,PilzData_85A1_I15,EXPORT/HMI tags/OP010/Pilz/Pilz.xml,Pilz
100 ms,CPU S71500-2PN_TP700,PilzData.85A1.I0,Bool,Bool,PilzData_85A1_I0,EXPORT/HMI tags/OP010/Pilz/Pilz.xml,Pilz
100 ms,CPU S71500-2PN_TP700,PilzData.85A1.I1,Bool,Bool,PilzData_85A1_I1,EXPORT/HMI tags/OP010/Pilz/Pilz.xml,Pilz
100 ms,CPU S71500-2PN_TP700,PilzData.85A1.I2,Bool,Bool,PilzData_85A1_I2,EXPORT/HMI tags/OP010/Pilz/Pilz.xml,Pilz
100 ms,CPU S71500-2PN_TP700,PilzData.85A1.I3,Bool,Bool,PilzData_85A1_I3,EXPORT/HMI tags/OP010/Pilz/Pilz.xml,Pilz
100 ms,CPU S71500-2PN_TP700,PilzData.85A1.I4,Bool,Bool,PilzData_85A1_I4,EXPORT/HMI tags/OP010/Pilz/Pilz.xml,Pilz
100 ms,CPU S71500-2PN_TP700,PilzData.85A1.I5,Bool,Bool,PilzData_85A1_I5,EXPORT/HMI tags/OP010/Pilz/Pilz.xml,Pilz
100 ms,CPU S71500-2PN_TP700,PilzData.85A1.I6,Bool,Bool,PilzData_85A1_I6,EXPORT/HMI tags/OP010/Pilz/Pilz.xml,Pilz
100 ms,CPU S71500-2PN_TP700,PilzData.85A1.I7,Bool,Bool,PilzData_85A1_I7,EXPORT/HMI tags/OP010/Pilz/Pilz.xml,Pilz
100 ms,CPU S71500-2PN_TP700,PilzData.85A1.I24,Bool,Bool,PilzData_85A1_I24,EXPORT/HMI tags/OP010/Pilz/Pilz.xml,Pilz
100 ms,CPU S71500-2PN_TP700,PilzData.85A1.I25,Bool,Bool,PilzData_85A1_I25,EXPORT/HMI tags/OP010/Pilz/Pilz.xml,Pilz
100 ms,CPU S71500-2PN_TP700,PilzData.85A1.I26,Bool,Bool,PilzData_85A1_I26,EXPORT/HMI tags/OP010/Pilz/Pilz.xml,Pilz
100 ms,CPU S71500-2PN_TP700,PilzData.85A1.I27,Bool,Bool,PilzData_85A1_I27,EXPORT/HMI tags/OP010/Pilz/Pilz.xml,Pilz
100 ms,CPU S71500-2PN_TP700,PilzData.85A1.I28,Bool,Bool,PilzData_85A1_I28,EXPORT/HMI tags/OP010/Pilz/Pilz.xml,Pilz
100 ms,CPU S71500-2PN_TP700,PilzData.85A1.I29,Bool,Bool,PilzData_85A1_I29,EXPORT/HMI tags/OP010/Pilz/Pilz.xml,Pilz
100 ms,CPU S71500-2PN_TP700,PilzData.85A1.I30,Bool,Bool,PilzData_85A1_I30,EXPORT/HMI tags/OP010/Pilz/Pilz.xml,Pilz
100 ms,CPU S71500-2PN_TP700,PilzData.85A1.I31,Bool,Bool,PilzData_85A1_I31,EXPORT/HMI tags/OP010/Pilz/Pilz.xml,Pilz
100 ms,CPU S71500-2PN_TP700,PilzData.85A1.I16,Bool,Bool,PilzData_85A1_I16,EXPORT/HMI tags/OP010/Pilz/Pilz.xml,Pilz
100 ms,CPU S71500-2PN_TP700,PilzData.85A1.I17,Bool,Bool,PilzData_85A1_I17,EXPORT/HMI tags/OP010/Pilz/Pilz.xml,Pilz
100 ms,CPU S71500-2PN_TP700,PilzData.85A1.I18,Bool,Bool,PilzData_85A1_I18,EXPORT/HMI tags/OP010/Pilz/Pilz.xml,Pilz
100 ms,CPU S71500-2PN_TP700,PilzData.85A1.I19,Bool,Bool,PilzData_85A1_I19,EXPORT/HMI tags/OP010/Pilz/Pilz.xml,Pilz
100 ms,CPU S71500-2PN_TP700,PilzData.85A1.I20,Bool,Bool,PilzData_85A1_I20,EXPORT/HMI tags/OP010/Pilz/Pilz.xml,Pilz
100 ms,CPU S71500-2PN_TP700,PilzData.85A1.I21,Bool,Bool,PilzData_85A1_I21,EXPORT/HMI tags/OP010/Pilz/Pilz.xml,Pilz
100 ms,CPU S71500-2PN_TP700,PilzData.85A1.I22,Bool,Bool,PilzData_85A1_I22,EXPORT/HMI tags/OP010/Pilz/Pilz.xml,Pilz
100 ms,CPU S71500-2PN_TP700,PilzData.85A1.I23,Bool,Bool,PilzData_85A1_I23,EXPORT/HMI tags/OP010/Pilz/Pilz.xml,Pilz
100 ms,CPU S71500-2PN_TP700,PilzData.85A1.O0,Bool,Bool,PilzData_85A1_O0,EXPORT/HMI tags/OP010/Pilz/Pilz.xml,Pilz
100 ms,CPU S71500-2PN_TP700,PilzData.85A1.O1,Bool,Bool,PilzData_85A1_O1,EXPORT/HMI tags/OP010/Pilz/Pilz.xml,Pilz
100 ms,CPU S71500-2PN_TP700,PilzData.85A1.O2,Bool,Bool,PilzData_85A1_O2,EXPORT/HMI tags/OP010/Pilz/Pilz.xml,Pilz
100 ms,CPU S71500-2PN_TP700,PilzData.85A1.O3,Bool,Bool,PilzData_85A1_O3,EXPORT/HMI tags/OP010/Pilz/Pilz.xml,Pilz
100 ms,CPU S71500-2PN_TP700,PilzData.85A1.Spare_1,Bool,Bool,PilzData_85A1_Spare_1,EXPORT/HMI tags/OP010/Pilz/Pilz.xml,Pilz
100 ms,CPU S71500-2PN_TP700,PilzData.85A1.Spare_2,Bool,Bool,PilzData_85A1_Spare_2,EXPORT/HMI tags/OP010/Pilz/Pilz.xml,Pilz
100 ms,CPU S71500-2PN_TP700,PilzData.85A1.Spare_3,Bool,Bool,PilzData_85A1_Spare_3,EXPORT/HMI tags/OP010/Pilz/Pilz.xml,Pilz
100 ms,CPU S71500-2PN_TP700,PilzData.85A1.Spare_4,Bool,Bool,PilzData_85A1_Spare_4,EXPORT/HMI tags/OP010/Pilz/Pilz.xml,Pilz
100 ms,CPU S71500-2PN_TP700,PilzData.85A1.Spare_5,Bool,Bool,PilzData_85A1_Spare_5,EXPORT/HMI tags/OP010/Pilz/Pilz.xml,Pilz
100 ms,CPU S71500-2PN_TP700,PilzData.85A1.Spare_6,Bool,Bool,PilzData_85A1_Spare_6,EXPORT/HMI tags/OP010/Pilz/Pilz.xml,Pilz
100 ms,CPU S71500-2PN_TP700,PilzData.85A1.Spare_7,Bool,Bool,PilzData_85A1_Spare_7,EXPORT/HMI tags/OP010/Pilz/Pilz.xml,Pilz
100 ms,CPU S71500-2PN_TP700,PilzData.85A1.Spare_8,Bool,Bool,PilzData_85A1_Spare_8,EXPORT/HMI tags/OP010/Pilz/Pilz.xml,Pilz
100 ms,CPU S71500-2PN_TP700,PilzData.85A1.Spare_9,Bool,Bool,PilzData_85A1_Spare_9,EXPORT/HMI tags/OP010/Pilz/Pilz.xml,Pilz
100 ms,CPU S71500-2PN_TP700,PilzData.85A1.Spare_10,Bool,Bool,PilzData_85A1_Spare_10,EXPORT/HMI tags/OP010/Pilz/Pilz.xml,Pilz
100 ms,CPU S71500-2PN_TP700,PilzData.85A1.Spare_11,Bool,Bool,PilzData_85A1_Spare_11,EXPORT/HMI tags/OP010/Pilz/Pilz.xml,Pilz
100 ms,CPU S71500-2PN_TP700,PilzData.85A1.Spare_12,Bool,Bool,PilzData_85A1_Spare_12,EXPORT/HMI tags/OP010/Pilz/Pilz.xml,Pilz
100 ms,CPU S71500-2PN_TP700,PilzData.85A2.I0,Bool,Bool,PilzData_85A2_I0,EXPORT/HMI tags/OP010/Pilz/Pilz.xml,Pilz
100 ms,CPU S71500-2PN_TP700,PilzData.85A2.I1,Bool,Bool,PilzData_85A2_I1,EXPORT/HMI tags/OP010/Pilz/Pilz.xml,Pilz
100 ms,CPU S71500-2PN_TP700,PilzData.85A2.I2,Bool,Bool,PilzData_85A2_I2,EXPORT/HMI tags/OP010/Pilz/Pilz.xml,Pilz
100 ms,CPU S71500-2PN_TP700,PilzData.85A2.I3,Bool,Bool,PilzData_85A2_I3,EXPORT/HMI tags/OP010/Pilz/Pilz.xml,Pilz
100 ms,CPU S71500-2PN_TP700,PilzData.85A2.I4,Bool,Bool,PilzData_85A2_I4,EXPORT/HMI tags/OP010/Pilz/Pilz.xml,Pilz
100 ms,CPU S71500-2PN_TP700,PilzData.85A2.I5,Bool,Bool,PilzData_85A2_I5,EXPORT/HMI tags/OP010/Pilz/Pilz.xml,Pilz
100 ms,CPU S71500-2PN_TP700,PilzData.85A2.I6,Bool,Bool,PilzData_85A2_I6,EXPORT/HMI tags/OP010/Pilz/Pilz.xml,Pilz
100 ms,CPU S71500-2PN_TP700,PilzData.85A2.I7,Bool,Bool,PilzData_85A2_I7,EXPORT/HMI tags/OP010/Pilz/Pilz.xml,Pilz
100 ms,CPU S71500-2PN_TP700,PilzData.85A2.O0,Bool,Bool,PilzData_85A2_O0,EXPORT/HMI tags/OP010/Pilz/Pilz.xml,Pilz
100 ms,CPU S71500-2PN_TP700,PilzData.85A2.O1,Bool,Bool,PilzData_85A2_O1,EXPORT/HMI tags/OP010/Pilz/Pilz.xml,Pilz
100 ms,CPU S71500-2PN_TP700,PilzData.85A2.O2,Bool,Bool,PilzData_85A2_O2,EXPORT/HMI tags/OP010/Pilz/Pilz.xml,Pilz
100 ms,CPU S71500-2PN_TP700,PilzData.85A2.O3,Bool,Bool,PilzData_85A2_O3,EXPORT/HMI tags/OP010/Pilz/Pilz.xml,Pilz
100 ms,CPU S71500-2PN_TP700,PilzData.85A2.Spare_1,Bool,Bool,PilzData_85A2_Spare_1,EXPORT/HMI tags/OP010/Pilz/Pilz.xml,Pilz
100 ms,CPU S71500-2PN_TP700,PilzData.85A2.Spare_2,Bool,Bool,PilzData_85A2_Spare_2,EXPORT/HMI tags/OP010/Pilz/Pilz.xml,Pilz
100 ms,CPU S71500-2PN_TP700,PilzData.85A2.Spare_3,Bool,Bool,PilzData_85A2_Spare_3,EXPORT/HMI tags/OP010/Pilz/Pilz.xml,Pilz
100 ms,CPU S71500-2PN_TP700,PilzData.85A2.Spare_4,Bool,Bool,PilzData_85A2_Spare_4,EXPORT/HMI tags/OP010/Pilz/Pilz.xml,Pilz
100 ms,CPU S71500-2PN_TP700,PilzData.85A3.I0,Bool,Bool,PilzData_85A3_I0,EXPORT/HMI tags/OP010/Pilz/Pilz.xml,Pilz
100 ms,CPU S71500-2PN_TP700,PilzData.85A3.I1,Bool,Bool,PilzData_85A3_I1,EXPORT/HMI tags/OP010/Pilz/Pilz.xml,Pilz
100 ms,CPU S71500-2PN_TP700,PilzData.85A3.I2,Bool,Bool,PilzData_85A3_I2,EXPORT/HMI tags/OP010/Pilz/Pilz.xml,Pilz
100 ms,CPU S71500-2PN_TP700,PilzData.85A3.I3,Bool,Bool,PilzData_85A3_I3,EXPORT/HMI tags/OP010/Pilz/Pilz.xml,Pilz
100 ms,CPU S71500-2PN_TP700,PilzData.85A3.I4,Bool,Bool,PilzData_85A3_I4,EXPORT/HMI tags/OP010/Pilz/Pilz.xml,Pilz
100 ms,CPU S71500-2PN_TP700,PilzData.85A3.I5,Bool,Bool,PilzData_85A3_I5,EXPORT/HMI tags/OP010/Pilz/Pilz.xml,Pilz
100 ms,CPU S71500-2PN_TP700,PilzData.85A3.I6,Bool,Bool,PilzData_85A3_I6,EXPORT/HMI tags/OP010/Pilz/Pilz.xml,Pilz
100 ms,CPU S71500-2PN_TP700,PilzData.85A3.I7,Bool,Bool,PilzData_85A3_I7,EXPORT/HMI tags/OP010/Pilz/Pilz.xml,Pilz
100 ms,CPU S71500-2PN_TP700,PilzData.85A3.O0,Bool,Bool,PilzData_85A3_O0,EXPORT/HMI tags/OP010/Pilz/Pilz.xml,Pilz
100 ms,CPU S71500-2PN_TP700,PilzData.85A3.O1,Bool,Bool,PilzData_85A3_O1,EXPORT/HMI tags/OP010/Pilz/Pilz.xml,Pilz
100 ms,CPU S71500-2PN_TP700,PilzData.85A3.O2,Bool,Bool,PilzData_85A3_O2,EXPORT/HMI tags/OP010/Pilz/Pilz.xml,Pilz
100 ms,CPU S71500-2PN_TP700,PilzData.85A3.O3,Bool,Bool,PilzData_85A3_O3,EXPORT/HMI tags/OP010/Pilz/Pilz.xml,Pilz
100 ms,CPU S71500-2PN_TP700,PilzData.85A3.Spare_1,Bool,Bool,PilzData_85A3_Spare_1,EXPORT/HMI tags/OP010/Pilz/Pilz.xml,Pilz
100 ms,CPU S71500-2PN_TP700,PilzData.85A3.Spare_2,Bool,Bool,PilzData_85A3_Spare_2,EXPORT/HMI tags/OP010/Pilz/Pilz.xml,Pilz
100 ms,CPU S71500-2PN_TP700,PilzData.85A3.Spare_3,Bool,Bool,PilzData_85A3_Spare_3,EXPORT/HMI tags/OP010/Pilz/Pilz.xml,Pilz
100 ms,CPU S71500-2PN_TP700,PilzData.85A3.Spare_4,Bool,Bool,PilzData_85A3_Spare_4,EXPORT/HMI tags/OP010/Pilz/Pilz.xml,Pilz
100 ms,CPU S71500-2PN_TP700,PilzData.Status,Int,Int,PilzData_Status,EXPORT/HMI tags/OP010/Pilz/Pilz.xml,Pilz
100 ms,CPU S71500-2PN_TP700,PilzData.85A4.I0,Bool,Bool,PilzData_85A4_I0,EXPORT/HMI tags/OP010/Pilz/Pilz.xml,Pilz
100 ms,CPU S71500-2PN_TP700,PilzData.85A4.I1,Bool,Bool,PilzData_85A4_I1,EXPORT/HMI tags/OP010/Pilz/Pilz.xml,Pilz
100 ms,CPU S71500-2PN_TP700,PilzData.85A4.I2,Bool,Bool,PilzData_85A4_I2,EXPORT/HMI tags/OP010/Pilz/Pilz.xml,Pilz
100 ms,CPU S71500-2PN_TP700,PilzData.85A4.I3,Bool,Bool,PilzData_85A4_I3,EXPORT/HMI tags/OP010/Pilz/Pilz.xml,Pilz
100 ms,CPU S71500-2PN_TP700,PilzData.85A4.I4,Bool,Bool,PilzData_85A4_I4,EXPORT/HMI tags/OP010/Pilz/Pilz.xml,Pilz
100 ms,CPU S71500-2PN_TP700,PilzData.85A4.I5,Bool,Bool,PilzData_85A4_I5,EXPORT/HMI tags/OP010/Pilz/Pilz.xml,Pilz
100 ms,CPU S71500-2PN_TP700,PilzData.85A4.I6,Bool,Bool,PilzData_85A4_I6,EXPORT/HMI tags/OP010/Pilz/Pilz.xml,Pilz
100 ms,CPU S71500-2PN_TP700,PilzData.85A4.I7,Bool,Bool,PilzData_85A4_I7,EXPORT/HMI tags/OP010/Pilz/Pilz.xml,Pilz
100 ms,CPU S71500-2PN_TP700,PilzData.85A4.O0,Bool,Bool,PilzData_85A4_O0,EXPORT/HMI tags/OP010/Pilz/Pilz.xml,Pilz
100 ms,CPU S71500-2PN_TP700,PilzData.85A4.O1,Bool,Bool,PilzData_85A4_O1,EXPORT/HMI tags/OP010/Pilz/Pilz.xml,Pilz
100 ms,CPU S71500-2PN_TP700,PilzData.85A4.O2,Bool,Bool,PilzData_85A4_O2,EXPORT/HMI tags/OP010/Pilz/Pilz.xml,Pilz
100 ms,CPU S71500-2PN_TP700,PilzData.85A4.O3,Bool,Bool,PilzData_85A4_O3,EXPORT/HMI tags/OP010/Pilz/Pilz.xml,Pilz
100 ms,CPU S71500-2PN_TP700,PilzData.85A4.Spare_1,Bool,Bool,PilzData_85A4_Spare_1,EXPORT/HMI tags/OP010/Pilz/Pilz.xml,Pilz
100 ms,CPU S71500-2PN_TP700,PilzData.85A4.Spare_2,Bool,Bool,PilzData_85A4_Spare_2,EXPORT/HMI tags/OP010/Pilz/Pilz.xml,Pilz
100 ms,CPU S71500-2PN_TP700,PilzData.85A4.Spare_3,Bool,Bool,PilzData_85A4_Spare_3,EXPORT/HMI tags/OP010/Pilz/Pilz.xml,Pilz
100 ms,CPU S71500-2PN_TP700,PilzData.85A4.Spare_4,Bool,Bool,PilzData_85A4_Spare_4,EXPORT/HMI tags/OP010/Pilz/Pilz.xml,Pilz
100 ms,CPU S71500-2PN_TP700,PilzData.85A5.I0,Bool,Bool,PilzData_85A5_I0,EXPORT/HMI tags/OP010/Pilz/Pilz.xml,Pilz
100 ms,CPU S71500-2PN_TP700,PilzData.85A5.I1,Bool,Bool,PilzData_85A5_I1,EXPORT/HMI tags/OP010/Pilz/Pilz.xml,Pilz
100 ms,CPU S71500-2PN_TP700,PilzData.85A5.I2,Bool,Bool,PilzData_85A5_I2,EXPORT/HMI tags/OP010/Pilz/Pilz.xml,Pilz
100 ms,CPU S71500-2PN_TP700,PilzData.85A5.I3,Bool,Bool,PilzData_85A5_I3,EXPORT/HMI tags/OP010/Pilz/Pilz.xml,Pilz
100 ms,CPU S71500-2PN_TP700,PilzData.85A5.I4,Bool,Bool,PilzData_85A5_I4,EXPORT/HMI tags/OP010/Pilz/Pilz.xml,Pilz
100 ms,CPU S71500-2PN_TP700,PilzData.85A5.I5,Bool,Bool,PilzData_85A5_I5,EXPORT/HMI tags/OP010/Pilz/Pilz.xml,Pilz
100 ms,CPU S71500-2PN_TP700,PilzData.85A5.I6,Bool,Bool,PilzData_85A5_I6,EXPORT/HMI tags/OP010/Pilz/Pilz.xml,Pilz
100 ms,CPU S71500-2PN_TP700,PilzData.85A5.I7,Bool,Bool,PilzData_85A5_I7,EXPORT/HMI tags/OP010/Pilz/Pilz.xml,Pilz
100 ms,CPU S71500-2PN_TP700,PilzData.85A5.O0,Bool,Bool,PilzData_85A5_O0,EXPORT/HMI tags/OP010/Pilz/Pilz.xml,Pilz
100 ms,CPU S71500-2PN_TP700,PilzData.85A5.O1,Bool,Bool,PilzData_85A5_O1,EXPORT/HMI tags/OP010/Pilz/Pilz.xml,Pilz
100 ms,CPU S71500-2PN_TP700,PilzData.85A5.O2,Bool,Bool,PilzData_85A5_O2,EXPORT/HMI tags/OP010/Pilz/Pilz.xml,Pilz
100 ms,CPU S71500-2PN_TP700,PilzData.85A5.O3,Bool,Bool,PilzData_85A5_O3,EXPORT/HMI tags/OP010/Pilz/Pilz.xml,Pilz
100 ms,CPU S71500-2PN_TP700,PilzData.85A5.Spare_1,Bool,Bool,PilzData_85A5_Spare_1,EXPORT/HMI tags/OP010/Pilz/Pilz.xml,Pilz
100 ms,CPU S71500-2PN_TP700,PilzData.85A5.Spare_2,Bool,Bool,PilzData_85A5_Spare_2,EXPORT/HMI tags/OP010/Pilz/Pilz.xml,Pilz
100 ms,CPU S71500-2PN_TP700,PilzData.85A5.Spare_3,Bool,Bool,PilzData_85A5_Spare_3,EXPORT/HMI tags/OP010/Pilz/Pilz.xml,Pilz
100 ms,CPU S71500-2PN_TP700,PilzData.85A5.Spare_4,Bool,Bool,PilzData_85A5_Spare_4,EXPORT/HMI tags/OP010/Pilz/Pilz.xml,Pilz
1 s,CPU S71500-2PN_TP700,KeyenceSR1000Ctrl_800A1DB.sHMI,RCS_KeyenceSR1000_HMI1,RCS_KeyenceSR1000_HMI1,KeyenceSR1000Ctrl_800A1DB_sHMI,EXPORT/HMI tags/OP010/SR_X80/SR_X80.xml,SR_X80
1 s,CPU S71500-2PN_TP700,KeyenceSR1000Ctrl_801A1DB.sHMI,RCS_KeyenceSR1000_HMI1,RCS_KeyenceSR1000_HMI1,KeyenceSR1000Ctrl_801A1DB_sHMI,EXPORT/HMI tags/OP010/SR_X80/SR_X80.xml,SR_X80
1 s,CPU S71500-2PN_TP700,KeyenceSR1000Ctrl_802A1DB.sHMI,RCS_KeyenceSR1000_HMI1,RCS_KeyenceSR1000_HMI1,KeyenceSR1000Ctrl_802A1DB_sHMI,EXPORT/HMI tags/OP010/SR_X80/SR_X80.xml,SR_X80
1 s,CPU S71500-2PN_TP700,KeyenceSR1000Ctrl_803A1DB.sHMI,RCS_KeyenceSR1000_HMI1,RCS_KeyenceSR1000_HMI1,KeyenceSR1000Ctrl_803A1DB_sHMI,EXPORT/HMI tags/OP010/SR_X80/SR_X80.xml,SR_X80
1 s,CPU S71500-2PN_TP700,KeyenceSR1000Ctrl_804A1DB.sHMI,RCS_KeyenceSR1000_HMI1,RCS_KeyenceSR1000_HMI1,KeyenceSR1000Ctrl_804A1DB_sHMI,EXPORT/HMI tags/OP010/SR_X80/SR_X80.xml,SR_X80
1 s,CPU S71500-2PN_TP700,KeyenceSR1000Ctrl_805A1DB.sHMI,RCS_KeyenceSR1000_HMI1,RCS_KeyenceSR1000_HMI1,KeyenceSR1000Ctrl_805A1DB_sHMI,EXPORT/HMI tags/OP010/SR_X80/SR_X80.xml,SR_X80
1 s,CPU S71500-2PN_TP700,KeyenceSR1000Ctrl_806A1DB.sHMI,RCS_KeyenceSR1000_HMI1,RCS_KeyenceSR1000_HMI1,KeyenceSR1000Ctrl_806A1DB_sHMI,EXPORT/HMI tags/OP010/SR_X80/SR_X80.xml,SR_X80
1 s,CPU S71500-2PN_TP700,KeyenceSR1000Ctrl_807A1DB.sHMI,RCS_KeyenceSR1000_HMI1,RCS_KeyenceSR1000_HMI1,KeyenceSR1000Ctrl_807A1DB_sHMI,EXPORT/HMI tags/OP010/SR_X80/SR_X80.xml,SR_X80
500 ms,CPU S71500-2PN_TP700,,Bool,Bool,InterfaceV90_In_iInterlock,EXPORT/HMI tags/OP010/V90Servo/V90.xml,V90
500 ms,CPU S71500-2PN_TP700,,Bool,Bool,InterfaceV90_In_iManJog+,EXPORT/HMI tags/OP010/V90Servo/V90.xml,V90
500 ms,CPU S71500-2PN_TP700,,Bool,Bool,InterfaceV90_In_iManJog-,EXPORT/HMI tags/OP010/V90Servo/V90.xml,V90
500 ms,CPU S71500-2PN_TP700,,Bool,Bool,InterfaceV90_In_iAutoStart,EXPORT/HMI tags/OP010/V90Servo/V90.xml,V90
500 ms,CPU S71500-2PN_TP700,,Bool,Bool,InterfaceV90_In_iHome,EXPORT/HMI tags/OP010/V90Servo/V90.xml,V90
500 ms,CPU S71500-2PN_TP700,,Bool,Bool,InterfaceV90_In_iCancelTask,EXPORT/HMI tags/OP010/V90Servo/V90.xml,V90
500 ms,CPU S71500-2PN_TP700,,Bool,Bool,InterfaceV90_In_iPauseTask,EXPORT/HMI tags/OP010/V90Servo/V90.xml,V90
500 ms,CPU S71500-2PN_TP700,,Bool,Bool,InterfaceV90_In_iManStart,EXPORT/HMI tags/OP010/V90Servo/V90.xml,V90
500 ms,CPU S71500-2PN_TP700,,Bool,Bool,InterfaceV90_In_iManListStart,EXPORT/HMI tags/OP010/V90Servo/V90.xml,V90
500 ms,CPU S71500-2PN_TP700,,Bool,Bool,InterfaceV90_In_iLimitSwitchActive,EXPORT/HMI tags/OP010/V90Servo/V90.xml,V90
500 ms,CPU S71500-2PN_TP700,,Bool,Bool,InterfaceV90_In_iLimitSoftActive,EXPORT/HMI tags/OP010/V90Servo/V90.xml,V90
500 ms,CPU S71500-2PN_TP700,,Time,DInt,InterfaceV90_In_iRunningTimeout,EXPORT/HMI tags/OP010/V90Servo/V90.xml,V90
500 ms,CPU S71500-2PN_TP700,,Time,DInt,InterfaceV90_In_iHomingTimeout,EXPORT/HMI tags/OP010/V90Servo/V90.xml,V90
100 ms,CPU S71500-2PN_TP700,,DInt,DInt,InterfaceV90_In_iAutoPosition,EXPORT/HMI tags/OP010/V90Servo/V90.xml,V90
500 ms,CPU S71500-2PN_TP700,,Int,Int,InterfaceV90_In_iAutoVelocity,EXPORT/HMI tags/OP010/V90Servo/V90.xml,V90
500 ms,CPU S71500-2PN_TP700,,DInt,DInt,InterfaceV90_In_iManListPosition,EXPORT/HMI tags/OP010/V90Servo/V90.xml,V90
500 ms,CPU S71500-2PN_TP700,,Int,Int,InterfaceV90_In_iManListVelocity,EXPORT/HMI tags/OP010/V90Servo/V90.xml,V90
500 ms,CPU S71500-2PN_TP700,,Int,Int,InterfaceV90_In_iManListNumber,EXPORT/HMI tags/OP010/V90Servo/V90.xml,V90
500 ms,CPU S71500-2PN_TP700,,DInt,DInt,InterfaceV90_In_iManPosition,EXPORT/HMI tags/OP010/V90Servo/V90.xml,V90
500 ms,CPU S71500-2PN_TP700,,Int,Int,InterfaceV90_In_iManVelocity,EXPORT/HMI tags/OP010/V90Servo/V90.xml,V90
500 ms,CPU S71500-2PN_TP700,,Int,Int,InterfaceV90_In_iMode,EXPORT/HMI tags/OP010/V90Servo/V90.xml,V90
500 ms,CPU S71500-2PN_TP700,,Bool,Bool,InterfaceV90_Out_oReady,EXPORT/HMI tags/OP010/V90Servo/V90.xml,V90
500 ms,CPU S71500-2PN_TP700,,Bool,Bool,InterfaceV90_Out_oWarning,EXPORT/HMI tags/OP010/V90Servo/V90.xml,V90
500 ms,CPU S71500-2PN_TP700,,Bool,Bool,InterfaceV90_Out_oError,EXPORT/HMI tags/OP010/V90Servo/V90.xml,V90
500 ms,CPU S71500-2PN_TP700,,Bool,Bool,InterfaceV90_Out_oServoEnable,EXPORT/HMI tags/OP010/V90Servo/V90.xml,V90
500 ms,CPU S71500-2PN_TP700,,Bool,Bool,InterfaceV90_Out_oRunning,EXPORT/HMI tags/OP010/V90Servo/V90.xml,V90
500 ms,CPU S71500-2PN_TP700,,Bool,Bool,InterfaceV90_Out_oHoming,EXPORT/HMI tags/OP010/V90Servo/V90.xml,V90
500 ms,CPU S71500-2PN_TP700,,Bool,Bool,InterfaceV90_Out_oHomeRef,EXPORT/HMI tags/OP010/V90Servo/V90.xml,V90
500 ms,CPU S71500-2PN_TP700,,Bool,Bool,InterfaceV90_Out_oServoPosOK,EXPORT/HMI tags/OP010/V90Servo/V90.xml,V90
500 ms,CPU S71500-2PN_TP700,,Int,Int,InterfaceV90_Out_oErrorCode,EXPORT/HMI tags/OP010/V90Servo/V90.xml,V90
500 ms,CPU S71500-2PN_TP700,,Int,Int,InterfaceV90_Out_oStatus,EXPORT/HMI tags/OP010/V90Servo/V90.xml,V90
100 ms,CPU S71500-2PN_TP700,,DInt,DInt,InterfaceV90_Out_oActPosition,EXPORT/HMI tags/OP010/V90Servo/V90.xml,V90
500 ms,CPU S71500-2PN_TP700,,Bool,Bool,InterfaceV90_IO_ioManEnale,EXPORT/HMI tags/OP010/V90Servo/V90.xml,V90
1 s,,,Int,Int,V90DBNum,EXPORT/HMI tags/OP010/V90Servo/V90.xml,V90
1 s,CPU S71500-2PN_TP700,,Int,Int,InterfaceV90_Manual_Index,EXPORT/HMI tags/OP010/V90Servo/V90.xml,V90
1 s,CPU S71500-2PN_TP700,,DInt,DInt,InterfaceV90_Out_oManualListPos,EXPORT/HMI tags/OP010/V90Servo/V90.xml,V90
1 s,CPU S71500-2PN_TP700,,Bool,Bool,InterfaceV90_Interlock_Case1,EXPORT/HMI tags/OP010/V90Servo/V90.xml,V90
1 s,CPU S71500-2PN_TP700,,Bool,Bool,InterfaceV90_Interlock_Case2,EXPORT/HMI tags/OP010/V90Servo/V90.xml,V90
1 s,CPU S71500-2PN_TP700,,Bool,Bool,InterfaceV90_Interlock_Case3,EXPORT/HMI tags/OP010/V90Servo/V90.xml,V90
1 s,CPU S71500-2PN_TP700,,Bool,Bool,InterfaceV90_Interlock_Case4,EXPORT/HMI tags/OP010/V90Servo/V90.xml,V90
1 s,CPU S71500-2PN_TP700,,Bool,Bool,InterfaceV90_Interlock_Case5,EXPORT/HMI tags/OP010/V90Servo/V90.xml,V90
1 s,CPU S71500-2PN_TP700,,Bool,Bool,InterfaceV90_Interlock_Case6,EXPORT/HMI tags/OP010/V90Servo/V90.xml,V90
1 s,CPU S71500-2PN_TP700,,Bool,Bool,InterfaceV90_Interlock_Case7,EXPORT/HMI tags/OP010/V90Servo/V90.xml,V90
1 s,CPU S71500-2PN_TP700,,Bool,Bool,InterfaceV90_Interlock_Case8,EXPORT/HMI tags/OP010/V90Servo/V90.xml,V90
500 ms,CPU S71500-2PN_TP700,,Bool,Bool,InterfaceV90_In_Home Pos Pls,EXPORT/HMI tags/OP010/V90Servo/V90.xml,V90
100 ms,CPU S71500-2PN_TP700,,Int,Int,InterfaceV90_OUT_Arrow indication,EXPORT/HMI tags/OP010/V90Servo/V90.xml,V90
100 ms,CPU S71500-2PN_TP700,,Int,Int,InterfaceV90_OUT_Process prompt,EXPORT/HMI tags/OP010/V90Servo/V90.xml,V90
500 ms,CPU S71500-2PN_TP700,,Int,Int,InterfaceV90_OUT_Button prompt,EXPORT/HMI tags/OP010/V90Servo/V90.xml,V90
1 s,CPU S71500-2PN_TP700,,Byte,USInt,"gloCyVisual_CyConfigCount{0,0}",EXPORT/HMI tags/03 Cyl/Config/CyConfig.xml,CyConfig
1 s,CPU S71500-2PN_TP700,,Byte,USInt,"gloCyVisual_CyConfigCount{0,1}",EXPORT/HMI tags/03 Cyl/Config/CyConfig.xml,CyConfig
1 s,CPU S71500-2PN_TP700,,Byte,USInt,"gloCyVisual_CyConfigCount{1,0}",EXPORT/HMI tags/03 Cyl/Config/CyConfig.xml,CyConfig
1 s,CPU S71500-2PN_TP700,,Byte,USInt,"gloCyVisual_CyConfigCount{1,1}",EXPORT/HMI tags/03 Cyl/Config/CyConfig.xml,CyConfig
1 s,CPU S71500-2PN_TP700,,Byte,USInt,"gloCyVisual_CyConfigCount{2,0}",EXPORT/HMI tags/03 Cyl/Config/CyConfig.xml,CyConfig
1 s,CPU S71500-2PN_TP700,,Byte,USInt,"gloCyVisual_CyConfigCount{2,1}",EXPORT/HMI tags/03 Cyl/Config/CyConfig.xml,CyConfig
1 s,CPU S71500-2PN_TP700,,Byte,USInt,"gloCyVisual_CyConfigCount{3,0}",EXPORT/HMI tags/03 Cyl/Config/CyConfig.xml,CyConfig
1 s,CPU S71500-2PN_TP700,,Byte,USInt,"gloCyVisual_CyConfigCount{3,1}",EXPORT/HMI tags/03 Cyl/Config/CyConfig.xml,CyConfig
1 s,CPU S71500-2PN_TP700,,Byte,USInt,"gloCyVisual_CyConfigCount{4,0}",EXPORT/HMI tags/03 Cyl/Config/CyConfig.xml,CyConfig
1 s,CPU S71500-2PN_TP700,,Byte,USInt,"gloCyVisual_CyConfigCount{4,1}",EXPORT/HMI tags/03 Cyl/Config/CyConfig.xml,CyConfig
1 s,CPU S71500-2PN_TP700,,Byte,USInt,gloCyVisual_CyEnd,EXPORT/HMI tags/03 Cyl/Config/CyConfig.xml,CyConfig
1 s,CPU S71500-2PN_TP700,,Byte,USInt,gloCyVisual_CyStart,EXPORT/HMI tags/03 Cyl/Config/CyConfig.xml,CyConfig
1 s,CPU S71500-2PN_TP700,,Byte,USInt,"gloCyVisual_CyConfigCount{5,0}",EXPORT/HMI tags/03 Cyl/Config/CyConfig.xml,CyConfig
1 s,CPU S71500-2PN_TP700,,Byte,USInt,"gloCyVisual_CyConfigCount{5,1}",EXPORT/HMI tags/03 Cyl/Config/CyConfig.xml,CyConfig
1 s,CPU S71500-2PN_TP700,,Byte,USInt,"gloCyVisual_CyConfigCount{6,0}",EXPORT/HMI tags/03 Cyl/Config/CyConfig.xml,CyConfig
1 s,CPU S71500-2PN_TP700,,Byte,USInt,"gloCyVisual_CyConfigCount{6,1}",EXPORT/HMI tags/03 Cyl/Config/CyConfig.xml,CyConfig
1 s,CPU S71500-2PN_TP700,,Byte,USInt,"gloCyVisual_CyConfigCount{7,0}",EXPORT/HMI tags/03 Cyl/Config/CyConfig.xml,CyConfig
1 s,CPU S71500-2PN_TP700,,Byte,USInt,"gloCyVisual_CyConfigCount{7,1}",EXPORT/HMI tags/03 Cyl/Config/CyConfig.xml,CyConfig
1 s,CPU S71500-2PN_TP700,,Byte,USInt,"gloCyVisual_CyConfigCount{8,0}",EXPORT/HMI tags/03 Cyl/Config/CyConfig.xml,CyConfig
1 s,CPU S71500-2PN_TP700,,Byte,USInt,"gloCyVisual_CyConfigCount{8,1}",EXPORT/HMI tags/03 Cyl/Config/CyConfig.xml,CyConfig
1 s,CPU S71500-2PN_TP700,,Byte,USInt,"gloCyVisual_CyConfigCount{9,0}",EXPORT/HMI tags/03 Cyl/Config/CyConfig.xml,CyConfig
1 s,CPU S71500-2PN_TP700,,Byte,USInt,"gloCyVisual_CyConfigCount{9,1}",EXPORT/HMI tags/03 Cyl/Config/CyConfig.xml,CyConfig
1 s,CPU S71500-2PN_TP700,,Byte,USInt,"gloCyVisual_CyConfigCount{10,0}",EXPORT/HMI tags/03 Cyl/Config/CyConfig.xml,CyConfig
1 s,CPU S71500-2PN_TP700,,Byte,USInt,"gloCyVisual_CyConfigCount{10,1}",EXPORT/HMI tags/03 Cyl/Config/CyConfig.xml,CyConfig
1 s,CPU S71500-2PN_TP700,,Byte,USInt,"gloCyVisual_CyConfigCount{11,0}",EXPORT/HMI tags/03 Cyl/Config/CyConfig.xml,CyConfig
1 s,CPU S71500-2PN_TP700,,Byte,USInt,"gloCyVisual_CyConfigCount{11,1}",EXPORT/HMI tags/03 Cyl/Config/CyConfig.xml,CyConfig
1 s,CPU S71500-2PN_TP700,,Byte,USInt,"gloCyVisual_CyConfigCount{12,0}",EXPORT/HMI tags/03 Cyl/Config/CyConfig.xml,CyConfig
1 s,CPU S71500-2PN_TP700,,Byte,USInt,"gloCyVisual_CyConfigCount{12,1}",EXPORT/HMI tags/03 Cyl/Config/CyConfig.xml,CyConfig
1 s,CPU S71500-2PN_TP700,,Byte,USInt,"gloCyVisual_CyConfigCount{13,0}",EXPORT/HMI tags/03 Cyl/Config/CyConfig.xml,CyConfig
1 s,CPU S71500-2PN_TP700,,Byte,USInt,"gloCyVisual_CyConfigCount{13,1}",EXPORT/HMI tags/03 Cyl/Config/CyConfig.xml,CyConfig
1 s,CPU S71500-2PN_TP700,,Byte,USInt,"gloCyVisual_CyConfigCount{14,0}",EXPORT/HMI tags/03 Cyl/Config/CyConfig.xml,CyConfig
1 s,CPU S71500-2PN_TP700,,Byte,USInt,"gloCyVisual_CyConfigCount{14,1}",EXPORT/HMI tags/03 Cyl/Config/CyConfig.xml,CyConfig
1 s,CPU S71500-2PN_TP700,,Byte,USInt,"gloCyVisual_CyConfigCount{15,0}",EXPORT/HMI tags/03 Cyl/Config/CyConfig.xml,CyConfig
1 s,CPU S71500-2PN_TP700,,Byte,USInt,"gloCyVisual_CyConfigCount{15,1}",EXPORT/HMI tags/03 Cyl/Config/CyConfig.xml,CyConfig
1 s,CPU S71500-2PN_TP700,,Byte,USInt,"gloCyVisual_CyConfigCount{16,0}",EXPORT/HMI tags/03 Cyl/Config/CyConfig.xml,CyConfig
1 s,CPU S71500-2PN_TP700,,Byte,USInt,"gloCyVisual_CyConfigCount{16,1}",EXPORT/HMI tags/03 Cyl/Config/CyConfig.xml,CyConfig
1 s,CPU S71500-2PN_TP700,,Byte,USInt,"gloCyVisual_CyConfigCount{17,0}",EXPORT/HMI tags/03 Cyl/Config/CyConfig.xml,CyConfig
1 s,CPU S71500-2PN_TP700,,Byte,USInt,"gloCyVisual_CyConfigCount{17,1}",EXPORT/HMI tags/03 Cyl/Config/CyConfig.xml,CyConfig
1 s,CPU S71500-2PN_TP700,,Byte,USInt,"gloCyVisual_CyConfigCount{18,0}",EXPORT/HMI tags/03 Cyl/Config/CyConfig.xml,CyConfig
1 s,CPU S71500-2PN_TP700,,Byte,USInt,"gloCyVisual_CyConfigCount{18,1}",EXPORT/HMI tags/03 Cyl/Config/CyConfig.xml,CyConfig
1 s,CPU S71500-2PN_TP700,,Byte,USInt,"gloCyVisual_CyConfigCount{19,0}",EXPORT/HMI tags/03 Cyl/Config/CyConfig.xml,CyConfig
1 s,CPU S71500-2PN_TP700,,Byte,USInt,"gloCyVisual_CyConfigCount{19,1}",EXPORT/HMI tags/03 Cyl/Config/CyConfig.xml,CyConfig
1 s,CPU S71500-2PN_TP700,,Byte,USInt,"gloCyVisual_CyConfigCount{20,0}",EXPORT/HMI tags/03 Cyl/Config/CyConfig.xml,CyConfig
1 s,CPU S71500-2PN_TP700,,Byte,USInt,"gloCyVisual_CyConfigCount{20,1}",EXPORT/HMI tags/03 Cyl/Config/CyConfig.xml,CyConfig
1 s,CPU S71500-2PN_TP700,,Byte,USInt,"gloCyVisual_CyConfigCount{21,0}",EXPORT/HMI tags/03 Cyl/Config/CyConfig.xml,CyConfig
1 s,CPU S71500-2PN_TP700,,Byte,USInt,"gloCyVisual_CyConfigCount{21,1}",EXPORT/HMI tags/03 Cyl/Config/CyConfig.xml,CyConfig
1 s,CPU S71500-2PN_TP700,,Byte,USInt,"gloCyVisual_CyConfigCount{22,0}",EXPORT/HMI tags/03 Cyl/Config/CyConfig.xml,CyConfig
1 s,CPU S71500-2PN_TP700,,Byte,USInt,"gloCyVisual_CyConfigCount{22,1}",EXPORT/HMI tags/03 Cyl/Config/CyConfig.xml,CyConfig
1 s,CPU S71500-2PN_TP700,,Byte,USInt,"gloCyVisual_CyConfigCount{23,0}",EXPORT/HMI tags/03 Cyl/Config/CyConfig.xml,CyConfig
1 s,CPU S71500-2PN_TP700,,Byte,USInt,"gloCyVisual_CyConfigCount{23,1}",EXPORT/HMI tags/03 Cyl/Config/CyConfig.xml,CyConfig
1 s,CPU S71500-2PN_TP700,,Byte,USInt,"gloCyVisual_CyConfigCount{24,0}",EXPORT/HMI tags/03 Cyl/Config/CyConfig.xml,CyConfig
1 s,CPU S71500-2PN_TP700,,Byte,USInt,"gloCyVisual_CyConfigCount{24,1}",EXPORT/HMI tags/03 Cyl/Config/CyConfig.xml,CyConfig
1 s,CPU S71500-2PN_TP700,,Byte,USInt,"gloCyVisual_CyConfigCount{25,0}",EXPORT/HMI tags/03 Cyl/Config/CyConfig.xml,CyConfig
1 s,CPU S71500-2PN_TP700,,Byte,USInt,"gloCyVisual_CyConfigCount{25,1}",EXPORT/HMI tags/03 Cyl/Config/CyConfig.xml,CyConfig
1 s,CPU S71500-2PN_TP700,,Byte,USInt,"gloCyVisual_CyConfigCount{26,0}",EXPORT/HMI tags/03 Cyl/Config/CyConfig.xml,CyConfig
1 s,CPU S71500-2PN_TP700,,Byte,USInt,"gloCyVisual_CyConfigCount{26,1}",EXPORT/HMI tags/03 Cyl/Config/CyConfig.xml,CyConfig
1 s,CPU S71500-2PN_TP700,,Byte,USInt,"gloCyVisual_CyConfigCount{27,0}",EXPORT/HMI tags/03 Cyl/Config/CyConfig.xml,CyConfig
1 s,CPU S71500-2PN_TP700,,Byte,USInt,"gloCyVisual_CyConfigCount{27,1}",EXPORT/HMI tags/03 Cyl/Config/CyConfig.xml,CyConfig
1 s,CPU S71500-2PN_TP700,,Byte,USInt,"gloCyVisual_CyConfigCount{28,0}",EXPORT/HMI tags/03 Cyl/Config/CyConfig.xml,CyConfig
1 s,CPU S71500-2PN_TP700,,Byte,USInt,"gloCyVisual_CyConfigCount{28,1}",EXPORT/HMI tags/03 Cyl/Config/CyConfig.xml,CyConfig
1 s,CPU S71500-2PN_TP700,,Byte,USInt,"gloCyVisual_CyConfigCount{29,0}",EXPORT/HMI tags/03 Cyl/Config/CyConfig.xml,CyConfig
1 s,CPU S71500-2PN_TP700,,Byte,USInt,"gloCyVisual_CyConfigCount{29,1}",EXPORT/HMI tags/03 Cyl/Config/CyConfig.xml,CyConfig
1 s,CPU S71500-2PN_TP700,,DInt,DInt,PM_CountNG[0],EXPORT/HMI tags/02 ST_Sys/PMCountCycleTime/PM_Count.xml,PM_Count
1 s,CPU S71500-2PN_TP700,,DInt,DInt,PM_CountOK[2],EXPORT/HMI tags/02 ST_Sys/PMCountCycleTime/PM_Count.xml,PM_Count
1 s,CPU S71500-2PN_TP700,,DInt,DInt,PM_CountNG[2],EXPORT/HMI tags/02 ST_Sys/PMCountCycleTime/PM_Count.xml,PM_Count
1 s,CPU S71500-2PN_TP700,,DInt,DInt,PM_CountNG[7],EXPORT/HMI tags/02 ST_Sys/PMCountCycleTime/PM_Count.xml,PM_Count
1 s,CPU S71500-2PN_TP700,,Bool,Bool,PM_CountClearNG,EXPORT/HMI tags/02 ST_Sys/PMCountCycleTime/PM_Count.xml,PM_Count
1 s,CPU S71500-2PN_TP700,,DInt,DInt,PM_CountTotal,EXPORT/HMI tags/02 ST_Sys/PMCountCycleTime/PM_Count.xml,PM_Count
1 s,CPU S71500-2PN_TP700,,DInt,DInt,PM_CountOK[1],EXPORT/HMI tags/02 ST_Sys/PMCountCycleTime/PM_Count.xml,PM_Count
1 s,CPU S71500-2PN_TP700,,DInt,DInt,PM_CountNG[4],EXPORT/HMI tags/02 ST_Sys/PMCountCycleTime/PM_Count.xml,PM_Count
1 s,CPU S71500-2PN_TP700,,DInt,DInt,PM_CountNG[1],EXPORT/HMI tags/02 ST_Sys/PMCountCycleTime/PM_Count.xml,PM_Count
1 s,CPU S71500-2PN_TP700,,DInt,DInt,PM_CountNG[3],EXPORT/HMI tags/02 ST_Sys/PMCountCycleTime/PM_Count.xml,PM_Count
1 s,CPU S71500-2PN_TP700,,DInt,DInt,PM_CountNG[6],EXPORT/HMI tags/02 ST_Sys/PMCountCycleTime/PM_Count.xml,PM_Count
1 s,CPU S71500-2PN_TP700,,Bool,Bool,PM_CountClearTotal,EXPORT/HMI tags/02 ST_Sys/PMCountCycleTime/PM_Count.xml,PM_Count
1 s,CPU S71500-2PN_TP700,,DInt,DInt,PM_CountNG[5],EXPORT/HMI tags/02 ST_Sys/PMCountCycleTime/PM_Count.xml,PM_Count
1 s,CPU S71500-2PN_TP700,,DInt,DInt,PM_CountOK[0],EXPORT/HMI tags/02 ST_Sys/PMCountCycleTime/PM_Count.xml,PM_Count
1 s,CPU S71500-2PN_TP700,,DInt,DInt,PM_CountNG[8],EXPORT/HMI tags/02 ST_Sys/PMCountCycleTime/PM_Count.xml,PM_Count
1 s,CPU S71500-2PN_TP700,,Bool,Bool,PM_CountClearOK,EXPORT/HMI tags/02 ST_Sys/PMCountCycleTime/PM_Count.xml,PM_Count
1 s,,,UInt,UInt,PM_CountCycleDBNum,EXPORT/HMI tags/02 ST_Sys/PMCountCycleTime/PM_Count.xml,PM_Count
1 s,,,UInt,UInt,PM_CoClearAddress,EXPORT/HMI tags/02 ST_Sys/PMCountCycleTime/PM_Count.xml,PM_Count
1 s,,,UInt,UInt,PM_CoNGAddress[1],EXPORT/HMI tags/02 ST_Sys/PMCountCycleTime/PM_Count.xml,PM_Count
1 s,,,UInt,UInt,PM_CoNGAddress[2],EXPORT/HMI tags/02 ST_Sys/PMCountCycleTime/PM_Count.xml,PM_Count
1 s,,,UInt,UInt,PM_CoNGAddress[3],EXPORT/HMI tags/02 ST_Sys/PMCountCycleTime/PM_Count.xml,PM_Count
1 s,,,UInt,UInt,PM_CoNGAddress[4],EXPORT/HMI tags/02 ST_Sys/PMCountCycleTime/PM_Count.xml,PM_Count
1 s,,,UInt,UInt,PM_CoNGAddress[0],EXPORT/HMI tags/02 ST_Sys/PMCountCycleTime/PM_Count.xml,PM_Count
1 s,,,UInt,UInt,PM_CoNGAddress[5],EXPORT/HMI tags/02 ST_Sys/PMCountCycleTime/PM_Count.xml,PM_Count
1 s,,,UInt,UInt,PM_CoNGAddress[6],EXPORT/HMI tags/02 ST_Sys/PMCountCycleTime/PM_Count.xml,PM_Count
1 s,,,UInt,UInt,PM_CoNGAddress[7],EXPORT/HMI tags/02 ST_Sys/PMCountCycleTime/PM_Count.xml,PM_Count
1 s,,,UInt,UInt,PM_CoNGAddress[8],EXPORT/HMI tags/02 ST_Sys/PMCountCycleTime/PM_Count.xml,PM_Count
1 s,,,UInt,UInt,PM_CoOKAddress[0],EXPORT/HMI tags/02 ST_Sys/PMCountCycleTime/PM_Count.xml,PM_Count
1 s,,,UInt,UInt,PM_CoOKAddress[1],EXPORT/HMI tags/02 ST_Sys/PMCountCycleTime/PM_Count.xml,PM_Count
1 s,,,UInt,UInt,PM_CoOKAddress[2],EXPORT/HMI tags/02 ST_Sys/PMCountCycleTime/PM_Count.xml,PM_Count
1 s,,,UInt,UInt,PM_CoTotalAddress,EXPORT/HMI tags/02 ST_Sys/PMCountCycleTime/PM_Count.xml,PM_Count
1 s,CPU S71500-2PN_TP700,,USInt,USInt,PM_Num,EXPORT/HMI tags/02 ST_Sys/PMCountCycleTime/PM_Count.xml,PM_Count
1 s,,,UInt,UInt,PM_NumAddress,EXPORT/HMI tags/02 ST_Sys/PMCountCycleTime/PM_Count.xml,PM_Count
1 s,CPU S71500-2PN_TP700,,Real,Real,PM_TotalCycleTimeNo[13],EXPORT/HMI tags/02 ST_Sys/PMCountCycleTime/PM_CycleTime.xml,PM_CycleTime
1 s,CPU S71500-2PN_TP700,,Real,Real,PM_TotalCycleTimeNo[17],EXPORT/HMI tags/02 ST_Sys/PMCountCycleTime/PM_CycleTime.xml,PM_CycleTime
1 s,CPU S71500-2PN_TP700,,Real,Real,PM_TotalCycleTimeNo[11],EXPORT/HMI tags/02 ST_Sys/PMCountCycleTime/PM_CycleTime.xml,PM_CycleTime
1 s,CPU S71500-2PN_TP700,,Real,Real,PM_TotalCycleTimeNo[20],EXPORT/HMI tags/02 ST_Sys/PMCountCycleTime/PM_CycleTime.xml,PM_CycleTime
1 s,CPU S71500-2PN_TP700,,Real,Real,PM_TotalCycleTimeNo[04],EXPORT/HMI tags/02 ST_Sys/PMCountCycleTime/PM_CycleTime.xml,PM_CycleTime
1 s,CPU S71500-2PN_TP700,,Real,Real,PM_TotalCycleTimeNo[10],EXPORT/HMI tags/02 ST_Sys/PMCountCycleTime/PM_CycleTime.xml,PM_CycleTime
1 s,CPU S71500-2PN_TP700,,Real,Real,PM_TotalCycleTimeNo[06],EXPORT/HMI tags/02 ST_Sys/PMCountCycleTime/PM_CycleTime.xml,PM_CycleTime
1 s,CPU S71500-2PN_TP700,,Real,Real,PM_TotalCycleTimeNo[15],EXPORT/HMI tags/02 ST_Sys/PMCountCycleTime/PM_CycleTime.xml,PM_CycleTime
1 s,CPU S71500-2PN_TP700,,Real,Real,PM_TotalCycleTimeNo[01],EXPORT/HMI tags/02 ST_Sys/PMCountCycleTime/PM_CycleTime.xml,PM_CycleTime
1 s,CPU S71500-2PN_TP700,,Real,Real,PM_TotalCycleTimeNo[14],EXPORT/HMI tags/02 ST_Sys/PMCountCycleTime/PM_CycleTime.xml,PM_CycleTime
1 s,CPU S71500-2PN_TP700,,Real,Real,PM_TotalCycleTimeNo[16],EXPORT/HMI tags/02 ST_Sys/PMCountCycleTime/PM_CycleTime.xml,PM_CycleTime
1 s,CPU S71500-2PN_TP700,,Real,Real,PM_TotalCycleTimeNo[0],EXPORT/HMI tags/02 ST_Sys/PMCountCycleTime/PM_CycleTime.xml,PM_CycleTime
1 s,CPU S71500-2PN_TP700,,Real,Real,PM_TotalCycleTimeNo[02],EXPORT/HMI tags/02 ST_Sys/PMCountCycleTime/PM_CycleTime.xml,PM_CycleTime
1 s,CPU S71500-2PN_TP700,,Real,Real,PM_TotalCycleTimeNo[07],EXPORT/HMI tags/02 ST_Sys/PMCountCycleTime/PM_CycleTime.xml,PM_CycleTime
1 s,CPU S71500-2PN_TP700,,Real,Real,PM_TotalCycleTimeNo[05],EXPORT/HMI tags/02 ST_Sys/PMCountCycleTime/PM_CycleTime.xml,PM_CycleTime
1 s,CPU S71500-2PN_TP700,,Real,Real,PM_TotalCycleTimeNo[09],EXPORT/HMI tags/02 ST_Sys/PMCountCycleTime/PM_CycleTime.xml,PM_CycleTime
1 s,CPU S71500-2PN_TP700,,Real,Real,PM_TotalCycleTimeNo[21],EXPORT/HMI tags/02 ST_Sys/PMCountCycleTime/PM_CycleTime.xml,PM_CycleTime
1 s,CPU S71500-2PN_TP700,,Real,Real,PM_TotalCycleTimeNo[19],EXPORT/HMI tags/02 ST_Sys/PMCountCycleTime/PM_CycleTime.xml,PM_CycleTime
1 s,CPU S71500-2PN_TP700,,Real,Real,PM_TotalCycleTimeNo[12],EXPORT/HMI tags/02 ST_Sys/PMCountCycleTime/PM_CycleTime.xml,PM_CycleTime
1 s,CPU S71500-2PN_TP700,,Real,Real,PM_TotalCycleTimeNo[03],EXPORT/HMI tags/02 ST_Sys/PMCountCycleTime/PM_CycleTime.xml,PM_CycleTime
1 s,CPU S71500-2PN_TP700,,Real,Real,PM_TotalCycleTimeNo[08],EXPORT/HMI tags/02 ST_Sys/PMCountCycleTime/PM_CycleTime.xml,PM_CycleTime
1 s,CPU S71500-2PN_TP700,,Real,Real,PM_TotalCycleTimeNo[18],EXPORT/HMI tags/02 ST_Sys/PMCountCycleTime/PM_CycleTime.xml,PM_CycleTime
1 s,CPU S71500-2PN_TP700,,Real,Real,PM_MachineCycleTimeNo[0],EXPORT/HMI tags/02 ST_Sys/PMCountCycleTime/PM_CycleTime.xml,PM_CycleTime
1 s,CPU S71500-2PN_TP700,,Real,Real,PM_MachineCycleTimeNo[01],EXPORT/HMI tags/02 ST_Sys/PMCountCycleTime/PM_CycleTime.xml,PM_CycleTime
1 s,CPU S71500-2PN_TP700,,Real,Real,PM_MachineCycleTimeNo[10],EXPORT/HMI tags/02 ST_Sys/PMCountCycleTime/PM_CycleTime.xml,PM_CycleTime
1 s,CPU S71500-2PN_TP700,,Real,Real,PM_MachineCycleTimeNo[11],EXPORT/HMI tags/02 ST_Sys/PMCountCycleTime/PM_CycleTime.xml,PM_CycleTime
1 s,CPU S71500-2PN_TP700,,Real,Real,PM_MachineCycleTimeNo[12],EXPORT/HMI tags/02 ST_Sys/PMCountCycleTime/PM_CycleTime.xml,PM_CycleTime
1 s,CPU S71500-2PN_TP700,,Real,Real,PM_MachineCycleTimeNo[13],EXPORT/HMI tags/02 ST_Sys/PMCountCycleTime/PM_CycleTime.xml,PM_CycleTime
1 s,CPU S71500-2PN_TP700,,Real,Real,PM_MachineCycleTimeNo[14],EXPORT/HMI tags/02 ST_Sys/PMCountCycleTime/PM_CycleTime.xml,PM_CycleTime
1 s,CPU S71500-2PN_TP700,,Real,Real,PM_MachineCycleTimeNo[15],EXPORT/HMI tags/02 ST_Sys/PMCountCycleTime/PM_CycleTime.xml,PM_CycleTime
1 s,CPU S71500-2PN_TP700,,Real,Real,PM_MachineCycleTimeNo[16],EXPORT/HMI tags/02 ST_Sys/PMCountCycleTime/PM_CycleTime.xml,PM_CycleTime
1 s,CPU S71500-2PN_TP700,,Real,Real,PM_MachineCycleTimeNo[17],EXPORT/HMI tags/02 ST_Sys/PMCountCycleTime/PM_CycleTime.xml,PM_CycleTime
1 s,CPU S71500-2PN_TP700,,Real,Real,PM_MachineCycleTimeNo[18],EXPORT/HMI tags/02 ST_Sys/PMCountCycleTime/PM_CycleTime.xml,PM_CycleTime
1 s,CPU S71500-2PN_TP700,,Real,Real,PM_MachineCycleTimeNo[19],EXPORT/HMI tags/02 ST_Sys/PMCountCycleTime/PM_CycleTime.xml,PM_CycleTime
1 s,CPU S71500-2PN_TP700,,Real,Real,PM_MachineCycleTimeNo[02],EXPORT/HMI tags/02 ST_Sys/PMCountCycleTime/PM_CycleTime.xml,PM_CycleTime
1 s,CPU S71500-2PN_TP700,,Real,Real,PM_MachineCycleTimeNo[20],EXPORT/HMI tags/02 ST_Sys/PMCountCycleTime/PM_CycleTime.xml,PM_CycleTime
1 s,CPU S71500-2PN_TP700,,Real,Real,PM_MachineCycleTimeNo[21],EXPORT/HMI tags/02 ST_Sys/PMCountCycleTime/PM_CycleTime.xml,PM_CycleTime
1 s,CPU S71500-2PN_TP700,,Real,Real,PM_MachineCycleTimeNo[03],EXPORT/HMI tags/02 ST_Sys/PMCountCycleTime/PM_CycleTime.xml,PM_CycleTime
1 s,CPU S71500-2PN_TP700,,Real,Real,PM_MachineCycleTimeNo[04],EXPORT/HMI tags/02 ST_Sys/PMCountCycleTime/PM_CycleTime.xml,PM_CycleTime
1 s,CPU S71500-2PN_TP700,,Real,Real,PM_MachineCycleTimeNo[05],EXPORT/HMI tags/02 ST_Sys/PMCountCycleTime/PM_CycleTime.xml,PM_CycleTime
1 s,CPU S71500-2PN_TP700,,Real,Real,PM_MachineCycleTimeNo[06],EXPORT/HMI tags/02 ST_Sys/PMCountCycleTime/PM_CycleTime.xml,PM_CycleTime
1 s,CPU S71500-2PN_TP700,,Real,Real,PM_MachineCycleTimeNo[07],EXPORT/HMI tags/02 ST_Sys/PMCountCycleTime/PM_CycleTime.xml,PM_CycleTime
1 s,CPU S71500-2PN_TP700,,Real,Real,PM_MachineCycleTimeNo[08],EXPORT/HMI tags/02 ST_Sys/PMCountCycleTime/PM_CycleTime.xml,PM_CycleTime
1 s,CPU S71500-2PN_TP700,,Real,Real,PM_MachineCycleTimeNo[09],EXPORT/HMI tags/02 ST_Sys/PMCountCycleTime/PM_CycleTime.xml,PM_CycleTime
1 s,,,UInt,UInt,PM_MachCycleT0Address,EXPORT/HMI tags/02 ST_Sys/PMCountCycleTime/PM_CycleTime.xml,PM_CycleTime
1 s,,,UInt,UInt,PM_MachCycleT01Address,EXPORT/HMI tags/02 ST_Sys/PMCountCycleTime/PM_CycleTime.xml,PM_CycleTime
1 s,,,UInt,UInt,PM_MachCycleT02Address,EXPORT/HMI tags/02 ST_Sys/PMCountCycleTime/PM_CycleTime.xml,PM_CycleTime
1 s,,,UInt,UInt,PM_MachCycleT03Address,EXPORT/HMI tags/02 ST_Sys/PMCountCycleTime/PM_CycleTime.xml,PM_CycleTime
1 s,,,UInt,UInt,PM_MachCycleT04Address,EXPORT/HMI tags/02 ST_Sys/PMCountCycleTime/PM_CycleTime.xml,PM_CycleTime
1 s,,,UInt,UInt,PM_MachCycleT05Address,EXPORT/HMI tags/02 ST_Sys/PMCountCycleTime/PM_CycleTime.xml,PM_CycleTime
1 s,,,UInt,UInt,PM_MachCycleT06Address,EXPORT/HMI tags/02 ST_Sys/PMCountCycleTime/PM_CycleTime.xml,PM_CycleTime
1 s,,,UInt,UInt,PM_MachCycleT07Address,EXPORT/HMI tags/02 ST_Sys/PMCountCycleTime/PM_CycleTime.xml,PM_CycleTime
1 s,,,UInt,UInt,PM_MachCycleT08Address,EXPORT/HMI tags/02 ST_Sys/PMCountCycleTime/PM_CycleTime.xml,PM_CycleTime
1 s,,,UInt,UInt,PM_MachCycleT09Address,EXPORT/HMI tags/02 ST_Sys/PMCountCycleTime/PM_CycleTime.xml,PM_CycleTime
1 s,,,UInt,UInt,PM_MachCycleT10Address,EXPORT/HMI tags/02 ST_Sys/PMCountCycleTime/PM_CycleTime.xml,PM_CycleTime
1 s,,,UInt,UInt,PM_MachCycleT11Address,EXPORT/HMI tags/02 ST_Sys/PMCountCycleTime/PM_CycleTime.xml,PM_CycleTime
1 s,,,UInt,UInt,PM_MachCycleT12Address,EXPORT/HMI tags/02 ST_Sys/PMCountCycleTime/PM_CycleTime.xml,PM_CycleTime
1 s,,,UInt,UInt,PM_MachCycleT13Address,EXPORT/HMI tags/02 ST_Sys/PMCountCycleTime/PM_CycleTime.xml,PM_CycleTime
1 s,,,UInt,UInt,PM_MachCycleT14Address,EXPORT/HMI tags/02 ST_Sys/PMCountCycleTime/PM_CycleTime.xml,PM_CycleTime
1 s,,,UInt,UInt,PM_MachCycleT15Address,EXPORT/HMI tags/02 ST_Sys/PMCountCycleTime/PM_CycleTime.xml,PM_CycleTime
1 s,,,UInt,UInt,PM_MachCycleT16Address,EXPORT/HMI tags/02 ST_Sys/PMCountCycleTime/PM_CycleTime.xml,PM_CycleTime
1 s,,,UInt,UInt,PM_MachCycleT17Address,EXPORT/HMI tags/02 ST_Sys/PMCountCycleTime/PM_CycleTime.xml,PM_CycleTime
1 s,,,UInt,UInt,PM_MachCycleT18Address,EXPORT/HMI tags/02 ST_Sys/PMCountCycleTime/PM_CycleTime.xml,PM_CycleTime
1 s,,,UInt,UInt,PM_MachCycleT19Address,EXPORT/HMI tags/02 ST_Sys/PMCountCycleTime/PM_CycleTime.xml,PM_CycleTime
1 s,,,UInt,UInt,PM_MachCycleT20Address,EXPORT/HMI tags/02 ST_Sys/PMCountCycleTime/PM_CycleTime.xml,PM_CycleTime
1 s,,,UInt,UInt,PM_MachCycleT21Address,EXPORT/HMI tags/02 ST_Sys/PMCountCycleTime/PM_CycleTime.xml,PM_CycleTime
1 s,,,UInt,UInt,PM_TotalCycleT0Address,EXPORT/HMI tags/02 ST_Sys/PMCountCycleTime/PM_CycleTime.xml,PM_CycleTime
1 s,,,UInt,UInt,PM_TotalCycleT01Address,EXPORT/HMI tags/02 ST_Sys/PMCountCycleTime/PM_CycleTime.xml,PM_CycleTime
1 s,,,UInt,UInt,PM_TotalCycleT02Address,EXPORT/HMI tags/02 ST_Sys/PMCountCycleTime/PM_CycleTime.xml,PM_CycleTime
1 s,,,UInt,UInt,PM_TotalCycleT03Address,EXPORT/HMI tags/02 ST_Sys/PMCountCycleTime/PM_CycleTime.xml,PM_CycleTime
1 s,,,UInt,UInt,PM_TotalCycleT04Address,EXPORT/HMI tags/02 ST_Sys/PMCountCycleTime/PM_CycleTime.xml,PM_CycleTime
1 s,,,UInt,UInt,PM_TotalCycleT05Address,EXPORT/HMI tags/02 ST_Sys/PMCountCycleTime/PM_CycleTime.xml,PM_CycleTime
1 s,,,UInt,UInt,PM_TotalCycleT06Address,EXPORT/HMI tags/02 ST_Sys/PMCountCycleTime/PM_CycleTime.xml,PM_CycleTime
1 s,,,UInt,UInt,PM_TotalCycleT07Address,EXPORT/HMI tags/02 ST_Sys/PMCountCycleTime/PM_CycleTime.xml,PM_CycleTime
1 s,,,UInt,UInt,PM_TotalCycleT08Address,EXPORT/HMI tags/02 ST_Sys/PMCountCycleTime/PM_CycleTime.xml,PM_CycleTime
1 s,,,UInt,UInt,PM_TotalCycleT09Address,EXPORT/HMI tags/02 ST_Sys/PMCountCycleTime/PM_CycleTime.xml,PM_CycleTime
1 s,,,UInt,UInt,PM_TotalCycleT10Address,EXPORT/HMI tags/02 ST_Sys/PMCountCycleTime/PM_CycleTime.xml,PM_CycleTime
1 s,,,UInt,UInt,PM_TotalCycleT11Address,EXPORT/HMI tags/02 ST_Sys/PMCountCycleTime/PM_CycleTime.xml,PM_CycleTime
1 s,,,UInt,UInt,PM_TotalCycleT12Address,EXPORT/HMI tags/02 ST_Sys/PMCountCycleTime/PM_CycleTime.xml,PM_CycleTime
1 s,,,UInt,UInt,PM_TotalCycleT13Address,EXPORT/HMI tags/02 ST_Sys/PMCountCycleTime/PM_CycleTime.xml,PM_CycleTime
1 s,,,UInt,UInt,PM_TotalCycleT14Address,EXPORT/HMI tags/02 ST_Sys/PMCountCycleTime/PM_CycleTime.xml,PM_CycleTime
1 s,,,UInt,UInt,PM_TotalCycleT15Address,EXPORT/HMI tags/02 ST_Sys/PMCountCycleTime/PM_CycleTime.xml,PM_CycleTime
1 s,,,UInt,UInt,PM_TotalCycleT16Address,EXPORT/HMI tags/02 ST_Sys/PMCountCycleTime/PM_CycleTime.xml,PM_CycleTime
1 s,,,UInt,UInt,PM_TotalCycleT17Address,EXPORT/HMI tags/02 ST_Sys/PMCountCycleTime/PM_CycleTime.xml,PM_CycleTime
1 s,,,UInt,UInt,PM_TotalCycleT18Address,EXPORT/HMI tags/02 ST_Sys/PMCountCycleTime/PM_CycleTime.xml,PM_CycleTime
1 s,,,UInt,UInt,PM_TotalCycleT19Address,EXPORT/HMI tags/02 ST_Sys/PMCountCycleTime/PM_CycleTime.xml,PM_CycleTime
1 s,,,UInt,UInt,PM_TotalCycleT20Address,EXPORT/HMI tags/02 ST_Sys/PMCountCycleTime/PM_CycleTime.xml,PM_CycleTime
1 s,,,UInt,UInt,PM_TotalCycleT21Address,EXPORT/HMI tags/02 ST_Sys/PMCountCycleTime/PM_CycleTime.xml,PM_CycleTime
1 s,CPU S71500-2PN_TP700,,Bool,Bool,DnstDataBlock_DP_Status{0},EXPORT/HMI tags/01 SysCom/Diagnosis/D.xml,D
1 s,CPU S71500-2PN_TP700,,Bool,Bool,DnstDataBlock_DP_Status{1},EXPORT/HMI tags/01 SysCom/Diagnosis/D.xml,D
1 s,CPU S71500-2PN_TP700,,Bool,Bool,DnstDataBlock_DP_Status{2},EXPORT/HMI tags/01 SysCom/Diagnosis/D.xml,D
1 s,CPU S71500-2PN_TP700,,Bool,Bool,DnstDataBlock_DP_Status{3},EXPORT/HMI tags/01 SysCom/Diagnosis/D.xml,D
1 s,CPU S71500-2PN_TP700,,Bool,Bool,DnstDataBlock_DP_Status{4},EXPORT/HMI tags/01 SysCom/Diagnosis/D.xml,D
1 s,CPU S71500-2PN_TP700,,Bool,Bool,DnstDataBlock_DP_Status{5},EXPORT/HMI tags/01 SysCom/Diagnosis/D.xml,D
1 s,CPU S71500-2PN_TP700,,Bool,Bool,DnstDataBlock_DP_Status{6},EXPORT/HMI tags/01 SysCom/Diagnosis/D.xml,D
1 s,CPU S71500-2PN_TP700,,Bool,Bool,DnstDataBlock_DP_Status{7},EXPORT/HMI tags/01 SysCom/Diagnosis/D.xml,D
1 s,CPU S71500-2PN_TP700,,Bool,Bool,DnstDataBlock_DP_Status{8},EXPORT/HMI tags/01 SysCom/Diagnosis/D.xml,D
1 s,CPU S71500-2PN_TP700,,Bool,Bool,DnstDataBlock_DP_Status{9},EXPORT/HMI tags/01 SysCom/Diagnosis/D.xml,D
1 s,CPU S71500-2PN_TP700,,Bool,Bool,DnstDataBlock_DP_Status{10},EXPORT/HMI tags/01 SysCom/Diagnosis/D.xml,D
1 s,CPU S71500-2PN_TP700,,Bool,Bool,DnstDataBlock_DP_Status{11},EXPORT/HMI tags/01 SysCom/Diagnosis/D.xml,D
1 s,CPU S71500-2PN_TP700,,Bool,Bool,DnstDataBlock_DP_Status{12},EXPORT/HMI tags/01 SysCom/Diagnosis/D.xml,D
1 s,CPU S71500-2PN_TP700,,Bool,Bool,DnstDataBlock_DP_Status{13},EXPORT/HMI tags/01 SysCom/Diagnosis/D.xml,D
1 s,CPU S71500-2PN_TP700,,Bool,Bool,DnstDataBlock_DP_Status{14},EXPORT/HMI tags/01 SysCom/Diagnosis/D.xml,D
1 s,CPU S71500-2PN_TP700,,Bool,Bool,DnstDataBlock_DP_Status{15},EXPORT/HMI tags/01 SysCom/Diagnosis/D.xml,D
1 s,CPU S71500-2PN_TP700,,Bool,Bool,DnstDataBlock_DP_Status{16},EXPORT/HMI tags/01 SysCom/Diagnosis/D.xml,D
1 s,CPU S71500-2PN_TP700,,Bool,Bool,DnstDataBlock_DP_Status{17},EXPORT/HMI tags/01 SysCom/Diagnosis/D.xml,D
1 s,CPU S71500-2PN_TP700,,Bool,Bool,DnstDataBlock_DP_Status{18},EXPORT/HMI tags/01 SysCom/Diagnosis/D.xml,D
1 s,CPU S71500-2PN_TP700,,Bool,Bool,DnstDataBlock_DP_Status{19},EXPORT/HMI tags/01 SysCom/Diagnosis/D.xml,D
1 s,CPU S71500-2PN_TP700,,Bool,Bool,DnstDataBlock_DP_Status{20},EXPORT/HMI tags/01 SysCom/Diagnosis/D.xml,D
1 s,CPU S71500-2PN_TP700,,Bool,Bool,DnstDataBlock_DP_Status{21},EXPORT/HMI tags/01 SysCom/Diagnosis/D.xml,D
1 s,CPU S71500-2PN_TP700,,Bool,Bool,DnstDataBlock_DP_Status{22},EXPORT/HMI tags/01 SysCom/Diagnosis/D.xml,D
1 s,CPU S71500-2PN_TP700,,Bool,Bool,DnstDataBlock_DP_Status{23},EXPORT/HMI tags/01 SysCom/Diagnosis/D.xml,D
1 s,CPU S71500-2PN_TP700,,Bool,Bool,DnstDataBlock_DP_Status{24},EXPORT/HMI tags/01 SysCom/Diagnosis/D.xml,D
1 s,CPU S71500-2PN_TP700,,Bool,Bool,DnstDataBlock_DP_Status{25},EXPORT/HMI tags/01 SysCom/Diagnosis/D.xml,D
1 s,CPU S71500-2PN_TP700,,Bool,Bool,DnstDataBlock_DP_Status{26},EXPORT/HMI tags/01 SysCom/Diagnosis/D.xml,D
1 s,CPU S71500-2PN_TP700,,Bool,Bool,DnstDataBlock_DP_Status{27},EXPORT/HMI tags/01 SysCom/Diagnosis/D.xml,D
1 s,CPU S71500-2PN_TP700,,Bool,Bool,DnstDataBlock_DP_Status{28},EXPORT/HMI tags/01 SysCom/Diagnosis/D.xml,D
1 s,CPU S71500-2PN_TP700,,Bool,Bool,DnstDataBlock_DP_Status{29},EXPORT/HMI tags/01 SysCom/Diagnosis/D.xml,D
1 s,CPU S71500-2PN_TP700,,Bool,Bool,DnstDataBlock_DP_Status{30},EXPORT/HMI tags/01 SysCom/Diagnosis/D.xml,D
1 s,CPU S71500-2PN_TP700,,Bool,Bool,DnstDataBlock_DP_Status{31},EXPORT/HMI tags/01 SysCom/Diagnosis/D.xml,D
1 s,CPU S71500-2PN_TP700,,Bool,Bool,DnstDataBlock_DP_Status{32},EXPORT/HMI tags/01 SysCom/Diagnosis/D.xml,D
1 s,CPU S71500-2PN_TP700,,Bool,Bool,DnstDataBlock_DP_Status{33},EXPORT/HMI tags/01 SysCom/Diagnosis/D.xml,D
1 s,CPU S71500-2PN_TP700,,Bool,Bool,DnstDataBlock_DP_Status{34},EXPORT/HMI tags/01 SysCom/Diagnosis/D.xml,D
1 s,CPU S71500-2PN_TP700,,Bool,Bool,DnstDataBlock_DP_Status{35},EXPORT/HMI tags/01 SysCom/Diagnosis/D.xml,D
1 s,CPU S71500-2PN_TP700,,Bool,Bool,DnstDataBlock_DP_Status{36},EXPORT/HMI tags/01 SysCom/Diagnosis/D.xml,D
1 s,CPU S71500-2PN_TP700,,Bool,Bool,DnstDataBlock_DP_Status{37},EXPORT/HMI tags/01 SysCom/Diagnosis/D.xml,D
1 s,CPU S71500-2PN_TP700,,Bool,Bool,DnstDataBlock_DP_Status{38},EXPORT/HMI tags/01 SysCom/Diagnosis/D.xml,D
1 s,CPU S71500-2PN_TP700,,Bool,Bool,DnstDataBlock_DP_Status{39},EXPORT/HMI tags/01 SysCom/Diagnosis/D.xml,D
1 s,CPU S71500-2PN_TP700,,Bool,Bool,DnstDataBlock_DP_Status{40},EXPORT/HMI tags/01 SysCom/Diagnosis/D.xml,D
1 s,CPU S71500-2PN_TP700,,Bool,Bool,DnstDataBlock_DP_Status{41},EXPORT/HMI tags/01 SysCom/Diagnosis/D.xml,D
1 s,CPU S71500-2PN_TP700,,Bool,Bool,DnstDataBlock_DP_Status{42},EXPORT/HMI tags/01 SysCom/Diagnosis/D.xml,D
1 s,CPU S71500-2PN_TP700,,Bool,Bool,DnstDataBlock_DP_Status{43},EXPORT/HMI tags/01 SysCom/Diagnosis/D.xml,D
1 s,CPU S71500-2PN_TP700,,Bool,Bool,DnstDataBlock_DP_Status{44},EXPORT/HMI tags/01 SysCom/Diagnosis/D.xml,D
1 s,CPU S71500-2PN_TP700,,Bool,Bool,DnstDataBlock_DP_Status{45},EXPORT/HMI tags/01 SysCom/Diagnosis/D.xml,D
1 s,CPU S71500-2PN_TP700,,Bool,Bool,DnstDataBlock_DP_Status{46},EXPORT/HMI tags/01 SysCom/Diagnosis/D.xml,D
1 s,CPU S71500-2PN_TP700,,Bool,Bool,DnstDataBlock_DP_Status{47},EXPORT/HMI tags/01 SysCom/Diagnosis/D.xml,D
1 s,CPU S71500-2PN_TP700,,Bool,Bool,DnstDataBlock_DP_Status{48},EXPORT/HMI tags/01 SysCom/Diagnosis/D.xml,D
1 s,CPU S71500-2PN_TP700,,Bool,Bool,DnstDataBlock_DP_Status{49},EXPORT/HMI tags/01 SysCom/Diagnosis/D.xml,D
1 s,CPU S71500-2PN_TP700,,Bool,Bool,DnstDataBlock_DP_Status{50},EXPORT/HMI tags/01 SysCom/Diagnosis/D.xml,D
1 s,CPU S71500-2PN_TP700,,Bool,Bool,DnstDataBlock_DP_Status{51},EXPORT/HMI tags/01 SysCom/Diagnosis/D.xml,D
1 s,CPU S71500-2PN_TP700,,Bool,Bool,DnstDataBlock_DP_Status{52},EXPORT/HMI tags/01 SysCom/Diagnosis/D.xml,D
1 s,CPU S71500-2PN_TP700,,Bool,Bool,DnstDataBlock_DP_Status{53},EXPORT/HMI tags/01 SysCom/Diagnosis/D.xml,D
1 s,CPU S71500-2PN_TP700,,Bool,Bool,DnstDataBlock_DP_Status{54},EXPORT/HMI tags/01 SysCom/Diagnosis/D.xml,D
1 s,CPU S71500-2PN_TP700,,Bool,Bool,DnstDataBlock_DP_Status{55},EXPORT/HMI tags/01 SysCom/Diagnosis/D.xml,D
1 s,CPU S71500-2PN_TP700,,Bool,Bool,DnstDataBlock_DP_Status{56},EXPORT/HMI tags/01 SysCom/Diagnosis/D.xml,D
1 s,CPU S71500-2PN_TP700,,Bool,Bool,DnstDataBlock_DP_Status{57},EXPORT/HMI tags/01 SysCom/Diagnosis/D.xml,D
1 s,CPU S71500-2PN_TP700,,Bool,Bool,DnstDataBlock_DP_Status{58},EXPORT/HMI tags/01 SysCom/Diagnosis/D.xml,D
1 s,CPU S71500-2PN_TP700,,Bool,Bool,DnstDataBlock_DP_Status{59},EXPORT/HMI tags/01 SysCom/Diagnosis/D.xml,D
1 s,CPU S71500-2PN_TP700,,Bool,Bool,DnstDataBlock_DP_Status{60},EXPORT/HMI tags/01 SysCom/Diagnosis/D.xml,D
1 s,CPU S71500-2PN_TP700,,Bool,Bool,DnstDataBlock_DP_Status{61},EXPORT/HMI tags/01 SysCom/Diagnosis/D.xml,D
1 s,CPU S71500-2PN_TP700,,Bool,Bool,DnstDataBlock_DP_Status{62},EXPORT/HMI tags/01 SysCom/Diagnosis/D.xml,D
1 s,CPU S71500-2PN_TP700,,Bool,Bool,DnstDataBlock_DP_Status{63},EXPORT/HMI tags/01 SysCom/Diagnosis/D.xml,D
1 s,CPU S71500-2PN_TP700,,Bool,Bool,DnstDataBlock_DP_Status{64},EXPORT/HMI tags/01 SysCom/Diagnosis/D.xml,D
1 s,CPU S71500-2PN_TP700,,Bool,Bool,DnstDataBlock_DP_Status{65},EXPORT/HMI tags/01 SysCom/Diagnosis/D.xml,D
1 s,CPU S71500-2PN_TP700,,Bool,Bool,DnstDataBlock_DP_Status{66},EXPORT/HMI tags/01 SysCom/Diagnosis/D.xml,D
1 s,CPU S71500-2PN_TP700,,Bool,Bool,DnstDataBlock_DP_Status{67},EXPORT/HMI tags/01 SysCom/Diagnosis/D.xml,D
1 s,CPU S71500-2PN_TP700,,Bool,Bool,DnstDataBlock_DP_Status{68},EXPORT/HMI tags/01 SysCom/Diagnosis/D.xml,D
1 s,CPU S71500-2PN_TP700,,Bool,Bool,DnstDataBlock_DP_Status{69},EXPORT/HMI tags/01 SysCom/Diagnosis/D.xml,D
1 s,CPU S71500-2PN_TP700,,Bool,Bool,DnstDataBlock_DP_Status{70},EXPORT/HMI tags/01 SysCom/Diagnosis/D.xml,D
1 s,CPU S71500-2PN_TP700,,Bool,Bool,DnstDataBlock_DP_Status{71},EXPORT/HMI tags/01 SysCom/Diagnosis/D.xml,D
1 s,CPU S71500-2PN_TP700,,Bool,Bool,DnstDataBlock_DP_Status{72},EXPORT/HMI tags/01 SysCom/Diagnosis/D.xml,D
1 s,CPU S71500-2PN_TP700,,Bool,Bool,DnstDataBlock_DP_Status{73},EXPORT/HMI tags/01 SysCom/Diagnosis/D.xml,D
1 s,CPU S71500-2PN_TP700,,Bool,Bool,DnstDataBlock_DP_Status{74},EXPORT/HMI tags/01 SysCom/Diagnosis/D.xml,D
1 s,CPU S71500-2PN_TP700,,Bool,Bool,DnstDataBlock_DP_Status{75},EXPORT/HMI tags/01 SysCom/Diagnosis/D.xml,D
1 s,CPU S71500-2PN_TP700,,Bool,Bool,DnstDataBlock_DP_Status{76},EXPORT/HMI tags/01 SysCom/Diagnosis/D.xml,D
1 s,CPU S71500-2PN_TP700,,Bool,Bool,DnstDataBlock_DP_Status{77},EXPORT/HMI tags/01 SysCom/Diagnosis/D.xml,D
1 s,CPU S71500-2PN_TP700,,Bool,Bool,DnstDataBlock_DP_Status{78},EXPORT/HMI tags/01 SysCom/Diagnosis/D.xml,D
1 s,CPU S71500-2PN_TP700,,Bool,Bool,DnstDataBlock_DP_Status{79},EXPORT/HMI tags/01 SysCom/Diagnosis/D.xml,D
1 s,CPU S71500-2PN_TP700,,Bool,Bool,DnstDataBlock_DP_Status{80},EXPORT/HMI tags/01 SysCom/Diagnosis/D.xml,D
1 s,CPU S71500-2PN_TP700,,Bool,Bool,DnstDataBlock_DP_Status{81},EXPORT/HMI tags/01 SysCom/Diagnosis/D.xml,D
1 s,CPU S71500-2PN_TP700,,Bool,Bool,DnstDataBlock_DP_Status{82},EXPORT/HMI tags/01 SysCom/Diagnosis/D.xml,D
1 s,CPU S71500-2PN_TP700,,Bool,Bool,DnstDataBlock_DP_Status{83},EXPORT/HMI tags/01 SysCom/Diagnosis/D.xml,D
1 s,CPU S71500-2PN_TP700,,Bool,Bool,DnstDataBlock_DP_Status{84},EXPORT/HMI tags/01 SysCom/Diagnosis/D.xml,D
1 s,CPU S71500-2PN_TP700,,Bool,Bool,DnstDataBlock_DP_Status{85},EXPORT/HMI tags/01 SysCom/Diagnosis/D.xml,D
1 s,CPU S71500-2PN_TP700,,Bool,Bool,DnstDataBlock_DP_Status{86},EXPORT/HMI tags/01 SysCom/Diagnosis/D.xml,D
1 s,CPU S71500-2PN_TP700,,Bool,Bool,DnstDataBlock_DP_Status{87},EXPORT/HMI tags/01 SysCom/Diagnosis/D.xml,D
1 s,CPU S71500-2PN_TP700,,Bool,Bool,DnstDataBlock_DP_Status{88},EXPORT/HMI tags/01 SysCom/Diagnosis/D.xml,D
1 s,CPU S71500-2PN_TP700,,Bool,Bool,DnstDataBlock_DP_Status{89},EXPORT/HMI tags/01 SysCom/Diagnosis/D.xml,D
1 s,CPU S71500-2PN_TP700,,Bool,Bool,DnstDataBlock_DP_Status{90},EXPORT/HMI tags/01 SysCom/Diagnosis/D.xml,D
1 s,CPU S71500-2PN_TP700,,Bool,Bool,DnstDataBlock_DP_Status{91},EXPORT/HMI tags/01 SysCom/Diagnosis/D.xml,D
1 s,CPU S71500-2PN_TP700,,Bool,Bool,DnstDataBlock_DP_Status{92},EXPORT/HMI tags/01 SysCom/Diagnosis/D.xml,D
1 s,CPU S71500-2PN_TP700,,Bool,Bool,DnstDataBlock_DP_Status{93},EXPORT/HMI tags/01 SysCom/Diagnosis/D.xml,D
1 s,CPU S71500-2PN_TP700,,Bool,Bool,DnstDataBlock_DP_Status{94},EXPORT/HMI tags/01 SysCom/Diagnosis/D.xml,D
1 s,CPU S71500-2PN_TP700,,Bool,Bool,DnstDataBlock_DP_Status{95},EXPORT/HMI tags/01 SysCom/Diagnosis/D.xml,D
1 s,CPU S71500-2PN_TP700,,Bool,Bool,DnstDataBlock_DP_Status{96},EXPORT/HMI tags/01 SysCom/Diagnosis/D.xml,D
1 s,CPU S71500-2PN_TP700,,Bool,Bool,DnstDataBlock_DP_Status{97},EXPORT/HMI tags/01 SysCom/Diagnosis/D.xml,D
1 s,CPU S71500-2PN_TP700,,Bool,Bool,DnstDataBlock_DP_Status{98},EXPORT/HMI tags/01 SysCom/Diagnosis/D.xml,D
1 s,CPU S71500-2PN_TP700,,Bool,Bool,DnstDataBlock_DP_Status{99},EXPORT/HMI tags/01 SysCom/Diagnosis/D.xml,D
1 s,CPU S71500-2PN_TP700,,Bool,Bool,DnstDataBlock_DP_Status{100},EXPORT/HMI tags/01 SysCom/Diagnosis/D.xml,D
1 s,CPU S71500-2PN_TP700,,Bool,Bool,DnstDataBlock_DP_Status{101},EXPORT/HMI tags/01 SysCom/Diagnosis/D.xml,D
1 s,CPU S71500-2PN_TP700,,Word,UInt,DnstDataBlock.DP.Index,EXPORT/HMI tags/01 SysCom/Diagnosis/D.xml,D
1 s,,,Int,Int,SysDDBNum,EXPORT/HMI tags/01 SysCom/Diagnosis/Idia.xml,Idia
1 s,CPU S71500-2PN_TP700,,Bool,Bool,DnstDataBlock_Profinet_Status{0},EXPORT/HMI tags/01 SysCom/Diagnosis/P.xml,P
1 s,CPU S71500-2PN_TP700,,Bool,Bool,DnstDataBlock_Profinet_Status{1},EXPORT/HMI tags/01 SysCom/Diagnosis/P.xml,P
1 s,CPU S71500-2PN_TP700,,Bool,Bool,DnstDataBlock_Profinet_Status{2},EXPORT/HMI tags/01 SysCom/Diagnosis/P.xml,P
1 s,CPU S71500-2PN_TP700,,Bool,Bool,DnstDataBlock_Profinet_Status{3},EXPORT/HMI tags/01 SysCom/Diagnosis/P.xml,P
1 s,CPU S71500-2PN_TP700,,Bool,Bool,DnstDataBlock_Profinet_Status{4},EXPORT/HMI tags/01 SysCom/Diagnosis/P.xml,P
1 s,CPU S71500-2PN_TP700,,Bool,Bool,DnstDataBlock_Profinet_Status{5},EXPORT/HMI tags/01 SysCom/Diagnosis/P.xml,P
1 s,CPU S71500-2PN_TP700,,Bool,Bool,DnstDataBlock_Profinet_Status{6},EXPORT/HMI tags/01 SysCom/Diagnosis/P.xml,P
1 s,CPU S71500-2PN_TP700,,Bool,Bool,DnstDataBlock_Profinet_Status{7},EXPORT/HMI tags/01 SysCom/Diagnosis/P.xml,P
1 s,CPU S71500-2PN_TP700,,Bool,Bool,DnstDataBlock_Profinet_Status{8},EXPORT/HMI tags/01 SysCom/Diagnosis/P.xml,P
1 s,CPU S71500-2PN_TP700,,Bool,Bool,DnstDataBlock_Profinet_Status{9},EXPORT/HMI tags/01 SysCom/Diagnosis/P.xml,P
1 s,CPU S71500-2PN_TP700,,Bool,Bool,DnstDataBlock_Profinet_Status{10},EXPORT/HMI tags/01 SysCom/Diagnosis/P.xml,P
1 s,CPU S71500-2PN_TP700,,Bool,Bool,DnstDataBlock_Profinet_Status{11},EXPORT/HMI tags/01 SysCom/Diagnosis/P.xml,P
1 s,CPU S71500-2PN_TP700,,Bool,Bool,DnstDataBlock_Profinet_Status{12},EXPORT/HMI tags/01 SysCom/Diagnosis/P.xml,P
1 s,CPU S71500-2PN_TP700,,Bool,Bool,DnstDataBlock_Profinet_Status{13},EXPORT/HMI tags/01 SysCom/Diagnosis/P.xml,P
1 s,CPU S71500-2PN_TP700,,Bool,Bool,DnstDataBlock_Profinet_Status{14},EXPORT/HMI tags/01 SysCom/Diagnosis/P.xml,P
1 s,CPU S71500-2PN_TP700,,Bool,Bool,DnstDataBlock_Profinet_Status{15},EXPORT/HMI tags/01 SysCom/Diagnosis/P.xml,P
1 s,CPU S71500-2PN_TP700,,Bool,Bool,DnstDataBlock_Profinet_Status{16},EXPORT/HMI tags/01 SysCom/Diagnosis/P.xml,P
1 s,CPU S71500-2PN_TP700,,Bool,Bool,DnstDataBlock_Profinet_Status{17},EXPORT/HMI tags/01 SysCom/Diagnosis/P.xml,P
1 s,CPU S71500-2PN_TP700,,Bool,Bool,DnstDataBlock_Profinet_Status{18},EXPORT/HMI tags/01 SysCom/Diagnosis/P.xml,P
1 s,CPU S71500-2PN_TP700,,Bool,Bool,DnstDataBlock_Profinet_Status{19},EXPORT/HMI tags/01 SysCom/Diagnosis/P.xml,P
1 s,CPU S71500-2PN_TP700,,Bool,Bool,DnstDataBlock_Profinet_Status{20},EXPORT/HMI tags/01 SysCom/Diagnosis/P.xml,P
1 s,CPU S71500-2PN_TP700,,Bool,Bool,DnstDataBlock_Profinet_Status{21},EXPORT/HMI tags/01 SysCom/Diagnosis/P.xml,P
1 s,CPU S71500-2PN_TP700,,Bool,Bool,DnstDataBlock_Profinet_Status{22},EXPORT/HMI tags/01 SysCom/Diagnosis/P.xml,P
1 s,CPU S71500-2PN_TP700,,Bool,Bool,DnstDataBlock_Profinet_Status{23},EXPORT/HMI tags/01 SysCom/Diagnosis/P.xml,P
1 s,CPU S71500-2PN_TP700,,Bool,Bool,DnstDataBlock_Profinet_Status{24},EXPORT/HMI tags/01 SysCom/Diagnosis/P.xml,P
1 s,CPU S71500-2PN_TP700,,Bool,Bool,DnstDataBlock_Profinet_Status{25},EXPORT/HMI tags/01 SysCom/Diagnosis/P.xml,P
1 s,CPU S71500-2PN_TP700,,Bool,Bool,DnstDataBlock_Profinet_Status{26},EXPORT/HMI tags/01 SysCom/Diagnosis/P.xml,P
1 s,CPU S71500-2PN_TP700,,Bool,Bool,DnstDataBlock_Profinet_Status{27},EXPORT/HMI tags/01 SysCom/Diagnosis/P.xml,P
1 s,CPU S71500-2PN_TP700,,Bool,Bool,DnstDataBlock_Profinet_Status{28},EXPORT/HMI tags/01 SysCom/Diagnosis/P.xml,P
1 s,CPU S71500-2PN_TP700,,Bool,Bool,DnstDataBlock_Profinet_Status{29},EXPORT/HMI tags/01 SysCom/Diagnosis/P.xml,P
1 s,CPU S71500-2PN_TP700,,Bool,Bool,DnstDataBlock_Profinet_Status{30},EXPORT/HMI tags/01 SysCom/Diagnosis/P.xml,P
1 s,CPU S71500-2PN_TP700,,Bool,Bool,DnstDataBlock_Profinet_Status{31},EXPORT/HMI tags/01 SysCom/Diagnosis/P.xml,P
1 s,CPU S71500-2PN_TP700,,Bool,Bool,DnstDataBlock_Profinet_Status{32},EXPORT/HMI tags/01 SysCom/Diagnosis/P.xml,P
1 s,CPU S71500-2PN_TP700,,Bool,Bool,DnstDataBlock_Profinet_Status{33},EXPORT/HMI tags/01 SysCom/Diagnosis/P.xml,P
1 s,CPU S71500-2PN_TP700,,Bool,Bool,DnstDataBlock_Profinet_Status{34},EXPORT/HMI tags/01 SysCom/Diagnosis/P.xml,P
1 s,CPU S71500-2PN_TP700,,Bool,Bool,DnstDataBlock_Profinet_Status{35},EXPORT/HMI tags/01 SysCom/Diagnosis/P.xml,P
1 s,CPU S71500-2PN_TP700,,Bool,Bool,DnstDataBlock_Profinet_Status{36},EXPORT/HMI tags/01 SysCom/Diagnosis/P.xml,P
1 s,CPU S71500-2PN_TP700,,Bool,Bool,DnstDataBlock_Profinet_Status{37},EXPORT/HMI tags/01 SysCom/Diagnosis/P.xml,P
1 s,CPU S71500-2PN_TP700,,Bool,Bool,DnstDataBlock_Profinet_Status{38},EXPORT/HMI tags/01 SysCom/Diagnosis/P.xml,P
1 s,CPU S71500-2PN_TP700,,Bool,Bool,DnstDataBlock_Profinet_Status{39},EXPORT/HMI tags/01 SysCom/Diagnosis/P.xml,P
1 s,CPU S71500-2PN_TP700,,Bool,Bool,DnstDataBlock_Profinet_Status{40},EXPORT/HMI tags/01 SysCom/Diagnosis/P.xml,P
1 s,CPU S71500-2PN_TP700,,Bool,Bool,DnstDataBlock_Profinet_Status{41},EXPORT/HMI tags/01 SysCom/Diagnosis/P.xml,P
1 s,CPU S71500-2PN_TP700,,Bool,Bool,DnstDataBlock_Profinet_Status{42},EXPORT/HMI tags/01 SysCom/Diagnosis/P.xml,P
1 s,CPU S71500-2PN_TP700,,Bool,Bool,DnstDataBlock_Profinet_Status{43},EXPORT/HMI tags/01 SysCom/Diagnosis/P.xml,P
1 s,CPU S71500-2PN_TP700,,Bool,Bool,DnstDataBlock_Profinet_Status{44},EXPORT/HMI tags/01 SysCom/Diagnosis/P.xml,P
1 s,CPU S71500-2PN_TP700,,Bool,Bool,DnstDataBlock_Profinet_Status{45},EXPORT/HMI tags/01 SysCom/Diagnosis/P.xml,P
1 s,CPU S71500-2PN_TP700,,Bool,Bool,DnstDataBlock_Profinet_Status{46},EXPORT/HMI tags/01 SysCom/Diagnosis/P.xml,P
1 s,CPU S71500-2PN_TP700,,Bool,Bool,DnstDataBlock_Profinet_Status{47},EXPORT/HMI tags/01 SysCom/Diagnosis/P.xml,P
1 s,CPU S71500-2PN_TP700,,Bool,Bool,DnstDataBlock_Profinet_Status{48},EXPORT/HMI tags/01 SysCom/Diagnosis/P.xml,P
1 s,CPU S71500-2PN_TP700,,Bool,Bool,DnstDataBlock_Profinet_Status{49},EXPORT/HMI tags/01 SysCom/Diagnosis/P.xml,P
1 s,CPU S71500-2PN_TP700,,Bool,Bool,DnstDataBlock_Profinet_Status{50},EXPORT/HMI tags/01 SysCom/Diagnosis/P.xml,P
1 s,CPU S71500-2PN_TP700,,Bool,Bool,DnstDataBlock_Profinet_Status{51},EXPORT/HMI tags/01 SysCom/Diagnosis/P.xml,P
1 s,CPU S71500-2PN_TP700,,Bool,Bool,DnstDataBlock_Profinet_Status{52},EXPORT/HMI tags/01 SysCom/Diagnosis/P.xml,P
1 s,CPU S71500-2PN_TP700,,Bool,Bool,DnstDataBlock_Profinet_Status{53},EXPORT/HMI tags/01 SysCom/Diagnosis/P.xml,P
1 s,CPU S71500-2PN_TP700,,Bool,Bool,DnstDataBlock_Profinet_Status{54},EXPORT/HMI tags/01 SysCom/Diagnosis/P.xml,P
1 s,CPU S71500-2PN_TP700,,Bool,Bool,DnstDataBlock_Profinet_Status{55},EXPORT/HMI tags/01 SysCom/Diagnosis/P.xml,P
1 s,CPU S71500-2PN_TP700,,Bool,Bool,DnstDataBlock_Profinet_Status{56},EXPORT/HMI tags/01 SysCom/Diagnosis/P.xml,P
1 s,CPU S71500-2PN_TP700,,Bool,Bool,DnstDataBlock_Profinet_Status{57},EXPORT/HMI tags/01 SysCom/Diagnosis/P.xml,P
1 s,CPU S71500-2PN_TP700,,Bool,Bool,DnstDataBlock_Profinet_Status{58},EXPORT/HMI tags/01 SysCom/Diagnosis/P.xml,P
1 s,CPU S71500-2PN_TP700,,Bool,Bool,DnstDataBlock_Profinet_Status{59},EXPORT/HMI tags/01 SysCom/Diagnosis/P.xml,P
1 s,CPU S71500-2PN_TP700,,Bool,Bool,DnstDataBlock_Profinet_Status{60},EXPORT/HMI tags/01 SysCom/Diagnosis/P.xml,P
1 s,CPU S71500-2PN_TP700,,Bool,Bool,DnstDataBlock_Profinet_Status{61},EXPORT/HMI tags/01 SysCom/Diagnosis/P.xml,P
1 s,CPU S71500-2PN_TP700,,Bool,Bool,DnstDataBlock_Profinet_Status{62},EXPORT/HMI tags/01 SysCom/Diagnosis/P.xml,P
1 s,CPU S71500-2PN_TP700,,Bool,Bool,DnstDataBlock_Profinet_Status{63},EXPORT/HMI tags/01 SysCom/Diagnosis/P.xml,P
1 s,CPU S71500-2PN_TP700,,Bool,Bool,DnstDataBlock_Profinet_Status{64},EXPORT/HMI tags/01 SysCom/Diagnosis/P.xml,P
1 s,CPU S71500-2PN_TP700,,Bool,Bool,DnstDataBlock_Profinet_Status{65},EXPORT/HMI tags/01 SysCom/Diagnosis/P.xml,P
1 s,CPU S71500-2PN_TP700,,Bool,Bool,DnstDataBlock_Profinet_Status{66},EXPORT/HMI tags/01 SysCom/Diagnosis/P.xml,P
1 s,CPU S71500-2PN_TP700,,Bool,Bool,DnstDataBlock_Profinet_Status{67},EXPORT/HMI tags/01 SysCom/Diagnosis/P.xml,P
1 s,CPU S71500-2PN_TP700,,Bool,Bool,DnstDataBlock_Profinet_Status{68},EXPORT/HMI tags/01 SysCom/Diagnosis/P.xml,P
1 s,CPU S71500-2PN_TP700,,Bool,Bool,DnstDataBlock_Profinet_Status{69},EXPORT/HMI tags/01 SysCom/Diagnosis/P.xml,P
1 s,CPU S71500-2PN_TP700,,Bool,Bool,DnstDataBlock_Profinet_Status{70},EXPORT/HMI tags/01 SysCom/Diagnosis/P.xml,P
1 s,CPU S71500-2PN_TP700,,Bool,Bool,DnstDataBlock_Profinet_Status{71},EXPORT/HMI tags/01 SysCom/Diagnosis/P.xml,P
1 s,CPU S71500-2PN_TP700,,Bool,Bool,DnstDataBlock_Profinet_Status{72},EXPORT/HMI tags/01 SysCom/Diagnosis/P.xml,P
1 s,CPU S71500-2PN_TP700,,Bool,Bool,DnstDataBlock_Profinet_Status{73},EXPORT/HMI tags/01 SysCom/Diagnosis/P.xml,P
1 s,CPU S71500-2PN_TP700,,Bool,Bool,DnstDataBlock_Profinet_Status{74},EXPORT/HMI tags/01 SysCom/Diagnosis/P.xml,P
1 s,CPU S71500-2PN_TP700,,Bool,Bool,DnstDataBlock_Profinet_Status{75},EXPORT/HMI tags/01 SysCom/Diagnosis/P.xml,P
1 s,CPU S71500-2PN_TP700,,Bool,Bool,DnstDataBlock_Profinet_Status{76},EXPORT/HMI tags/01 SysCom/Diagnosis/P.xml,P
1 s,CPU S71500-2PN_TP700,,Bool,Bool,DnstDataBlock_Profinet_Status{77},EXPORT/HMI tags/01 SysCom/Diagnosis/P.xml,P
1 s,CPU S71500-2PN_TP700,,Bool,Bool,DnstDataBlock_Profinet_Status{78},EXPORT/HMI tags/01 SysCom/Diagnosis/P.xml,P
1 s,CPU S71500-2PN_TP700,,Bool,Bool,DnstDataBlock_Profinet_Status{79},EXPORT/HMI tags/01 SysCom/Diagnosis/P.xml,P
1 s,CPU S71500-2PN_TP700,,Bool,Bool,DnstDataBlock_Profinet_Status{80},EXPORT/HMI tags/01 SysCom/Diagnosis/P.xml,P
1 s,CPU S71500-2PN_TP700,,Bool,Bool,DnstDataBlock_Profinet_Status{81},EXPORT/HMI tags/01 SysCom/Diagnosis/P.xml,P
1 s,CPU S71500-2PN_TP700,,Bool,Bool,DnstDataBlock_Profinet_Status{82},EXPORT/HMI tags/01 SysCom/Diagnosis/P.xml,P
1 s,CPU S71500-2PN_TP700,,Bool,Bool,DnstDataBlock_Profinet_Status{83},EXPORT/HMI tags/01 SysCom/Diagnosis/P.xml,P
1 s,CPU S71500-2PN_TP700,,Bool,Bool,DnstDataBlock_Profinet_Status{84},EXPORT/HMI tags/01 SysCom/Diagnosis/P.xml,P
1 s,CPU S71500-2PN_TP700,,Bool,Bool,DnstDataBlock_Profinet_Status{85},EXPORT/HMI tags/01 SysCom/Diagnosis/P.xml,P
1 s,CPU S71500-2PN_TP700,,Bool,Bool,DnstDataBlock_Profinet_Status{86},EXPORT/HMI tags/01 SysCom/Diagnosis/P.xml,P
1 s,CPU S71500-2PN_TP700,,Bool,Bool,DnstDataBlock_Profinet_Status{87},EXPORT/HMI tags/01 SysCom/Diagnosis/P.xml,P
1 s,CPU S71500-2PN_TP700,,Bool,Bool,DnstDataBlock_Profinet_Status{88},EXPORT/HMI tags/01 SysCom/Diagnosis/P.xml,P
1 s,CPU S71500-2PN_TP700,,Bool,Bool,DnstDataBlock_Profinet_Status{89},EXPORT/HMI tags/01 SysCom/Diagnosis/P.xml,P
1 s,CPU S71500-2PN_TP700,,Bool,Bool,DnstDataBlock_Profinet_Status{90},EXPORT/HMI tags/01 SysCom/Diagnosis/P.xml,P
1 s,CPU S71500-2PN_TP700,,Bool,Bool,DnstDataBlock_Profinet_Status{91},EXPORT/HMI tags/01 SysCom/Diagnosis/P.xml,P
1 s,CPU S71500-2PN_TP700,,Bool,Bool,DnstDataBlock_Profinet_Status{92},EXPORT/HMI tags/01 SysCom/Diagnosis/P.xml,P
1 s,CPU S71500-2PN_TP700,,Bool,Bool,DnstDataBlock_Profinet_Status{93},EXPORT/HMI tags/01 SysCom/Diagnosis/P.xml,P
1 s,CPU S71500-2PN_TP700,,Bool,Bool,DnstDataBlock_Profinet_Status{94},EXPORT/HMI tags/01 SysCom/Diagnosis/P.xml,P
1 s,CPU S71500-2PN_TP700,,Bool,Bool,DnstDataBlock_Profinet_Status{95},EXPORT/HMI tags/01 SysCom/Diagnosis/P.xml,P
1 s,CPU S71500-2PN_TP700,,Bool,Bool,DnstDataBlock_Profinet_Status{96},EXPORT/HMI tags/01 SysCom/Diagnosis/P.xml,P
1 s,CPU S71500-2PN_TP700,,Bool,Bool,DnstDataBlock_Profinet_Status{97},EXPORT/HMI tags/01 SysCom/Diagnosis/P.xml,P
1 s,CPU S71500-2PN_TP700,,Bool,Bool,DnstDataBlock_Profinet_Status{98},EXPORT/HMI tags/01 SysCom/Diagnosis/P.xml,P
1 s,CPU S71500-2PN_TP700,,Bool,Bool,DnstDataBlock_Profinet_Status{99},EXPORT/HMI tags/01 SysCom/Diagnosis/P.xml,P
1 s,CPU S71500-2PN_TP700,,Bool,Bool,DnstDataBlock_Profinet_Status{100},EXPORT/HMI tags/01 SysCom/Diagnosis/P.xml,P
1 s,CPU S71500-2PN_TP700,,Bool,Bool,DnstDataBlock_Profinet_Status{101},EXPORT/HMI tags/01 SysCom/Diagnosis/P.xml,P
1 s,CPU S71500-2PN_TP700,,Word,UInt,DnstDataBlock.Profinet.Index,EXPORT/HMI tags/01 SysCom/Diagnosis/P.xml,P
1 s,,,Bool,Bool,LogoffFlag,EXPORT/HMI tags/01 SysCom/Inner/HMI.xml,HMI
1 s,,,WString,WString,BrowseFile,EXPORT/HMI tags/01 SysCom/Inner/HMI.xml,HMI
1 s,,,Int,Int,BrowseStatus,EXPORT/HMI tags/01 SysCom/Inner/HMI.xml,HMI
1 s,,,Bool,Bool,NormalON,EXPORT/HMI tags/01 SysCom/Inner/Inner.xml,Inner
1 s,,,Bool,Bool,NormalOFF,EXPORT/HMI tags/01 SysCom/Inner/Inner.xml,Inner
1 s,,,WString,WString,PathStr,EXPORT/HMI tags/01 SysCom/Inner/Inner.xml,Inner
1 s,,,WString,WString,CurrProductType,EXPORT/HMI tags/01 SysCom/Inner/Inner.xml,Inner
1 s,,,WString,WString,testStr,EXPORT/HMI tags/01 SysCom/Inner/Inner.xml,Inner
1 s,,,WString,WString,_UserName,EXPORT/HMI tags/01 SysCom/User/U.xml,U
1 s,,,Int,Int,_UserLevel,EXPORT/HMI tags/01 SysCom/User/U.xml,U
1 s,,,Array [0..9] of Bool,Array [0..9] of Bool,_unlock,EXPORT/HMI tags/01 SysCom/User/U.xml,U
1 s,CPU S71500-2PN_TP700,Sys.ScanTime.CyclePrevious,Int,Int,Sys_ScanTime_CyclePrevious,EXPORT/HMI tags/01 SysCom/GloInformation/CPUInformation/C.xml,C
1 s,CPU S71500-2PN_TP700,Sys.ScanTime.CycleMax,Int,Int,Sys_ScanTime_CycleMax,EXPORT/HMI tags/01 SysCom/GloInformation/CPUInformation/C.xml,C
1 s,CPU S71500-2PN_TP700,Sys.ScanTime.CycleMin,Int,Int,Sys_ScanTime_CycleMin,EXPORT/HMI tags/01 SysCom/GloInformation/CPUInformation/C.xml,C
1 s,CPU S71500-2PN_TP700,Sys.ScanTime.CyclePrevious,Int,Int,SysScanTimeCyclePrevious,EXPORT/HMI tags/01 SysCom/GloInformation/CPUInformation/C.xml,C
1 s,CPU S71500-2PN_TP700,Sys.ScanTime.CycleMax,Int,Int,SysScanTimeCycleMax,EXPORT/HMI tags/01 SysCom/GloInformation/CPUInformation/C.xml,C
1 s,CPU S71500-2PN_TP700,Sys.ScanTime.CycleMin,Int,Int,SysScanTimeCycleMin,EXPORT/HMI tags/01 SysCom/GloInformation/CPUInformation/C.xml,C
1 s,,,DInt,DInt,Lan,EXPORT/HMI tags/01 SysCom/GloInformation/GloFunc/GF.xml,GF
