symbol,root,read_count,write_count,unknown_count,blocks_count,blocks,hmi_tags_count,hmi_tags,declared_in,evidence_sample
AlwaysTRUE,AlwaysTRUE,380,0,0,37,03_CYC_INT2;ChangeOverProcess;Gluing;KistlerPresser_Main;MES;MES_CHeck;Motorr;NG;Pilz;Robot;ST10_Alarm;ST10_Auto;ST10_FB_S7connect;ST10_Flow11_A2TableScan;ST10_Flow12_A2TableUnloading;ST10_Flow14_B2Press;ST10_Flow15_FRobot_3;ST10_Flow1_A1TableScan;ST10_Flow21_HShaftLifting;ST10_Flow22_JMagnetLifting;ST10_Flow23_KReserveLifting;ST10_Flow24_LUnloadingTrans;ST10_Flow25_HShaftLoad&Unload;ST10_Flow26_JMagnetLoad&Unload;ST10_Flow27_KReserveLoad&Unload;ST10_Flow28_LUnloadingLoad&Unload;ST10_Flow2_A1TableUnloading;ST10_Flow3_A1RotaryShaftScan;ST10_Flow4_B1Press;ST10_Flow5_FRobot_1;ST10_Flow6_ToolCodeScan;ST10_Flow7_CGlueing;ST10_Flow8_FRobot_2;ST10_Main;ST10_Output;ST10_Tip;V90_Servo,0,,EXPORT/PLC tags/默认变量表.xml,EXPORT/Program blocks/01_OB/03_CYC_INT2.xml:03_CYC_INT2:FlgNet | EXPORT/Program blocks/OP010/00_Main/ST10_Main.xml:ST10_Main:FlgNet | EXPORT/Program blocks/OP010/02_Output/ST10_Output.xml:ST10_Output:FlgNet | EXPORT/Program blocks/OP010/03_Auto/ST10_Auto.xml:ST10_Auto:FlgNet | EXPORT/Program blocks/OP010/05_Alarm/ST10_Alarm.xml:ST10_Alarm:FlgNet
Station_Sys.Alarm.ImmediatelyStop,Station_Sys,22,1,0,21,ST10_Alarm;ST10_Flow11_A2TableScan;ST10_Flow12_A2TableUnloading;ST10_Flow14_B2Press;ST10_Flow15_FRobot_3;ST10_Flow1_A1TableScan;ST10_Flow21_HShaftLifting;ST10_Flow22_JMagnetLifting;ST10_Flow23_KReserveLifting;ST10_Flow24_LUnloadingTrans;ST10_Flow25_HShaftLoad&Unload;ST10_Flow26_JMagnetLoad&Unload;ST10_Flow27_KReserveLoad&Unload;ST10_Flow28_LUnloadingLoad&Unload;ST10_Flow2_A1TableUnloading;ST10_Flow3_A1RotaryShaftScan;ST10_Flow4_B1Press;ST10_Flow5_FRobot_1;ST10_Flow6_ToolCodeScan;ST10_Flow7_CGlueing;ST10_Flow8_FRobot_2,0,,EXPORT/Program blocks/OP010/00_Main/Station_Sys.xml,EXPORT/Program blocks/OP010/05_Alarm/ST10_Alarm.xml:ST10_Alarm:FlgNet | EXPORT/Program blocks/OP010/03_Auto/01ChangeOver/ST10_Flow6_ToolCodeScan.xml:ST10_Flow6_ToolCodeScan:FlgNet | EXPORT/Program blocks/OP010/03_Auto/A1_TableLoad&Scan/ST10_Flow1_A1TableScan.xml:ST10_Flow1_A1TableScan:FlgNet | EXPORT/Program blocks/OP010/03_Auto/A1_TableLoad&Scan/ST10_Flow2_A1TableUnloading.xml:ST10_Flow2_A1TableUnloading:FlgNet | EXPORT/Program blocks/OP010/03_Auto/A1_TableLoad&Scan/ST10_Flow3_A1RotaryShaftScan.xml:ST10_Flow3_A1RotaryShaftScan:FlgNet
ST10Cylinder.Cy.In.HomePositionSensor,ST10Cylinder,179,0,0,20,ChangeOverProcess;KistlerPresser_Main;NG;ST10Cyl_interface51-60;ST10_Flow11_A2TableScan;ST10_Flow12_A2TableUnloading;ST10_Flow14_B2Press;ST10_Flow15_FRobot_3;ST10_Flow1_A1TableScan;ST10_Flow21_HShaftLifting;ST10_Flow22_JMagnetLifting;ST10_Flow23_KReserveLifting;ST10_Flow24_LUnloadingTrans;ST10_Flow2_A1TableUnloading;ST10_Flow4_B1Press;ST10_Flow5_FRobot_1;ST10_Flow7_CGlueing;ST10_Flow8_FRobot_2;ST10_StopperCtrl;ST10_Stopper_FB,0,,EXPORT/Program blocks/OP010/10_Device/01_Cylinder/ST10Cylinder.xml,EXPORT/Program blocks/OP010/10_Device/01_Cylinder/ST10Cyl_interface51-60.xml:ST10Cyl_interface51-60:FlgNet | EXPORT/Program blocks/OP010/10_Device/06_Stopper/ST10_Stopper_FB.xml:ST10_Stopper_FB:FlgNet | EXPORT/Program blocks/OP010/10_Device/23_Kistler/KistlerPresser_Main.xml:KistlerPresser_Main:FlgNet | EXPORT/Program blocks/OP010/10_Device/26_Stopper/ST10_StopperCtrl.xml:ST10_StopperCtrl:FlgNet | EXPORT/Program blocks/OP010/10_Device/29_NG/NG.xml:NG:FlgNet
Station_Sys.Alarm.CycleStop,Station_Sys,22,0,0,20,ST10_Flow11_A2TableScan;ST10_Flow12_A2TableUnloading;ST10_Flow14_B2Press;ST10_Flow15_FRobot_3;ST10_Flow1_A1TableScan;ST10_Flow21_HShaftLifting;ST10_Flow22_JMagnetLifting;ST10_Flow23_KReserveLifting;ST10_Flow24_LUnloadingTrans;ST10_Flow25_HShaftLoad&Unload;ST10_Flow26_JMagnetLoad&Unload;ST10_Flow27_KReserveLoad&Unload;ST10_Flow28_LUnloadingLoad&Unload;ST10_Flow2_A1TableUnloading;ST10_Flow3_A1RotaryShaftScan;ST10_Flow4_B1Press;ST10_Flow5_FRobot_1;ST10_Flow6_ToolCodeScan;ST10_Flow7_CGlueing;ST10_Flow8_FRobot_2,0,,EXPORT/Program blocks/OP010/00_Main/Station_Sys.xml,EXPORT/Program blocks/OP010/03_Auto/01ChangeOver/ST10_Flow6_ToolCodeScan.xml:ST10_Flow6_ToolCodeScan:FlgNet | EXPORT/Program blocks/OP010/03_Auto/A1_TableLoad&Scan/ST10_Flow1_A1TableScan.xml:ST10_Flow1_A1TableScan:FlgNet | EXPORT/Program blocks/OP010/03_Auto/A1_TableLoad&Scan/ST10_Flow2_A1TableUnloading.xml:ST10_Flow2_A1TableUnloading:FlgNet | EXPORT/Program blocks/OP010/03_Auto/A1_TableLoad&Scan/ST10_Flow3_A1RotaryShaftScan.xml:ST10_Flow3_A1RotaryShaftScan:FlgNet | EXPORT/Program blocks/OP010/03_Auto/A2_TableLoad&Scan/ST10_Flow11_A2TableScan.xml:ST10_Flow11_A2TableScan:FlgNet
Station_Sys.Auto.Mode,Station_Sys,150,3,0,20,Call_KeyenceCheckerIV;ChangeOverProcess;Gluing;IAI;IAI_Position;KistlerPresser_Main;MES;Motorr;NG;Robot;SR1000;ST10_Alarm;ST10_Auto;ST10_FB_S7connect;ST10_Main;ST10_Output;ST10_StopperCtrl;ST10_Tip;ST10_Warning;V90_Servo,2,ST10_Auto_Mode;Station_Sys_Auto_Mode,EXPORT/Program blocks/OP010/00_Main/Station_Sys.xml,EXPORT/Program blocks/OP010/00_Main/ST10_Main.xml:ST10_Main:FlgNet | EXPORT/Program blocks/OP010/02_Output/ST10_Output.xml:ST10_Output:FlgNet | EXPORT/Program blocks/OP010/03_Auto/ST10_Auto.xml:ST10_Auto:FlgNet | EXPORT/Program blocks/OP010/05_Alarm/ST10_Alarm.xml:ST10_Alarm:FlgNet | EXPORT/Program blocks/OP010/06_Warning/ST10_Warning.xml:ST10_Warning:FlgNet
ST10Cylinder.Cy.In.WorkPositionSensor,ST10Cylinder,131,0,0,19,ChangeOverProcess;KistlerPresser_Main;NG;Robot;ST10_Flow11_A2TableScan;ST10_Flow12_A2TableUnloading;ST10_Flow14_B2Press;ST10_Flow15_FRobot_3;ST10_Flow1_A1TableScan;ST10_Flow21_HShaftLifting;ST10_Flow22_JMagnetLifting;ST10_Flow23_KReserveLifting;ST10_Flow24_LUnloadingTrans;ST10_Flow2_A1TableUnloading;ST10_Flow4_B1Press;ST10_Flow5_FRobot_1;ST10_Flow7_CGlueing;ST10_Flow8_FRobot_2;ST10_StopperCtrl,0,,EXPORT/Program blocks/OP010/10_Device/01_Cylinder/ST10Cylinder.xml,EXPORT/Program blocks/OP010/10_Device/23_Kistler/KistlerPresser_Main.xml:KistlerPresser_Main:FlgNet | EXPORT/Program blocks/OP010/10_Device/24_Robot/Robot.xml:Robot:FlgNet | EXPORT/Program blocks/OP010/10_Device/26_Stopper/ST10_StopperCtrl.xml:ST10_StopperCtrl:FlgNet | EXPORT/Program blocks/OP010/10_Device/29_NG/NG.xml:NG:FlgNet | EXPORT/Program blocks/OP010/03_Auto/01ChangeOver/ChangeOverProcess.xml:ChangeOverProcess:FlgNet
Station_Sys.Cmd.Reset,Station_Sys,73,1,0,14,Call_KeyenceCheckerIV;Gluing;IAI;IAI_Position;KistlerPresser_Main;MES_CHeck;Motorr;Robot;SR1000;ST10_Alarm;ST10_Main;ST10_Output;ST10_StopperCtrl;V90_Servo,0,,EXPORT/Program blocks/OP010/00_Main/Station_Sys.xml,EXPORT/Program blocks/OP010/00_Main/ST10_Main.xml:ST10_Main:FlgNet | EXPORT/Program blocks/OP010/00_Main/ST10_Main.xml:ST10_Main:StructuredText | EXPORT/Program blocks/OP010/02_Output/ST10_Output.xml:ST10_Output:FlgNet | EXPORT/Program blocks/OP010/05_Alarm/ST10_Alarm.xml:ST10_Alarm:FlgNet | EXPORT/Program blocks/OP010/11_MES/MES_CHeck.xml:MES_CHeck:FlgNet
Station_Sys.Manual.Mode,Station_Sys,59,4,0,13,Call_KeyenceCheckerIV;Gluing;IAI;KistlerPresser_Main;Motorr;NG;Robot;SR1000;ST10Cyl_interface1-10;ST10_ChangeOver;ST10_Main;ST10_Output;V90_Servo,1,ST10_Manual_mode,EXPORT/Program blocks/OP010/00_Main/Station_Sys.xml,EXPORT/Program blocks/OP010/00_Main/ST10_Main.xml:ST10_Main:FlgNet | EXPORT/Program blocks/OP010/00_Main/ST10_Main.xml:ST10_Main:StructuredText | EXPORT/Program blocks/OP010/02_Output/ST10_Output.xml:ST10_Output:FlgNet | EXPORT/Program blocks/OP010/08_ChangeOver/ST10_ChangeOver.xml:ST10_ChangeOver:FlgNet | EXPORT/Program blocks/OP010/10_Device/01_Cylinder/ST10Cyl_interface1-10.xml:ST10Cyl_interface1-10:StructuredText
Station_Sys.Cmd.OnOffLine,Station_Sys,45,1,0,11,MES_CHeck;ST10_ChangeOver;ST10_Flow11_A2TableScan;ST10_Flow14_B2Press;ST10_Flow15_FRobot_3;ST10_Flow1_A1TableScan;ST10_Flow3_A1RotaryShaftScan;ST10_Flow4_B1Press;ST10_Flow5_FRobot_1;ST10_Flow7_CGlueing;ST10_Flow8_FRobot_2,0,,EXPORT/Program blocks/OP010/00_Main/Station_Sys.xml,EXPORT/Program blocks/OP010/08_ChangeOver/ST10_ChangeOver.xml:ST10_ChangeOver:FlgNet | EXPORT/Program blocks/OP010/11_MES/MES_CHeck.xml:MES_CHeck:FlgNet | EXPORT/Program blocks/OP010/03_Auto/A1_TableLoad&Scan/ST10_Flow1_A1TableScan.xml:ST10_Flow1_A1TableScan:FlgNet | EXPORT/Program blocks/OP010/03_Auto/A1_TableLoad&Scan/ST10_Flow3_A1RotaryShaftScan.xml:ST10_Flow3_A1RotaryShaftScan:FlgNet | EXPORT/Program blocks/OP010/03_Auto/A2_TableLoad&Scan/ST10_Flow11_A2TableScan.xml:ST10_Flow11_A2TableScan:FlgNet
AlwaysFALSE,AlwaysFALSE,26,0,0,10,03_CYC_INT2;Robot;ST10_Alarm;ST10_Flow11_A2TableScan;ST10_Flow14_B2Press;ST10_Flow4_B1Press;ST10_Flow6_ToolCodeScan;ST10_Flow7_CGlueing;ST10_Main;ST10_Tip,0,,EXPORT/PLC tags/默认变量表.xml,EXPORT/Program blocks/01_OB/03_CYC_INT2.xml:03_CYC_INT2:FlgNet | EXPORT/Program blocks/OP010/00_Main/ST10_Main.xml:ST10_Main:FlgNet | EXPORT/Program blocks/OP010/05_Alarm/ST10_Alarm.xml:ST10_Alarm:FlgNet | EXPORT/Program blocks/OP010/07_Tip/ST10_Tip.xml:ST10_Tip:FlgNet | EXPORT/Program blocks/OP010/10_Device/24_Robot/Robot.xml:Robot:FlgNet
ST10Cylinder.Cy.In.Error,ST10Cylinder,0,100,0,10,ST10Cyl_interface1-10;ST10Cyl_interface11-20;ST10Cyl_interface21-30;ST10Cyl_interface31-40;ST10Cyl_interface41-50;ST10Cyl_interface51-60;ST10Cyl_interface61-70;ST10Cyl_interface71-80;ST10Cyl_interface81-90;ST10Cyl_interface91-100,0,,EXPORT/Program blocks/OP010/10_Device/01_Cylinder/ST10Cylinder.xml,EXPORT/Program blocks/OP010/10_Device/01_Cylinder/ST10Cyl_interface1-10.xml:ST10Cyl_interface1-10:FlgNet | EXPORT/Program blocks/OP010/10_Device/01_Cylinder/ST10Cyl_interface11-20.xml:ST10Cyl_interface11-20:FlgNet | EXPORT/Program blocks/OP010/10_Device/01_Cylinder/ST10Cyl_interface21-30.xml:ST10Cyl_interface21-30:FlgNet | EXPORT/Program blocks/OP010/10_Device/01_Cylinder/ST10Cyl_interface31-40.xml:ST10Cyl_interface31-40:FlgNet | EXPORT/Program blocks/OP010/10_Device/01_Cylinder/ST10Cyl_interface41-50.xml:ST10Cyl_interface41-50:FlgNet
ST10Cylinder.Cy.In.GoHomeInterlock,ST10Cylinder,0,100,0,10,ST10Cyl_interface1-10;ST10Cyl_interface11-20;ST10Cyl_interface21-30;ST10Cyl_interface31-40;ST10Cyl_interface41-50;ST10Cyl_interface51-60;ST10Cyl_interface61-70;ST10Cyl_interface71-80;ST10Cyl_interface81-90;ST10Cyl_interface91-100,0,,EXPORT/Program blocks/OP010/10_Device/01_Cylinder/ST10Cylinder.xml,EXPORT/Program blocks/OP010/10_Device/01_Cylinder/ST10Cyl_interface1-10.xml:ST10Cyl_interface1-10:FlgNet | EXPORT/Program blocks/OP010/10_Device/01_Cylinder/ST10Cyl_interface11-20.xml:ST10Cyl_interface11-20:FlgNet | EXPORT/Program blocks/OP010/10_Device/01_Cylinder/ST10Cyl_interface21-30.xml:ST10Cyl_interface21-30:FlgNet | EXPORT/Program blocks/OP010/10_Device/01_Cylinder/ST10Cyl_interface31-40.xml:ST10Cyl_interface31-40:FlgNet | EXPORT/Program blocks/OP010/10_Device/01_Cylinder/ST10Cyl_interface41-50.xml:ST10Cyl_interface41-50:FlgNet
ST10Cylinder.Cy.In.GoWorkInterlock,ST10Cylinder,0,100,0,10,ST10Cyl_interface1-10;ST10Cyl_interface11-20;ST10Cyl_interface21-30;ST10Cyl_interface31-40;ST10Cyl_interface41-50;ST10Cyl_interface51-60;ST10Cyl_interface61-70;ST10Cyl_interface71-80;ST10Cyl_interface81-90;ST10Cyl_interface91-100,0,,EXPORT/Program blocks/OP010/10_Device/01_Cylinder/ST10Cylinder.xml,EXPORT/Program blocks/OP010/10_Device/01_Cylinder/ST10Cyl_interface1-10.xml:ST10Cyl_interface1-10:FlgNet | EXPORT/Program blocks/OP010/10_Device/01_Cylinder/ST10Cyl_interface11-20.xml:ST10Cyl_interface11-20:FlgNet | EXPORT/Program blocks/OP010/10_Device/01_Cylinder/ST10Cyl_interface21-30.xml:ST10Cyl_interface21-30:FlgNet | EXPORT/Program blocks/OP010/10_Device/01_Cylinder/ST10Cyl_interface31-40.xml:ST10Cyl_interface31-40:FlgNet | EXPORT/Program blocks/OP010/10_Device/01_Cylinder/ST10Cyl_interface41-50.xml:ST10Cyl_interface41-50:FlgNet
ST10Cylinder.Cy.Inout.AutoGoHome,ST10Cylinder,22,32,0,10,NG;ST10_Auto;ST10_Flow21_HShaftLifting;ST10_Flow22_JMagnetLifting;ST10_Flow23_KReserveLifting;ST10_Flow25_HShaftLoad&Unload;ST10_Flow26_JMagnetLoad&Unload;ST10_Flow27_KReserveLoad&Unload;ST10_Flow28_LUnloadingLoad&Unload;ST10_StopperCtrl,0,,EXPORT/Program blocks/OP010/10_Device/01_Cylinder/ST10Cylinder.xml,EXPORT/Program blocks/OP010/03_Auto/ST10_Auto.xml:ST10_Auto:FlgNet | EXPORT/Program blocks/OP010/10_Device/26_Stopper/ST10_StopperCtrl.xml:ST10_StopperCtrl:FlgNet | EXPORT/Program blocks/OP010/10_Device/29_NG/NG.xml:NG:FlgNet | EXPORT/Program blocks/OP010/03_Auto/H_ShaftLifting&Load&Unload/ST10_Flow21_HShaftLifting.xml:ST10_Flow21_HShaftLifting:FlgNet | EXPORT/Program blocks/OP010/03_Auto/H_ShaftLifting&Load&Unload/ST10_Flow25_HShaftLoad&Unload.xml:ST10_Flow25_HShaftLoad&Unload:FlgNet
ST10Cylinder.Cy.Inout.AutoGoWork,ST10Cylinder,22,32,0,10,NG;ST10_Auto;ST10_Flow21_HShaftLifting;ST10_Flow22_JMagnetLifting;ST10_Flow23_KReserveLifting;ST10_Flow25_HShaftLoad&Unload;ST10_Flow26_JMagnetLoad&Unload;ST10_Flow27_KReserveLoad&Unload;ST10_Flow28_LUnloadingLoad&Unload;ST10_StopperCtrl,0,,EXPORT/Program blocks/OP010/10_Device/01_Cylinder/ST10Cylinder.xml,EXPORT/Program blocks/OP010/03_Auto/ST10_Auto.xml:ST10_Auto:FlgNet | EXPORT/Program blocks/OP010/10_Device/26_Stopper/ST10_StopperCtrl.xml:ST10_StopperCtrl:FlgNet | EXPORT/Program blocks/OP010/10_Device/29_NG/NG.xml:NG:FlgNet | EXPORT/Program blocks/OP010/03_Auto/H_ShaftLifting&Load&Unload/ST10_Flow21_HShaftLifting.xml:ST10_Flow21_HShaftLifting:FlgNet | EXPORT/Program blocks/OP010/03_Auto/H_ShaftLifting&Load&Unload/ST10_Flow25_HShaftLoad&Unload.xml:ST10_Flow25_HShaftLoad&Unload:FlgNet
Station_Sys.Status.Run,Station_Sys,86,5,0,10,Call_KeyenceCheckerIV;KistlerPresser_Main;Motorr;NG;Robot;SR1000;ST10_Main;ST10_Output;ST10_StopperCtrl;V90_Servo,0,,EXPORT/Program blocks/OP010/00_Main/Station_Sys.xml,EXPORT/Program blocks/OP010/00_Main/ST10_Main.xml:ST10_Main:FlgNet | EXPORT/Program blocks/OP010/00_Main/ST10_Main.xml:ST10_Main:StructuredText | EXPORT/Program blocks/OP010/02_Output/ST10_Output.xml:ST10_Output:FlgNet | EXPORT/Program blocks/OP010/10_Device/18_SR1000 Scan/SR1000.xml:SR1000:FlgNet | EXPORT/Program blocks/OP010/10_Device/21_IV3/Call_KeyenceCheckerIV.xml:Call_KeyenceCheckerIV:StructuredText
ChangeOver_DB.Global.AllFixtureScanCompareOk,ChangeOver_DB,23,4,0,9,ChangeOverProcess;ST10_Flow11_A2TableScan;ST10_Flow12_A2TableUnloading;ST10_Flow15_FRobot_3;ST10_Flow1_A1TableScan;ST10_Flow2_A1TableUnloading;ST10_Flow5_FRobot_1;ST10_Flow6_ToolCodeScan;ST10_Flow8_FRobot_2,1,ChangeOver_DB_Global_ChangeOverFinish,EXPORT/Program blocks/OP010/03_Auto/01ChangeOver/ChangeOver_DB.xml,EXPORT/Program blocks/OP010/03_Auto/01ChangeOver/ChangeOverProcess.xml:ChangeOverProcess:FlgNet | EXPORT/Program blocks/OP010/03_Auto/01ChangeOver/ST10_Flow6_ToolCodeScan.xml:ST10_Flow6_ToolCodeScan:FlgNet | EXPORT/Program blocks/OP010/03_Auto/A1_TableLoad&Scan/ST10_Flow1_A1TableScan.xml:ST10_Flow1_A1TableScan:FlgNet | EXPORT/Program blocks/OP010/03_Auto/A1_TableLoad&Scan/ST10_Flow2_A1TableUnloading.xml:ST10_Flow2_A1TableUnloading:FlgNet | EXPORT/Program blocks/OP010/03_Auto/A2_TableLoad&Scan/ST10_Flow11_A2TableScan.xml:ST10_Flow11_A2TableScan:FlgNet
ChangeOver_DB.Global.ScanFixtureFlag,ChangeOver_DB,26,4,0,9,ChangeOverProcess;Robot;ST10_Flow11_A2TableScan;ST10_Flow12_A2TableUnloading;ST10_Flow1_A1TableScan;ST10_Flow2_A1TableUnloading;ST10_Flow5_FRobot_1;ST10_Flow6_ToolCodeScan;ST10_Flow8_FRobot_2,1,ChangeOver_DB_Global_ScanFixtureFlag,EXPORT/Program blocks/OP010/03_Auto/01ChangeOver/ChangeOver_DB.xml,EXPORT/Program blocks/OP010/10_Device/24_Robot/Robot.xml:Robot:FlgNet | EXPORT/Program blocks/OP010/03_Auto/01ChangeOver/ChangeOverProcess.xml:ChangeOverProcess:FlgNet | EXPORT/Program blocks/OP010/03_Auto/01ChangeOver/ST10_Flow6_ToolCodeScan.xml:ST10_Flow6_ToolCodeScan:FlgNet | EXPORT/Program blocks/OP010/03_Auto/A1_TableLoad&Scan/ST10_Flow1_A1TableScan.xml:ST10_Flow1_A1TableScan:FlgNet | EXPORT/Program blocks/OP010/03_Auto/A1_TableLoad&Scan/ST10_Flow2_A1TableUnloading.xml:ST10_Flow2_A1TableUnloading:FlgNet
AutoProcessControl.Robot_1.ClearPart,AutoProcessControl,24,0,0,8,ST10_Auto;ST10_Flow15_FRobot_3;ST10_Flow25_HShaftLoad&Unload;ST10_Flow26_JMagnetLoad&Unload;ST10_Flow27_KReserveLoad&Unload;ST10_Flow28_LUnloadingLoad&Unload;ST10_Flow5_FRobot_1;ST10_Flow8_FRobot_2,1,AutoProcessControl_Robot_1_ClearPart,EXPORT/Program blocks/OP010/03_Auto/AutoProcessControl.xml,EXPORT/Program blocks/OP010/03_Auto/ST10_Auto.xml:ST10_Auto:FlgNet | EXPORT/Program blocks/OP010/03_Auto/F_Robot/ST10_Flow15_FRobot_3.xml:ST10_Flow15_FRobot_3:FlgNet | EXPORT/Program blocks/OP010/03_Auto/F_Robot/ST10_Flow5_FRobot_1.xml:ST10_Flow5_FRobot_1:FlgNet | EXPORT/Program blocks/OP010/03_Auto/F_Robot/ST10_Flow5_FRobot_1_01092026_152002.xml:ST10_Flow5_FRobot_1:FlgNet | EXPORT/Program blocks/OP010/03_Auto/F_Robot/ST10_Flow5_FRobot_1_01092026_152004.xml:ST10_Flow5_FRobot_1:FlgNet
AutoProcessData.F_Robot1Grip2.PartStatus,AutoProcessData,1,0,76,8,AutoProcessDataPopUp;ChangeOverProcess;MES;MES_CHeck;Robot;ST10_Auto;ST10_Flow5_FRobot_1;ST10_Flow8_FRobot_2,0,,EXPORT/Program blocks/OP010/03_Auto/AutoProcessData.xml,EXPORT/Program blocks/OP010/03_Auto/ST10_Auto.xml:ST10_Auto:FlgNet | EXPORT/Program blocks/OP010/11_MES/MES.xml:MES:FlgNet | EXPORT/Program blocks/OP010/11_MES/MES_CHeck.xml:MES_CHeck:FlgNet | EXPORT/Program blocks/OP010/10_Device/24_Robot/Robot.xml:Robot:FlgNet | EXPORT/Program blocks/OP010/03_Auto/01ChangeOver/ChangeOverProcess.xml:ChangeOverProcess:FlgNet
AutoProcessData.F_Robot2Grip2.PartStatus,AutoProcessData,1,0,38,8,AutoProcessDataPopUp;ChangeOverProcess;MES;MES_CHeck;Robot;ST10_Auto;ST10_Flow15_FRobot_3;ST10_Flow8_FRobot_2,0,,EXPORT/Program blocks/OP010/03_Auto/AutoProcessData.xml,EXPORT/Program blocks/OP010/03_Auto/ST10_Auto.xml:ST10_Auto:FlgNet | EXPORT/Program blocks/OP010/11_MES/MES.xml:MES:FlgNet | EXPORT/Program blocks/OP010/11_MES/MES_CHeck.xml:MES_CHeck:FlgNet | EXPORT/Program blocks/OP010/10_Device/24_Robot/Robot.xml:Robot:FlgNet | EXPORT/Program blocks/OP010/03_Auto/01ChangeOver/ChangeOverProcess.xml:ChangeOverProcess:FlgNet
AutoProcessData.F_Robot3Grip2.PartStatus,AutoProcessData,1,0,37,8,AutoProcessDataPopUp;ChangeOverProcess;MES;MES_CHeck;Robot;ST10_Auto;ST10_Flow12_A2TableUnloading;ST10_Flow15_FRobot_3,0,,EXPORT/Program blocks/OP010/03_Auto/AutoProcessData.xml,EXPORT/Program blocks/OP010/03_Auto/ST10_Auto.xml:ST10_Auto:FlgNet | EXPORT/Program blocks/OP010/11_MES/MES.xml:MES:FlgNet | EXPORT/Program blocks/OP010/11_MES/MES_CHeck.xml:MES_CHeck:FlgNet | EXPORT/Program blocks/OP010/10_Device/24_Robot/Robot.xml:Robot:FlgNet | EXPORT/Program blocks/OP010/03_Auto/01ChangeOver/ChangeOverProcess.xml:ChangeOverProcess:FlgNet
ServoV90_DeviceCtl.V90Servo.Point.Achieve,ServoV90_DeviceCtl,40,0,0,8,Gluing;ST10_Flow11_A2TableScan;ST10_Flow12_A2TableUnloading;ST10_Flow1_A1TableScan;ST10_Flow2_A1TableUnloading;ST10_Flow3_A1RotaryShaftScan;ST10_Flow7_CGlueing;V90_Servo,0,,EXPORT/Program blocks/OP010/10_Device/25_V90/ServoV90_DeviceCtl.xml,EXPORT/Program blocks/OP010/10_Device/25_V90/V90_Servo.xml:V90_Servo:FlgNet | EXPORT/Program blocks/OP010/10_Device/28_Gluing/Gluing.xml:Gluing:FlgNet | EXPORT/Program blocks/OP010/03_Auto/A1_TableLoad&Scan/ST10_Flow1_A1TableScan.xml:ST10_Flow1_A1TableScan:FlgNet | EXPORT/Program blocks/OP010/03_Auto/A1_TableLoad&Scan/ST10_Flow2_A1TableUnloading.xml:ST10_Flow2_A1TableUnloading:FlgNet | EXPORT/Program blocks/OP010/03_Auto/A1_TableLoad&Scan/ST10_Flow3_A1RotaryShaftScan.xml:ST10_Flow3_A1RotaryShaftScan:FlgNet
iA-Rotating product Check,iA-Rotating product Check,21,0,0,8,ChangeOverProcess;ST10_Flow11_A2TableScan;ST10_Flow15_FRobot_3;ST10_Flow1_A1TableScan;ST10_Flow3_A1RotaryShaftScan;ST10_Flow5_FRobot_1;ST10_Flow6_ToolCodeScan;ST10_Flow8_FRobot_2,0,,EXPORT/PLC tags/IO/RemoteIO_DI_1.xml,EXPORT/Program blocks/OP010/03_Auto/01ChangeOver/ChangeOverProcess.xml:ChangeOverProcess:FlgNet | EXPORT/Program blocks/OP010/03_Auto/01ChangeOver/ST10_Flow6_ToolCodeScan.xml:ST10_Flow6_ToolCodeScan:FlgNet | EXPORT/Program blocks/OP010/03_Auto/A1_TableLoad&Scan/ST10_Flow1_A1TableScan.xml:ST10_Flow1_A1TableScan:FlgNet | EXPORT/Program blocks/OP010/03_Auto/A1_TableLoad&Scan/ST10_Flow3_A1RotaryShaftScan.xml:ST10_Flow3_A1RotaryShaftScan:FlgNet | EXPORT/Program blocks/OP010/03_Auto/A2_TableLoad&Scan/ST10_Flow11_A2TableScan.xml:ST10_Flow11_A2TableScan:FlgNet
AutoProcessData.B_Press1.PartStatus,AutoProcessData,1,0,53,7,AutoProcessDataPopUp;ChangeOverProcess;KistlerPresser_Main;MES;ST10_Auto;ST10_Flow4_B1Press;ST10_Flow5_FRobot_1,0,,EXPORT/Program blocks/OP010/03_Auto/AutoProcessData.xml,EXPORT/Program blocks/OP010/03_Auto/ST10_Auto.xml:ST10_Auto:FlgNet | EXPORT/Program blocks/OP010/11_MES/MES.xml:MES:FlgNet | EXPORT/Program blocks/OP010/10_Device/23_Kistler/KistlerPresser_Main.xml:KistlerPresser_Main:FlgNet | EXPORT/Program blocks/OP010/03_Auto/01ChangeOver/ChangeOverProcess.xml:ChangeOverProcess:FlgNet | EXPORT/Program blocks/OP010/03_Auto/B_Press/ST10_Flow4_B1Press.xml:ST10_Flow4_B1Press:FlgNet
AutoProcessData.B_Press2.PartStatus,AutoProcessData,1,0,37,7,AutoProcessDataPopUp;ChangeOverProcess;KistlerPresser_Main;MES;ST10_Auto;ST10_Flow14_B2Press;ST10_Flow15_FRobot_3,0,,EXPORT/Program blocks/OP010/03_Auto/AutoProcessData.xml,EXPORT/Program blocks/OP010/03_Auto/ST10_Auto.xml:ST10_Auto:FlgNet | EXPORT/Program blocks/OP010/11_MES/MES.xml:MES:FlgNet | EXPORT/Program blocks/OP010/10_Device/23_Kistler/KistlerPresser_Main.xml:KistlerPresser_Main:FlgNet | EXPORT/Program blocks/OP010/03_Auto/01ChangeOver/ChangeOverProcess.xml:ChangeOverProcess:FlgNet | EXPORT/Program blocks/OP010/03_Auto/B_Press/ST10_Flow14_B2Press.xml:ST10_Flow14_B2Press:FlgNet
AutoProcessData.F_Robot1Grip1.PartStatus,AutoProcessData,1,0,82,7,AutoProcessDataPopUp;ChangeOverProcess;MES;MES_CHeck;Robot;ST10_Auto;ST10_Flow5_FRobot_1,0,,EXPORT/Program blocks/OP010/03_Auto/AutoProcessData.xml,EXPORT/Program blocks/OP010/03_Auto/ST10_Auto.xml:ST10_Auto:FlgNet | EXPORT/Program blocks/OP010/11_MES/MES.xml:MES:FlgNet | EXPORT/Program blocks/OP010/11_MES/MES_CHeck.xml:MES_CHeck:FlgNet | EXPORT/Program blocks/OP010/10_Device/24_Robot/Robot.xml:Robot:FlgNet | EXPORT/Program blocks/OP010/03_Auto/01ChangeOver/ChangeOverProcess.xml:ChangeOverProcess:FlgNet
KukaRobot2_CtrlDB.sROBtoPLC.Sys.SO.IN_HOME,KukaRobot2_CtrlDB,20,0,0,7,ChangeOverProcess;Robot;ST10_Flow22_JMagnetLifting;ST10_Flow5_FRobot_1;ST10_Flow6_ToolCodeScan;ST10_Flow7_CGlueing;ST10_Flow8_FRobot_2,0,,EXPORT/Program blocks/OP010/10_Device/24_Robot/KukaRobot2_CtrlDB.xml,EXPORT/Program blocks/OP010/10_Device/24_Robot/Robot.xml:Robot:FlgNet | EXPORT/Program blocks/OP010/03_Auto/01ChangeOver/ChangeOverProcess.xml:ChangeOverProcess:FlgNet | EXPORT/Program blocks/OP010/03_Auto/01ChangeOver/ST10_Flow6_ToolCodeScan.xml:ST10_Flow6_ToolCodeScan:FlgNet | EXPORT/Program blocks/OP010/03_Auto/C_Glue/ST10_Flow7_CGlueing.xml:ST10_Flow7_CGlueing:FlgNet | EXPORT/Program blocks/OP010/03_Auto/F_Robot/ST10_Flow5_FRobot_1.xml:ST10_Flow5_FRobot_1:FlgNet
KukaRobot3_CtrlDB.sROBtoPLC.Sys.SO.IN_HOME,KukaRobot3_CtrlDB,10,0,0,7,ChangeOverProcess;Robot;ST10_Flow12_A2TableUnloading;ST10_Flow15_FRobot_3;ST10_Flow24_LUnloadingTrans;ST10_Flow6_ToolCodeScan;ST10_Flow8_FRobot_2,0,,EXPORT/Program blocks/OP010/10_Device/24_Robot/KukaRobot3_CtrlDB.xml,EXPORT/Program blocks/OP010/10_Device/24_Robot/Robot.xml:Robot:FlgNet | EXPORT/Program blocks/OP010/03_Auto/01ChangeOver/ChangeOverProcess.xml:ChangeOverProcess:FlgNet | EXPORT/Program blocks/OP010/03_Auto/01ChangeOver/ST10_Flow6_ToolCodeScan.xml:ST10_Flow6_ToolCodeScan:FlgNet | EXPORT/Program blocks/OP010/03_Auto/A2_TableLoad&Scan/ST10_Flow12_A2TableUnloading.xml:ST10_Flow12_A2TableUnloading:FlgNet | EXPORT/Program blocks/OP010/03_Auto/F_Robot/ST10_Flow15_FRobot_3.xml:ST10_Flow15_FRobot_3:FlgNet
Station_Sys.Status.EStopOK,Station_Sys,23,1,0,7,IAI;KistlerPresser_Main;Robot;ST10_FB_S7connect;ST10_Main;ST10_Output;V90_Servo,0,,EXPORT/Program blocks/OP010/00_Main/Station_Sys.xml,EXPORT/Program blocks/OP010/00_Main/ST10_Main.xml:ST10_Main:FlgNet | EXPORT/Program blocks/OP010/00_Main/ST10_Main.xml:ST10_Main:StructuredText | EXPORT/Program blocks/OP010/02_Output/ST10_Output.xml:ST10_Output:FlgNet | EXPORT/Program blocks/OP010/10_Device/09_CuringOven/ST10_FB_S7connect.xml:ST10_FB_S7connect:FlgNet | EXPORT/Program blocks/OP010/10_Device/22_IAI/IAI.xml:IAI:StructuredText
AutoProcessData.C_Glue.PartStatus,AutoProcessData,1,0,43,6,AutoProcessDataPopUp;ChangeOverProcess;MES;ST10_Auto;ST10_Flow7_CGlueing;ST10_Flow8_FRobot_2,0,,EXPORT/Program blocks/OP010/03_Auto/AutoProcessData.xml,EXPORT/Program blocks/OP010/03_Auto/ST10_Auto.xml:ST10_Auto:FlgNet | EXPORT/Program blocks/OP010/11_MES/MES.xml:MES:FlgNet | EXPORT/Program blocks/OP010/03_Auto/01ChangeOver/ChangeOverProcess.xml:ChangeOverProcess:FlgNet | EXPORT/Program blocks/OP010/03_Auto/C_Glue/ST10_Flow7_CGlueing.xml:ST10_Flow7_CGlueing:FlgNet | EXPORT/Program blocks/OP010/03_Auto/F_Robot/ST10_Flow8_FRobot_2.xml:ST10_Flow8_FRobot_2:FlgNet
ChangeOver_DB.Global.ChangeOverSelected,ChangeOver_DB,21,2,0,6,ChangeOverProcess;ST10_Alarm;ST10_Flow2_A1TableUnloading;ST10_Flow5_FRobot_1;ST10_Flow6_ToolCodeScan;ST10_Main,1,ChangeOver_DB_Global_ChangeOverSelected,EXPORT/Program blocks/OP010/03_Auto/01ChangeOver/ChangeOver_DB.xml,EXPORT/Program blocks/OP010/00_Main/ST10_Main.xml:ST10_Main:FlgNet | EXPORT/Program blocks/OP010/05_Alarm/ST10_Alarm.xml:ST10_Alarm:FlgNet | EXPORT/Program blocks/OP010/03_Auto/01ChangeOver/ChangeOverProcess.xml:ChangeOverProcess:FlgNet | EXPORT/Program blocks/OP010/03_Auto/01ChangeOver/ST10_Flow6_ToolCodeScan.xml:ST10_Flow6_ToolCodeScan:FlgNet | EXPORT/Program blocks/OP010/03_Auto/A1_TableLoad&Scan/ST10_Flow2_A1TableUnloading.xml:ST10_Flow2_A1TableUnloading:FlgNet
ChangeOver_DB.Global.ManualModeFlag,ChangeOver_DB,21,2,0,6,ChangeOverProcess;ST10_Flow12_A2TableUnloading;ST10_Flow15_FRobot_3;ST10_Flow2_A1TableUnloading;ST10_Flow5_FRobot_1;ST10_Flow8_FRobot_2,0,,EXPORT/Program blocks/OP010/03_Auto/01ChangeOver/ChangeOver_DB.xml,EXPORT/Program blocks/OP010/03_Auto/01ChangeOver/ChangeOverProcess.xml:ChangeOverProcess:FlgNet | EXPORT/Program blocks/OP010/03_Auto/A1_TableLoad&Scan/ST10_Flow2_A1TableUnloading.xml:ST10_Flow2_A1TableUnloading:FlgNet | EXPORT/Program blocks/OP010/03_Auto/A2_TableLoad&Scan/ST10_Flow12_A2TableUnloading.xml:ST10_Flow12_A2TableUnloading:FlgNet | EXPORT/Program blocks/OP010/03_Auto/F_Robot/ST10_Flow15_FRobot_3.xml:ST10_Flow15_FRobot_3:FlgNet | EXPORT/Program blocks/OP010/03_Auto/F_Robot/ST10_Flow5_FRobot_1.xml:ST10_Flow5_FRobot_1:FlgNet
KukaRobot1_CtrlDB.sROBtoPLC.Sys.SO.IN_HOME,KukaRobot1_CtrlDB,11,0,0,6,Robot;ST10_Flow21_HShaftLifting;ST10_Flow2_A1TableUnloading;ST10_Flow3_A1RotaryShaftScan;ST10_Flow5_FRobot_1;ST10_Flow6_ToolCodeScan,0,,EXPORT/Program blocks/OP010/10_Device/24_Robot/KukaRobot1_CtrlDB.xml,EXPORT/Program blocks/OP010/10_Device/24_Robot/Robot.xml:Robot:FlgNet | EXPORT/Program blocks/OP010/03_Auto/01ChangeOver/ST10_Flow6_ToolCodeScan.xml:ST10_Flow6_ToolCodeScan:FlgNet | EXPORT/Program blocks/OP010/03_Auto/A1_TableLoad&Scan/ST10_Flow2_A1TableUnloading.xml:ST10_Flow2_A1TableUnloading:FlgNet | EXPORT/Program blocks/OP010/03_Auto/A1_TableLoad&Scan/ST10_Flow3_A1RotaryShaftScan.xml:ST10_Flow3_A1RotaryShaftScan:FlgNet | EXPORT/Program blocks/OP010/03_Auto/F_Robot/ST10_Flow5_FRobot_1.xml:ST10_Flow5_FRobot_1:FlgNet
ST10_RecipeDB.Recipe.Equal,ST10_RecipeDB,13,0,0,6,ChangeOverProcess;ST10_Flow11_A2TableScan;ST10_Flow1_A1TableScan;ST10_Flow6_ToolCodeScan;ST10_Main;ST10_Tip,1,RecipeDB_Recipe_Equal,EXPORT/Program blocks/OP010/08_ChangeOver/ST10_RecipeDB.xml,EXPORT/Program blocks/OP010/00_Main/ST10_Main.xml:ST10_Main:FlgNet | EXPORT/Program blocks/OP010/07_Tip/ST10_Tip.xml:ST10_Tip:FlgNet | EXPORT/Program blocks/OP010/03_Auto/01ChangeOver/ChangeOverProcess.xml:ChangeOverProcess:FlgNet | EXPORT/Program blocks/OP010/03_Auto/01ChangeOver/ST10_Flow6_ToolCodeScan.xml:ST10_Flow6_ToolCodeScan:FlgNet | EXPORT/Program blocks/OP010/03_Auto/A1_TableLoad&Scan/ST10_Flow1_A1TableScan.xml:ST10_Flow1_A1TableScan:FlgNet
iH-shaftLiftingPalletDischarge,iH-shaftLiftingPalletDischarge,12,0,0,6,ST10_Alarm;ST10_Auto;ST10_Flow21_HShaftLifting;ST10_Flow25_HShaftLoad&Unload;ST10_StopperCtrl;ST10_Tip,0,,EXPORT/PLC tags/IO/RemoteIO_DI_2.xml,EXPORT/Program blocks/OP010/03_Auto/ST10_Auto.xml:ST10_Auto:FlgNet | EXPORT/Program blocks/OP010/05_Alarm/ST10_Alarm.xml:ST10_Alarm:FlgNet | EXPORT/Program blocks/OP010/07_Tip/ST10_Tip.xml:ST10_Tip:FlgNet | EXPORT/Program blocks/OP010/10_Device/26_Stopper/ST10_StopperCtrl.xml:ST10_StopperCtrl:FlgNet | EXPORT/Program blocks/OP010/03_Auto/H_ShaftLifting&Load&Unload/ST10_Flow21_HShaftLifting.xml:ST10_Flow21_HShaftLifting:FlgNet
iJ-magnetLiftingPalletDischargeDetection,iJ-magnetLiftingPalletDischargeDetection,12,0,0,6,ST10_Alarm;ST10_Auto;ST10_Flow22_JMagnetLifting;ST10_Flow26_JMagnetLoad&Unload;ST10_StopperCtrl;ST10_Tip,0,,EXPORT/PLC tags/IO/RemoteIO_DI_2.xml,EXPORT/Program blocks/OP010/03_Auto/ST10_Auto.xml:ST10_Auto:FlgNet | EXPORT/Program blocks/OP010/05_Alarm/ST10_Alarm.xml:ST10_Alarm:FlgNet | EXPORT/Program blocks/OP010/07_Tip/ST10_Tip.xml:ST10_Tip:FlgNet | EXPORT/Program blocks/OP010/10_Device/26_Stopper/ST10_StopperCtrl.xml:ST10_StopperCtrl:FlgNet | EXPORT/Program blocks/OP010/03_Auto/J_MagnetLifting&Load&Unload/ST10_Flow22_JMagnetLifting.xml:ST10_Flow22_JMagnetLifting:FlgNet
AutoProcessControl.Global.H.EmptyPallet,AutoProcessControl,33,2,0,5,Motorr;ST10_Auto;ST10_Flow21_HShaftLifting;ST10_Flow25_HShaftLoad&Unload;ST10_Flow5_FRobot_1,1,AutoProcessControl_Global_H_EmptyPallet,EXPORT/Program blocks/OP010/03_Auto/AutoProcessControl.xml,EXPORT/Program blocks/OP010/03_Auto/ST10_Auto.xml:ST10_Auto:FlgNet | EXPORT/Program blocks/OP010/10_Device/31_Motor_1/Motorr.xml:Motorr:StructuredText | EXPORT/Program blocks/OP010/10_Device/31_Motor_1/Motorr.xml:Motorr:FlgNet | EXPORT/Program blocks/OP010/03_Auto/F_Robot/ST10_Flow5_FRobot_1.xml:ST10_Flow5_FRobot_1:FlgNet | EXPORT/Program blocks/OP010/03_Auto/F_Robot/ST10_Flow5_FRobot_1_01092026_152002.xml:ST10_Flow5_FRobot_1:FlgNet
AutoProcessControl.Global.J.EmptyPallet,AutoProcessControl,32,2,0,5,Motorr;ST10_Auto;ST10_Flow22_JMagnetLifting;ST10_Flow26_JMagnetLoad&Unload;ST10_Flow8_FRobot_2,1,AutoProcessControl_Global_J_EmptyPallet,EXPORT/Program blocks/OP010/03_Auto/AutoProcessControl.xml,EXPORT/Program blocks/OP010/03_Auto/ST10_Auto.xml:ST10_Auto:FlgNet | EXPORT/Program blocks/OP010/10_Device/31_Motor_1/Motorr.xml:Motorr:StructuredText | EXPORT/Program blocks/OP010/10_Device/31_Motor_1/Motorr.xml:Motorr:FlgNet | EXPORT/Program blocks/OP010/03_Auto/F_Robot/ST10_Flow8_FRobot_2.xml:ST10_Flow8_FRobot_2:FlgNet | EXPORT/Program blocks/OP010/03_Auto/J_MagnetLifting&Load&Unload/ST10_Flow22_JMagnetLifting.xml:ST10_Flow22_JMagnetLifting:FlgNet
AutoProcessData.A_ScanRotate.PartStatus,AutoProcessData,1,0,31,5,AutoProcessDataPopUp;ChangeOverProcess;ST10_Auto;ST10_Flow3_A1RotaryShaftScan;ST10_Flow5_FRobot_1,0,,EXPORT/Program blocks/OP010/03_Auto/AutoProcessData.xml,EXPORT/Program blocks/OP010/03_Auto/ST10_Auto.xml:ST10_Auto:FlgNet | EXPORT/Program blocks/OP010/03_Auto/01ChangeOver/ChangeOverProcess.xml:ChangeOverProcess:FlgNet | EXPORT/Program blocks/OP010/03_Auto/A1_TableLoad&Scan/ST10_Flow3_A1RotaryShaftScan.xml:ST10_Flow3_A1RotaryShaftScan:FlgNet | EXPORT/Program blocks/OP010/03_Auto/F_Robot/ST10_Flow5_FRobot_1.xml:ST10_Flow5_FRobot_1:FlgNet | EXPORT/Program blocks/OP010/03_Auto/F_Robot/ST10_Flow5_FRobot_1_01092026_152002.xml:ST10_Flow5_FRobot_1:FlgNet
AutoProcessData.F_Robot2Grip1.PartStatus,AutoProcessData,1,0,23,5,AutoProcessDataPopUp;ChangeOverProcess;Robot;ST10_Auto;ST10_Flow8_FRobot_2,0,,EXPORT/Program blocks/OP010/03_Auto/AutoProcessData.xml,EXPORT/Program blocks/OP010/03_Auto/ST10_Auto.xml:ST10_Auto:FlgNet | EXPORT/Program blocks/OP010/10_Device/24_Robot/Robot.xml:Robot:FlgNet | EXPORT/Program blocks/OP010/03_Auto/01ChangeOver/ChangeOverProcess.xml:ChangeOverProcess:FlgNet | EXPORT/Program blocks/OP010/03_Auto/F_Robot/ST10_Flow8_FRobot_2.xml:ST10_Flow8_FRobot_2:FlgNet | EXPORT/Program blocks/OP010/03_Auto/HMI/AutoProcessDataPopUp.xml:AutoProcessDataPopUp:StructuredText
ChangeOver_DB.Global.ChangeOverRequest,ChangeOver_DB,16,1,0,5,ChangeOverProcess;ST10_Flow12_A2TableUnloading;ST10_Flow2_A1TableUnloading;ST10_Flow5_FRobot_1;ST10_Flow6_ToolCodeScan,1,ChangeOver_DB_Global_ChangeOverRequest,EXPORT/Program blocks/OP010/03_Auto/01ChangeOver/ChangeOver_DB.xml,EXPORT/Program blocks/OP010/03_Auto/01ChangeOver/ChangeOverProcess.xml:ChangeOverProcess:FlgNet | EXPORT/Program blocks/OP010/03_Auto/01ChangeOver/ST10_Flow6_ToolCodeScan.xml:ST10_Flow6_ToolCodeScan:FlgNet | EXPORT/Program blocks/OP010/03_Auto/A1_TableLoad&Scan/ST10_Flow2_A1TableUnloading.xml:ST10_Flow2_A1TableUnloading:FlgNet | EXPORT/Program blocks/OP010/03_Auto/A2_TableLoad&Scan/ST10_Flow12_A2TableUnloading.xml:ST10_Flow12_A2TableUnloading:FlgNet | EXPORT/Program blocks/OP010/03_Auto/F_Robot/ST10_Flow5_FRobot_1.xml:ST10_Flow5_FRobot_1:FlgNet
KukaRobot1_CtrlDB.sROBtoPLC.User.Cycle.DO297_MaintainInside,KukaRobot1_CtrlDB,19,0,0,5,ChangeOverProcess;Robot;ST10_Flow5_FRobot_1;ST10_Flow6_ToolCodeScan;ST10_Flow8_FRobot_2,0,,EXPORT/Program blocks/OP010/10_Device/24_Robot/KukaRobot1_CtrlDB.xml,EXPORT/Program blocks/OP010/10_Device/24_Robot/Robot.xml:Robot:FlgNet | EXPORT/Program blocks/OP010/03_Auto/01ChangeOver/ChangeOverProcess.xml:ChangeOverProcess:FlgNet | EXPORT/Program blocks/OP010/03_Auto/01ChangeOver/ST10_Flow6_ToolCodeScan.xml:ST10_Flow6_ToolCodeScan:FlgNet | EXPORT/Program blocks/OP010/03_Auto/F_Robot/ST10_Flow5_FRobot_1.xml:ST10_Flow5_FRobot_1:FlgNet | EXPORT/Program blocks/OP010/03_Auto/F_Robot/ST10_Flow5_FRobot_1_01092026_152002.xml:ST10_Flow5_FRobot_1:FlgNet
KukaRobot1_CtrlDB.sROBtoPLC.User.Cycle.DO305_GripScanInside,KukaRobot1_CtrlDB,8,0,0,5,ChangeOverProcess;Robot;ST10_Flow1_A1TableScan;ST10_Flow5_FRobot_1;ST10_Flow6_ToolCodeScan,0,,EXPORT/Program blocks/OP010/10_Device/24_Robot/KukaRobot1_CtrlDB.xml,EXPORT/Program blocks/OP010/10_Device/24_Robot/Robot.xml:Robot:FlgNet | EXPORT/Program blocks/OP010/03_Auto/01ChangeOver/ChangeOverProcess.xml:ChangeOverProcess:FlgNet | EXPORT/Program blocks/OP010/03_Auto/01ChangeOver/ST10_Flow6_ToolCodeScan.xml:ST10_Flow6_ToolCodeScan:FlgNet | EXPORT/Program blocks/OP010/03_Auto/A1_TableLoad&Scan/ST10_Flow1_A1TableScan.xml:ST10_Flow1_A1TableScan:FlgNet | EXPORT/Program blocks/OP010/03_Auto/F_Robot/ST10_Flow5_FRobot_1.xml:ST10_Flow5_FRobot_1:FlgNet
KukaRobot2_CtrlDB.sROBtoPLC.User.Cycle.DO273_PressPutPart1Inside,KukaRobot2_CtrlDB,11,0,0,5,Robot;ST10_Flow14_B2Press;ST10_Flow15_FRobot_3;ST10_Flow6_ToolCodeScan;ST10_Flow8_FRobot_2,0,,EXPORT/Program blocks/OP010/10_Device/24_Robot/KukaRobot2_CtrlDB.xml,EXPORT/Program blocks/OP010/10_Device/24_Robot/Robot.xml:Robot:FlgNet | EXPORT/Program blocks/OP010/03_Auto/01ChangeOver/ST10_Flow6_ToolCodeScan.xml:ST10_Flow6_ToolCodeScan:FlgNet | EXPORT/Program blocks/OP010/03_Auto/B_Press/ST10_Flow14_B2Press.xml:ST10_Flow14_B2Press:FlgNet | EXPORT/Program blocks/OP010/03_Auto/F_Robot/ST10_Flow15_FRobot_3.xml:ST10_Flow15_FRobot_3:FlgNet | EXPORT/Program blocks/OP010/03_Auto/F_Robot/ST10_Flow8_FRobot_2.xml:ST10_Flow8_FRobot_2:FlgNet
Sys.COM.AlwaysON,Sys,34,2,0,5,01_OB1;02_Warm Restart;KistlerPresser_Main;ST10_Main;ST10_Output,2,SysComAlwaysON;Sys_COM_AlwaysON,EXPORT/Program blocks/02_Comm/06_SysDataBlock&Function/Sys.xml,EXPORT/Program blocks/01_OB/01_OB1.xml:01_OB1:FlgNet | EXPORT/Program blocks/01_OB/02_Warm Restart.xml:02_Warm Restart:FlgNet | EXPORT/Program blocks/OP010/00_Main/ST10_Main.xml:ST10_Main:FlgNet | EXPORT/Program blocks/OP010/02_Output/ST10_Output.xml:ST10_Output:FlgNet | EXPORT/Program blocks/OP010/10_Device/23_Kistler/KistlerPresser_Main.xml:KistlerPresser_Main:FlgNet
iK-reserveLifting3PalletDischargeDetection,iK-reserveLifting3PalletDischargeDetection,13,0,0,5,ST10_Alarm;ST10_Flow23_KReserveLifting;ST10_Flow27_KReserveLoad&Unload;ST10_Flow28_LUnloadingLoad&Unload;ST10_StopperCtrl,0,,EXPORT/PLC tags/IO/RemoteIO_DI_2.xml,EXPORT/Program blocks/OP010/05_Alarm/ST10_Alarm.xml:ST10_Alarm:FlgNet | EXPORT/Program blocks/OP010/10_Device/26_Stopper/ST10_StopperCtrl.xml:ST10_StopperCtrl:FlgNet | EXPORT/Program blocks/OP010/03_Auto/L_Unload/ST10_Flow28_LUnloadingLoad&Unload.xml:ST10_Flow28_LUnloadingLoad&Unload:FlgNet | EXPORT/Program blocks/OP010/03_Auto/L_Unload/K_ReserveLifting&Load&Unload/ST10_Flow23_KReserveLifting.xml:ST10_Flow23_KReserveLifting:FlgNet | EXPORT/Program blocks/OP010/03_Auto/L_Unload/K_ReserveLifting&Load&Unload/ST10_Flow27_KReserveLoad&Unload.xml:ST10_Flow27_KReserveLoad&Unload:FlgNet
iL-UnloadingTransplantingPalletInPlaceDetection,iL-UnloadingTransplantingPalletInPlaceDetection,13,0,0,5,ST10_Alarm;ST10_Auto;ST10_Flow24_LUnloadingTrans;ST10_Flow28_LUnloadingLoad&Unload;ST10_StopperCtrl,0,,EXPORT/PLC tags/IO/RemoteIO_DI_2.xml,EXPORT/Program blocks/OP010/03_Auto/ST10_Auto.xml:ST10_Auto:FlgNet | EXPORT/Program blocks/OP010/05_Alarm/ST10_Alarm.xml:ST10_Alarm:FlgNet | EXPORT/Program blocks/OP010/10_Device/26_Stopper/ST10_StopperCtrl.xml:ST10_StopperCtrl:FlgNet | EXPORT/Program blocks/OP010/03_Auto/L_Unload/ST10_Flow24_LUnloadingTrans.xml:ST10_Flow24_LUnloadingTrans:FlgNet | EXPORT/Program blocks/OP010/03_Auto/L_Unload/ST10_Flow28_LUnloadingLoad&Unload.xml:ST10_Flow28_LUnloadingLoad&Unload:FlgNet
AutoProcessControl.Global.ALL_BeltPalletEmptyFinish,AutoProcessControl,5,1,0,4,ChangeOverProcess;ST10_Alarm;ST10_Auto;ST10_Flow6_ToolCodeScan,0,,EXPORT/Program blocks/OP010/03_Auto/AutoProcessControl.xml,EXPORT/Program blocks/OP010/03_Auto/ST10_Auto.xml:ST10_Auto:FlgNet | EXPORT/Program blocks/OP010/05_Alarm/ST10_Alarm.xml:ST10_Alarm:FlgNet | EXPORT/Program blocks/OP010/03_Auto/01ChangeOver/ChangeOverProcess.xml:ChangeOverProcess:FlgNet | EXPORT/Program blocks/OP010/03_Auto/01ChangeOver/ST10_Flow6_ToolCodeScan.xml:ST10_Flow6_ToolCodeScan:FlgNet
AutoProcessControl.Global.K.EmptyPallet,AutoProcessControl,32,2,0,4,Motorr;ST10_Auto;ST10_Flow23_KReserveLifting;ST10_Flow27_KReserveLoad&Unload,1,AutoProcessControl_Global_K_EmptyPallet,EXPORT/Program blocks/OP010/03_Auto/AutoProcessControl.xml,EXPORT/Program blocks/OP010/03_Auto/ST10_Auto.xml:ST10_Auto:FlgNet | EXPORT/Program blocks/OP010/10_Device/31_Motor_1/Motorr.xml:Motorr:StructuredText | EXPORT/Program blocks/OP010/10_Device/31_Motor_1/Motorr.xml:Motorr:FlgNet | EXPORT/Program blocks/OP010/03_Auto/L_Unload/K_ReserveLifting&Load&Unload/ST10_Flow23_KReserveLifting.xml:ST10_Flow23_KReserveLifting:FlgNet | EXPORT/Program blocks/OP010/03_Auto/L_Unload/K_ReserveLifting&Load&Unload/ST10_Flow27_KReserveLoad&Unload.xml:ST10_Flow27_KReserveLoad&Unload:FlgNet
AutoProcessControl.Global.L.EmptyPallet,AutoProcessControl,27,2,0,4,Motorr;ST10_Auto;ST10_Flow24_LUnloadingTrans;ST10_Flow28_LUnloadingLoad&Unload,1,AutoProcessControl_Global_L_EmptyPallet,EXPORT/Program blocks/OP010/03_Auto/AutoProcessControl.xml,EXPORT/Program blocks/OP010/03_Auto/ST10_Auto.xml:ST10_Auto:FlgNet | EXPORT/Program blocks/OP010/10_Device/31_Motor_1/Motorr.xml:Motorr:StructuredText | EXPORT/Program blocks/OP010/10_Device/31_Motor_1/Motorr.xml:Motorr:FlgNet | EXPORT/Program blocks/OP010/03_Auto/L_Unload/ST10_Flow24_LUnloadingTrans.xml:ST10_Flow24_LUnloadingTrans:FlgNet | EXPORT/Program blocks/OP010/03_Auto/L_Unload/ST10_Flow28_LUnloadingLoad&Unload.xml:ST10_Flow28_LUnloadingLoad&Unload:FlgNet
AutoProcessData.C_MagnScanNGBuffer.PartStatus,AutoProcessData,1,0,6,4,AutoProcessDataPopUp;ChangeOverProcess;Robot;ST10_Flow15_FRobot_3,0,,EXPORT/Program blocks/OP010/03_Auto/AutoProcessData.xml,EXPORT/Program blocks/OP010/10_Device/24_Robot/Robot.xml:Robot:FlgNet | EXPORT/Program blocks/OP010/03_Auto/01ChangeOver/ChangeOverProcess.xml:ChangeOverProcess:FlgNet | EXPORT/Program blocks/OP010/03_Auto/F_Robot/ST10_Flow15_FRobot_3.xml:ST10_Flow15_FRobot_3:FlgNet | EXPORT/Program blocks/OP010/03_Auto/HMI/AutoProcessDataPopUp.xml:AutoProcessDataPopUp:StructuredText
AutoProcessData.F_Robot3Grip1.PartStatus,AutoProcessData,1,0,31,4,AutoProcessDataPopUp;ChangeOverProcess;Robot;ST10_Flow15_FRobot_3,0,,EXPORT/Program blocks/OP010/03_Auto/AutoProcessData.xml,EXPORT/Program blocks/OP010/10_Device/24_Robot/Robot.xml:Robot:FlgNet | EXPORT/Program blocks/OP010/03_Auto/01ChangeOver/ChangeOverProcess.xml:ChangeOverProcess:FlgNet | EXPORT/Program blocks/OP010/03_Auto/F_Robot/ST10_Flow15_FRobot_3.xml:ST10_Flow15_FRobot_3:FlgNet | EXPORT/Program blocks/OP010/03_Auto/HMI/AutoProcessDataPopUp.xml:AutoProcessDataPopUp:StructuredText
AutoProcessData.GlobalData.Robot1GripperCodeOKFlag,AutoProcessData,11,1,0,4,ChangeOverProcess;ST10_Flow1_A1TableScan;ST10_Flow5_FRobot_1;ST10_Flow6_ToolCodeScan,1,AutoProcessData_GlobalData_Robot1GripperCodeOKFlag,EXPORT/Program blocks/OP010/03_Auto/AutoProcessData.xml,EXPORT/Program blocks/OP010/03_Auto/01ChangeOver/ChangeOverProcess.xml:ChangeOverProcess:FlgNet | EXPORT/Program blocks/OP010/03_Auto/01ChangeOver/ST10_Flow6_ToolCodeScan.xml:ST10_Flow6_ToolCodeScan:FlgNet | EXPORT/Program blocks/OP010/03_Auto/A1_TableLoad&Scan/ST10_Flow1_A1TableScan.xml:ST10_Flow1_A1TableScan:FlgNet | EXPORT/Program blocks/OP010/03_Auto/F_Robot/ST10_Flow5_FRobot_1.xml:ST10_Flow5_FRobot_1:FlgNet | EXPORT/Program blocks/OP010/03_Auto/F_Robot/ST10_Flow5_FRobot_1_01092026_152002.xml:ST10_Flow5_FRobot_1:FlgNet
AutoProcessData.GlobalData.Robot2GripperCodeOKFlag,AutoProcessData,17,1,0,4,ChangeOverProcess;ST10_Flow5_FRobot_1;ST10_Flow6_ToolCodeScan;ST10_Flow8_FRobot_2,1,AutoProcessData_GlobalData_Robot2GripperCodeOKFlag,EXPORT/Program blocks/OP010/03_Auto/AutoProcessData.xml,EXPORT/Program blocks/OP010/03_Auto/01ChangeOver/ChangeOverProcess.xml:ChangeOverProcess:FlgNet | EXPORT/Program blocks/OP010/03_Auto/01ChangeOver/ST10_Flow6_ToolCodeScan.xml:ST10_Flow6_ToolCodeScan:FlgNet | EXPORT/Program blocks/OP010/03_Auto/F_Robot/ST10_Flow5_FRobot_1.xml:ST10_Flow5_FRobot_1:FlgNet | EXPORT/Program blocks/OP010/03_Auto/F_Robot/ST10_Flow5_FRobot_1_01092026_152002.xml:ST10_Flow5_FRobot_1:FlgNet | EXPORT/Program blocks/OP010/03_Auto/F_Robot/ST10_Flow5_FRobot_1_01092026_152004.xml:ST10_Flow5_FRobot_1:FlgNet
AutoProcessData.GlobalData.Table1CodeOKFlag,AutoProcessData,8,1,0,4,ChangeOverProcess;ST10_Flow1_A1TableScan;ST10_Flow2_A1TableUnloading;ST10_Flow6_ToolCodeScan,1,AutoProcessData_GlobalData_Table1CodeOKFlag,EXPORT/Program blocks/OP010/03_Auto/AutoProcessData.xml,EXPORT/Program blocks/OP010/03_Auto/01ChangeOver/ChangeOverProcess.xml:ChangeOverProcess:FlgNet | EXPORT/Program blocks/OP010/03_Auto/01ChangeOver/ST10_Flow6_ToolCodeScan.xml:ST10_Flow6_ToolCodeScan:FlgNet | EXPORT/Program blocks/OP010/03_Auto/A1_TableLoad&Scan/ST10_Flow1_A1TableScan.xml:ST10_Flow1_A1TableScan:FlgNet | EXPORT/Program blocks/OP010/03_Auto/A1_TableLoad&Scan/ST10_Flow2_A1TableUnloading.xml:ST10_Flow2_A1TableUnloading:FlgNet
AutoProcessData.GlobalData.Table2CodeOKFlag,AutoProcessData,8,1,0,4,ChangeOverProcess;ST10_Flow11_A2TableScan;ST10_Flow12_A2TableUnloading;ST10_Flow6_ToolCodeScan,1,AutoProcessData_GlobalData_Table2CodeOKFlag,EXPORT/Program blocks/OP010/03_Auto/AutoProcessData.xml,EXPORT/Program blocks/OP010/03_Auto/01ChangeOver/ChangeOverProcess.xml:ChangeOverProcess:FlgNet | EXPORT/Program blocks/OP010/03_Auto/01ChangeOver/ST10_Flow6_ToolCodeScan.xml:ST10_Flow6_ToolCodeScan:FlgNet | EXPORT/Program blocks/OP010/03_Auto/A2_TableLoad&Scan/ST10_Flow11_A2TableScan.xml:ST10_Flow11_A2TableScan:FlgNet | EXPORT/Program blocks/OP010/03_Auto/A2_TableLoad&Scan/ST10_Flow12_A2TableUnloading.xml:ST10_Flow12_A2TableUnloading:FlgNet
ClockMemory0.5s,ClockMemory0,16,1,0,4,01_OB1;IAI_BASE_FB;ST10_FB_S7connect;ST10_Output,0,,,EXPORT/Program blocks/01_OB/01_OB1.xml:01_OB1:FlgNet | EXPORT/Program blocks/OP010/02_Output/ST10_Output.xml:ST10_Output:FlgNet | EXPORT/Program blocks/OP010/10_Device/09_CuringOven/ST10_FB_S7connect.xml:ST10_FB_S7connect:FlgNet | EXPORT/Program blocks/OP010/10_Device/22_IAI/IAI_BASE_FB.xml:IAI_BASE_FB:StructuredText
ClockMemory1s,ClockMemory1s,21,0,0,4,01_OB1;ST10_Main;ST10_Output;ST10_SafetyGate,0,,EXPORT/PLC tags/STEP7 classic symbols.xml,EXPORT/Program blocks/01_OB/01_OB1.xml:01_OB1:FlgNet | EXPORT/Program blocks/OP010/00_Main/ST10_Main.xml:ST10_Main:FlgNet | EXPORT/Program blocks/OP010/02_Output/ST10_Output.xml:ST10_Output:FlgNet | EXPORT/Program blocks/OP010/10_Device/03_SafetyGate/ST10_SafetyGate.xml:ST10_SafetyGate:StructuredText
KukaRobot1_CtrlDB.sROBtoPLC.User.Cycle.DO225_ScanPosInside,KukaRobot1_CtrlDB,10,0,0,4,Robot;ST10_Alarm;ST10_Flow5_FRobot_1;ST10_Flow6_ToolCodeScan,0,,EXPORT/Program blocks/OP010/10_Device/24_Robot/KukaRobot1_CtrlDB.xml,EXPORT/Program blocks/OP010/05_Alarm/ST10_Alarm.xml:ST10_Alarm:FlgNet | EXPORT/Program blocks/OP010/10_Device/24_Robot/Robot.xml:Robot:FlgNet | EXPORT/Program blocks/OP010/03_Auto/01ChangeOver/ST10_Flow6_ToolCodeScan.xml:ST10_Flow6_ToolCodeScan:FlgNet | EXPORT/Program blocks/OP010/03_Auto/F_Robot/ST10_Flow5_FRobot_1.xml:ST10_Flow5_FRobot_1:FlgNet | EXPORT/Program blocks/OP010/03_Auto/F_Robot/ST10_Flow5_FRobot_1_01092026_152002.xml:ST10_Flow5_FRobot_1:FlgNet
KukaRobot1_CtrlDB.sROBtoPLC.User.Cycle.DO289_GluePutInside,KukaRobot1_CtrlDB,10,0,0,4,Robot;ST10_Flow5_FRobot_1;ST10_Flow7_CGlueing;ST10_Flow8_FRobot_2,0,,EXPORT/Program blocks/OP010/10_Device/24_Robot/KukaRobot1_CtrlDB.xml,EXPORT/Program blocks/OP010/10_Device/24_Robot/Robot.xml:Robot:FlgNet | EXPORT/Program blocks/OP010/03_Auto/C_Glue/ST10_Flow7_CGlueing.xml:ST10_Flow7_CGlueing:FlgNet | EXPORT/Program blocks/OP010/03_Auto/F_Robot/ST10_Flow5_FRobot_1.xml:ST10_Flow5_FRobot_1:FlgNet | EXPORT/Program blocks/OP010/03_Auto/F_Robot/ST10_Flow5_FRobot_1_01092026_152002.xml:ST10_Flow5_FRobot_1:FlgNet | EXPORT/Program blocks/OP010/03_Auto/F_Robot/ST10_Flow5_FRobot_1_01092026_152004.xml:ST10_Flow5_FRobot_1:FlgNet
KukaRobot2_CtrlDB.sROBtoPLC.User.Cycle.DO241_PickPalletInside,KukaRobot2_CtrlDB,8,0,0,4,Robot;ST10_Flow22_JMagnetLifting;ST10_Flow5_FRobot_1;ST10_Flow8_FRobot_2,0,,EXPORT/Program blocks/OP010/10_Device/24_Robot/KukaRobot2_CtrlDB.xml,EXPORT/Program blocks/OP010/10_Device/24_Robot/Robot.xml:Robot:FlgNet | EXPORT/Program blocks/OP010/03_Auto/F_Robot/ST10_Flow5_FRobot_1.xml:ST10_Flow5_FRobot_1:FlgNet | EXPORT/Program blocks/OP010/03_Auto/F_Robot/ST10_Flow5_FRobot_1_01092026_152002.xml:ST10_Flow5_FRobot_1:FlgNet | EXPORT/Program blocks/OP010/03_Auto/F_Robot/ST10_Flow5_FRobot_1_01092026_152004.xml:ST10_Flow5_FRobot_1:FlgNet | EXPORT/Program blocks/OP010/03_Auto/F_Robot/ST10_Flow8_FRobot_2.xml:ST10_Flow8_FRobot_2:FlgNet
KukaRobot2_CtrlDB.sROBtoPLC.User.Cycle.DO249_ScanNGPutInside,KukaRobot2_CtrlDB,10,0,0,4,Robot;ST10_Flow15_FRobot_3;ST10_Flow6_ToolCodeScan;ST10_Flow8_FRobot_2,0,,EXPORT/Program blocks/OP010/10_Device/24_Robot/KukaRobot2_CtrlDB.xml,EXPORT/Program blocks/OP010/10_Device/24_Robot/Robot.xml:Robot:FlgNet | EXPORT/Program blocks/OP010/03_Auto/01ChangeOver/ST10_Flow6_ToolCodeScan.xml:ST10_Flow6_ToolCodeScan:FlgNet | EXPORT/Program blocks/OP010/03_Auto/F_Robot/ST10_Flow15_FRobot_3.xml:ST10_Flow15_FRobot_3:FlgNet | EXPORT/Program blocks/OP010/03_Auto/F_Robot/ST10_Flow8_FRobot_2.xml:ST10_Flow8_FRobot_2:FlgNet
KukaRobot2_CtrlDB.sROBtoPLC.User.Cycle.DO253_GlueNGPutInside,KukaRobot2_CtrlDB,10,0,0,4,Robot;ST10_Flow15_FRobot_3;ST10_Flow6_ToolCodeScan;ST10_Flow8_FRobot_2,0,,EXPORT/Program blocks/OP010/10_Device/24_Robot/KukaRobot2_CtrlDB.xml,EXPORT/Program blocks/OP010/10_Device/24_Robot/Robot.xml:Robot:FlgNet | EXPORT/Program blocks/OP010/03_Auto/01ChangeOver/ST10_Flow6_ToolCodeScan.xml:ST10_Flow6_ToolCodeScan:FlgNet | EXPORT/Program blocks/OP010/03_Auto/F_Robot/ST10_Flow15_FRobot_3.xml:ST10_Flow15_FRobot_3:FlgNet | EXPORT/Program blocks/OP010/03_Auto/F_Robot/ST10_Flow8_FRobot_2.xml:ST10_Flow8_FRobot_2:FlgNet
KukaRobot2_CtrlDB.sROBtoPLC.User.Cycle.DO265_GluePutInside,KukaRobot2_CtrlDB,6,0,0,4,Robot;ST10_Flow5_FRobot_1;ST10_Flow7_CGlueing;ST10_Flow8_FRobot_2,0,,EXPORT/Program blocks/OP010/10_Device/24_Robot/KukaRobot2_CtrlDB.xml,EXPORT/Program blocks/OP010/10_Device/24_Robot/Robot.xml:Robot:FlgNet | EXPORT/Program blocks/OP010/03_Auto/C_Glue/ST10_Flow7_CGlueing.xml:ST10_Flow7_CGlueing:FlgNet | EXPORT/Program blocks/OP010/03_Auto/F_Robot/ST10_Flow5_FRobot_1.xml:ST10_Flow5_FRobot_1:FlgNet | EXPORT/Program blocks/OP010/03_Auto/F_Robot/ST10_Flow5_FRobot_1_01092026_152002.xml:ST10_Flow5_FRobot_1:FlgNet | EXPORT/Program blocks/OP010/03_Auto/F_Robot/ST10_Flow5_FRobot_1_01092026_152004.xml:ST10_Flow5_FRobot_1:FlgNet
KukaRobot2_CtrlDB.sROBtoPLC.User.Cycle.DO269_GluePickInside,KukaRobot2_CtrlDB,7,0,0,4,Robot;ST10_Flow5_FRobot_1;ST10_Flow7_CGlueing;ST10_Flow8_FRobot_2,0,,EXPORT/Program blocks/OP010/10_Device/24_Robot/KukaRobot2_CtrlDB.xml,EXPORT/Program blocks/OP010/10_Device/24_Robot/Robot.xml:Robot:FlgNet | EXPORT/Program blocks/OP010/03_Auto/C_Glue/ST10_Flow7_CGlueing.xml:ST10_Flow7_CGlueing:FlgNet | EXPORT/Program blocks/OP010/03_Auto/F_Robot/ST10_Flow5_FRobot_1.xml:ST10_Flow5_FRobot_1:FlgNet | EXPORT/Program blocks/OP010/03_Auto/F_Robot/ST10_Flow5_FRobot_1_01092026_152002.xml:ST10_Flow5_FRobot_1:FlgNet | EXPORT/Program blocks/OP010/03_Auto/F_Robot/ST10_Flow5_FRobot_1_01092026_152004.xml:ST10_Flow5_FRobot_1:FlgNet
KukaRobot2_CtrlDB.sROBtoPLC.User.Cycle.DO297_MaintainInside,KukaRobot2_CtrlDB,7,0,0,4,ChangeOverProcess;Robot;ST10_Flow6_ToolCodeScan;ST10_Flow8_FRobot_2,0,,EXPORT/Program blocks/OP010/10_Device/24_Robot/KukaRobot2_CtrlDB.xml,EXPORT/Program blocks/OP010/10_Device/24_Robot/Robot.xml:Robot:FlgNet | EXPORT/Program blocks/OP010/03_Auto/01ChangeOver/ChangeOverProcess.xml:ChangeOverProcess:FlgNet | EXPORT/Program blocks/OP010/03_Auto/01ChangeOver/ST10_Flow6_ToolCodeScan.xml:ST10_Flow6_ToolCodeScan:FlgNet | EXPORT/Program blocks/OP010/03_Auto/F_Robot/ST10_Flow8_FRobot_2.xml:ST10_Flow8_FRobot_2:FlgNet
KukaRobot2_CtrlDB.sROBtoPLC.User.Cycle.DO298_MaintainFinish,KukaRobot2_CtrlDB,14,0,0,4,ChangeOverProcess;ST10_Flow5_FRobot_1;ST10_Flow6_ToolCodeScan;ST10_Flow8_FRobot_2,0,,EXPORT/Program blocks/OP010/10_Device/24_Robot/KukaRobot2_CtrlDB.xml,EXPORT/Program blocks/OP010/03_Auto/01ChangeOver/ChangeOverProcess.xml:ChangeOverProcess:FlgNet | EXPORT/Program blocks/OP010/03_Auto/01ChangeOver/ST10_Flow6_ToolCodeScan.xml:ST10_Flow6_ToolCodeScan:FlgNet | EXPORT/Program blocks/OP010/03_Auto/F_Robot/ST10_Flow5_FRobot_1.xml:ST10_Flow5_FRobot_1:FlgNet | EXPORT/Program blocks/OP010/03_Auto/F_Robot/ST10_Flow5_FRobot_1_01092026_152002.xml:ST10_Flow5_FRobot_1:FlgNet | EXPORT/Program blocks/OP010/03_Auto/F_Robot/ST10_Flow5_FRobot_1_01092026_152004.xml:ST10_Flow5_FRobot_1:FlgNet
KukaRobot2_CtrlDB.sROBtoPLC.User.Cycle.DO305_GripScanInside,KukaRobot2_CtrlDB,11,0,0,4,Robot;ST10_Flow5_FRobot_1;ST10_Flow6_ToolCodeScan;ST10_Flow8_FRobot_2,0,,EXPORT/Program blocks/OP010/10_Device/24_Robot/KukaRobot2_CtrlDB.xml,EXPORT/Program blocks/OP010/10_Device/24_Robot/Robot.xml:Robot:FlgNet | EXPORT/Program blocks/OP010/03_Auto/01ChangeOver/ST10_Flow6_ToolCodeScan.xml:ST10_Flow6_ToolCodeScan:FlgNet | EXPORT/Program blocks/OP010/03_Auto/F_Robot/ST10_Flow5_FRobot_1.xml:ST10_Flow5_FRobot_1:FlgNet | EXPORT/Program blocks/OP010/03_Auto/F_Robot/ST10_Flow5_FRobot_1_01092026_152002.xml:ST10_Flow5_FRobot_1:FlgNet | EXPORT/Program blocks/OP010/03_Auto/F_Robot/ST10_Flow5_FRobot_1_01092026_152004.xml:ST10_Flow5_FRobot_1:FlgNet
KukaRobot3_CtrlDB.sROBtoPLC.User.Cycle.DO225_ScanPosInside,KukaRobot3_CtrlDB,9,0,0,4,Robot;ST10_Alarm;ST10_Flow15_FRobot_3;ST10_Flow6_ToolCodeScan,0,,EXPORT/Program blocks/OP010/10_Device/24_Robot/KukaRobot3_CtrlDB.xml,EXPORT/Program blocks/OP010/05_Alarm/ST10_Alarm.xml:ST10_Alarm:FlgNet | EXPORT/Program blocks/OP010/10_Device/24_Robot/Robot.xml:Robot:FlgNet | EXPORT/Program blocks/OP010/03_Auto/01ChangeOver/ST10_Flow6_ToolCodeScan.xml:ST10_Flow6_ToolCodeScan:FlgNet | EXPORT/Program blocks/OP010/03_Auto/F_Robot/ST10_Flow15_FRobot_3.xml:ST10_Flow15_FRobot_3:FlgNet
KukaRobot3_CtrlDB.sROBtoPLC.User.Cycle.DO277_PressPutRingInside,KukaRobot3_CtrlDB,9,0,0,4,Robot;ST10_Flow14_B2Press;ST10_Flow15_FRobot_3;ST10_Flow8_FRobot_2,0,,EXPORT/Program blocks/OP010/10_Device/24_Robot/KukaRobot3_CtrlDB.xml,EXPORT/Program blocks/OP010/10_Device/24_Robot/Robot.xml:Robot:FlgNet | EXPORT/Program blocks/OP010/03_Auto/B_Press/ST10_Flow14_B2Press.xml:ST10_Flow14_B2Press:FlgNet | EXPORT/Program blocks/OP010/03_Auto/F_Robot/ST10_Flow15_FRobot_3.xml:ST10_Flow15_FRobot_3:FlgNet | EXPORT/Program blocks/OP010/03_Auto/F_Robot/ST10_Flow8_FRobot_2.xml:ST10_Flow8_FRobot_2:FlgNet
KukaRobot3_CtrlDB.sROBtoPLC.User.Cycle.DO297_MaintainInside,KukaRobot3_CtrlDB,5,0,0,4,ChangeOverProcess;Robot;ST10_Flow15_FRobot_3;ST10_Flow6_ToolCodeScan,0,,EXPORT/Program blocks/OP010/10_Device/24_Robot/KukaRobot3_CtrlDB.xml,EXPORT/Program blocks/OP010/10_Device/24_Robot/Robot.xml:Robot:FlgNet | EXPORT/Program blocks/OP010/03_Auto/01ChangeOver/ChangeOverProcess.xml:ChangeOverProcess:FlgNet | EXPORT/Program blocks/OP010/03_Auto/01ChangeOver/ST10_Flow6_ToolCodeScan.xml:ST10_Flow6_ToolCodeScan:FlgNet | EXPORT/Program blocks/OP010/03_Auto/F_Robot/ST10_Flow15_FRobot_3.xml:ST10_Flow15_FRobot_3:FlgNet
KukaRobot3_CtrlDB.sROBtoPLC.User.Cycle.DO298_MaintainFinish,KukaRobot3_CtrlDB,7,0,0,4,ChangeOverProcess;ST10_Flow15_FRobot_3;ST10_Flow6_ToolCodeScan;ST10_Flow8_FRobot_2,0,,EXPORT/Program blocks/OP010/10_Device/24_Robot/KukaRobot3_CtrlDB.xml,EXPORT/Program blocks/OP010/03_Auto/01ChangeOver/ChangeOverProcess.xml:ChangeOverProcess:FlgNet | EXPORT/Program blocks/OP010/03_Auto/01ChangeOver/ST10_Flow6_ToolCodeScan.xml:ST10_Flow6_ToolCodeScan:FlgNet | EXPORT/Program blocks/OP010/03_Auto/F_Robot/ST10_Flow15_FRobot_3.xml:ST10_Flow15_FRobot_3:FlgNet | EXPORT/Program blocks/OP010/03_Auto/F_Robot/ST10_Flow8_FRobot_2.xml:ST10_Flow8_FRobot_2:FlgNet
KukaRobot3_CtrlDB.sROBtoPLC.User.Cycle.DO305_GripScanInside,KukaRobot3_CtrlDB,4,0,0,4,Robot;ST10_Flow11_A2TableScan;ST10_Flow15_FRobot_3;ST10_Flow6_ToolCodeScan,0,,EXPORT/Program blocks/OP010/10_Device/24_Robot/KukaRobot3_CtrlDB.xml,EXPORT/Program blocks/OP010/10_Device/24_Robot/Robot.xml:Robot:FlgNet | EXPORT/Program blocks/OP010/03_Auto/01ChangeOver/ST10_Flow6_ToolCodeScan.xml:ST10_Flow6_ToolCodeScan:FlgNet | EXPORT/Program blocks/OP010/03_Auto/A2_TableLoad&Scan/ST10_Flow11_A2TableScan.xml:ST10_Flow11_A2TableScan:FlgNet | EXPORT/Program blocks/OP010/03_Auto/F_Robot/ST10_Flow15_FRobot_3.xml:ST10_Flow15_FRobot_3:FlgNet
MotorControl.Dev.OutControl.o_Ready,MotorControl,47,0,0,4,ST10_Flow25_HShaftLoad&Unload;ST10_Flow26_JMagnetLoad&Unload;ST10_Flow27_KReserveLoad&Unload;ST10_Flow28_LUnloadingLoad&Unload,0,,EXPORT/Program blocks/OP010/10_Device/31_Motor_1/MotorControl.xml,EXPORT/Program blocks/OP010/03_Auto/H_ShaftLifting&Load&Unload/ST10_Flow25_HShaftLoad&Unload.xml:ST10_Flow25_HShaftLoad&Unload:FlgNet | EXPORT/Program blocks/OP010/03_Auto/J_MagnetLifting&Load&Unload/ST10_Flow26_JMagnetLoad&Unload.xml:ST10_Flow26_JMagnetLoad&Unload:FlgNet | EXPORT/Program blocks/OP010/03_Auto/L_Unload/ST10_Flow28_LUnloadingLoad&Unload.xml:ST10_Flow28_LUnloadingLoad&Unload:FlgNet | EXPORT/Program blocks/OP010/03_Auto/L_Unload/K_ReserveLifting&Load&Unload/ST10_Flow27_KReserveLoad&Unload.xml:ST10_Flow27_KReserveLoad&Unload:FlgNet
PilzData.85A1.I4,PilzData,4,0,0,4,Pilz;ST10_Alarm;ST10_Main;ST10_Output,1,PilzData_85A1_I4,EXPORT/Program blocks/OP010/10_Device/27_Pilz/PilzData.xml,EXPORT/Program blocks/OP010/00_Main/ST10_Main.xml:ST10_Main:FlgNet | EXPORT/Program blocks/OP010/02_Output/ST10_Output.xml:ST10_Output:FlgNet | EXPORT/Program blocks/OP010/05_Alarm/ST10_Alarm.xml:ST10_Alarm:FlgNet | EXPORT/Program blocks/OP010/10_Device/27_Pilz/Pilz.xml:Pilz:FlgNet
PilzData.85A1.I5,PilzData,4,0,0,4,Pilz;ST10_Alarm;ST10_Main;ST10_Output,1,PilzData_85A1_I5,EXPORT/Program blocks/OP010/10_Device/27_Pilz/PilzData.xml,EXPORT/Program blocks/OP010/00_Main/ST10_Main.xml:ST10_Main:FlgNet | EXPORT/Program blocks/OP010/02_Output/ST10_Output.xml:ST10_Output:FlgNet | EXPORT/Program blocks/OP010/05_Alarm/ST10_Alarm.xml:ST10_Alarm:FlgNet | EXPORT/Program blocks/OP010/10_Device/27_Pilz/Pilz.xml:Pilz:FlgNet
ST10_GeneralData.FunctionDeSelect.C.FunctionDeSelected_Glue,ST10_GeneralData,17,1,0,4,Gluing;ST10_Flow7_CGlueing;ST10_Main;ST10_Warning,1,ST10_GeneralData_FunctionDeSelect_C_FunctionDeSelected_Glue,EXPORT/Program blocks/OP010/00_Main/ST10_GeneralData.xml,EXPORT/Program blocks/OP010/00_Main/ST10_Main.xml:ST10_Main:StructuredText | EXPORT/Program blocks/OP010/06_Warning/ST10_Warning.xml:ST10_Warning:FlgNet | EXPORT/Program blocks/OP010/10_Device/28_Gluing/Gluing.xml:Gluing:FlgNet | EXPORT/Program blocks/OP010/03_Auto/C_Glue/ST10_Flow7_CGlueing.xml:ST10_Flow7_CGlueing:FlgNet
ST10_GeneralData.FunctionDeSelect.Global.DeSelectPB_ScanFixture,ST10_GeneralData,10,0,0,4,ChangeOverProcess;ST10_Flow12_A2TableUnloading;ST10_Flow2_A1TableUnloading;ST10_Main,1,ST10_GeneralData_FunctionDeSelect_Global_DeSelectPB_ScanFixture,EXPORT/Program blocks/OP010/00_Main/ST10_GeneralData.xml,EXPORT/Program blocks/OP010/00_Main/ST10_Main.xml:ST10_Main:StructuredText | EXPORT/Program blocks/OP010/03_Auto/01ChangeOver/ChangeOverProcess.xml:ChangeOverProcess:FlgNet | EXPORT/Program blocks/OP010/03_Auto/A1_TableLoad&Scan/ST10_Flow2_A1TableUnloading.xml:ST10_Flow2_A1TableUnloading:FlgNet | EXPORT/Program blocks/OP010/03_Auto/A2_TableLoad&Scan/ST10_Flow12_A2TableUnloading.xml:ST10_Flow12_A2TableUnloading:FlgNet
ST10_SysInput.HMI_Button.E-Stop,ST10_SysInput,3,1,0,4,ST10_Alarm;ST10_Input;ST10_Main;ST10_Tip,1,HMI_ESTOP,EXPORT/Program blocks/OP010/01_Input/ST10_SysInput.xml,EXPORT/Program blocks/OP010/00_Main/ST10_Main.xml:ST10_Main:FlgNet | EXPORT/Program blocks/OP010/01_Input/ST10_Input.xml:ST10_Input:StructuredText | EXPORT/Program blocks/OP010/05_Alarm/ST10_Alarm.xml:ST10_Alarm:FlgNet | EXPORT/Program blocks/OP010/07_Tip/ST10_Tip.xml:ST10_Tip:FlgNet
ServoV90_A1.Out.oReady,ServoV90_A1,12,1,0,4,ST10_Alarm;ST10_Flow1_A1TableScan;ST10_Flow2_A1TableUnloading;V90_Servo,0,,EXPORT/Program blocks/OP010/10_Device/25_V90/ServoV90_A1.xml,EXPORT/Program blocks/OP010/05_Alarm/ST10_Alarm.xml:ST10_Alarm:FlgNet | EXPORT/Program blocks/OP010/10_Device/25_V90/V90_Servo.xml:V90_Servo:FlgNet | EXPORT/Program blocks/OP010/03_Auto/A1_TableLoad&Scan/ST10_Flow1_A1TableScan.xml:ST10_Flow1_A1TableScan:FlgNet | EXPORT/Program blocks/OP010/03_Auto/A1_TableLoad&Scan/ST10_Flow2_A1TableUnloading.xml:ST10_Flow2_A1TableUnloading:FlgNet
ServoV90_A4.Out.oReady,ServoV90_A4,12,1,0,4,ST10_Alarm;ST10_Flow11_A2TableScan;ST10_Flow12_A2TableUnloading;V90_Servo,0,,EXPORT/Program blocks/OP010/10_Device/25_V90/ServoV90_A4.xml,EXPORT/Program blocks/OP010/05_Alarm/ST10_Alarm.xml:ST10_Alarm:FlgNet | EXPORT/Program blocks/OP010/10_Device/25_V90/V90_Servo.xml:V90_Servo:FlgNet | EXPORT/Program blocks/OP010/03_Auto/A2_TableLoad&Scan/ST10_Flow11_A2TableScan.xml:ST10_Flow11_A2TableScan:FlgNet | EXPORT/Program blocks/OP010/03_Auto/A2_TableLoad&Scan/ST10_Flow12_A2TableUnloading.xml:ST10_Flow12_A2TableUnloading:FlgNet
Station_Sys.Alarm.ON,Station_Sys,3,1,0,4,ST10_Alarm;ST10_Main;ST10_Output;ST10_Tip,0,,EXPORT/Program blocks/OP010/00_Main/Station_Sys.xml,EXPORT/Program blocks/OP010/00_Main/ST10_Main.xml:ST10_Main:FlgNet | EXPORT/Program blocks/OP010/02_Output/ST10_Output.xml:ST10_Output:FlgNet | EXPORT/Program blocks/OP010/05_Alarm/ST10_Alarm.xml:ST10_Alarm:FlgNet | EXPORT/Program blocks/OP010/07_Tip/ST10_Tip.xml:ST10_Tip:FlgNet
Station_Sys.Cmd.ClearFlags,Station_Sys,8,0,0,4,ST10_Flow12_A2TableUnloading;ST10_Flow21_HShaftLifting;ST10_Flow23_KReserveLifting;ST10_Flow2_A1TableUnloading,1,Station_Sys_Cmd_ClearFlags,EXPORT/Program blocks/OP010/00_Main/Station_Sys.xml,EXPORT/Program blocks/OP010/03_Auto/A1_TableLoad&Scan/ST10_Flow2_A1TableUnloading.xml:ST10_Flow2_A1TableUnloading:FlgNet | EXPORT/Program blocks/OP010/03_Auto/A2_TableLoad&Scan/ST10_Flow12_A2TableUnloading.xml:ST10_Flow12_A2TableUnloading:FlgNet | EXPORT/Program blocks/OP010/03_Auto/H_ShaftLifting&Load&Unload/ST10_Flow21_HShaftLifting.xml:ST10_Flow21_HShaftLifting:FlgNet | EXPORT/Program blocks/OP010/03_Auto/L_Unload/K_ReserveLifting&Load&Unload/ST10_Flow23_KReserveLifting.xml:ST10_Flow23_KReserveLifting:FlgNet
Station_Sys.Cmd.DryRun,Station_Sys,21,0,0,4,Gluing;KistlerPresser_Main;ST10_ChangeOver;ST10_Flow7_CGlueing,0,,EXPORT/Program blocks/OP010/00_Main/Station_Sys.xml,EXPORT/Program blocks/OP010/08_ChangeOver/ST10_ChangeOver.xml:ST10_ChangeOver:FlgNet | EXPORT/Program blocks/OP010/10_Device/23_Kistler/KistlerPresser_Main.xml:KistlerPresser_Main:FlgNet | EXPORT/Program blocks/OP010/10_Device/28_Gluing/Gluing.xml:Gluing:FlgNet | EXPORT/Program blocks/OP010/03_Auto/C_Glue/ST10_Flow7_CGlueing.xml:ST10_Flow7_CGlueing:FlgNet
Station_Sys.Initial.Running,Station_Sys,3,1,0,4,IAI;ST10_Auto;ST10_Main;ST10_Output,0,,EXPORT/Program blocks/OP010/00_Main/Station_Sys.xml,EXPORT/Program blocks/OP010/00_Main/ST10_Main.xml:ST10_Main:StructuredText | EXPORT/Program blocks/OP010/02_Output/ST10_Output.xml:ST10_Output:FlgNet | EXPORT/Program blocks/OP010/03_Auto/ST10_Auto.xml:ST10_Auto:StructuredText | EXPORT/Program blocks/OP010/10_Device/22_IAI/IAI.xml:IAI:StructuredText
TON.TON.Q,TON,12,0,0,4,ST10_Auto;ST10_Flow15_FRobot_3;ST10_Flow5_FRobot_1;ST10_Flow8_FRobot_2,0,,EXPORT/Program blocks/OP010/03_Auto/TON.xml,EXPORT/Program blocks/OP010/03_Auto/ST10_Auto.xml:ST10_Auto:FlgNet | EXPORT/Program blocks/OP010/03_Auto/F_Robot/ST10_Flow15_FRobot_3.xml:ST10_Flow15_FRobot_3:FlgNet | EXPORT/Program blocks/OP010/03_Auto/F_Robot/ST10_Flow5_FRobot_1.xml:ST10_Flow5_FRobot_1:FlgNet | EXPORT/Program blocks/OP010/03_Auto/F_Robot/ST10_Flow5_FRobot_1_01092026_152002.xml:ST10_Flow5_FRobot_1:FlgNet | EXPORT/Program blocks/OP010/03_Auto/F_Robot/ST10_Flow5_FRobot_1_01092026_152004.xml:ST10_Flow5_FRobot_1:FlgNet
iH-shaftLoadingDetection2,iH-shaftLoadingDetection2,8,0,0,4,ST10_Alarm;ST10_Auto;ST10_Flow25_HShaftLoad&Unload;ST10_StopperCtrl,0,,EXPORT/PLC tags/IO/RemoteIO_DI_2.xml,EXPORT/Program blocks/OP010/03_Auto/ST10_Auto.xml:ST10_Auto:FlgNet | EXPORT/Program blocks/OP010/05_Alarm/ST10_Alarm.xml:ST10_Alarm:FlgNet | EXPORT/Program blocks/OP010/10_Device/26_Stopper/ST10_StopperCtrl.xml:ST10_StopperCtrl:FlgNet | EXPORT/Program blocks/OP010/03_Auto/H_ShaftLifting&Load&Unload/ST10_Flow25_HShaftLoad&Unload.xml:ST10_Flow25_HShaftLoad&Unload:FlgNet
iH-shaftLoadingDetection3,iH-shaftLoadingDetection3,8,0,0,4,ST10_Alarm;ST10_Auto;ST10_Flow25_HShaftLoad&Unload;ST10_StopperCtrl,0,,EXPORT/PLC tags/IO/RemoteIO_DI_2.xml,EXPORT/Program blocks/OP010/03_Auto/ST10_Auto.xml:ST10_Auto:FlgNet | EXPORT/Program blocks/OP010/05_Alarm/ST10_Alarm.xml:ST10_Alarm:FlgNet | EXPORT/Program blocks/OP010/10_Device/26_Stopper/ST10_StopperCtrl.xml:ST10_StopperCtrl:FlgNet | EXPORT/Program blocks/OP010/03_Auto/H_ShaftLifting&Load&Unload/ST10_Flow25_HShaftLoad&Unload.xml:ST10_Flow25_HShaftLoad&Unload:FlgNet
iH-shaftLoadingDetection4,iH-shaftLoadingDetection4,8,0,0,4,ST10_Alarm;ST10_Auto;ST10_Flow25_HShaftLoad&Unload;ST10_StopperCtrl,0,,EXPORT/PLC tags/IO/RemoteIO_DI_2.xml,EXPORT/Program blocks/OP010/03_Auto/ST10_Auto.xml:ST10_Auto:FlgNet | EXPORT/Program blocks/OP010/05_Alarm/ST10_Alarm.xml:ST10_Alarm:FlgNet | EXPORT/Program blocks/OP010/10_Device/26_Stopper/ST10_StopperCtrl.xml:ST10_StopperCtrl:FlgNet | EXPORT/Program blocks/OP010/03_Auto/H_ShaftLifting&Load&Unload/ST10_Flow25_HShaftLoad&Unload.xml:ST10_Flow25_HShaftLoad&Unload:FlgNet
iH-shaftTakeDetection1,iH-shaftTakeDetection1,10,0,0,4,ST10_Alarm;ST10_Flow21_HShaftLifting;ST10_Flow25_HShaftLoad&Unload;ST10_StopperCtrl,0,,EXPORT/PLC tags/IO/RemoteIO_DI_2.xml,EXPORT/Program blocks/OP010/05_Alarm/ST10_Alarm.xml:ST10_Alarm:FlgNet | EXPORT/Program blocks/OP010/10_Device/26_Stopper/ST10_StopperCtrl.xml:ST10_StopperCtrl:FlgNet | EXPORT/Program blocks/OP010/03_Auto/H_ShaftLifting&Load&Unload/ST10_Flow21_HShaftLifting.xml:ST10_Flow21_HShaftLifting:FlgNet | EXPORT/Program blocks/OP010/03_Auto/H_ShaftLifting&Load&Unload/ST10_Flow25_HShaftLoad&Unload.xml:ST10_Flow25_HShaftLoad&Unload:FlgNet
iHMI Machine Start,iHMI Machine Start,5,0,0,4,ST10_Flow2_A1TableUnloading;ST10_Flow7_CGlueing;ST10_Input;ST10_Main,0,,EXPORT/PLC tags/IO/PLCIO_DI.xml,EXPORT/Program blocks/OP010/00_Main/ST10_Main.xml:ST10_Main:FlgNet | EXPORT/Program blocks/OP010/01_Input/ST10_Input.xml:ST10_Input:StructuredText | EXPORT/Program blocks/OP010/03_Auto/A1_TableLoad&Scan/ST10_Flow2_A1TableUnloading.xml:ST10_Flow2_A1TableUnloading:FlgNet | EXPORT/Program blocks/OP010/03_Auto/C_Glue/ST10_Flow7_CGlueing.xml:ST10_Flow7_CGlueing:FlgNet
iJ-magnetLoadingDetection2,iJ-magnetLoadingDetection2,8,0,0,4,ST10_Alarm;ST10_Auto;ST10_Flow26_JMagnetLoad&Unload;ST10_StopperCtrl,0,,EXPORT/PLC tags/IO/RemoteIO_DI_2.xml,EXPORT/Program blocks/OP010/03_Auto/ST10_Auto.xml:ST10_Auto:FlgNet | EXPORT/Program blocks/OP010/05_Alarm/ST10_Alarm.xml:ST10_Alarm:FlgNet | EXPORT/Program blocks/OP010/10_Device/26_Stopper/ST10_StopperCtrl.xml:ST10_StopperCtrl:FlgNet | EXPORT/Program blocks/OP010/03_Auto/J_MagnetLifting&Load&Unload/ST10_Flow26_JMagnetLoad&Unload.xml:ST10_Flow26_JMagnetLoad&Unload:FlgNet
iJ-magnetLoadingDetection3,iJ-magnetLoadingDetection3,8,0,0,4,ST10_Alarm;ST10_Auto;ST10_Flow26_JMagnetLoad&Unload;ST10_StopperCtrl,0,,EXPORT/PLC tags/IO/RemoteIO_DI_2.xml,EXPORT/Program blocks/OP010/03_Auto/ST10_Auto.xml:ST10_Auto:FlgNet | EXPORT/Program blocks/OP010/05_Alarm/ST10_Alarm.xml:ST10_Alarm:FlgNet | EXPORT/Program blocks/OP010/10_Device/26_Stopper/ST10_StopperCtrl.xml:ST10_StopperCtrl:FlgNet | EXPORT/Program blocks/OP010/03_Auto/J_MagnetLifting&Load&Unload/ST10_Flow26_JMagnetLoad&Unload.xml:ST10_Flow26_JMagnetLoad&Unload:FlgNet
iJ-magnetLoadingDetection4,iJ-magnetLoadingDetection4,8,0,0,4,ST10_Alarm;ST10_Auto;ST10_Flow26_JMagnetLoad&Unload;ST10_StopperCtrl,0,,EXPORT/PLC tags/IO/RemoteIO_DI_2.xml,EXPORT/Program blocks/OP010/03_Auto/ST10_Auto.xml:ST10_Auto:FlgNet | EXPORT/Program blocks/OP010/05_Alarm/ST10_Alarm.xml:ST10_Alarm:FlgNet | EXPORT/Program blocks/OP010/10_Device/26_Stopper/ST10_StopperCtrl.xml:ST10_StopperCtrl:FlgNet | EXPORT/Program blocks/OP010/03_Auto/J_MagnetLifting&Load&Unload/ST10_Flow26_JMagnetLoad&Unload.xml:ST10_Flow26_JMagnetLoad&Unload:FlgNet
iJ-magnetTakeDetection1,iJ-magnetTakeDetection1,10,0,0,4,ST10_Alarm;ST10_Flow22_JMagnetLifting;ST10_Flow26_JMagnetLoad&Unload;ST10_StopperCtrl,0,,EXPORT/PLC tags/IO/RemoteIO_DI_2.xml,EXPORT/Program blocks/OP010/05_Alarm/ST10_Alarm.xml:ST10_Alarm:FlgNet | EXPORT/Program blocks/OP010/10_Device/26_Stopper/ST10_StopperCtrl.xml:ST10_StopperCtrl:FlgNet | EXPORT/Program blocks/OP010/03_Auto/J_MagnetLifting&Load&Unload/ST10_Flow22_JMagnetLifting.xml:ST10_Flow22_JMagnetLifting:FlgNet | EXPORT/Program blocks/OP010/03_Auto/J_MagnetLifting&Load&Unload/ST10_Flow26_JMagnetLoad&Unload.xml:ST10_Flow26_JMagnetLoad&Unload:FlgNet
iK-reserveTakeDetection1,iK-reserveTakeDetection1,10,0,0,4,ST10_Alarm;ST10_Flow23_KReserveLifting;ST10_Flow27_KReserveLoad&Unload;ST10_StopperCtrl,0,,EXPORT/PLC tags/IO/RemoteIO_DI_2.xml,EXPORT/Program blocks/OP010/05_Alarm/ST10_Alarm.xml:ST10_Alarm:FlgNet | EXPORT/Program blocks/OP010/10_Device/26_Stopper/ST10_StopperCtrl.xml:ST10_StopperCtrl:FlgNet | EXPORT/Program blocks/OP010/03_Auto/L_Unload/K_ReserveLifting&Load&Unload/ST10_Flow23_KReserveLifting.xml:ST10_Flow23_KReserveLifting:FlgNet | EXPORT/Program blocks/OP010/03_Auto/L_Unload/K_ReserveLifting&Load&Unload/ST10_Flow27_KReserveLoad&Unload.xml:ST10_Flow27_KReserveLoad&Unload:FlgNet
iL-UnloadingDetection2,iL-UnloadingDetection2,8,0,0,4,ST10_Alarm;ST10_Auto;ST10_Flow28_LUnloadingLoad&Unload;ST10_StopperCtrl,0,,EXPORT/PLC tags/IO/RemoteIO_DI_2.xml,EXPORT/Program blocks/OP010/03_Auto/ST10_Auto.xml:ST10_Auto:FlgNet | EXPORT/Program blocks/OP010/05_Alarm/ST10_Alarm.xml:ST10_Alarm:FlgNet | EXPORT/Program blocks/OP010/10_Device/26_Stopper/ST10_StopperCtrl.xml:ST10_StopperCtrl:FlgNet | EXPORT/Program blocks/OP010/03_Auto/L_Unload/ST10_Flow28_LUnloadingLoad&Unload.xml:ST10_Flow28_LUnloadingLoad&Unload:FlgNet
iL-UnloadingDetection3,iL-UnloadingDetection3,8,0,0,4,ST10_Alarm;ST10_Auto;ST10_Flow28_LUnloadingLoad&Unload;ST10_StopperCtrl,0,,EXPORT/PLC tags/IO/RemoteIO_DI_2.xml,EXPORT/Program blocks/OP010/03_Auto/ST10_Auto.xml:ST10_Auto:FlgNet | EXPORT/Program blocks/OP010/05_Alarm/ST10_Alarm.xml:ST10_Alarm:FlgNet | EXPORT/Program blocks/OP010/10_Device/26_Stopper/ST10_StopperCtrl.xml:ST10_StopperCtrl:FlgNet | EXPORT/Program blocks/OP010/03_Auto/L_Unload/ST10_Flow28_LUnloadingLoad&Unload.xml:ST10_Flow28_LUnloadingLoad&Unload:FlgNet
iMateriel Door Locking FeedBack_H1,iMateriel Door Locking FeedBack_H1,5,0,0,4,ST10_Alarm;ST10_Input;ST10_Output;ST10_SafetyGate,0,,EXPORT/PLC tags/IO/PLCIO_DI.xml,EXPORT/Program blocks/OP010/01_Input/ST10_Input.xml:ST10_Input:StructuredText | EXPORT/Program blocks/OP010/02_Output/ST10_Output.xml:ST10_Output:FlgNet | EXPORT/Program blocks/OP010/05_Alarm/ST10_Alarm.xml:ST10_Alarm:FlgNet | EXPORT/Program blocks/OP010/10_Device/03_SafetyGate/ST10_SafetyGate.xml:ST10_SafetyGate:StructuredText
iMateriel Door Locking FeedBack_H2,iMateriel Door Locking FeedBack_H2,6,0,0,4,ST10_Alarm;ST10_Input;ST10_Output;ST10_SafetyGate,0,,EXPORT/PLC tags/IO/PLCIO_DI.xml,EXPORT/Program blocks/OP010/01_Input/ST10_Input.xml:ST10_Input:StructuredText | EXPORT/Program blocks/OP010/02_Output/ST10_Output.xml:ST10_Output:FlgNet | EXPORT/Program blocks/OP010/05_Alarm/ST10_Alarm.xml:ST10_Alarm:FlgNet | EXPORT/Program blocks/OP010/10_Device/03_SafetyGate/ST10_SafetyGate.xml:ST10_SafetyGate:StructuredText
iMateriel Door Locking FeedBack_J1,iMateriel Door Locking FeedBack_J1,5,0,0,4,ST10_Alarm;ST10_Input;ST10_Output;ST10_SafetyGate,0,,EXPORT/PLC tags/IO/PLCIO_DI.xml,EXPORT/Program blocks/OP010/01_Input/ST10_Input.xml:ST10_Input:StructuredText | EXPORT/Program blocks/OP010/02_Output/ST10_Output.xml:ST10_Output:FlgNet | EXPORT/Program blocks/OP010/05_Alarm/ST10_Alarm.xml:ST10_Alarm:FlgNet | EXPORT/Program blocks/OP010/10_Device/03_SafetyGate/ST10_SafetyGate.xml:ST10_SafetyGate:StructuredText
iMateriel Door Locking FeedBack_J2,iMateriel Door Locking FeedBack_J2,5,0,0,4,ST10_Alarm;ST10_Input;ST10_Output;ST10_SafetyGate,0,,EXPORT/PLC tags/IO/PLCIO_DI.xml,EXPORT/Program blocks/OP010/01_Input/ST10_Input.xml:ST10_Input:StructuredText | EXPORT/Program blocks/OP010/02_Output/ST10_Output.xml:ST10_Output:FlgNet | EXPORT/Program blocks/OP010/05_Alarm/ST10_Alarm.xml:ST10_Alarm:FlgNet | EXPORT/Program blocks/OP010/10_Device/03_SafetyGate/ST10_SafetyGate.xml:ST10_SafetyGate:StructuredText
iMateriel Door Locking FeedBack_K1,iMateriel Door Locking FeedBack_K1,6,0,0,4,ST10_Alarm;ST10_Input;ST10_Output;ST10_SafetyGate,0,,EXPORT/PLC tags/IO/PLCIO_DI.xml,EXPORT/Program blocks/OP010/01_Input/ST10_Input.xml:ST10_Input:StructuredText | EXPORT/Program blocks/OP010/02_Output/ST10_Output.xml:ST10_Output:FlgNet | EXPORT/Program blocks/OP010/05_Alarm/ST10_Alarm.xml:ST10_Alarm:FlgNet | EXPORT/Program blocks/OP010/10_Device/03_SafetyGate/ST10_SafetyGate.xml:ST10_SafetyGate:StructuredText
iMateriel Door Locking FeedBack_K2,iMateriel Door Locking FeedBack_K2,5,0,0,4,ST10_Alarm;ST10_Input;ST10_Output;ST10_SafetyGate,0,,EXPORT/PLC tags/IO/PLCIO_DI.xml,EXPORT/Program blocks/OP010/01_Input/ST10_Input.xml:ST10_Input:StructuredText | EXPORT/Program blocks/OP010/02_Output/ST10_Output.xml:ST10_Output:FlgNet | EXPORT/Program blocks/OP010/05_Alarm/ST10_Alarm.xml:ST10_Alarm:FlgNet | EXPORT/Program blocks/OP010/10_Device/03_SafetyGate/ST10_SafetyGate.xml:ST10_SafetyGate:StructuredText
iMateriel Door Locking FeedBack_L1,iMateriel Door Locking FeedBack_L1,4,0,0,4,ST10_Alarm;ST10_Input;ST10_Output;ST10_SafetyGate,0,,EXPORT/PLC tags/IO/PLCIO_DI.xml,EXPORT/Program blocks/OP010/01_Input/ST10_Input.xml:ST10_Input:StructuredText | EXPORT/Program blocks/OP010/02_Output/ST10_Output.xml:ST10_Output:FlgNet | EXPORT/Program blocks/OP010/05_Alarm/ST10_Alarm.xml:ST10_Alarm:FlgNet | EXPORT/Program blocks/OP010/10_Device/03_SafetyGate/ST10_SafetyGate.xml:ST10_SafetyGate:StructuredText
iSafety door Locking FeedBack_1,iSafety door Locking FeedBack_1,4,0,0,4,ST10_Alarm;ST10_Input;ST10_Output;ST10_SafetyGate,0,,EXPORT/PLC tags/IO/PLCIO_DI.xml,EXPORT/Program blocks/OP010/01_Input/ST10_Input.xml:ST10_Input:StructuredText | EXPORT/Program blocks/OP010/02_Output/ST10_Output.xml:ST10_Output:FlgNet | EXPORT/Program blocks/OP010/05_Alarm/ST10_Alarm.xml:ST10_Alarm:FlgNet | EXPORT/Program blocks/OP010/10_Device/03_SafetyGate/ST10_SafetyGate.xml:ST10_SafetyGate:StructuredText
iSafety door Locking FeedBack_2,iSafety door Locking FeedBack_2,4,0,0,4,ST10_Alarm;ST10_Input;ST10_Output;ST10_SafetyGate,0,,EXPORT/PLC tags/IO/PLCIO_DI.xml,EXPORT/Program blocks/OP010/01_Input/ST10_Input.xml:ST10_Input:StructuredText | EXPORT/Program blocks/OP010/02_Output/ST10_Output.xml:ST10_Output:FlgNet | EXPORT/Program blocks/OP010/05_Alarm/ST10_Alarm.xml:ST10_Alarm:FlgNet | EXPORT/Program blocks/OP010/10_Device/03_SafetyGate/ST10_SafetyGate.xml:ST10_SafetyGate:StructuredText
iSafety door Locking FeedBack_3,iSafety door Locking FeedBack_3,4,0,0,4,ST10_Alarm;ST10_Input;ST10_Output;ST10_SafetyGate,0,,EXPORT/PLC tags/IO/PLCIO_DI.xml,EXPORT/Program blocks/OP010/01_Input/ST10_Input.xml:ST10_Input:StructuredText | EXPORT/Program blocks/OP010/02_Output/ST10_Output.xml:ST10_Output:FlgNet | EXPORT/Program blocks/OP010/05_Alarm/ST10_Alarm.xml:ST10_Alarm:FlgNet | EXPORT/Program blocks/OP010/10_Device/03_SafetyGate/ST10_SafetyGate.xml:ST10_SafetyGate:StructuredText
iSafety door Locking FeedBack_4,iSafety door Locking FeedBack_4,4,0,0,4,ST10_Alarm;ST10_Input;ST10_Output;ST10_SafetyGate,0,,EXPORT/PLC tags/IO/PLCIO_DI.xml,EXPORT/Program blocks/OP010/01_Input/ST10_Input.xml:ST10_Input:StructuredText | EXPORT/Program blocks/OP010/02_Output/ST10_Output.xml:ST10_Output:FlgNet | EXPORT/Program blocks/OP010/05_Alarm/ST10_Alarm.xml:ST10_Alarm:FlgNet | EXPORT/Program blocks/OP010/10_Device/03_SafetyGate/ST10_SafetyGate.xml:ST10_SafetyGate:StructuredText
iSafety door Locking FeedBack_5,iSafety door Locking FeedBack_5,4,0,0,4,ST10_Alarm;ST10_Input;ST10_Output;ST10_SafetyGate,0,,EXPORT/PLC tags/IO/PLCIO_DI.xml,EXPORT/Program blocks/OP010/01_Input/ST10_Input.xml:ST10_Input:StructuredText | EXPORT/Program blocks/OP010/02_Output/ST10_Output.xml:ST10_Output:FlgNet | EXPORT/Program blocks/OP010/05_Alarm/ST10_Alarm.xml:ST10_Alarm:FlgNet | EXPORT/Program blocks/OP010/10_Device/03_SafetyGate/ST10_SafetyGate.xml:ST10_SafetyGate:StructuredText
iSafety door Locking FeedBack_6,iSafety door Locking FeedBack_6,6,0,0,4,ST10_Alarm;ST10_Input;ST10_Output;ST10_SafetyGate,0,,EXPORT/PLC tags/IO/PLCIO_DI.xml,EXPORT/Program blocks/OP010/01_Input/ST10_Input.xml:ST10_Input:StructuredText | EXPORT/Program blocks/OP010/02_Output/ST10_Output.xml:ST10_Output:FlgNet | EXPORT/Program blocks/OP010/05_Alarm/ST10_Alarm.xml:ST10_Alarm:FlgNet | EXPORT/Program blocks/OP010/10_Device/03_SafetyGate/ST10_SafetyGate.xml:ST10_SafetyGate:StructuredText
iSafety door Locking FeedBack_7,iSafety door Locking FeedBack_7,6,0,0,4,ST10_Alarm;ST10_Input;ST10_Output;ST10_SafetyGate,0,,EXPORT/PLC tags/IO/PLCIO_DI.xml,EXPORT/Program blocks/OP010/01_Input/ST10_Input.xml:ST10_Input:StructuredText | EXPORT/Program blocks/OP010/02_Output/ST10_Output.xml:ST10_Output:FlgNet | EXPORT/Program blocks/OP010/05_Alarm/ST10_Alarm.xml:ST10_Alarm:FlgNet | EXPORT/Program blocks/OP010/10_Device/03_SafetyGate/ST10_SafetyGate.xml:ST10_SafetyGate:StructuredText
iSafety door Locking FeedBack_8,iSafety door Locking FeedBack_8,6,0,0,4,ST10_Alarm;ST10_Input;ST10_Output;ST10_SafetyGate,0,,EXPORT/PLC tags/IO/PLCIO_DI.xml,EXPORT/Program blocks/OP010/01_Input/ST10_Input.xml:ST10_Input:StructuredText | EXPORT/Program blocks/OP010/02_Output/ST10_Output.xml:ST10_Output:FlgNet | EXPORT/Program blocks/OP010/05_Alarm/ST10_Alarm.xml:ST10_Alarm:FlgNet | EXPORT/Program blocks/OP010/10_Device/03_SafetyGate/ST10_SafetyGate.xml:ST10_SafetyGate:StructuredText
AutoProcessControl.C_Glue.GlueTest,AutoProcessControl,12,0,0,3,Gluing;ST10_Flow7_CGlueing;ST10_Flow8_FRobot_2,1,AutoProcessControl_C_Glue_GlueTest,EXPORT/Program blocks/OP010/03_Auto/AutoProcessControl.xml,EXPORT/Program blocks/OP010/10_Device/28_Gluing/Gluing.xml:Gluing:FlgNet | EXPORT/Program blocks/OP010/03_Auto/C_Glue/ST10_Flow7_CGlueing.xml:ST10_Flow7_CGlueing:FlgNet | EXPORT/Program blocks/OP010/03_Auto/F_Robot/ST10_Flow8_FRobot_2.xml:ST10_Flow8_FRobot_2:FlgNet
AutoProcessControl.H_ShafeLine.Robot1PickPrimit,AutoProcessControl,5,0,0,3,ST10_Flow15_FRobot_3;ST10_Flow5_FRobot_1;ST10_Tip,0,,EXPORT/Program blocks/OP010/03_Auto/AutoProcessControl.xml,EXPORT/Program blocks/OP010/07_Tip/ST10_Tip.xml:ST10_Tip:FlgNet | EXPORT/Program blocks/OP010/03_Auto/F_Robot/ST10_Flow15_FRobot_3.xml:ST10_Flow15_FRobot_3:FlgNet | EXPORT/Program blocks/OP010/03_Auto/F_Robot/ST10_Flow5_FRobot_1.xml:ST10_Flow5_FRobot_1:FlgNet | EXPORT/Program blocks/OP010/03_Auto/F_Robot/ST10_Flow5_FRobot_1_01092026_152002.xml:ST10_Flow5_FRobot_1:FlgNet | EXPORT/Program blocks/OP010/03_Auto/F_Robot/ST10_Flow5_FRobot_1_01092026_152004.xml:ST10_Flow5_FRobot_1:FlgNet
AutoProcessData.C_GlueNGBuffer.PartStatus,AutoProcessData,1,0,4,3,AutoProcessDataPopUp;ChangeOverProcess;Robot,0,,EXPORT/Program blocks/OP010/03_Auto/AutoProcessData.xml,EXPORT/Program blocks/OP010/10_Device/24_Robot/Robot.xml:Robot:FlgNet | EXPORT/Program blocks/OP010/03_Auto/01ChangeOver/ChangeOverProcess.xml:ChangeOverProcess:FlgNet | EXPORT/Program blocks/OP010/03_Auto/HMI/AutoProcessDataPopUp.xml:AutoProcessDataPopUp:StructuredText
AutoProcessData.GlobalData.Robot3GripperCodeOKFlag,AutoProcessData,9,1,0,3,ChangeOverProcess;ST10_Flow15_FRobot_3;ST10_Flow6_ToolCodeScan,1,AutoProcessData_GlobalData_Robot3GripperCodeOKFlag,EXPORT/Program blocks/OP010/03_Auto/AutoProcessData.xml,EXPORT/Program blocks/OP010/03_Auto/01ChangeOver/ChangeOverProcess.xml:ChangeOverProcess:FlgNet | EXPORT/Program blocks/OP010/03_Auto/01ChangeOver/ST10_Flow6_ToolCodeScan.xml:ST10_Flow6_ToolCodeScan:FlgNet | EXPORT/Program blocks/OP010/03_Auto/F_Robot/ST10_Flow15_FRobot_3.xml:ST10_Flow15_FRobot_3:FlgNet
ChangeOver_DB.Robot_1.MaintenancePosReqSelFlag,ChangeOver_DB,50,1,0,3,ChangeOverProcess;ST10_Flow5_FRobot_1;ST10_Flow8_FRobot_2,1,ChangeOver_DB_Robot_1_MaintenancePosReqSelFlag,EXPORT/Program blocks/OP010/03_Auto/01ChangeOver/ChangeOver_DB.xml,EXPORT/Program blocks/OP010/03_Auto/01ChangeOver/ChangeOverProcess.xml:ChangeOverProcess:FlgNet | EXPORT/Program blocks/OP010/03_Auto/F_Robot/ST10_Flow5_FRobot_1.xml:ST10_Flow5_FRobot_1:FlgNet | EXPORT/Program blocks/OP010/03_Auto/F_Robot/ST10_Flow5_FRobot_1_01092026_152002.xml:ST10_Flow5_FRobot_1:FlgNet | EXPORT/Program blocks/OP010/03_Auto/F_Robot/ST10_Flow5_FRobot_1_01092026_152004.xml:ST10_Flow5_FRobot_1:FlgNet | EXPORT/Program blocks/OP010/03_Auto/F_Robot/ST10_Flow8_FRobot_2.xml:ST10_Flow8_FRobot_2:FlgNet
ChangeOver_DB.Robot_2.MaintenancePosReqSelFlag,ChangeOver_DB,13,1,0,3,ChangeOverProcess;ST10_Flow15_FRobot_3;ST10_Flow8_FRobot_2,1,ChangeOver_DB_Robot_2_MaintenancePosReqSelFlag,EXPORT/Program blocks/OP010/03_Auto/01ChangeOver/ChangeOver_DB.xml,EXPORT/Program blocks/OP010/03_Auto/01ChangeOver/ChangeOverProcess.xml:ChangeOverProcess:FlgNet | EXPORT/Program blocks/OP010/03_Auto/F_Robot/ST10_Flow15_FRobot_3.xml:ST10_Flow15_FRobot_3:FlgNet | EXPORT/Program blocks/OP010/03_Auto/F_Robot/ST10_Flow8_FRobot_2.xml:ST10_Flow8_FRobot_2:FlgNet
ClockMemory2s,ClockMemory2s,3,0,0,3,01_OB1;MES;ST10_Output,0,,EXPORT/PLC tags/STEP7 classic symbols.xml,EXPORT/Program blocks/01_OB/01_OB1.xml:01_OB1:FlgNet | EXPORT/Program blocks/OP010/02_Output/ST10_Output.xml:ST10_Output:FlgNet | EXPORT/Program blocks/OP010/11_MES/MES.xml:MES:FlgNet
GluingControl.Input.GluingDeviceReady,GluingControl,6,1,0,3,Gluing;ST10_Alarm;ST10_Flow7_CGlueing,1,GluingControl_Input_GluingDeviceReady,EXPORT/Program blocks/OP010/10_Device/28_Gluing/GluingControl.xml,EXPORT/Program blocks/OP010/05_Alarm/ST10_Alarm.xml:ST10_Alarm:FlgNet | EXPORT/Program blocks/OP010/10_Device/28_Gluing/Gluing.xml:Gluing:StructuredText | EXPORT/Program blocks/OP010/03_Auto/C_Glue/ST10_Flow7_CGlueing.xml:ST10_Flow7_CGlueing:FlgNet
J-mganePalletEmptyCheck1,J-mganePalletEmptyCheck1,6,0,0,3,ST10_Alarm;ST10_Auto;ST10_Flow26_JMagnetLoad&Unload,0,,EXPORT/PLC tags/IO/RemoteIO_DI_2.xml,EXPORT/Program blocks/OP010/03_Auto/ST10_Auto.xml:ST10_Auto:FlgNet | EXPORT/Program blocks/OP010/05_Alarm/ST10_Alarm.xml:ST10_Alarm:FlgNet | EXPORT/Program blocks/OP010/03_Auto/J_MagnetLifting&Load&Unload/ST10_Flow26_JMagnetLoad&Unload.xml:ST10_Flow26_JMagnetLoad&Unload:FlgNet
J-mganePalletEmptyCheck2,J-mganePalletEmptyCheck2,6,0,0,3,ST10_Alarm;ST10_Auto;ST10_Flow26_JMagnetLoad&Unload,0,,EXPORT/PLC tags/IO/RemoteIO_DI_2.xml,EXPORT/Program blocks/OP010/03_Auto/ST10_Auto.xml:ST10_Auto:FlgNet | EXPORT/Program blocks/OP010/05_Alarm/ST10_Alarm.xml:ST10_Alarm:FlgNet | EXPORT/Program blocks/OP010/03_Auto/J_MagnetLifting&Load&Unload/ST10_Flow26_JMagnetLoad&Unload.xml:ST10_Flow26_JMagnetLoad&Unload:FlgNet
J-mganePalletEmptyCheck3,J-mganePalletEmptyCheck3,6,0,0,3,ST10_Alarm;ST10_Auto;ST10_Flow26_JMagnetLoad&Unload,0,,EXPORT/PLC tags/IO/RemoteIO_DI_2.xml,EXPORT/Program blocks/OP010/03_Auto/ST10_Auto.xml:ST10_Auto:FlgNet | EXPORT/Program blocks/OP010/05_Alarm/ST10_Alarm.xml:ST10_Alarm:FlgNet | EXPORT/Program blocks/OP010/03_Auto/J_MagnetLifting&Load&Unload/ST10_Flow26_JMagnetLoad&Unload.xml:ST10_Flow26_JMagnetLoad&Unload:FlgNet
KukaRobot1_CtrlDB.sPLCtoROB.User.Home.DI169_RobotMoved,KukaRobot1_CtrlDB,4,2,0,3,Robot;ST10_Alarm;ST10_Flow5_FRobot_1,0,,EXPORT/Program blocks/OP010/10_Device/24_Robot/KukaRobot1_CtrlDB.xml,EXPORT/Program blocks/OP010/05_Alarm/ST10_Alarm.xml:ST10_Alarm:FlgNet | EXPORT/Program blocks/OP010/10_Device/24_Robot/Robot.xml:Robot:FlgNet | EXPORT/Program blocks/OP010/03_Auto/F_Robot/ST10_Flow5_FRobot_1.xml:ST10_Flow5_FRobot_1:FlgNet | EXPORT/Program blocks/OP010/03_Auto/F_Robot/ST10_Flow5_FRobot_1_01092026_152002.xml:ST10_Flow5_FRobot_1:FlgNet | EXPORT/Program blocks/OP010/03_Auto/F_Robot/ST10_Flow5_FRobot_1_01092026_152004.xml:ST10_Flow5_FRobot_1:FlgNet
KukaRobot1_CtrlDB.sROBtoPLC.User.Cycle.DO241_SPalletPickInside,KukaRobot1_CtrlDB,7,0,0,3,Robot;ST10_Flow21_HShaftLifting;ST10_Flow5_FRobot_1,0,,EXPORT/Program blocks/OP010/10_Device/24_Robot/KukaRobot1_CtrlDB.xml,EXPORT/Program blocks/OP010/10_Device/24_Robot/Robot.xml:Robot:FlgNet | EXPORT/Program blocks/OP010/03_Auto/F_Robot/ST10_Flow5_FRobot_1.xml:ST10_Flow5_FRobot_1:FlgNet | EXPORT/Program blocks/OP010/03_Auto/F_Robot/ST10_Flow5_FRobot_1_01092026_152002.xml:ST10_Flow5_FRobot_1:FlgNet | EXPORT/Program blocks/OP010/03_Auto/F_Robot/ST10_Flow5_FRobot_1_01092026_152004.xml:ST10_Flow5_FRobot_1:FlgNet | EXPORT/Program blocks/OP010/03_Auto/H_ShaftLifting&Load&Unload/ST10_Flow21_HShaftLifting.xml:ST10_Flow21_HShaftLifting:FlgNet
KukaRobot1_CtrlDB.sROBtoPLC.User.Cycle.DO249_ShaftScanPutInside,KukaRobot1_CtrlDB,5,0,0,3,Robot;ST10_Flow3_A1RotaryShaftScan;ST10_Flow5_FRobot_1,0,,EXPORT/Program blocks/OP010/10_Device/24_Robot/KukaRobot1_CtrlDB.xml,EXPORT/Program blocks/OP010/10_Device/24_Robot/Robot.xml:Robot:FlgNet | EXPORT/Program blocks/OP010/03_Auto/A1_TableLoad&Scan/ST10_Flow3_A1RotaryShaftScan.xml:ST10_Flow3_A1RotaryShaftScan:FlgNet | EXPORT/Program blocks/OP010/03_Auto/F_Robot/ST10_Flow5_FRobot_1.xml:ST10_Flow5_FRobot_1:FlgNet | EXPORT/Program blocks/OP010/03_Auto/F_Robot/ST10_Flow5_FRobot_1_01092026_152002.xml:ST10_Flow5_FRobot_1:FlgNet | EXPORT/Program blocks/OP010/03_Auto/F_Robot/ST10_Flow5_FRobot_1_01092026_152004.xml:ST10_Flow5_FRobot_1:FlgNet
KukaRobot1_CtrlDB.sROBtoPLC.User.Cycle.DO253_SScanPickInside,KukaRobot1_CtrlDB,5,0,0,3,Robot;ST10_Flow3_A1RotaryShaftScan;ST10_Flow5_FRobot_1,0,,EXPORT/Program blocks/OP010/10_Device/24_Robot/KukaRobot1_CtrlDB.xml,EXPORT/Program blocks/OP010/10_Device/24_Robot/Robot.xml:Robot:FlgNet | EXPORT/Program blocks/OP010/03_Auto/A1_TableLoad&Scan/ST10_Flow3_A1RotaryShaftScan.xml:ST10_Flow3_A1RotaryShaftScan:FlgNet | EXPORT/Program blocks/OP010/03_Auto/F_Robot/ST10_Flow5_FRobot_1.xml:ST10_Flow5_FRobot_1:FlgNet | EXPORT/Program blocks/OP010/03_Auto/F_Robot/ST10_Flow5_FRobot_1_01092026_152002.xml:ST10_Flow5_FRobot_1:FlgNet | EXPORT/Program blocks/OP010/03_Auto/F_Robot/ST10_Flow5_FRobot_1_01092026_152004.xml:ST10_Flow5_FRobot_1:FlgNet
KukaRobot1_CtrlDB.sROBtoPLC.User.Cycle.DO257_TablePickInside,KukaRobot1_CtrlDB,5,0,0,3,Robot;ST10_Flow2_A1TableUnloading;ST10_Flow5_FRobot_1,0,,EXPORT/Program blocks/OP010/10_Device/24_Robot/KukaRobot1_CtrlDB.xml,EXPORT/Program blocks/OP010/10_Device/24_Robot/Robot.xml:Robot:FlgNet | EXPORT/Program blocks/OP010/03_Auto/A1_TableLoad&Scan/ST10_Flow2_A1TableUnloading.xml:ST10_Flow2_A1TableUnloading:FlgNet | EXPORT/Program blocks/OP010/03_Auto/F_Robot/ST10_Flow5_FRobot_1.xml:ST10_Flow5_FRobot_1:FlgNet | EXPORT/Program blocks/OP010/03_Auto/F_Robot/ST10_Flow5_FRobot_1_01092026_152002.xml:ST10_Flow5_FRobot_1:FlgNet | EXPORT/Program blocks/OP010/03_Auto/F_Robot/ST10_Flow5_FRobot_1_01092026_152004.xml:ST10_Flow5_FRobot_1:FlgNet
KukaRobot1_CtrlDB.sROBtoPLC.User.Cycle.DO265_LoadNGInside,KukaRobot1_CtrlDB,13,0,0,3,Robot;ST10_Alarm;ST10_Flow5_FRobot_1,0,,EXPORT/Program blocks/OP010/10_Device/24_Robot/KukaRobot1_CtrlDB.xml,EXPORT/Program blocks/OP010/05_Alarm/ST10_Alarm.xml:ST10_Alarm:FlgNet | EXPORT/Program blocks/OP010/10_Device/24_Robot/Robot.xml:Robot:FlgNet | EXPORT/Program blocks/OP010/03_Auto/F_Robot/ST10_Flow5_FRobot_1.xml:ST10_Flow5_FRobot_1:FlgNet | EXPORT/Program blocks/OP010/03_Auto/F_Robot/ST10_Flow5_FRobot_1_01092026_152002.xml:ST10_Flow5_FRobot_1:FlgNet | EXPORT/Program blocks/OP010/03_Auto/F_Robot/ST10_Flow5_FRobot_1_01092026_152004.xml:ST10_Flow5_FRobot_1:FlgNet
KukaRobot1_CtrlDB.sROBtoPLC.User.Cycle.DO273_PressShaftPutInside,KukaRobot1_CtrlDB,5,0,0,3,Robot;ST10_Flow4_B1Press;ST10_Flow5_FRobot_1,0,,EXPORT/Program blocks/OP010/10_Device/24_Robot/KukaRobot1_CtrlDB.xml,EXPORT/Program blocks/OP010/10_Device/24_Robot/Robot.xml:Robot:FlgNet | EXPORT/Program blocks/OP010/03_Auto/B_Press/ST10_Flow4_B1Press.xml:ST10_Flow4_B1Press:FlgNet | EXPORT/Program blocks/OP010/03_Auto/F_Robot/ST10_Flow5_FRobot_1.xml:ST10_Flow5_FRobot_1:FlgNet | EXPORT/Program blocks/OP010/03_Auto/F_Robot/ST10_Flow5_FRobot_1_01092026_152002.xml:ST10_Flow5_FRobot_1:FlgNet | EXPORT/Program blocks/OP010/03_Auto/F_Robot/ST10_Flow5_FRobot_1_01092026_152004.xml:ST10_Flow5_FRobot_1:FlgNet
KukaRobot1_CtrlDB.sROBtoPLC.User.Cycle.DO277_PressRingPutInside,KukaRobot1_CtrlDB,5,0,0,3,Robot;ST10_Flow4_B1Press;ST10_Flow5_FRobot_1,0,,EXPORT/Program blocks/OP010/10_Device/24_Robot/KukaRobot1_CtrlDB.xml,EXPORT/Program blocks/OP010/10_Device/24_Robot/Robot.xml:Robot:FlgNet | EXPORT/Program blocks/OP010/03_Auto/B_Press/ST10_Flow4_B1Press.xml:ST10_Flow4_B1Press:FlgNet | EXPORT/Program blocks/OP010/03_Auto/F_Robot/ST10_Flow5_FRobot_1.xml:ST10_Flow5_FRobot_1:FlgNet | EXPORT/Program blocks/OP010/03_Auto/F_Robot/ST10_Flow5_FRobot_1_01092026_152002.xml:ST10_Flow5_FRobot_1:FlgNet | EXPORT/Program blocks/OP010/03_Auto/F_Robot/ST10_Flow5_FRobot_1_01092026_152004.xml:ST10_Flow5_FRobot_1:FlgNet
KukaRobot1_CtrlDB.sROBtoPLC.User.Home.DO163_HomeSeqOK,KukaRobot1_CtrlDB,3,0,0,3,ST10_Flow21_HShaftLifting;ST10_Flow2_A1TableUnloading;ST10_Flow3_A1RotaryShaftScan,0,,EXPORT/Program blocks/OP010/10_Device/24_Robot/KukaRobot1_CtrlDB.xml,EXPORT/Program blocks/OP010/03_Auto/A1_TableLoad&Scan/ST10_Flow2_A1TableUnloading.xml:ST10_Flow2_A1TableUnloading:FlgNet | EXPORT/Program blocks/OP010/03_Auto/A1_TableLoad&Scan/ST10_Flow3_A1RotaryShaftScan.xml:ST10_Flow3_A1RotaryShaftScan:FlgNet | EXPORT/Program blocks/OP010/03_Auto/H_ShaftLifting&Load&Unload/ST10_Flow21_HShaftLifting.xml:ST10_Flow21_HShaftLifting:FlgNet
KukaRobot1_CtrlDB.sROBtoPLC.User.Home.DO180_Robot2Area,KukaRobot1_CtrlDB,9,0,0,3,Robot;ST10_Flow3_A1RotaryShaftScan;ST10_Flow8_FRobot_2,0,,EXPORT/Program blocks/OP010/10_Device/24_Robot/KukaRobot1_CtrlDB.xml,EXPORT/Program blocks/OP010/10_Device/24_Robot/Robot.xml:Robot:FlgNet | EXPORT/Program blocks/OP010/03_Auto/A1_TableLoad&Scan/ST10_Flow3_A1RotaryShaftScan.xml:ST10_Flow3_A1RotaryShaftScan:FlgNet | EXPORT/Program blocks/OP010/03_Auto/F_Robot/ST10_Flow8_FRobot_2.xml:ST10_Flow8_FRobot_2:FlgNet
KukaRobot1_CtrlDB.sROBtoPLC.User.Safety.DO452,KukaRobot1_CtrlDB,8,0,0,3,Robot;ST10_Flow5_FRobot_1;ST10_Flow6_ToolCodeScan,0,,EXPORT/Program blocks/OP010/10_Device/24_Robot/KukaRobot1_CtrlDB.xml,EXPORT/Program blocks/OP010/10_Device/24_Robot/Robot.xml:Robot:FlgNet | EXPORT/Program blocks/OP010/03_Auto/01ChangeOver/ST10_Flow6_ToolCodeScan.xml:ST10_Flow6_ToolCodeScan:FlgNet | EXPORT/Program blocks/OP010/03_Auto/F_Robot/ST10_Flow5_FRobot_1.xml:ST10_Flow5_FRobot_1:FlgNet | EXPORT/Program blocks/OP010/03_Auto/F_Robot/ST10_Flow5_FRobot_1_01092026_152002.xml:ST10_Flow5_FRobot_1:FlgNet | EXPORT/Program blocks/OP010/03_Auto/F_Robot/ST10_Flow5_FRobot_1_01092026_152004.xml:ST10_Flow5_FRobot_1:FlgNet
KukaRobot1_CtrlDB.sROBtoPLC.User.Safety.DO460,KukaRobot1_CtrlDB,8,0,0,3,Robot;ST10_Flow5_FRobot_1;ST10_Flow6_ToolCodeScan,0,,EXPORT/Program blocks/OP010/10_Device/24_Robot/KukaRobot1_CtrlDB.xml,EXPORT/Program blocks/OP010/10_Device/24_Robot/Robot.xml:Robot:FlgNet | EXPORT/Program blocks/OP010/03_Auto/01ChangeOver/ST10_Flow6_ToolCodeScan.xml:ST10_Flow6_ToolCodeScan:FlgNet | EXPORT/Program blocks/OP010/03_Auto/F_Robot/ST10_Flow5_FRobot_1.xml:ST10_Flow5_FRobot_1:FlgNet | EXPORT/Program blocks/OP010/03_Auto/F_Robot/ST10_Flow5_FRobot_1_01092026_152002.xml:ST10_Flow5_FRobot_1:FlgNet | EXPORT/Program blocks/OP010/03_Auto/F_Robot/ST10_Flow5_FRobot_1_01092026_152004.xml:ST10_Flow5_FRobot_1:FlgNet
KukaRobot2_CtrlDB.sPLCtoROB.User.Home.DI169_RobotMoved,KukaRobot2_CtrlDB,2,2,0,3,Robot;ST10_Alarm;ST10_Flow8_FRobot_2,0,,EXPORT/Program blocks/OP010/10_Device/24_Robot/KukaRobot2_CtrlDB.xml,EXPORT/Program blocks/OP010/05_Alarm/ST10_Alarm.xml:ST10_Alarm:FlgNet | EXPORT/Program blocks/OP010/10_Device/24_Robot/Robot.xml:Robot:FlgNet | EXPORT/Program blocks/OP010/03_Auto/F_Robot/ST10_Flow8_FRobot_2.xml:ST10_Flow8_FRobot_2:FlgNet
KukaRobot2_CtrlDB.sROBtoPLC.User.Cycle.DO261_ScanPartInside,KukaRobot2_CtrlDB,5,0,0,3,Robot;ST10_Flow5_FRobot_1;ST10_Flow8_FRobot_2,0,,EXPORT/Program blocks/OP010/10_Device/24_Robot/KukaRobot2_CtrlDB.xml,EXPORT/Program blocks/OP010/10_Device/24_Robot/Robot.xml:Robot:FlgNet | EXPORT/Program blocks/OP010/03_Auto/F_Robot/ST10_Flow5_FRobot_1.xml:ST10_Flow5_FRobot_1:FlgNet | EXPORT/Program blocks/OP010/03_Auto/F_Robot/ST10_Flow5_FRobot_1_01092026_152002.xml:ST10_Flow5_FRobot_1:FlgNet | EXPORT/Program blocks/OP010/03_Auto/F_Robot/ST10_Flow5_FRobot_1_01092026_152004.xml:ST10_Flow5_FRobot_1:FlgNet | EXPORT/Program blocks/OP010/03_Auto/F_Robot/ST10_Flow8_FRobot_2.xml:ST10_Flow8_FRobot_2:FlgNet
KukaRobot2_CtrlDB.sROBtoPLC.User.Home.DO181_Robot3Area,KukaRobot2_CtrlDB,10,0,0,3,Robot;ST10_Flow15_FRobot_3;ST10_Flow6_ToolCodeScan,0,,EXPORT/Program blocks/OP010/10_Device/24_Robot/KukaRobot2_CtrlDB.xml,EXPORT/Program blocks/OP010/10_Device/24_Robot/Robot.xml:Robot:FlgNet | EXPORT/Program blocks/OP010/03_Auto/01ChangeOver/ST10_Flow6_ToolCodeScan.xml:ST10_Flow6_ToolCodeScan:FlgNet | EXPORT/Program blocks/OP010/03_Auto/F_Robot/ST10_Flow15_FRobot_3.xml:ST10_Flow15_FRobot_3:FlgNet
KukaRobot2_CtrlDB.sROBtoPLC.User.Public.GO7_Pallet1Count,KukaRobot2_CtrlDB,0,0,4,3,Robot;ST10_Flow22_JMagnetLifting;ST10_Flow23_KReserveLifting,0,,EXPORT/Program blocks/OP010/10_Device/24_Robot/KukaRobot2_CtrlDB.xml,EXPORT/Program blocks/OP010/10_Device/24_Robot/Robot.xml:Robot:FlgNet | EXPORT/Program blocks/OP010/03_Auto/J_MagnetLifting&Load&Unload/ST10_Flow22_JMagnetLifting.xml:ST10_Flow22_JMagnetLifting:FlgNet | EXPORT/Program blocks/OP010/03_Auto/L_Unload/K_ReserveLifting&Load&Unload/ST10_Flow23_KReserveLifting.xml:ST10_Flow23_KReserveLifting:FlgNet
KukaRobot3_CtrlDB.sPLCtoROB.User.Home.DI169_RobotMoved,KukaRobot3_CtrlDB,2,2,0,3,Robot;ST10_Alarm;ST10_Flow15_FRobot_3,0,,EXPORT/Program blocks/OP010/10_Device/24_Robot/KukaRobot3_CtrlDB.xml,EXPORT/Program blocks/OP010/05_Alarm/ST10_Alarm.xml:ST10_Alarm:FlgNet | EXPORT/Program blocks/OP010/10_Device/24_Robot/Robot.xml:Robot:FlgNet | EXPORT/Program blocks/OP010/03_Auto/F_Robot/ST10_Flow15_FRobot_3.xml:ST10_Flow15_FRobot_3:FlgNet
KukaRobot3_CtrlDB.sROBtoPLC.User.Cycle.DO249_PickMagnetInside,KukaRobot3_CtrlDB,10,0,0,3,Robot;ST10_Flow15_FRobot_3;ST10_Flow8_FRobot_2,0,,EXPORT/Program blocks/OP010/10_Device/24_Robot/KukaRobot3_CtrlDB.xml,EXPORT/Program blocks/OP010/10_Device/24_Robot/Robot.xml:Robot:FlgNet | EXPORT/Program blocks/OP010/03_Auto/F_Robot/ST10_Flow15_FRobot_3.xml:ST10_Flow15_FRobot_3:FlgNet | EXPORT/Program blocks/OP010/03_Auto/F_Robot/ST10_Flow8_FRobot_2.xml:ST10_Flow8_FRobot_2:FlgNet
KukaRobot3_CtrlDB.sROBtoPLC.User.Cycle.DO253_PickGlueNGInside,KukaRobot3_CtrlDB,10,0,0,3,Robot;ST10_Flow15_FRobot_3;ST10_Flow8_FRobot_2,0,,EXPORT/Program blocks/OP010/10_Device/24_Robot/KukaRobot3_CtrlDB.xml,EXPORT/Program blocks/OP010/10_Device/24_Robot/Robot.xml:Robot:FlgNet | EXPORT/Program blocks/OP010/03_Auto/F_Robot/ST10_Flow15_FRobot_3.xml:ST10_Flow15_FRobot_3:FlgNet | EXPORT/Program blocks/OP010/03_Auto/F_Robot/ST10_Flow8_FRobot_2.xml:ST10_Flow8_FRobot_2:FlgNet
KukaRobot3_CtrlDB.sROBtoPLC.User.Cycle.DO257_PickTableInside,KukaRobot3_CtrlDB,3,0,0,3,Robot;ST10_Flow12_A2TableUnloading;ST10_Flow15_FRobot_3,0,,EXPORT/Program blocks/OP010/10_Device/24_Robot/KukaRobot3_CtrlDB.xml,EXPORT/Program blocks/OP010/10_Device/24_Robot/Robot.xml:Robot:FlgNet | EXPORT/Program blocks/OP010/03_Auto/A2_TableLoad&Scan/ST10_Flow12_A2TableUnloading.xml:ST10_Flow12_A2TableUnloading:FlgNet | EXPORT/Program blocks/OP010/03_Auto/F_Robot/ST10_Flow15_FRobot_3.xml:ST10_Flow15_FRobot_3:FlgNet
KukaRobot3_CtrlDB.sROBtoPLC.User.Cycle.DO265_LoadNGInside,KukaRobot3_CtrlDB,7,0,0,3,Robot;ST10_Alarm;ST10_Flow15_FRobot_3,0,,EXPORT/Program blocks/OP010/10_Device/24_Robot/KukaRobot3_CtrlDB.xml,EXPORT/Program blocks/OP010/05_Alarm/ST10_Alarm.xml:ST10_Alarm:FlgNet | EXPORT/Program blocks/OP010/10_Device/24_Robot/Robot.xml:Robot:FlgNet | EXPORT/Program blocks/OP010/03_Auto/F_Robot/ST10_Flow15_FRobot_3.xml:ST10_Flow15_FRobot_3:FlgNet
KukaRobot3_CtrlDB.sROBtoPLC.User.Cycle.DO281_PressPickInside,KukaRobot3_CtrlDB,5,0,0,3,Robot;ST10_Flow14_B2Press;ST10_Flow15_FRobot_3,0,,EXPORT/Program blocks/OP010/10_Device/24_Robot/KukaRobot3_CtrlDB.xml,EXPORT/Program blocks/OP010/10_Device/24_Robot/Robot.xml:Robot:FlgNet | EXPORT/Program blocks/OP010/03_Auto/B_Press/ST10_Flow14_B2Press.xml:ST10_Flow14_B2Press:FlgNet | EXPORT/Program blocks/OP010/03_Auto/F_Robot/ST10_Flow15_FRobot_3.xml:ST10_Flow15_FRobot_3:FlgNet
KukaRobot3_CtrlDB.sROBtoPLC.User.Cycle.DO289_PutOkPartInside,KukaRobot3_CtrlDB,6,0,0,3,Robot;ST10_Flow15_FRobot_3;ST10_Flow24_LUnloadingTrans,0,,EXPORT/Program blocks/OP010/10_Device/24_Robot/KukaRobot3_CtrlDB.xml,EXPORT/Program blocks/OP010/10_Device/24_Robot/Robot.xml:Robot:FlgNet | EXPORT/Program blocks/OP010/03_Auto/F_Robot/ST10_Flow15_FRobot_3.xml:ST10_Flow15_FRobot_3:FlgNet | EXPORT/Program blocks/OP010/03_Auto/L_Unload/ST10_Flow24_LUnloadingTrans.xml:ST10_Flow24_LUnloadingTrans:FlgNet
KukaRobot3_CtrlDB.sROBtoPLC.User.Home.DO177_PressPut1Area,KukaRobot3_CtrlDB,4,0,0,3,KistlerPresser_Main;ST10_Flow14_B2Press;ST10_Flow8_FRobot_2,0,,EXPORT/Program blocks/OP010/10_Device/24_Robot/KukaRobot3_CtrlDB.xml,EXPORT/Program blocks/OP010/10_Device/23_Kistler/KistlerPresser_Main.xml:KistlerPresser_Main:FlgNet | EXPORT/Program blocks/OP010/03_Auto/B_Press/ST10_Flow14_B2Press.xml:ST10_Flow14_B2Press:FlgNet | EXPORT/Program blocks/OP010/03_Auto/F_Robot/ST10_Flow8_FRobot_2.xml:ST10_Flow8_FRobot_2:FlgNet
KukaRobot3_CtrlDB.sROBtoPLC.User.Home.DO178_Robot2Area,KukaRobot3_CtrlDB,11,0,0,3,Robot;ST10_Flow14_B2Press;ST10_Flow8_FRobot_2,0,,EXPORT/Program blocks/OP010/10_Device/24_Robot/KukaRobot3_CtrlDB.xml,EXPORT/Program blocks/OP010/10_Device/24_Robot/Robot.xml:Robot:FlgNet | EXPORT/Program blocks/OP010/03_Auto/B_Press/ST10_Flow14_B2Press.xml:ST10_Flow14_B2Press:FlgNet | EXPORT/Program blocks/OP010/03_Auto/F_Robot/ST10_Flow8_FRobot_2.xml:ST10_Flow8_FRobot_2:FlgNet
L-UnloadinPalletEmptyCheck1,L-UnloadinPalletEmptyCheck1,6,0,0,3,ST10_Alarm;ST10_Auto;ST10_Flow28_LUnloadingLoad&Unload,0,,EXPORT/PLC tags/IO/RemoteIO_DI_2.xml,EXPORT/Program blocks/OP010/03_Auto/ST10_Auto.xml:ST10_Auto:FlgNet | EXPORT/Program blocks/OP010/05_Alarm/ST10_Alarm.xml:ST10_Alarm:FlgNet | EXPORT/Program blocks/OP010/03_Auto/L_Unload/ST10_Flow28_LUnloadingLoad&Unload.xml:ST10_Flow28_LUnloadingLoad&Unload:FlgNet
L-UnloadinPalletEmptyCheck2,L-UnloadinPalletEmptyCheck2,6,0,0,3,ST10_Alarm;ST10_Auto;ST10_Flow28_LUnloadingLoad&Unload,0,,EXPORT/PLC tags/IO/RemoteIO_DI_2.xml,EXPORT/Program blocks/OP010/03_Auto/ST10_Auto.xml:ST10_Auto:FlgNet | EXPORT/Program blocks/OP010/05_Alarm/ST10_Alarm.xml:ST10_Alarm:FlgNet | EXPORT/Program blocks/OP010/03_Auto/L_Unload/ST10_Flow28_LUnloadingLoad&Unload.xml:ST10_Flow28_LUnloadingLoad&Unload:FlgNet
L-UnloadinTakeGateDetection,L-UnloadinTakeGateDetection,5,0,0,3,ST10_Alarm;ST10_Auto;ST10_Flow28_LUnloadingLoad&Unload,0,,EXPORT/PLC tags/IO/RemoteIO_DI_2.xml,EXPORT/Program blocks/OP010/03_Auto/ST10_Auto.xml:ST10_Auto:FlgNet | EXPORT/Program blocks/OP010/05_Alarm/ST10_Alarm.xml:ST10_Alarm:FlgNet | EXPORT/Program blocks/OP010/03_Auto/L_Unload/ST10_Flow28_LUnloadingLoad&Unload.xml:ST10_Flow28_LUnloadingLoad&Unload:FlgNet
MEStoPLC.MES.Load_Station1PartNG,MEStoPLC,6,0,1,3,MES_CHeck;ST10_Flow11_A2TableScan;ST10_Flow3_A1RotaryShaftScan,0,,EXPORT/Program blocks/OP010/11_MES/MEStoPLC.xml,EXPORT/Program blocks/OP010/11_MES/MES_CHeck.xml:MES_CHeck:FlgNet | EXPORT/Program blocks/OP010/03_Auto/A1_TableLoad&Scan/ST10_Flow3_A1RotaryShaftScan.xml:ST10_Flow3_A1RotaryShaftScan:FlgNet | EXPORT/Program blocks/OP010/03_Auto/A2_TableLoad&Scan/ST10_Flow11_A2TableScan.xml:ST10_Flow11_A2TableScan:FlgNet
MEStoPLC.MES.Load_Station1PartOK,MEStoPLC,6,0,1,3,MES_CHeck;ST10_Flow11_A2TableScan;ST10_Flow3_A1RotaryShaftScan,0,,EXPORT/Program blocks/OP010/11_MES/MEStoPLC.xml,EXPORT/Program blocks/OP010/11_MES/MES_CHeck.xml:MES_CHeck:FlgNet | EXPORT/Program blocks/OP010/03_Auto/A1_TableLoad&Scan/ST10_Flow3_A1RotaryShaftScan.xml:ST10_Flow3_A1RotaryShaftScan:FlgNet | EXPORT/Program blocks/OP010/03_Auto/A2_TableLoad&Scan/ST10_Flow11_A2TableScan.xml:ST10_Flow11_A2TableScan:FlgNet
MEStoPLC.MES.Load_Station1ReqMesDone,MEStoPLC,8,0,1,3,MES_CHeck;ST10_Flow11_A2TableScan;ST10_Flow3_A1RotaryShaftScan,0,,EXPORT/Program blocks/OP010/11_MES/MEStoPLC.xml,EXPORT/Program blocks/OP010/11_MES/MES_CHeck.xml:MES_CHeck:FlgNet | EXPORT/Program blocks/OP010/03_Auto/A1_TableLoad&Scan/ST10_Flow3_A1RotaryShaftScan.xml:ST10_Flow3_A1RotaryShaftScan:FlgNet | EXPORT/Program blocks/OP010/03_Auto/A2_TableLoad&Scan/ST10_Flow11_A2TableScan.xml:ST10_Flow11_A2TableScan:FlgNet
PLCtoMES.PLC.Load_Station1ChickInReq,PLCtoMES,2,0,1,3,MES_CHeck;ST10_Flow11_A2TableScan;ST10_Flow3_A1RotaryShaftScan,0,,EXPORT/Program blocks/OP010/11_MES/PLCtoMES.xml,EXPORT/Program blocks/OP010/11_MES/MES_CHeck.xml:MES_CHeck:FlgNet | EXPORT/Program blocks/OP010/03_Auto/A1_TableLoad&Scan/ST10_Flow3_A1RotaryShaftScan.xml:ST10_Flow3_A1RotaryShaftScan:FlgNet | EXPORT/Program blocks/OP010/03_Auto/A2_TableLoad&Scan/ST10_Flow11_A2TableScan.xml:ST10_Flow11_A2TableScan:FlgNet
PalletNGData.LoadingNGPallet.OpenFlag,PalletNGData,45,3,0,3,NG;ST10_Flow5_FRobot_1;ST10_Output,0,,EXPORT/Program blocks/OP010/10_Device/29_NG/PalletNGData.xml,EXPORT/Program blocks/OP010/02_Output/ST10_Output.xml:ST10_Output:FlgNet | EXPORT/Program blocks/OP010/10_Device/29_NG/NG.xml:NG:FlgNet | EXPORT/Program blocks/OP010/03_Auto/F_Robot/ST10_Flow5_FRobot_1.xml:ST10_Flow5_FRobot_1:FlgNet | EXPORT/Program blocks/OP010/03_Auto/F_Robot/ST10_Flow5_FRobot_1_01092026_152002.xml:ST10_Flow5_FRobot_1:FlgNet | EXPORT/Program blocks/OP010/03_Auto/F_Robot/ST10_Flow5_FRobot_1_01092026_152004.xml:ST10_Flow5_FRobot_1:FlgNet
PalletNGData.UnLoadingNGPallet.OpenFlag,PalletNGData,16,3,0,3,NG;ST10_Flow15_FRobot_3;ST10_Output,0,,EXPORT/Program blocks/OP010/10_Device/29_NG/PalletNGData.xml,EXPORT/Program blocks/OP010/02_Output/ST10_Output.xml:ST10_Output:FlgNet | EXPORT/Program blocks/OP010/10_Device/29_NG/NG.xml:NG:FlgNet | EXPORT/Program blocks/OP010/03_Auto/F_Robot/ST10_Flow15_FRobot_3.xml:ST10_Flow15_FRobot_3:FlgNet
PilzData.85A1.I12,PilzData,3,0,0,3,Pilz;ST10_Alarm;ST10_Main,1,PilzData_85A1_I12,EXPORT/Program blocks/OP010/10_Device/27_Pilz/PilzData.xml,EXPORT/Program blocks/OP010/00_Main/ST10_Main.xml:ST10_Main:FlgNet | EXPORT/Program blocks/OP010/05_Alarm/ST10_Alarm.xml:ST10_Alarm:FlgNet | EXPORT/Program blocks/OP010/10_Device/27_Pilz/Pilz.xml:Pilz:FlgNet
PilzData.85A1.I13,PilzData,3,0,0,3,Pilz;ST10_Alarm;ST10_Main,1,PilzData_85A1_I13,EXPORT/Program blocks/OP010/10_Device/27_Pilz/PilzData.xml,EXPORT/Program blocks/OP010/00_Main/ST10_Main.xml:ST10_Main:FlgNet | EXPORT/Program blocks/OP010/05_Alarm/ST10_Alarm.xml:ST10_Alarm:FlgNet | EXPORT/Program blocks/OP010/10_Device/27_Pilz/Pilz.xml:Pilz:FlgNet
PilzData.85A2.I0,PilzData,5,0,0,3,Motorr;Pilz;ST10_Alarm,1,PilzData_85A2_I0,EXPORT/Program blocks/OP010/10_Device/27_Pilz/PilzData.xml,EXPORT/Program blocks/OP010/05_Alarm/ST10_Alarm.xml:ST10_Alarm:FlgNet | EXPORT/Program blocks/OP010/10_Device/27_Pilz/Pilz.xml:Pilz:FlgNet | EXPORT/Program blocks/OP010/10_Device/31_Motor_1/Motorr.xml:Motorr:FlgNet
PilzData.85A2.I1,PilzData,5,0,0,3,Motorr;Pilz;ST10_Alarm,1,PilzData_85A2_I1,EXPORT/Program blocks/OP010/10_Device/27_Pilz/PilzData.xml,EXPORT/Program blocks/OP010/05_Alarm/ST10_Alarm.xml:ST10_Alarm:FlgNet | EXPORT/Program blocks/OP010/10_Device/27_Pilz/Pilz.xml:Pilz:FlgNet | EXPORT/Program blocks/OP010/10_Device/31_Motor_1/Motorr.xml:Motorr:FlgNet
PilzData.85A2.I2,PilzData,5,0,0,3,Motorr;Pilz;ST10_Alarm,1,PilzData_85A2_I2,EXPORT/Program blocks/OP010/10_Device/27_Pilz/PilzData.xml,EXPORT/Program blocks/OP010/05_Alarm/ST10_Alarm.xml:ST10_Alarm:FlgNet | EXPORT/Program blocks/OP010/10_Device/27_Pilz/Pilz.xml:Pilz:FlgNet | EXPORT/Program blocks/OP010/10_Device/31_Motor_1/Motorr.xml:Motorr:FlgNet
PilzData.85A2.I3,PilzData,5,0,0,3,Motorr;Pilz;ST10_Alarm,1,PilzData_85A2_I3,EXPORT/Program blocks/OP010/10_Device/27_Pilz/PilzData.xml,EXPORT/Program blocks/OP010/05_Alarm/ST10_Alarm.xml:ST10_Alarm:FlgNet | EXPORT/Program blocks/OP010/10_Device/27_Pilz/Pilz.xml:Pilz:FlgNet | EXPORT/Program blocks/OP010/10_Device/31_Motor_1/Motorr.xml:Motorr:FlgNet
PilzData.85A2.I4,PilzData,5,0,0,3,Motorr;Pilz;ST10_Alarm,1,PilzData_85A2_I4,EXPORT/Program blocks/OP010/10_Device/27_Pilz/PilzData.xml,EXPORT/Program blocks/OP010/05_Alarm/ST10_Alarm.xml:ST10_Alarm:FlgNet | EXPORT/Program blocks/OP010/10_Device/27_Pilz/Pilz.xml:Pilz:FlgNet | EXPORT/Program blocks/OP010/10_Device/31_Motor_1/Motorr.xml:Motorr:FlgNet
PilzData.85A2.I5,PilzData,5,0,0,3,Motorr;Pilz;ST10_Alarm,1,PilzData_85A2_I5,EXPORT/Program blocks/OP010/10_Device/27_Pilz/PilzData.xml,EXPORT/Program blocks/OP010/05_Alarm/ST10_Alarm.xml:ST10_Alarm:FlgNet | EXPORT/Program blocks/OP010/10_Device/27_Pilz/Pilz.xml:Pilz:FlgNet | EXPORT/Program blocks/OP010/10_Device/31_Motor_1/Motorr.xml:Motorr:FlgNet
PilzData.85A2.I6,PilzData,4,0,0,3,Motorr;Pilz;ST10_Alarm,1,PilzData_85A2_I6,EXPORT/Program blocks/OP010/10_Device/27_Pilz/PilzData.xml,EXPORT/Program blocks/OP010/05_Alarm/ST10_Alarm.xml:ST10_Alarm:FlgNet | EXPORT/Program blocks/OP010/10_Device/27_Pilz/Pilz.xml:Pilz:FlgNet | EXPORT/Program blocks/OP010/10_Device/31_Motor_1/Motorr.xml:Motorr:FlgNet
PilzData.85A2.I7,PilzData,4,0,0,3,Motorr;Pilz;ST10_Alarm,1,PilzData_85A2_I7,EXPORT/Program blocks/OP010/10_Device/27_Pilz/PilzData.xml,EXPORT/Program blocks/OP010/05_Alarm/ST10_Alarm.xml:ST10_Alarm:FlgNet | EXPORT/Program blocks/OP010/10_Device/27_Pilz/Pilz.xml:Pilz:FlgNet | EXPORT/Program blocks/OP010/10_Device/31_Motor_1/Motorr.xml:Motorr:FlgNet
ST10_GeneralData.FunctionDeSelect.C.FunctionDeSelected_IV3810A1,ST10_GeneralData,9,1,0,3,ST10_Flow7_CGlueing;ST10_Main;ST10_Warning,1,ST10_GeneralData_FunctionDeSelect_C_FunctionDeSelected_IV3810A1,EXPORT/Program blocks/OP010/00_Main/ST10_GeneralData.xml,EXPORT/Program blocks/OP010/00_Main/ST10_Main.xml:ST10_Main:StructuredText | EXPORT/Program blocks/OP010/06_Warning/ST10_Warning.xml:ST10_Warning:FlgNet | EXPORT/Program blocks/OP010/03_Auto/C_Glue/ST10_Flow7_CGlueing.xml:ST10_Flow7_CGlueing:FlgNet
ST10_GeneralData.FunctionDeSelect.C.FunctionDeSelected_IV3811A1,ST10_GeneralData,3,1,0,3,ST10_Flow7_CGlueing;ST10_Main;ST10_Warning,1,ST10_GeneralData_FunctionDeSelect_C_FunctionDeSelected_IV3811A1,EXPORT/Program blocks/OP010/00_Main/ST10_GeneralData.xml,EXPORT/Program blocks/OP010/00_Main/ST10_Main.xml:ST10_Main:StructuredText | EXPORT/Program blocks/OP010/06_Warning/ST10_Warning.xml:ST10_Warning:FlgNet | EXPORT/Program blocks/OP010/03_Auto/C_Glue/ST10_Flow7_CGlueing.xml:ST10_Flow7_CGlueing:FlgNet
ST10_GeneralData.FunctionDeSelect.Global.FunctionDeSelected_ScanFixture,ST10_GeneralData,3,1,0,3,ChangeOverProcess;ST10_Main;ST10_Warning,1,ST10_GeneralData_FunctionDeSelect_Global_FunctionDeSelected_ScanFixture,EXPORT/Program blocks/OP010/00_Main/ST10_GeneralData.xml,EXPORT/Program blocks/OP010/00_Main/ST10_Main.xml:ST10_Main:StructuredText | EXPORT/Program blocks/OP010/06_Warning/ST10_Warning.xml:ST10_Warning:FlgNet | EXPORT/Program blocks/OP010/03_Auto/01ChangeOver/ChangeOverProcess.xml:ChangeOverProcess:FlgNet
ST10_GeneralData.FunctionDeSelect.MES.FunctionDeSelected,ST10_GeneralData,2,1,0,3,ST10_ChangeOver;ST10_Main;ST10_Warning,1,ST10_GeneralData_FunctionDeSelect_MES_FunctionDeSelected,EXPORT/Program blocks/OP010/00_Main/ST10_GeneralData.xml,EXPORT/Program blocks/OP010/00_Main/ST10_Main.xml:ST10_Main:StructuredText | EXPORT/Program blocks/OP010/06_Warning/ST10_Warning.xml:ST10_Warning:FlgNet | EXPORT/Program blocks/OP010/08_ChangeOver/ST10_ChangeOver.xml:ST10_ChangeOver:FlgNet
ST10_RecipeDB.ParameterElement.TypeID,ST10_RecipeDB,0,0,10,3,KistlerPresser_Main;MES;ST10_Auto,1,RecipeDB_ParameterElement_TypeID,EXPORT/Program blocks/OP010/08_ChangeOver/ST10_RecipeDB.xml,EXPORT/Program blocks/OP010/03_Auto/ST10_Auto.xml:ST10_Auto:FlgNet | EXPORT/Program blocks/OP010/11_MES/MES.xml:MES:FlgNet | EXPORT/Program blocks/OP010/10_Device/23_Kistler/KistlerPresser_Main.xml:KistlerPresser_Main:FlgNet
ST10_RecipeDB.Recipe.RecordName,ST10_RecipeDB,0,0,6,3,ChangeOverProcess;ST10_ChangeOver;ST10_Flow6_ToolCodeScan,1,RecipeDB_Recipe_RecordName,EXPORT/Program blocks/OP010/08_ChangeOver/ST10_RecipeDB.xml,EXPORT/Program blocks/OP010/08_ChangeOver/ST10_ChangeOver.xml:ST10_ChangeOver:FlgNet | EXPORT/Program blocks/OP010/03_Auto/01ChangeOver/ChangeOverProcess.xml:ChangeOverProcess:FlgNet | EXPORT/Program blocks/OP010/03_Auto/01ChangeOver/ST10_Flow6_ToolCodeScan.xml:ST10_Flow6_ToolCodeScan:FlgNet
ST10_SysInput.HMI_Button.ResetButton,ST10_SysInput,5,1,0,3,ST10_Input;ST10_Main;V90_Servo,0,,EXPORT/Program blocks/OP010/01_Input/ST10_SysInput.xml,EXPORT/Program blocks/OP010/00_Main/ST10_Main.xml:ST10_Main:FlgNet | EXPORT/Program blocks/OP010/01_Input/ST10_Input.xml:ST10_Input:StructuredText | EXPORT/Program blocks/OP010/10_Device/25_V90/V90_Servo.xml:V90_Servo:FlgNet
ST10_SysInput.iE-StopPB,ST10_SysInput,23,0,0,3,ST10_Alarm;ST10_Main;ST10_Tip,0,,EXPORT/Program blocks/OP010/01_Input/ST10_SysInput.xml,EXPORT/Program blocks/OP010/00_Main/ST10_Main.xml:ST10_Main:FlgNet | EXPORT/Program blocks/OP010/05_Alarm/ST10_Alarm.xml:ST10_Alarm:FlgNet | EXPORT/Program blocks/OP010/07_Tip/ST10_Tip.xml:ST10_Tip:FlgNet
ServoV90_A2.Out.oReady,ServoV90_A2,9,1,0,3,ST10_Alarm;ST10_Flow3_A1RotaryShaftScan;V90_Servo,0,,EXPORT/Program blocks/OP010/10_Device/25_V90/ServoV90_A2.xml,EXPORT/Program blocks/OP010/05_Alarm/ST10_Alarm.xml:ST10_Alarm:FlgNet | EXPORT/Program blocks/OP010/10_Device/25_V90/V90_Servo.xml:V90_Servo:FlgNet | EXPORT/Program blocks/OP010/03_Auto/A1_TableLoad&Scan/ST10_Flow3_A1RotaryShaftScan.xml:ST10_Flow3_A1RotaryShaftScan:FlgNet
ServoV90_A3.Out.oActPosition,ServoV90_A3,1,2,14,3,ST10_Flow7_CGlueing;V90_Servo;块_1,0,,EXPORT/Program blocks/OP010/10_Device/25_V90/ServoV90_A3.xml,EXPORT/Program blocks/OP010/10_Device/25_V90/V90_Servo.xml:V90_Servo:FlgNet | EXPORT/Program blocks/OP010/10_Device/25_V90/V90_Servo.xml:V90_Servo:StructuredText | EXPORT/Program blocks/OP010/10_Device/25_V90/Patch/块_1.xml:块_1:StructuredText | EXPORT/Program blocks/OP010/03_Auto/C_Glue/ST10_Flow7_CGlueing.xml:ST10_Flow7_CGlueing:FlgNet
ServoV90_A3.Out.oReady,ServoV90_A3,3,1,0,3,ST10_Alarm;ST10_Flow7_CGlueing;V90_Servo,0,,EXPORT/Program blocks/OP010/10_Device/25_V90/ServoV90_A3.xml,EXPORT/Program blocks/OP010/05_Alarm/ST10_Alarm.xml:ST10_Alarm:FlgNet | EXPORT/Program blocks/OP010/10_Device/25_V90/V90_Servo.xml:V90_Servo:FlgNet | EXPORT/Program blocks/OP010/03_Auto/C_Glue/ST10_Flow7_CGlueing.xml:ST10_Flow7_CGlueing:FlgNet
Station_Sys.Auto.Running,Station_Sys,33,0,0,3,ST10_Alarm;ST10_Output;ST10_StopperCtrl,0,,EXPORT/Program blocks/OP010/00_Main/Station_Sys.xml,EXPORT/Program blocks/OP010/02_Output/ST10_Output.xml:ST10_Output:FlgNet | EXPORT/Program blocks/OP010/05_Alarm/ST10_Alarm.xml:ST10_Alarm:FlgNet | EXPORT/Program blocks/OP010/10_Device/26_Stopper/ST10_StopperCtrl.xml:ST10_StopperCtrl:FlgNet
Station_Sys.Initial.OK,Station_Sys,5,0,0,3,ST10_Output;ST10_Tip;ST10_Warning,0,,EXPORT/Program blocks/OP010/00_Main/Station_Sys.xml,EXPORT/Program blocks/OP010/02_Output/ST10_Output.xml:ST10_Output:FlgNet | EXPORT/Program blocks/OP010/06_Warning/ST10_Warning.xml:ST10_Warning:FlgNet | EXPORT/Program blocks/OP010/07_Tip/ST10_Tip.xml:ST10_Tip:FlgNet
Station_Sys.Status.ControlOn,Station_Sys,7,1,0,3,ST10_Main;ST10_Output;ST10_Tip,0,,EXPORT/Program blocks/OP010/00_Main/Station_Sys.xml,EXPORT/Program blocks/OP010/00_Main/ST10_Main.xml:ST10_Main:FlgNet | EXPORT/Program blocks/OP010/02_Output/ST10_Output.xml:ST10_Output:FlgNet | EXPORT/Program blocks/OP010/07_Tip/ST10_Tip.xml:ST10_Tip:FlgNet
iA-Loading-01GripperTakeDetection,iA-Loading-01GripperTakeDetection,7,0,0,3,ChangeOverProcess;ST10_Flow2_A1TableUnloading;ST10_Flow7_CGlueing,0,,EXPORT/PLC tags/IO/RemoteIO_DI_1.xml,EXPORT/Program blocks/OP010/03_Auto/01ChangeOver/ChangeOverProcess.xml:ChangeOverProcess:FlgNet | EXPORT/Program blocks/OP010/03_Auto/A1_TableLoad&Scan/ST10_Flow2_A1TableUnloading.xml:ST10_Flow2_A1TableUnloading:FlgNet | EXPORT/Program blocks/OP010/03_Auto/C_Glue/ST10_Flow7_CGlueing.xml:ST10_Flow7_CGlueing:FlgNet
iALightCurtain_1,iALightCurtain_1,6,0,0,3,ST10Cyl_interface1-10;ST10_Alarm;V90_Servo,0,,EXPORT/PLC tags/IO/PLCIO_DI.xml,EXPORT/Program blocks/OP010/05_Alarm/ST10_Alarm.xml:ST10_Alarm:FlgNet | EXPORT/Program blocks/OP010/10_Device/01_Cylinder/ST10Cyl_interface1-10.xml:ST10Cyl_interface1-10:FlgNet | EXPORT/Program blocks/OP010/10_Device/25_V90/V90_Servo.xml:V90_Servo:FlgNet
iALightCurtain_2,iALightCurtain_2,6,0,0,3,ST10Cyl_interface1-10;ST10_Alarm;V90_Servo,0,,EXPORT/PLC tags/IO/PLCIO_DI.xml,EXPORT/Program blocks/OP010/05_Alarm/ST10_Alarm.xml:ST10_Alarm:FlgNet | EXPORT/Program blocks/OP010/10_Device/01_Cylinder/ST10Cyl_interface1-10.xml:ST10Cyl_interface1-10:FlgNet | EXPORT/Program blocks/OP010/10_Device/25_V90/V90_Servo.xml:V90_Servo:FlgNet
iE-NG-03MagnetDispenseNGDetection,iE-NG-03MagnetDispenseNGDetection,8,0,0,3,Robot;ST10_Flow15_FRobot_3;ST10_Flow8_FRobot_2,0,,EXPORT/PLC tags/IO/RemoteIO_DI_1.xml,EXPORT/Program blocks/OP010/10_Device/24_Robot/Robot.xml:Robot:FlgNet | EXPORT/Program blocks/OP010/03_Auto/F_Robot/ST10_Flow15_FRobot_3.xml:ST10_Flow15_FRobot_3:FlgNet | EXPORT/Program blocks/OP010/03_Auto/F_Robot/ST10_Flow8_FRobot_2.xml:ST10_Flow8_FRobot_2:FlgNet
iE-NG-03ShaftDispenseNGDetection,iE-NG-03ShaftDispenseNGDetection,5,0,0,3,Robot;ST10_Flow15_FRobot_3;ST10_Flow8_FRobot_2,0,,EXPORT/PLC tags/IO/RemoteIO_DI_1.xml,EXPORT/Program blocks/OP010/10_Device/24_Robot/Robot.xml:Robot:FlgNet | EXPORT/Program blocks/OP010/03_Auto/F_Robot/ST10_Flow15_FRobot_3.xml:ST10_Flow15_FRobot_3:FlgNet | EXPORT/Program blocks/OP010/03_Auto/F_Robot/ST10_Flow8_FRobot_2.xml:ST10_Flow8_FRobot_2:FlgNet
iF-ROOBT1Gripper1CylinderInHP,iF-ROOBT1Gripper1CylinderInHP,50,0,0,3,Robot;ST10Cyl_interface11-20;ST10_Flow5_FRobot_1,0,,EXPORT/PLC tags/IO/RemoteIO_DI_1.xml,EXPORT/Program blocks/OP010/10_Device/01_Cylinder/ST10Cyl_interface11-20.xml:ST10Cyl_interface11-20:StructuredText | EXPORT/Program blocks/OP010/10_Device/24_Robot/Robot.xml:Robot:FlgNet | EXPORT/Program blocks/OP010/03_Auto/F_Robot/ST10_Flow5_FRobot_1.xml:ST10_Flow5_FRobot_1:FlgNet | EXPORT/Program blocks/OP010/03_Auto/F_Robot/ST10_Flow5_FRobot_1_01092026_152002.xml:ST10_Flow5_FRobot_1:FlgNet | EXPORT/Program blocks/OP010/03_Auto/F_Robot/ST10_Flow5_FRobot_1_01092026_152004.xml:ST10_Flow5_FRobot_1:FlgNet
iH-shaftLoadingDetection1,iH-shaftLoadingDetection1,3,0,0,3,ST10_Auto;ST10_Flow25_HShaftLoad&Unload;ST10_StopperCtrl,0,,EXPORT/PLC tags/IO/RemoteIO_DI_2.xml,EXPORT/Program blocks/OP010/03_Auto/ST10_Auto.xml:ST10_Auto:FlgNet | EXPORT/Program blocks/OP010/10_Device/26_Stopper/ST10_StopperCtrl.xml:ST10_StopperCtrl:FlgNet | EXPORT/Program blocks/OP010/03_Auto/H_ShaftLifting&Load&Unload/ST10_Flow25_HShaftLoad&Unload.xml:ST10_Flow25_HShaftLoad&Unload:FlgNet
iH-shaftPalletEmptyCheck4,iH-shaftPalletEmptyCheck4,7,0,0,3,ST10_Auto;ST10_Flow25_HShaftLoad&Unload;ST10_Flow28_LUnloadingLoad&Unload,0,,EXPORT/PLC tags/IO/RemoteIO_DI_2.xml,EXPORT/Program blocks/OP010/03_Auto/ST10_Auto.xml:ST10_Auto:FlgNet | EXPORT/Program blocks/OP010/03_Auto/H_ShaftLifting&Load&Unload/ST10_Flow25_HShaftLoad&Unload.xml:ST10_Flow25_HShaftLoad&Unload:FlgNet | EXPORT/Program blocks/OP010/03_Auto/L_Unload/ST10_Flow28_LUnloadingLoad&Unload.xml:ST10_Flow28_LUnloadingLoad&Unload:FlgNet
iH-shaftTakeDetection2,iH-shaftTakeDetection2,7,0,0,3,ST10_Alarm;ST10_Flow25_HShaftLoad&Unload;ST10_StopperCtrl,0,,EXPORT/PLC tags/IO/RemoteIO_DI_2.xml,EXPORT/Program blocks/OP010/05_Alarm/ST10_Alarm.xml:ST10_Alarm:FlgNet | EXPORT/Program blocks/OP010/10_Device/26_Stopper/ST10_StopperCtrl.xml:ST10_StopperCtrl:FlgNet | EXPORT/Program blocks/OP010/03_Auto/H_ShaftLifting&Load&Unload/ST10_Flow25_HShaftLoad&Unload.xml:ST10_Flow25_HShaftLoad&Unload:FlgNet
iH-shaftTakeDetection3,iH-shaftTakeDetection3,7,0,0,3,ST10_Alarm;ST10_Flow25_HShaftLoad&Unload;ST10_StopperCtrl,0,,EXPORT/PLC tags/IO/RemoteIO_DI_2.xml,EXPORT/Program blocks/OP010/05_Alarm/ST10_Alarm.xml:ST10_Alarm:FlgNet | EXPORT/Program blocks/OP010/10_Device/26_Stopper/ST10_StopperCtrl.xml:ST10_StopperCtrl:FlgNet | EXPORT/Program blocks/OP010/03_Auto/H_ShaftLifting&Load&Unload/ST10_Flow25_HShaftLoad&Unload.xml:ST10_Flow25_HShaftLoad&Unload:FlgNet
iH-shaftTakeGateDetection,iH-shaftTakeGateDetection,4,0,0,3,ST10_Alarm;ST10_Auto;ST10_Flow25_HShaftLoad&Unload,0,,EXPORT/PLC tags/IO/RemoteIO_DI_2.xml,EXPORT/Program blocks/OP010/03_Auto/ST10_Auto.xml:ST10_Auto:FlgNet | EXPORT/Program blocks/OP010/05_Alarm/ST10_Alarm.xml:ST10_Alarm:FlgNet | EXPORT/Program blocks/OP010/03_Auto/H_ShaftLifting&Load&Unload/ST10_Flow25_HShaftLoad&Unload.xml:ST10_Flow25_HShaftLoad&Unload:FlgNet
iH-shaftTakeShaftDetection,iH-shaftTakeShaftDetection,4,0,0,3,ST10_Alarm;ST10_Flow25_HShaftLoad&Unload;ST10_Tip,0,,EXPORT/PLC tags/IO/RemoteIO_DI_2.xml,EXPORT/Program blocks/OP010/05_Alarm/ST10_Alarm.xml:ST10_Alarm:FlgNet | EXPORT/Program blocks/OP010/07_Tip/ST10_Tip.xml:ST10_Tip:FlgNet | EXPORT/Program blocks/OP010/03_Auto/H_ShaftLifting&Load&Unload/ST10_Flow25_HShaftLoad&Unload.xml:ST10_Flow25_HShaftLoad&Unload:FlgNet
iJ-magnetLoadingDetection1,iJ-magnetLoadingDetection1,3,0,0,3,ST10_Auto;ST10_Flow26_JMagnetLoad&Unload;ST10_StopperCtrl,0,,EXPORT/PLC tags/IO/RemoteIO_DI_2.xml,EXPORT/Program blocks/OP010/03_Auto/ST10_Auto.xml:ST10_Auto:FlgNet | EXPORT/Program blocks/OP010/10_Device/26_Stopper/ST10_StopperCtrl.xml:ST10_StopperCtrl:FlgNet | EXPORT/Program blocks/OP010/03_Auto/J_MagnetLifting&Load&Unload/ST10_Flow26_JMagnetLoad&Unload.xml:ST10_Flow26_JMagnetLoad&Unload:FlgNet
iJ-magnetTakeDetection2,iJ-magnetTakeDetection2,7,0,0,3,ST10_Alarm;ST10_Flow26_JMagnetLoad&Unload;ST10_StopperCtrl,0,,EXPORT/PLC tags/IO/RemoteIO_DI_2.xml,EXPORT/Program blocks/OP010/05_Alarm/ST10_Alarm.xml:ST10_Alarm:FlgNet | EXPORT/Program blocks/OP010/10_Device/26_Stopper/ST10_StopperCtrl.xml:ST10_StopperCtrl:FlgNet | EXPORT/Program blocks/OP010/03_Auto/J_MagnetLifting&Load&Unload/ST10_Flow26_JMagnetLoad&Unload.xml:ST10_Flow26_JMagnetLoad&Unload:FlgNet
iJ-magnetTakeDetection3,iJ-magnetTakeDetection3,7,0,0,3,ST10_Alarm;ST10_Flow26_JMagnetLoad&Unload;ST10_StopperCtrl,0,,EXPORT/PLC tags/IO/RemoteIO_DI_2.xml,EXPORT/Program blocks/OP010/05_Alarm/ST10_Alarm.xml:ST10_Alarm:FlgNet | EXPORT/Program blocks/OP010/10_Device/26_Stopper/ST10_StopperCtrl.xml:ST10_StopperCtrl:FlgNet | EXPORT/Program blocks/OP010/03_Auto/J_MagnetLifting&Load&Unload/ST10_Flow26_JMagnetLoad&Unload.xml:ST10_Flow26_JMagnetLoad&Unload:FlgNet
iJ-magnetTakeGateDetection,iJ-magnetTakeGateDetection,4,0,0,3,ST10_Alarm;ST10_Auto;ST10_Flow26_JMagnetLoad&Unload,0,,EXPORT/PLC tags/IO/RemoteIO_DI_2.xml,EXPORT/Program blocks/OP010/03_Auto/ST10_Auto.xml:ST10_Auto:FlgNet | EXPORT/Program blocks/OP010/05_Alarm/ST10_Alarm.xml:ST10_Alarm:FlgNet | EXPORT/Program blocks/OP010/03_Auto/J_MagnetLifting&Load&Unload/ST10_Flow26_JMagnetLoad&Unload.xml:ST10_Flow26_JMagnetLoad&Unload:FlgNet
iJ-magnetTakeShaftDetection,iJ-magnetTakeShaftDetection,4,0,0,3,ST10_Alarm;ST10_Flow26_JMagnetLoad&Unload;ST10_Tip,0,,EXPORT/PLC tags/IO/RemoteIO_DI_2.xml,EXPORT/Program blocks/OP010/05_Alarm/ST10_Alarm.xml:ST10_Alarm:FlgNet | EXPORT/Program blocks/OP010/07_Tip/ST10_Tip.xml:ST10_Tip:FlgNet | EXPORT/Program blocks/OP010/03_Auto/J_MagnetLifting&Load&Unload/ST10_Flow26_JMagnetLoad&Unload.xml:ST10_Flow26_JMagnetLoad&Unload:FlgNet
iK-reserveLoadingDetection2,iK-reserveLoadingDetection2,7,0,0,3,ST10_Alarm;ST10_Flow27_KReserveLoad&Unload;ST10_StopperCtrl,0,,EXPORT/PLC tags/IO/RemoteIO_DI_2.xml,EXPORT/Program blocks/OP010/05_Alarm/ST10_Alarm.xml:ST10_Alarm:FlgNet | EXPORT/Program blocks/OP010/10_Device/26_Stopper/ST10_StopperCtrl.xml:ST10_StopperCtrl:FlgNet | EXPORT/Program blocks/OP010/03_Auto/L_Unload/K_ReserveLifting&Load&Unload/ST10_Flow27_KReserveLoad&Unload.xml:ST10_Flow27_KReserveLoad&Unload:FlgNet
iK-reserveLoadingDetection3,iK-reserveLoadingDetection3,7,0,0,3,ST10_Alarm;ST10_Flow27_KReserveLoad&Unload;ST10_StopperCtrl,0,,EXPORT/PLC tags/IO/RemoteIO_DI_2.xml,EXPORT/Program blocks/OP010/05_Alarm/ST10_Alarm.xml:ST10_Alarm:FlgNet | EXPORT/Program blocks/OP010/10_Device/26_Stopper/ST10_StopperCtrl.xml:ST10_StopperCtrl:FlgNet | EXPORT/Program blocks/OP010/03_Auto/L_Unload/K_ReserveLifting&Load&Unload/ST10_Flow27_KReserveLoad&Unload.xml:ST10_Flow27_KReserveLoad&Unload:FlgNet
iK-reserveLoadingDetection4,iK-reserveLoadingDetection4,7,0,0,3,ST10_Alarm;ST10_Flow27_KReserveLoad&Unload;ST10_StopperCtrl,0,,EXPORT/PLC tags/IO/RemoteIO_DI_2.xml,EXPORT/Program blocks/OP010/05_Alarm/ST10_Alarm.xml:ST10_Alarm:FlgNet | EXPORT/Program blocks/OP010/10_Device/26_Stopper/ST10_StopperCtrl.xml:ST10_StopperCtrl:FlgNet | EXPORT/Program blocks/OP010/03_Auto/L_Unload/K_ReserveLifting&Load&Unload/ST10_Flow27_KReserveLoad&Unload.xml:ST10_Flow27_KReserveLoad&Unload:FlgNet
iK-reserveMiddleDetection,iK-reserveMiddleDetection,13,0,0,3,ST10_Flow23_KReserveLifting;ST10_Flow27_KReserveLoad&Unload;ST10_Flow28_LUnloadingLoad&Unload,0,,EXPORT/PLC tags/IO/RemoteIO_DI_2.xml,EXPORT/Program blocks/OP010/03_Auto/L_Unload/ST10_Flow28_LUnloadingLoad&Unload.xml:ST10_Flow28_LUnloadingLoad&Unload:FlgNet | EXPORT/Program blocks/OP010/03_Auto/L_Unload/K_ReserveLifting&Load&Unload/ST10_Flow23_KReserveLifting.xml:ST10_Flow23_KReserveLifting:FlgNet | EXPORT/Program blocks/OP010/03_Auto/L_Unload/K_ReserveLifting&Load&Unload/ST10_Flow27_KReserveLoad&Unload.xml:ST10_Flow27_KReserveLoad&Unload:FlgNet
iK-reserveTakeDetection2,iK-reserveTakeDetection2,7,0,0,3,ST10_Alarm;ST10_Flow27_KReserveLoad&Unload;ST10_StopperCtrl,0,,EXPORT/PLC tags/IO/RemoteIO_DI_2.xml,EXPORT/Program blocks/OP010/05_Alarm/ST10_Alarm.xml:ST10_Alarm:FlgNet | EXPORT/Program blocks/OP010/10_Device/26_Stopper/ST10_StopperCtrl.xml:ST10_StopperCtrl:FlgNet | EXPORT/Program blocks/OP010/03_Auto/L_Unload/K_ReserveLifting&Load&Unload/ST10_Flow27_KReserveLoad&Unload.xml:ST10_Flow27_KReserveLoad&Unload:FlgNet
iK-reserveTakeDetection3,iK-reserveTakeDetection3,7,0,0,3,ST10_Alarm;ST10_Flow27_KReserveLoad&Unload;ST10_StopperCtrl,0,,EXPORT/PLC tags/IO/RemoteIO_DI_2.xml,EXPORT/Program blocks/OP010/05_Alarm/ST10_Alarm.xml:ST10_Alarm:FlgNet | EXPORT/Program blocks/OP010/10_Device/26_Stopper/ST10_StopperCtrl.xml:ST10_StopperCtrl:FlgNet | EXPORT/Program blocks/OP010/03_Auto/L_Unload/K_ReserveLifting&Load&Unload/ST10_Flow27_KReserveLoad&Unload.xml:ST10_Flow27_KReserveLoad&Unload:FlgNet
iK-reserveTakeShaftDetection,iK-reserveTakeShaftDetection,4,0,0,3,ST10_Alarm;ST10_Flow27_KReserveLoad&Unload;ST10_Tip,0,,EXPORT/PLC tags/IO/RemoteIO_DI_2.xml,EXPORT/Program blocks/OP010/05_Alarm/ST10_Alarm.xml:ST10_Alarm:FlgNet | EXPORT/Program blocks/OP010/07_Tip/ST10_Tip.xml:ST10_Tip:FlgNet | EXPORT/Program blocks/OP010/03_Auto/L_Unload/K_ReserveLifting&Load&Unload/ST10_Flow27_KReserveLoad&Unload.xml:ST10_Flow27_KReserveLoad&Unload:FlgNet
iL-UnloadingDetection1,iL-UnloadingDetection1,3,0,0,3,ST10_Auto;ST10_Flow28_LUnloadingLoad&Unload;ST10_StopperCtrl,0,,EXPORT/PLC tags/IO/RemoteIO_DI_2.xml,EXPORT/Program blocks/OP010/03_Auto/ST10_Auto.xml:ST10_Auto:FlgNet | EXPORT/Program blocks/OP010/10_Device/26_Stopper/ST10_StopperCtrl.xml:ST10_StopperCtrl:FlgNet | EXPORT/Program blocks/OP010/03_Auto/L_Unload/ST10_Flow28_LUnloadingLoad&Unload.xml:ST10_Flow28_LUnloadingLoad&Unload:FlgNet
iSafety Door Locking FeedBack,iSafety Door Locking FeedBack,3,0,0,3,ST10_Alarm;ST10_Output;ST10_SafetyGate,0,,EXPORT/PLC tags/IO/PLCIO_DI.xml,EXPORT/Program blocks/OP010/02_Output/ST10_Output.xml:ST10_Output:FlgNet | EXPORT/Program blocks/OP010/05_Alarm/ST10_Alarm.xml:ST10_Alarm:FlgNet | EXPORT/Program blocks/OP010/10_Device/03_SafetyGate/ST10_SafetyGate.xml:ST10_SafetyGate:StructuredText
oE-NG-01SafetyGate,oE-NG-01SafetyGate,3,1,0,3,NG;ST10_Alarm;ST10_Output,0,,EXPORT/PLC tags/IO/PLCIO_DQ.xml,EXPORT/Program blocks/OP010/02_Output/ST10_Output.xml:ST10_Output:StructuredText | EXPORT/Program blocks/OP010/02_Output/ST10_Output.xml:ST10_Output:FlgNet | EXPORT/Program blocks/OP010/05_Alarm/ST10_Alarm.xml:ST10_Alarm:FlgNet | EXPORT/Program blocks/OP010/10_Device/29_NG/NG.xml:NG:FlgNet
oE-NG-02SafetyGate,oE-NG-02SafetyGate,3,1,0,3,NG;ST10_Alarm;ST10_Output,0,,EXPORT/PLC tags/IO/PLCIO_DQ.xml,EXPORT/Program blocks/OP010/02_Output/ST10_Output.xml:ST10_Output:StructuredText | EXPORT/Program blocks/OP010/02_Output/ST10_Output.xml:ST10_Output:FlgNet | EXPORT/Program blocks/OP010/05_Alarm/ST10_Alarm.xml:ST10_Alarm:FlgNet | EXPORT/Program blocks/OP010/10_Device/29_NG/NG.xml:NG:FlgNet
AutoProcessControl.A_ScanRotary.Robot1PutPrimit,AutoProcessControl,10,0,0,2,ST10_Flow15_FRobot_3;ST10_Flow5_FRobot_1,0,,EXPORT/Program blocks/OP010/03_Auto/AutoProcessControl.xml,EXPORT/Program blocks/OP010/03_Auto/F_Robot/ST10_Flow15_FRobot_3.xml:ST10_Flow15_FRobot_3:FlgNet | EXPORT/Program blocks/OP010/03_Auto/F_Robot/ST10_Flow5_FRobot_1.xml:ST10_Flow5_FRobot_1:FlgNet | EXPORT/Program blocks/OP010/03_Auto/F_Robot/ST10_Flow5_FRobot_1_01092026_152002.xml:ST10_Flow5_FRobot_1:FlgNet | EXPORT/Program blocks/OP010/03_Auto/F_Robot/ST10_Flow5_FRobot_1_01092026_152004.xml:ST10_Flow5_FRobot_1:FlgNet
AutoProcessControl.B_Press_1.Robot1PickPrimit,AutoProcessControl,4,0,0,2,ST10_Flow5_FRobot_1;ST10_Flow8_FRobot_2,0,,EXPORT/Program blocks/OP010/03_Auto/AutoProcessControl.xml,EXPORT/Program blocks/OP010/03_Auto/F_Robot/ST10_Flow5_FRobot_1.xml:ST10_Flow5_FRobot_1:FlgNet | EXPORT/Program blocks/OP010/03_Auto/F_Robot/ST10_Flow5_FRobot_1_01092026_152002.xml:ST10_Flow5_FRobot_1:FlgNet | EXPORT/Program blocks/OP010/03_Auto/F_Robot/ST10_Flow5_FRobot_1_01092026_152004.xml:ST10_Flow5_FRobot_1:FlgNet | EXPORT/Program blocks/OP010/03_Auto/F_Robot/ST10_Flow8_FRobot_2.xml:ST10_Flow8_FRobot_2:FlgNet
AutoProcessControl.B_Press_1.Robot1PutShaftPrimit,AutoProcessControl,4,0,0,2,ST10_Flow15_FRobot_3;ST10_Flow5_FRobot_1,0,,EXPORT/Program blocks/OP010/03_Auto/AutoProcessControl.xml,EXPORT/Program blocks/OP010/03_Auto/F_Robot/ST10_Flow15_FRobot_3.xml:ST10_Flow15_FRobot_3:FlgNet | EXPORT/Program blocks/OP010/03_Auto/F_Robot/ST10_Flow5_FRobot_1.xml:ST10_Flow5_FRobot_1:FlgNet | EXPORT/Program blocks/OP010/03_Auto/F_Robot/ST10_Flow5_FRobot_1_01092026_152002.xml:ST10_Flow5_FRobot_1:FlgNet | EXPORT/Program blocks/OP010/03_Auto/F_Robot/ST10_Flow5_FRobot_1_01092026_152004.xml:ST10_Flow5_FRobot_1:FlgNet
AutoProcessControl.B_Press_2.Robot3PutRingPrimit,AutoProcessControl,3,0,0,2,ST10_Flow12_A2TableUnloading;ST10_Flow15_FRobot_3,0,,EXPORT/Program blocks/OP010/03_Auto/AutoProcessControl.xml,EXPORT/Program blocks/OP010/03_Auto/A2_TableLoad&Scan/ST10_Flow12_A2TableUnloading.xml:ST10_Flow12_A2TableUnloading:FlgNet | EXPORT/Program blocks/OP010/03_Auto/F_Robot/ST10_Flow15_FRobot_3.xml:ST10_Flow15_FRobot_3:FlgNet
AutoProcessControl.Global.L.LoadStopRequestPallet_3,AutoProcessControl,3,0,0,2,ST10_Flow28_LUnloadingLoad&Unload;ST10_Tip,0,,EXPORT/Program blocks/OP010/03_Auto/AutoProcessControl.xml,EXPORT/Program blocks/OP010/07_Tip/ST10_Tip.xml:ST10_Tip:FlgNet | EXPORT/Program blocks/OP010/03_Auto/L_Unload/ST10_Flow28_LUnloadingLoad&Unload.xml:ST10_Flow28_LUnloadingLoad&Unload:FlgNet
AutoProcessControl.Headt.PalletUnloadingPrimit,AutoProcessControl,2,1,0,2,ST10_FB_S7connect;ST10_Flow24_LUnloadingTrans,0,,EXPORT/Program blocks/OP010/03_Auto/AutoProcessControl.xml,EXPORT/Program blocks/OP010/10_Device/09_CuringOven/ST10_FB_S7connect.xml:ST10_FB_S7connect:FlgNet | EXPORT/Program blocks/OP010/03_Auto/L_Unload/ST10_Flow24_LUnloadingTrans.xml:ST10_Flow24_LUnloadingTrans:FlgNet
AutoProcessControl.J_MagnetLine.Robot2PickPrimit,AutoProcessControl,2,0,0,2,ST10_Flow8_FRobot_2;ST10_Tip,0,,EXPORT/Program blocks/OP010/03_Auto/AutoProcessControl.xml,EXPORT/Program blocks/OP010/07_Tip/ST10_Tip.xml:ST10_Tip:FlgNet | EXPORT/Program blocks/OP010/03_Auto/F_Robot/ST10_Flow8_FRobot_2.xml:ST10_Flow8_FRobot_2:FlgNet
AutoProcessControl.L_ShafeLine.Robot3PutPrimit,AutoProcessControl,2,0,0,2,ST10_Flow15_FRobot_3;ST10_Tip,0,,EXPORT/Program blocks/OP010/03_Auto/AutoProcessControl.xml,EXPORT/Program blocks/OP010/07_Tip/ST10_Tip.xml:ST10_Tip:FlgNet | EXPORT/Program blocks/OP010/03_Auto/F_Robot/ST10_Flow15_FRobot_3.xml:ST10_Flow15_FRobot_3:FlgNet
AutoProcessControl.NGBuffer.PickGlueNGPrimit,AutoProcessControl,1,1,0,2,Robot;ST10_Flow15_FRobot_3,0,,EXPORT/Program blocks/OP010/03_Auto/AutoProcessControl.xml,EXPORT/Program blocks/OP010/10_Device/24_Robot/Robot.xml:Robot:FlgNet | EXPORT/Program blocks/OP010/03_Auto/F_Robot/ST10_Flow15_FRobot_3.xml:ST10_Flow15_FRobot_3:FlgNet
AutoProcessControl.NGBuffer.Robot3PPickMagnetNGPrimit,AutoProcessControl,1,1,0,2,Robot;ST10_Flow15_FRobot_3,0,,EXPORT/Program blocks/OP010/03_Auto/AutoProcessControl.xml,EXPORT/Program blocks/OP010/10_Device/24_Robot/Robot.xml:Robot:FlgNet | EXPORT/Program blocks/OP010/03_Auto/F_Robot/ST10_Flow15_FRobot_3.xml:ST10_Flow15_FRobot_3:FlgNet
AutoProcessControl.NG_1.Robot1PutPrimit_1,AutoProcessControl,3,1,0,2,NG;ST10_Flow5_FRobot_1,0,,EXPORT/Program blocks/OP010/03_Auto/AutoProcessControl.xml,EXPORT/Program blocks/OP010/10_Device/29_NG/NG.xml:NG:FlgNet | EXPORT/Program blocks/OP010/03_Auto/F_Robot/ST10_Flow5_FRobot_1.xml:ST10_Flow5_FRobot_1:FlgNet | EXPORT/Program blocks/OP010/03_Auto/F_Robot/ST10_Flow5_FRobot_1_01092026_152002.xml:ST10_Flow5_FRobot_1:FlgNet | EXPORT/Program blocks/OP010/03_Auto/F_Robot/ST10_Flow5_FRobot_1_01092026_152004.xml:ST10_Flow5_FRobot_1:FlgNet
AutoProcessControl.NG_1.Robot1PutPrimit_2,AutoProcessControl,3,1,0,2,NG;ST10_Flow5_FRobot_1,0,,EXPORT/Program blocks/OP010/03_Auto/AutoProcessControl.xml,EXPORT/Program blocks/OP010/10_Device/29_NG/NG.xml:NG:FlgNet | EXPORT/Program blocks/OP010/03_Auto/F_Robot/ST10_Flow5_FRobot_1.xml:ST10_Flow5_FRobot_1:FlgNet | EXPORT/Program blocks/OP010/03_Auto/F_Robot/ST10_Flow5_FRobot_1_01092026_152002.xml:ST10_Flow5_FRobot_1:FlgNet | EXPORT/Program blocks/OP010/03_Auto/F_Robot/ST10_Flow5_FRobot_1_01092026_152004.xml:ST10_Flow5_FRobot_1:FlgNet
AutoProcessControl.NG_1.Robot1PutPrimit_3,AutoProcessControl,3,1,0,2,NG;ST10_Flow5_FRobot_1,0,,EXPORT/Program blocks/OP010/03_Auto/AutoProcessControl.xml,EXPORT/Program blocks/OP010/10_Device/29_NG/NG.xml:NG:FlgNet | EXPORT/Program blocks/OP010/03_Auto/F_Robot/ST10_Flow5_FRobot_1.xml:ST10_Flow5_FRobot_1:FlgNet | EXPORT/Program blocks/OP010/03_Auto/F_Robot/ST10_Flow5_FRobot_1_01092026_152002.xml:ST10_Flow5_FRobot_1:FlgNet | EXPORT/Program blocks/OP010/03_Auto/F_Robot/ST10_Flow5_FRobot_1_01092026_152004.xml:ST10_Flow5_FRobot_1:FlgNet
AutoProcessControl.NG_2.Robot3PutPrimit_1,AutoProcessControl,1,1,0,2,NG;ST10_Flow15_FRobot_3,0,,EXPORT/Program blocks/OP010/03_Auto/AutoProcessControl.xml,EXPORT/Program blocks/OP010/10_Device/29_NG/NG.xml:NG:FlgNet | EXPORT/Program blocks/OP010/03_Auto/F_Robot/ST10_Flow15_FRobot_3.xml:ST10_Flow15_FRobot_3:FlgNet
AutoProcessControl.NG_2.Robot3PutPrimit_2,AutoProcessControl,1,1,0,2,NG;ST10_Flow15_FRobot_3,0,,EXPORT/Program blocks/OP010/03_Auto/AutoProcessControl.xml,EXPORT/Program blocks/OP010/10_Device/29_NG/NG.xml:NG:FlgNet | EXPORT/Program blocks/OP010/03_Auto/F_Robot/ST10_Flow15_FRobot_3.xml:ST10_Flow15_FRobot_3:FlgNet
AutoProcessControl.NG_2.Robot3PutPrimit_3,AutoProcessControl,1,1,0,2,NG;ST10_Flow15_FRobot_3,0,,EXPORT/Program blocks/OP010/03_Auto/AutoProcessControl.xml,EXPORT/Program blocks/OP010/10_Device/29_NG/NG.xml:NG:FlgNet | EXPORT/Program blocks/OP010/03_Auto/F_Robot/ST10_Flow15_FRobot_3.xml:ST10_Flow15_FRobot_3:FlgNet
AutoProcessControl.P,AutoProcessControl,0,0,16,2,ChangeOverProcess;ST10_Auto,0,,EXPORT/Program blocks/OP010/03_Auto/AutoProcessControl.xml,EXPORT/Program blocks/OP010/03_Auto/ST10_Auto.xml:ST10_Auto:FlgNet | EXPORT/Program blocks/OP010/03_Auto/01ChangeOver/ChangeOverProcess.xml:ChangeOverProcess:FlgNet
AutoProcessControl.Robot2GlueNG.PutPrimit,AutoProcessControl,2,1,0,2,Robot;ST10_Flow8_FRobot_2,0,,EXPORT/Program blocks/OP010/03_Auto/AutoProcessControl.xml,EXPORT/Program blocks/OP010/10_Device/24_Robot/Robot.xml:Robot:FlgNet | EXPORT/Program blocks/OP010/03_Auto/F_Robot/ST10_Flow8_FRobot_2.xml:ST10_Flow8_FRobot_2:FlgNet
AutoProcessControl.Robot2ScanNG.PutPrimit,AutoProcessControl,1,1,0,2,Robot;ST10_Flow8_FRobot_2,0,,EXPORT/Program blocks/OP010/03_Auto/AutoProcessControl.xml,EXPORT/Program blocks/OP010/10_Device/24_Robot/Robot.xml:Robot:FlgNet | EXPORT/Program blocks/OP010/03_Auto/F_Robot/ST10_Flow8_FRobot_2.xml:ST10_Flow8_FRobot_2:FlgNet
AutoProcessControl.Robot_1.GluePutFlag,AutoProcessControl,9,0,0,2,ST10_Flow5_FRobot_1;ST10_Flow8_FRobot_2,0,,EXPORT/Program blocks/OP010/03_Auto/AutoProcessControl.xml,EXPORT/Program blocks/OP010/03_Auto/F_Robot/ST10_Flow5_FRobot_1.xml:ST10_Flow5_FRobot_1:FlgNet | EXPORT/Program blocks/OP010/03_Auto/F_Robot/ST10_Flow5_FRobot_1_01092026_152002.xml:ST10_Flow5_FRobot_1:FlgNet | EXPORT/Program blocks/OP010/03_Auto/F_Robot/ST10_Flow5_FRobot_1_01092026_152004.xml:ST10_Flow5_FRobot_1:FlgNet | EXPORT/Program blocks/OP010/03_Auto/F_Robot/ST10_Flow8_FRobot_2.xml:ST10_Flow8_FRobot_2:FlgNet
AutoProcessControl.Robot_1.NGPutFlag,AutoProcessControl,13,0,0,2,NG;ST10_Flow5_FRobot_1,0,,EXPORT/Program blocks/OP010/03_Auto/AutoProcessControl.xml,EXPORT/Program blocks/OP010/10_Device/29_NG/NG.xml:NG:FlgNet | EXPORT/Program blocks/OP010/03_Auto/F_Robot/ST10_Flow5_FRobot_1.xml:ST10_Flow5_FRobot_1:FlgNet | EXPORT/Program blocks/OP010/03_Auto/F_Robot/ST10_Flow5_FRobot_1_01092026_152002.xml:ST10_Flow5_FRobot_1:FlgNet | EXPORT/Program blocks/OP010/03_Auto/F_Robot/ST10_Flow5_FRobot_1_01092026_152004.xml:ST10_Flow5_FRobot_1:FlgNet
AutoProcessControl.Robot_2.GlueNGPutFlag,AutoProcessControl,6,0,0,2,ST10_Flow15_FRobot_3;ST10_Flow8_FRobot_2,0,,EXPORT/Program blocks/OP010/03_Auto/AutoProcessControl.xml,EXPORT/Program blocks/OP010/03_Auto/F_Robot/ST10_Flow15_FRobot_3.xml:ST10_Flow15_FRobot_3:FlgNet | EXPORT/Program blocks/OP010/03_Auto/F_Robot/ST10_Flow8_FRobot_2.xml:ST10_Flow8_FRobot_2:FlgNet
AutoProcessControl.Robot_2.GluePickFlag,AutoProcessControl,5,0,0,2,ST10_Flow5_FRobot_1;ST10_Flow8_FRobot_2,0,,EXPORT/Program blocks/OP010/03_Auto/AutoProcessControl.xml,EXPORT/Program blocks/OP010/03_Auto/F_Robot/ST10_Flow5_FRobot_1.xml:ST10_Flow5_FRobot_1:FlgNet | EXPORT/Program blocks/OP010/03_Auto/F_Robot/ST10_Flow5_FRobot_1_01092026_152002.xml:ST10_Flow5_FRobot_1:FlgNet | EXPORT/Program blocks/OP010/03_Auto/F_Robot/ST10_Flow5_FRobot_1_01092026_152004.xml:ST10_Flow5_FRobot_1:FlgNet | EXPORT/Program blocks/OP010/03_Auto/F_Robot/ST10_Flow8_FRobot_2.xml:ST10_Flow8_FRobot_2:FlgNet
AutoProcessControl.Robot_2.GluePutFlag,AutoProcessControl,5,0,0,2,ST10_Flow5_FRobot_1;ST10_Flow8_FRobot_2,0,,EXPORT/Program blocks/OP010/03_Auto/AutoProcessControl.xml,EXPORT/Program blocks/OP010/03_Auto/F_Robot/ST10_Flow5_FRobot_1.xml:ST10_Flow5_FRobot_1:FlgNet | EXPORT/Program blocks/OP010/03_Auto/F_Robot/ST10_Flow5_FRobot_1_01092026_152002.xml:ST10_Flow5_FRobot_1:FlgNet | EXPORT/Program blocks/OP010/03_Auto/F_Robot/ST10_Flow5_FRobot_1_01092026_152004.xml:ST10_Flow5_FRobot_1:FlgNet | EXPORT/Program blocks/OP010/03_Auto/F_Robot/ST10_Flow8_FRobot_2.xml:ST10_Flow8_FRobot_2:FlgNet
AutoProcessControl.Robot_2.MagnetScanFlag,AutoProcessControl,5,0,0,2,ST10_Flow5_FRobot_1;ST10_Flow8_FRobot_2,0,,EXPORT/Program blocks/OP010/03_Auto/AutoProcessControl.xml,EXPORT/Program blocks/OP010/03_Auto/F_Robot/ST10_Flow5_FRobot_1.xml:ST10_Flow5_FRobot_1:FlgNet | EXPORT/Program blocks/OP010/03_Auto/F_Robot/ST10_Flow5_FRobot_1_01092026_152002.xml:ST10_Flow5_FRobot_1:FlgNet | EXPORT/Program blocks/OP010/03_Auto/F_Robot/ST10_Flow5_FRobot_1_01092026_152004.xml:ST10_Flow5_FRobot_1:FlgNet | EXPORT/Program blocks/OP010/03_Auto/F_Robot/ST10_Flow8_FRobot_2.xml:ST10_Flow8_FRobot_2:FlgNet
AutoProcessControl.Robot_2.PalletPickFlag,AutoProcessControl,5,0,0,2,ST10_Flow5_FRobot_1;ST10_Flow8_FRobot_2,0,,EXPORT/Program blocks/OP010/03_Auto/AutoProcessControl.xml,EXPORT/Program blocks/OP010/03_Auto/F_Robot/ST10_Flow5_FRobot_1.xml:ST10_Flow5_FRobot_1:FlgNet | EXPORT/Program blocks/OP010/03_Auto/F_Robot/ST10_Flow5_FRobot_1_01092026_152002.xml:ST10_Flow5_FRobot_1:FlgNet | EXPORT/Program blocks/OP010/03_Auto/F_Robot/ST10_Flow5_FRobot_1_01092026_152004.xml:ST10_Flow5_FRobot_1:FlgNet | EXPORT/Program blocks/OP010/03_Auto/F_Robot/ST10_Flow8_FRobot_2.xml:ST10_Flow8_FRobot_2:FlgNet
AutoProcessControl.Robot_2.Press2PutFlag,AutoProcessControl,6,0,0,2,ST10_Flow15_FRobot_3;ST10_Flow8_FRobot_2,0,,EXPORT/Program blocks/OP010/03_Auto/AutoProcessControl.xml,EXPORT/Program blocks/OP010/03_Auto/F_Robot/ST10_Flow15_FRobot_3.xml:ST10_Flow15_FRobot_3:FlgNet | EXPORT/Program blocks/OP010/03_Auto/F_Robot/ST10_Flow8_FRobot_2.xml:ST10_Flow8_FRobot_2:FlgNet
AutoProcessControl.Robot_2.ScanNGPutFlag,AutoProcessControl,6,0,0,2,ST10_Flow15_FRobot_3;ST10_Flow8_FRobot_2,0,,EXPORT/Program blocks/OP010/03_Auto/AutoProcessControl.xml,EXPORT/Program blocks/OP010/03_Auto/F_Robot/ST10_Flow15_FRobot_3.xml:ST10_Flow15_FRobot_3:FlgNet | EXPORT/Program blocks/OP010/03_Auto/F_Robot/ST10_Flow8_FRobot_2.xml:ST10_Flow8_FRobot_2:FlgNet
AutoProcessControl.Robot_3.GlueNGPickFlag,AutoProcessControl,4,0,0,2,ST10_Flow15_FRobot_3;ST10_Flow8_FRobot_2,0,,EXPORT/Program blocks/OP010/03_Auto/AutoProcessControl.xml,EXPORT/Program blocks/OP010/03_Auto/F_Robot/ST10_Flow15_FRobot_3.xml:ST10_Flow15_FRobot_3:FlgNet | EXPORT/Program blocks/OP010/03_Auto/F_Robot/ST10_Flow8_FRobot_2.xml:ST10_Flow8_FRobot_2:FlgNet
AutoProcessControl.Robot_3.NGPutFlag,AutoProcessControl,2,0,0,2,NG;ST10_Flow15_FRobot_3,0,,EXPORT/Program blocks/OP010/03_Auto/AutoProcessControl.xml,EXPORT/Program blocks/OP010/10_Device/29_NG/NG.xml:NG:FlgNet | EXPORT/Program blocks/OP010/03_Auto/F_Robot/ST10_Flow15_FRobot_3.xml:ST10_Flow15_FRobot_3:FlgNet
AutoProcessControl.Robot_3.PalletFull,AutoProcessControl,2,2,0,2,ST10_Auto;ST10_Flow24_LUnloadingTrans,2,AutoProcessControl_Robot_3_PalletFull;AutoProcessControl_Robot_3_PalletFull(1),EXPORT/Program blocks/OP010/03_Auto/AutoProcessControl.xml,EXPORT/Program blocks/OP010/03_Auto/ST10_Auto.xml:ST10_Auto:FlgNet | EXPORT/Program blocks/OP010/03_Auto/L_Unload/ST10_Flow24_LUnloadingTrans.xml:ST10_Flow24_LUnloadingTrans:FlgNet
AutoProcessControl.Robot_3.Press2PickFlag,AutoProcessControl,4,0,0,2,ST10_Flow15_FRobot_3;ST10_Flow8_FRobot_2,0,,EXPORT/Program blocks/OP010/03_Auto/AutoProcessControl.xml,EXPORT/Program blocks/OP010/03_Auto/F_Robot/ST10_Flow15_FRobot_3.xml:ST10_Flow15_FRobot_3:FlgNet | EXPORT/Program blocks/OP010/03_Auto/F_Robot/ST10_Flow8_FRobot_2.xml:ST10_Flow8_FRobot_2:FlgNet
AutoProcessControl.Robot_3.ScanNGPickFlag,AutoProcessControl,4,0,0,2,ST10_Flow15_FRobot_3;ST10_Flow8_FRobot_2,0,,EXPORT/Program blocks/OP010/03_Auto/AutoProcessControl.xml,EXPORT/Program blocks/OP010/03_Auto/F_Robot/ST10_Flow15_FRobot_3.xml:ST10_Flow15_FRobot_3:FlgNet | EXPORT/Program blocks/OP010/03_Auto/F_Robot/ST10_Flow8_FRobot_2.xml:ST10_Flow8_FRobot_2:FlgNet
AutoProcessData.B_Press1.Press1FinalForce,AutoProcessData,0,0,2,2,KistlerPresser_Main;MES,0,,EXPORT/Program blocks/OP010/03_Auto/AutoProcessData.xml,EXPORT/Program blocks/OP010/11_MES/MES.xml:MES:FlgNet | EXPORT/Program blocks/OP010/10_Device/23_Kistler/KistlerPresser_Main.xml:KistlerPresser_Main:FlgNet
AutoProcessData.B_Press1.Press1FinalPosition,AutoProcessData,0,0,2,2,KistlerPresser_Main;MES,0,,EXPORT/Program blocks/OP010/03_Auto/AutoProcessData.xml,EXPORT/Program blocks/OP010/11_MES/MES.xml:MES:FlgNet | EXPORT/Program blocks/OP010/10_Device/23_Kistler/KistlerPresser_Main.xml:KistlerPresser_Main:FlgNet
AutoProcessData.B_Press1.ShaftCode,AutoProcessData,0,0,3,2,KistlerPresser_Main;MES,0,,EXPORT/Program blocks/OP010/03_Auto/AutoProcessData.xml,EXPORT/Program blocks/OP010/11_MES/MES.xml:MES:FlgNet | EXPORT/Program blocks/OP010/10_Device/23_Kistler/KistlerPresser_Main.xml:KistlerPresser_Main:FlgNet
AutoProcessData.B_Press2.Press2FinalForce,AutoProcessData,0,0,2,2,KistlerPresser_Main;MES,0,,EXPORT/Program blocks/OP010/03_Auto/AutoProcessData.xml,EXPORT/Program blocks/OP010/11_MES/MES.xml:MES:FlgNet | EXPORT/Program blocks/OP010/10_Device/23_Kistler/KistlerPresser_Main.xml:KistlerPresser_Main:FlgNet
AutoProcessData.B_Press2.Press2FinalPosition,AutoProcessData,0,0,2,2,KistlerPresser_Main;MES,0,,EXPORT/Program blocks/OP010/03_Auto/AutoProcessData.xml,EXPORT/Program blocks/OP010/11_MES/MES.xml:MES:FlgNet | EXPORT/Program blocks/OP010/10_Device/23_Kistler/KistlerPresser_Main.xml:KistlerPresser_Main:FlgNet
AutoProcessData.B_Press2.ShaftCode,AutoProcessData,0,0,3,2,KistlerPresser_Main;MES,0,,EXPORT/Program blocks/OP010/03_Auto/AutoProcessData.xml,EXPORT/Program blocks/OP010/11_MES/MES.xml:MES:FlgNet | EXPORT/Program blocks/OP010/10_Device/23_Kistler/KistlerPresser_Main.xml:KistlerPresser_Main:FlgNet
AutoProcessData.GlobalData.Fixture1CodeOKFlag,AutoProcessData,6,1,0,2,ChangeOverProcess;ST10_Flow6_ToolCodeScan,1,AutoProcessData_GlobalData_Fixture1CodeOKFlag,EXPORT/Program blocks/OP010/03_Auto/AutoProcessData.xml,EXPORT/Program blocks/OP010/03_Auto/01ChangeOver/ChangeOverProcess.xml:ChangeOverProcess:FlgNet | EXPORT/Program blocks/OP010/03_Auto/01ChangeOver/ST10_Flow6_ToolCodeScan.xml:ST10_Flow6_ToolCodeScan:FlgNet
AutoProcessData.GlobalData.Fixture2CodeOKFlag,AutoProcessData,7,1,0,2,ChangeOverProcess;ST10_Flow6_ToolCodeScan,1,AutoProcessData_GlobalData_Fixture2CodeOKFlag,EXPORT/Program blocks/OP010/03_Auto/AutoProcessData.xml,EXPORT/Program blocks/OP010/03_Auto/01ChangeOver/ChangeOverProcess.xml:ChangeOverProcess:FlgNet | EXPORT/Program blocks/OP010/03_Auto/01ChangeOver/ST10_Flow6_ToolCodeScan.xml:ST10_Flow6_ToolCodeScan:FlgNet
AutoProcessData.GripperCode_R1,AutoProcessData,0,0,24,2,ChangeOverProcess;Robot,0,,EXPORT/Program blocks/OP010/03_Auto/AutoProcessData.xml,EXPORT/Program blocks/OP010/10_Device/24_Robot/Robot.xml:Robot:FlgNet | EXPORT/Program blocks/OP010/03_Auto/01ChangeOver/ChangeOverProcess.xml:ChangeOverProcess:FlgNet
AutoProcessData.GripperCode_R2,AutoProcessData,0,0,24,2,ChangeOverProcess;Robot,0,,EXPORT/Program blocks/OP010/03_Auto/AutoProcessData.xml,EXPORT/Program blocks/OP010/10_Device/24_Robot/Robot.xml:Robot:FlgNet | EXPORT/Program blocks/OP010/03_Auto/01ChangeOver/ChangeOverProcess.xml:ChangeOverProcess:FlgNet
AutoProcessData.GripperCode_R3,AutoProcessData,0,0,24,2,ChangeOverProcess;Robot,0,,EXPORT/Program blocks/OP010/03_Auto/AutoProcessData.xml,EXPORT/Program blocks/OP010/10_Device/24_Robot/Robot.xml:Robot:FlgNet | EXPORT/Program blocks/OP010/03_Auto/01ChangeOver/ChangeOverProcess.xml:ChangeOverProcess:FlgNet
AutoProcess_HMI.IndexProcess,AutoProcess_HMI,1,2,1,2,01_OB1;AutoProcessDataPopUp,0,,EXPORT/Program blocks/OP010/03_Auto/HMI/AutoProcess_HMI.xml,EXPORT/Program blocks/01_OB/01_OB1.xml:01_OB1:FlgNet | EXPORT/Program blocks/OP010/03_Auto/HMI/AutoProcessDataPopUp.xml:AutoProcessDataPopUp:StructuredText
CONST:MES_Upload_Complete,CONST:MES_Upload_Complete,0,0,4,2,ST10_Flow11_A2TableScan;ST10_Flow1_A1TableScan,0,,,EXPORT/Program blocks/OP010/03_Auto/A1_TableLoad&Scan/ST10_Flow1_A1TableScan.xml:ST10_Flow1_A1TableScan:FlgNet | EXPORT/Program blocks/OP010/03_Auto/A2_TableLoad&Scan/ST10_Flow11_A2TableScan.xml:ST10_Flow11_A2TableScan:FlgNet
CONST:MES_Upload_OK,CONST:MES_Upload_OK,0,0,2,2,ST10_Flow11_A2TableScan;ST10_Flow1_A1TableScan,0,,,EXPORT/Program blocks/OP010/03_Auto/A1_TableLoad&Scan/ST10_Flow1_A1TableScan.xml:ST10_Flow1_A1TableScan:FlgNet | EXPORT/Program blocks/OP010/03_Auto/A2_TableLoad&Scan/ST10_Flow11_A2TableScan.xml:ST10_Flow11_A2TableScan:FlgNet
ChangeOver_DB.Global.Station_empty,ChangeOver_DB,3,1,0,2,ChangeOverProcess;ST10_Flow6_ToolCodeScan,0,,EXPORT/Program blocks/OP010/03_Auto/01ChangeOver/ChangeOver_DB.xml,EXPORT/Program blocks/OP010/03_Auto/01ChangeOver/ChangeOverProcess.xml:ChangeOverProcess:FlgNet | EXPORT/Program blocks/OP010/03_Auto/01ChangeOver/ST10_Flow6_ToolCodeScan.xml:ST10_Flow6_ToolCodeScan:FlgNet
ChangeOver_DB.Robot_1.HMI_MaintenancePosActive,ChangeOver_DB,3,1,0,2,ChangeOverProcess;ST10_Flow5_FRobot_1,1,ChangeOver_DB_Robot_1_HMI_MaintenancePosActive,EXPORT/Program blocks/OP010/03_Auto/01ChangeOver/ChangeOver_DB.xml,EXPORT/Program blocks/OP010/03_Auto/01ChangeOver/ChangeOverProcess.xml:ChangeOverProcess:FlgNet | EXPORT/Program blocks/OP010/03_Auto/F_Robot/ST10_Flow5_FRobot_1.xml:ST10_Flow5_FRobot_1:FlgNet | EXPORT/Program blocks/OP010/03_Auto/F_Robot/ST10_Flow5_FRobot_1_01092026_152002.xml:ST10_Flow5_FRobot_1:FlgNet | EXPORT/Program blocks/OP010/03_Auto/F_Robot/ST10_Flow5_FRobot_1_01092026_152004.xml:ST10_Flow5_FRobot_1:FlgNet
ChangeOver_DB.Robot_1.NoTaskRunning,ChangeOver_DB,1,1,0,2,ChangeOverProcess;Robot,0,,EXPORT/Program blocks/OP010/03_Auto/01ChangeOver/ChangeOver_DB.xml,EXPORT/Program blocks/OP010/10_Device/24_Robot/Robot.xml:Robot:FlgNet | EXPORT/Program blocks/OP010/03_Auto/01ChangeOver/ChangeOverProcess.xml:ChangeOverProcess:FlgNet
ChangeOver_DB.Robot_2.HMI_MaintenancePosActive,ChangeOver_DB,1,1,0,2,ChangeOverProcess;ST10_Flow8_FRobot_2,1,ChangeOver_DB_Robot_2_HMI_MaintenancePosActive,EXPORT/Program blocks/OP010/03_Auto/01ChangeOver/ChangeOver_DB.xml,EXPORT/Program blocks/OP010/03_Auto/01ChangeOver/ChangeOverProcess.xml:ChangeOverProcess:FlgNet | EXPORT/Program blocks/OP010/03_Auto/F_Robot/ST10_Flow8_FRobot_2.xml:ST10_Flow8_FRobot_2:FlgNet
ChangeOver_DB.Robot_2.NoTaskRunning,ChangeOver_DB,2,1,0,2,ChangeOverProcess;Robot,0,,EXPORT/Program blocks/OP010/03_Auto/01ChangeOver/ChangeOver_DB.xml,EXPORT/Program blocks/OP010/10_Device/24_Robot/Robot.xml:Robot:FlgNet | EXPORT/Program blocks/OP010/03_Auto/01ChangeOver/ChangeOverProcess.xml:ChangeOverProcess:FlgNet
ChangeOver_DB.Robot_3.HMI_MaintenancePosActive,ChangeOver_DB,1,1,0,2,ChangeOverProcess;ST10_Flow15_FRobot_3,1,ChangeOver_DB_Robot_3_HMI_MaintenancePosActive,EXPORT/Program blocks/OP010/03_Auto/01ChangeOver/ChangeOver_DB.xml,EXPORT/Program blocks/OP010/03_Auto/01ChangeOver/ChangeOverProcess.xml:ChangeOverProcess:FlgNet | EXPORT/Program blocks/OP010/03_Auto/F_Robot/ST10_Flow15_FRobot_3.xml:ST10_Flow15_FRobot_3:FlgNet
ChangeOver_DB.Robot_3.MaintenancePosReqSelFlag,ChangeOver_DB,14,1,0,2,ChangeOverProcess;ST10_Flow15_FRobot_3,1,ChangeOver_DB_Robot_3_MaintenancePosReqSelFlag,EXPORT/Program blocks/OP010/03_Auto/01ChangeOver/ChangeOver_DB.xml,EXPORT/Program blocks/OP010/03_Auto/01ChangeOver/ChangeOverProcess.xml:ChangeOverProcess:FlgNet | EXPORT/Program blocks/OP010/03_Auto/F_Robot/ST10_Flow15_FRobot_3.xml:ST10_Flow15_FRobot_3:FlgNet
ChangeOver_DB.Robot_3.NoTaskRunning,ChangeOver_DB,2,1,0,2,ChangeOverProcess;Robot,0,,EXPORT/Program blocks/OP010/03_Auto/01ChangeOver/ChangeOver_DB.xml,EXPORT/Program blocks/OP010/10_Device/24_Robot/Robot.xml:Robot:FlgNet | EXPORT/Program blocks/OP010/03_Auto/01ChangeOver/ChangeOverProcess.xml:ChangeOverProcess:FlgNet
ClockMemory0.1s,ClockMemory0,2,0,0,2,01_OB1;ST10_Main,0,,,EXPORT/Program blocks/01_OB/01_OB1.xml:01_OB1:FlgNet | EXPORT/Program blocks/OP010/00_Main/ST10_Main.xml:ST10_Main:FlgNet
ClockMemory0.2s,ClockMemory0,2,0,0,2,01_OB1;CuringOven,0,,,EXPORT/Program blocks/01_OB/01_OB1.xml:01_OB1:FlgNet | EXPORT/Program blocks/OP010/10_Device/09_CuringOven/CuringOven.xml:CuringOven:FlgNet
DB_KeyenceCheckerIV3.aDev.Common.bError,DB_KeyenceCheckerIV3,12,0,0,2,ST10_Alarm;ST10_Flow7_CGlueing,0,,EXPORT/Program blocks/OP010/10_Device/21_IV3/DB_KeyenceCheckerIV3.xml,EXPORT/Program blocks/OP010/05_Alarm/ST10_Alarm.xml:ST10_Alarm:FlgNet | EXPORT/Program blocks/OP010/03_Auto/C_Glue/ST10_Flow7_CGlueing.xml:ST10_Flow7_CGlueing:FlgNet
DB_maXYmosNC1.oCycleNOK,DB_maXYmosNC1,6,0,0,2,KistlerPresser_Main;ST10_Flow4_B1Press,0,,EXPORT/Program blocks/OP010/10_Device/23_Kistler/Kistler1/DB_maXYmosNC1.xml,EXPORT/Program blocks/OP010/10_Device/23_Kistler/KistlerPresser_Main.xml:KistlerPresser_Main:FlgNet | EXPORT/Program blocks/OP010/03_Auto/B_Press/ST10_Flow4_B1Press.xml:ST10_Flow4_B1Press:FlgNet
DB_maXYmosNC1.oCycleOK,DB_maXYmosNC1,6,0,0,2,KistlerPresser_Main;ST10_Flow4_B1Press,0,,EXPORT/Program blocks/OP010/10_Device/23_Kistler/Kistler1/DB_maXYmosNC1.xml,EXPORT/Program blocks/OP010/10_Device/23_Kistler/KistlerPresser_Main.xml:KistlerPresser_Main:FlgNet | EXPORT/Program blocks/OP010/03_Auto/B_Press/ST10_Flow4_B1Press.xml:ST10_Flow4_B1Press:FlgNet
DB_maXYmosNC1.oReady,DB_maXYmosNC1,4,0,0,2,ST10_Alarm;ST10_Flow4_B1Press,0,,EXPORT/Program blocks/OP010/10_Device/23_Kistler/Kistler1/DB_maXYmosNC1.xml,EXPORT/Program blocks/OP010/05_Alarm/ST10_Alarm.xml:ST10_Alarm:FlgNet | EXPORT/Program blocks/OP010/03_Auto/B_Press/ST10_Flow4_B1Press.xml:ST10_Flow4_B1Press:FlgNet
DB_maXYmosNC2.oCycleNOK,DB_maXYmosNC2,6,0,0,2,KistlerPresser_Main;ST10_Flow14_B2Press,0,,EXPORT/Program blocks/OP010/10_Device/23_Kistler/Kistler2/DB_maXYmosNC2.xml,EXPORT/Program blocks/OP010/10_Device/23_Kistler/KistlerPresser_Main.xml:KistlerPresser_Main:FlgNet | EXPORT/Program blocks/OP010/03_Auto/B_Press/ST10_Flow14_B2Press.xml:ST10_Flow14_B2Press:FlgNet
DB_maXYmosNC2.oCycleOK,DB_maXYmosNC2,6,0,0,2,KistlerPresser_Main;ST10_Flow14_B2Press,0,,EXPORT/Program blocks/OP010/10_Device/23_Kistler/Kistler2/DB_maXYmosNC2.xml,EXPORT/Program blocks/OP010/10_Device/23_Kistler/KistlerPresser_Main.xml:KistlerPresser_Main:FlgNet | EXPORT/Program blocks/OP010/03_Auto/B_Press/ST10_Flow14_B2Press.xml:ST10_Flow14_B2Press:FlgNet
DB_maXYmosNC2.oReady,DB_maXYmosNC2,4,0,0,2,ST10_Alarm;ST10_Flow14_B2Press,0,,EXPORT/Program blocks/OP010/10_Device/23_Kistler/Kistler2/DB_maXYmosNC2.xml,EXPORT/Program blocks/OP010/05_Alarm/ST10_Alarm.xml:ST10_Alarm:FlgNet | EXPORT/Program blocks/OP010/03_Auto/B_Press/ST10_Flow14_B2Press.xml:ST10_Flow14_B2Press:FlgNet
FirstScan,FirstScan,2,0,0,2,01_OB1;V90_Servo,0,,EXPORT/PLC tags/默认变量表.xml,EXPORT/Program blocks/01_OB/01_OB1.xml:01_OB1:FlgNet | EXPORT/Program blocks/OP010/10_Device/25_V90/V90_Servo.xml:V90_Servo:StructuredText
GluingControl.Input.GluingFault,GluingControl,3,1,0,2,Gluing;ST10_Alarm,1,GluingControl_Input_GluingFault,EXPORT/Program blocks/OP010/10_Device/28_Gluing/GluingControl.xml,EXPORT/Program blocks/OP010/05_Alarm/ST10_Alarm.xml:ST10_Alarm:FlgNet | EXPORT/Program blocks/OP010/10_Device/28_Gluing/Gluing.xml:Gluing:StructuredText | EXPORT/Program blocks/OP010/10_Device/28_Gluing/Gluing.xml:Gluing:FlgNet
GluingControl.Input.GluingRefillTank,GluingControl,1,1,0,2,Gluing;ST10_Alarm,1,GluingControl_Input_GluingRefillTank,EXPORT/Program blocks/OP010/10_Device/28_Gluing/GluingControl.xml,EXPORT/Program blocks/OP010/05_Alarm/ST10_Alarm.xml:ST10_Alarm:FlgNet | EXPORT/Program blocks/OP010/10_Device/28_Gluing/Gluing.xml:Gluing:StructuredText
GluingControl.Input.GluingTankEmpty,GluingControl,1,1,0,2,Gluing;ST10_Alarm,1,GluingControl_Input_GluingTankEmpty,EXPORT/Program blocks/OP010/10_Device/28_Gluing/GluingControl.xml,EXPORT/Program blocks/OP010/05_Alarm/ST10_Alarm.xml:ST10_Alarm:FlgNet | EXPORT/Program blocks/OP010/10_Device/28_Gluing/Gluing.xml:Gluing:StructuredText
GluingControl.Output.GluingPro_X,GluingControl,2,1,0,2,Gluing;ST10_Alarm,1,GluingControl_Output_GluingPro_X,EXPORT/Program blocks/OP010/10_Device/28_Gluing/GluingControl.xml,EXPORT/Program blocks/OP010/05_Alarm/ST10_Alarm.xml:ST10_Alarm:FlgNet | EXPORT/Program blocks/OP010/10_Device/28_Gluing/Gluing.xml:Gluing:StructuredText | EXPORT/Program blocks/OP010/10_Device/28_Gluing/Gluing.xml:Gluing:FlgNet
H-shaftPalletEmptyCheck1,H-shaftPalletEmptyCheck1,5,0,0,2,ST10_Alarm;ST10_Flow25_HShaftLoad&Unload,0,,EXPORT/PLC tags/IO/RemoteIO_DI_2.xml,EXPORT/Program blocks/OP010/05_Alarm/ST10_Alarm.xml:ST10_Alarm:FlgNet | EXPORT/Program blocks/OP010/03_Auto/H_ShaftLifting&Load&Unload/ST10_Flow25_HShaftLoad&Unload.xml:ST10_Flow25_HShaftLoad&Unload:FlgNet
H-shaftPalletEmptyCheck2,H-shaftPalletEmptyCheck2,5,0,0,2,ST10_Alarm;ST10_Flow25_HShaftLoad&Unload,0,,EXPORT/PLC tags/IO/RemoteIO_DI_2.xml,EXPORT/Program blocks/OP010/05_Alarm/ST10_Alarm.xml:ST10_Alarm:FlgNet | EXPORT/Program blocks/OP010/03_Auto/H_ShaftLifting&Load&Unload/ST10_Flow25_HShaftLoad&Unload.xml:ST10_Flow25_HShaftLoad&Unload:FlgNet
H-shaftPalletEmptyCheck3,H-shaftPalletEmptyCheck3,5,0,0,2,ST10_Alarm;ST10_Flow25_HShaftLoad&Unload,0,,EXPORT/PLC tags/IO/RemoteIO_DI_2.xml,EXPORT/Program blocks/OP010/05_Alarm/ST10_Alarm.xml:ST10_Alarm:FlgNet | EXPORT/Program blocks/OP010/03_Auto/H_ShaftLifting&Load&Unload/ST10_Flow25_HShaftLoad&Unload.xml:ST10_Flow25_HShaftLoad&Unload:FlgNet
IAI_A1.In.iAutoStart,IAI_A1,1,1,0,2,Axis_FB;IAI_Position,0,,EXPORT/Program blocks/OP010/10_Device/22_IAI/IAI_A1.xml,EXPORT/Program blocks/OP010/10_Device/22_IAI/Axis_FB.xml:Axis_FB:StructuredText | EXPORT/Program blocks/OP010/10_Device/22_IAI/IAI_Position.xml:IAI_Position:StructuredText
IAI_A2.In.iAutoStart,IAI_A2,1,1,0,2,Axis_FB;IAI_Position,0,,EXPORT/Program blocks/OP010/10_Device/22_IAI/IAI_A2.xml,EXPORT/Program blocks/OP010/10_Device/22_IAI/Axis_FB.xml:Axis_FB:StructuredText | EXPORT/Program blocks/OP010/10_Device/22_IAI/IAI_Position.xml:IAI_Position:StructuredText
IAI_A3.In.iAutoStart,IAI_A3,1,1,0,2,Axis_FB;IAI_Position,0,,EXPORT/Program blocks/OP010/10_Device/22_IAI/IAI_A3.xml,EXPORT/Program blocks/OP010/10_Device/22_IAI/Axis_FB.xml:Axis_FB:StructuredText | EXPORT/Program blocks/OP010/10_Device/22_IAI/IAI_Position.xml:IAI_Position:StructuredText
IAI_DeviceCtl.IAIServo.Point.Achieve,IAI_DeviceCtl,68,0,0,2,Gluing;ST10_Flow7_CGlueing,0,,EXPORT/Program blocks/OP010/10_Device/22_IAI/IAI_DeviceCtl.xml,EXPORT/Program blocks/OP010/10_Device/28_Gluing/Gluing.xml:Gluing:FlgNet | EXPORT/Program blocks/OP010/03_Auto/C_Glue/ST10_Flow7_CGlueing.xml:ST10_Flow7_CGlueing:FlgNet
J-mganePalletEmptyCheck4,J-mganePalletEmptyCheck4,4,0,0,2,ST10_Auto;ST10_Flow26_JMagnetLoad&Unload,0,,EXPORT/PLC tags/IO/RemoteIO_DI_2.xml,EXPORT/Program blocks/OP010/03_Auto/ST10_Auto.xml:ST10_Auto:FlgNet | EXPORT/Program blocks/OP010/03_Auto/J_MagnetLifting&Load&Unload/ST10_Flow26_JMagnetLoad&Unload.xml:ST10_Flow26_JMagnetLoad&Unload:FlgNet
K-reservePalletEmptyCheck1,K-reservePalletEmptyCheck1,5,0,0,2,ST10_Alarm;ST10_Flow27_KReserveLoad&Unload,0,,EXPORT/PLC tags/IO/RemoteIO_DI_2.xml,EXPORT/Program blocks/OP010/05_Alarm/ST10_Alarm.xml:ST10_Alarm:FlgNet | EXPORT/Program blocks/OP010/03_Auto/L_Unload/K_ReserveLifting&Load&Unload/ST10_Flow27_KReserveLoad&Unload.xml:ST10_Flow27_KReserveLoad&Unload:FlgNet
K-reservePalletEmptyCheck2,K-reservePalletEmptyCheck2,5,0,0,2,ST10_Alarm;ST10_Flow27_KReserveLoad&Unload,0,,EXPORT/PLC tags/IO/RemoteIO_DI_2.xml,EXPORT/Program blocks/OP010/05_Alarm/ST10_Alarm.xml:ST10_Alarm:FlgNet | EXPORT/Program blocks/OP010/03_Auto/L_Unload/K_ReserveLifting&Load&Unload/ST10_Flow27_KReserveLoad&Unload.xml:ST10_Flow27_KReserveLoad&Unload:FlgNet
K-reservePalletEmptyCheck3,K-reservePalletEmptyCheck3,5,0,0,2,ST10_Alarm;ST10_Flow27_KReserveLoad&Unload,0,,EXPORT/PLC tags/IO/RemoteIO_DI_2.xml,EXPORT/Program blocks/OP010/05_Alarm/ST10_Alarm.xml:ST10_Alarm:FlgNet | EXPORT/Program blocks/OP010/03_Auto/L_Unload/K_ReserveLifting&Load&Unload/ST10_Flow27_KReserveLoad&Unload.xml:ST10_Flow27_KReserveLoad&Unload:FlgNet
KeyenceSR1000Ctrl_803A1DB.oReady,KeyenceSR1000Ctrl_803A1DB,5,0,0,2,ST10_Flow15_FRobot_3;ST10_Flow6_ToolCodeScan,0,,EXPORT/Program blocks/OP010/10_Device/18_SR1000 Scan/KeyenceSR1000Ctrl_803A1DB.xml,EXPORT/Program blocks/OP010/03_Auto/01ChangeOver/ST10_Flow6_ToolCodeScan.xml:ST10_Flow6_ToolCodeScan:FlgNet | EXPORT/Program blocks/OP010/03_Auto/F_Robot/ST10_Flow15_FRobot_3.xml:ST10_Flow15_FRobot_3:FlgNet
KeyenceSR1000Ctrl_803A1DB.sHMI.Status.Complete,KeyenceSR1000Ctrl_803A1DB,6,0,0,2,ST10_Flow15_FRobot_3;ST10_Flow6_ToolCodeScan,0,,EXPORT/Program blocks/OP010/10_Device/18_SR1000 Scan/KeyenceSR1000Ctrl_803A1DB.xml,EXPORT/Program blocks/OP010/03_Auto/01ChangeOver/ST10_Flow6_ToolCodeScan.xml:ST10_Flow6_ToolCodeScan:FlgNet | EXPORT/Program blocks/OP010/03_Auto/F_Robot/ST10_Flow15_FRobot_3.xml:ST10_Flow15_FRobot_3:FlgNet
KeyenceSR1000Ctrl_803A1DB.sHMI.Status.Ready,KeyenceSR1000Ctrl_803A1DB,5,0,0,2,ST10_Flow15_FRobot_3;ST10_Flow6_ToolCodeScan,0,,EXPORT/Program blocks/OP010/10_Device/18_SR1000 Scan/KeyenceSR1000Ctrl_803A1DB.xml,EXPORT/Program blocks/OP010/03_Auto/01ChangeOver/ST10_Flow6_ToolCodeScan.xml:ST10_Flow6_ToolCodeScan:FlgNet | EXPORT/Program blocks/OP010/03_Auto/F_Robot/ST10_Flow15_FRobot_3.xml:ST10_Flow15_FRobot_3:FlgNet
KeyenceSR1000Ctrl_804A1DB.oReady,KeyenceSR1000Ctrl_804A1DB,7,0,0,2,ST10_Flow5_FRobot_1;ST10_Flow6_ToolCodeScan,0,,EXPORT/Program blocks/OP010/10_Device/18_SR1000 Scan/KeyenceSR1000Ctrl_804A1DB.xml,EXPORT/Program blocks/OP010/03_Auto/01ChangeOver/ST10_Flow6_ToolCodeScan.xml:ST10_Flow6_ToolCodeScan:FlgNet | EXPORT/Program blocks/OP010/03_Auto/F_Robot/ST10_Flow5_FRobot_1.xml:ST10_Flow5_FRobot_1:FlgNet | EXPORT/Program blocks/OP010/03_Auto/F_Robot/ST10_Flow5_FRobot_1_01092026_152002.xml:ST10_Flow5_FRobot_1:FlgNet | EXPORT/Program blocks/OP010/03_Auto/F_Robot/ST10_Flow5_FRobot_1_01092026_152004.xml:ST10_Flow5_FRobot_1:FlgNet
KeyenceSR1000Ctrl_804A1DB.sHMI.Status.Complete,KeyenceSR1000Ctrl_804A1DB,10,0,0,2,ST10_Flow5_FRobot_1;ST10_Flow6_ToolCodeScan,0,,EXPORT/Program blocks/OP010/10_Device/18_SR1000 Scan/KeyenceSR1000Ctrl_804A1DB.xml,EXPORT/Program blocks/OP010/03_Auto/01ChangeOver/ST10_Flow6_ToolCodeScan.xml:ST10_Flow6_ToolCodeScan:FlgNet | EXPORT/Program blocks/OP010/03_Auto/F_Robot/ST10_Flow5_FRobot_1.xml:ST10_Flow5_FRobot_1:FlgNet | EXPORT/Program blocks/OP010/03_Auto/F_Robot/ST10_Flow5_FRobot_1_01092026_152002.xml:ST10_Flow5_FRobot_1:FlgNet | EXPORT/Program blocks/OP010/03_Auto/F_Robot/ST10_Flow5_FRobot_1_01092026_152004.xml:ST10_Flow5_FRobot_1:FlgNet
KeyenceSR1000Ctrl_804A1DB.sHMI.Status.Ready,KeyenceSR1000Ctrl_804A1DB,7,0,0,2,ST10_Flow5_FRobot_1;ST10_Flow6_ToolCodeScan,0,,EXPORT/Program blocks/OP010/10_Device/18_SR1000 Scan/KeyenceSR1000Ctrl_804A1DB.xml,EXPORT/Program blocks/OP010/03_Auto/01ChangeOver/ST10_Flow6_ToolCodeScan.xml:ST10_Flow6_ToolCodeScan:FlgNet | EXPORT/Program blocks/OP010/03_Auto/F_Robot/ST10_Flow5_FRobot_1.xml:ST10_Flow5_FRobot_1:FlgNet | EXPORT/Program blocks/OP010/03_Auto/F_Robot/ST10_Flow5_FRobot_1_01092026_152002.xml:ST10_Flow5_FRobot_1:FlgNet | EXPORT/Program blocks/OP010/03_Auto/F_Robot/ST10_Flow5_FRobot_1_01092026_152004.xml:ST10_Flow5_FRobot_1:FlgNet
KeyenceSR1000Ctrl_806A1DB.oReady,KeyenceSR1000Ctrl_806A1DB,5,0,0,2,ST10_Flow6_ToolCodeScan;ST10_Flow8_FRobot_2,0,,EXPORT/Program blocks/OP010/10_Device/18_SR1000 Scan/KeyenceSR1000Ctrl_806A1DB.xml,EXPORT/Program blocks/OP010/03_Auto/01ChangeOver/ST10_Flow6_ToolCodeScan.xml:ST10_Flow6_ToolCodeScan:FlgNet | EXPORT/Program blocks/OP010/03_Auto/F_Robot/ST10_Flow8_FRobot_2.xml:ST10_Flow8_FRobot_2:FlgNet
KeyenceSR1000Ctrl_806A1DB.sHMI.Status.Complete,KeyenceSR1000Ctrl_806A1DB,6,0,0,2,ST10_Flow6_ToolCodeScan;ST10_Flow8_FRobot_2,0,,EXPORT/Program blocks/OP010/10_Device/18_SR1000 Scan/KeyenceSR1000Ctrl_806A1DB.xml,EXPORT/Program blocks/OP010/03_Auto/01ChangeOver/ST10_Flow6_ToolCodeScan.xml:ST10_Flow6_ToolCodeScan:FlgNet | EXPORT/Program blocks/OP010/03_Auto/F_Robot/ST10_Flow8_FRobot_2.xml:ST10_Flow8_FRobot_2:FlgNet
KeyenceSR1000Ctrl_806A1DB.sHMI.Status.Ready,KeyenceSR1000Ctrl_806A1DB,5,0,0,2,ST10_Flow6_ToolCodeScan;ST10_Flow8_FRobot_2,0,,EXPORT/Program blocks/OP010/10_Device/18_SR1000 Scan/KeyenceSR1000Ctrl_806A1DB.xml,EXPORT/Program blocks/OP010/03_Auto/01ChangeOver/ST10_Flow6_ToolCodeScan.xml:ST10_Flow6_ToolCodeScan:FlgNet | EXPORT/Program blocks/OP010/03_Auto/F_Robot/ST10_Flow8_FRobot_2.xml:ST10_Flow8_FRobot_2:FlgNet
KukaRobot1_CtrlDB.iSpeedValue,KukaRobot1_CtrlDB,0,0,11,2,Robot;ST10_Flow5_FRobot_1,1,KukaRobot1_CtrlDB_iSpeedValue,EXPORT/Program blocks/OP010/10_Device/24_Robot/KukaRobot1_CtrlDB.xml,EXPORT/Program blocks/OP010/10_Device/24_Robot/Robot.xml:Robot:FlgNet | EXPORT/Program blocks/OP010/03_Auto/F_Robot/ST10_Flow5_FRobot_1.xml:ST10_Flow5_FRobot_1:FlgNet | EXPORT/Program blocks/OP010/03_Auto/F_Robot/ST10_Flow5_FRobot_1_01092026_152002.xml:ST10_Flow5_FRobot_1:FlgNet | EXPORT/Program blocks/OP010/03_Auto/F_Robot/ST10_Flow5_FRobot_1_01092026_152004.xml:ST10_Flow5_FRobot_1:FlgNet
KukaRobot1_CtrlDB.sROBtoPLC.Sys.SO.ALARM_STOP,KukaRobot1_CtrlDB,4,0,0,2,ST10_Alarm;ST10_Flow5_FRobot_1,0,,EXPORT/Program blocks/OP010/10_Device/24_Robot/KukaRobot1_CtrlDB.xml,EXPORT/Program blocks/OP010/05_Alarm/ST10_Alarm.xml:ST10_Alarm:FlgNet | EXPORT/Program blocks/OP010/03_Auto/F_Robot/ST10_Flow5_FRobot_1.xml:ST10_Flow5_FRobot_1:FlgNet | EXPORT/Program blocks/OP010/03_Auto/F_Robot/ST10_Flow5_FRobot_1_01092026_152002.xml:ST10_Flow5_FRobot_1:FlgNet | EXPORT/Program blocks/OP010/03_Auto/F_Robot/ST10_Flow5_FRobot_1_01092026_152004.xml:ST10_Flow5_FRobot_1:FlgNet
KukaRobot1_CtrlDB.sROBtoPLC.Sys.SO.EXT,KukaRobot1_CtrlDB,4,0,0,2,ST10_Alarm;ST10_Flow5_FRobot_1,0,,EXPORT/Program blocks/OP010/10_Device/24_Robot/KukaRobot1_CtrlDB.xml,EXPORT/Program blocks/OP010/05_Alarm/ST10_Alarm.xml:ST10_Alarm:FlgNet | EXPORT/Program blocks/OP010/03_Auto/F_Robot/ST10_Flow5_FRobot_1.xml:ST10_Flow5_FRobot_1:FlgNet | EXPORT/Program blocks/OP010/03_Auto/F_Robot/ST10_Flow5_FRobot_1_01092026_152002.xml:ST10_Flow5_FRobot_1:FlgNet | EXPORT/Program blocks/OP010/03_Auto/F_Robot/ST10_Flow5_FRobot_1_01092026_152004.xml:ST10_Flow5_FRobot_1:FlgNet
KukaRobot1_CtrlDB.sROBtoPLC.User.Cycle.DO226_ScanPos1Reach,KukaRobot1_CtrlDB,4,0,0,2,ST10_Flow5_FRobot_1;ST10_Flow6_ToolCodeScan,0,,EXPORT/Program blocks/OP010/10_Device/24_Robot/KukaRobot1_CtrlDB.xml,EXPORT/Program blocks/OP010/03_Auto/01ChangeOver/ST10_Flow6_ToolCodeScan.xml:ST10_Flow6_ToolCodeScan:FlgNet | EXPORT/Program blocks/OP010/03_Auto/F_Robot/ST10_Flow5_FRobot_1.xml:ST10_Flow5_FRobot_1:FlgNet | EXPORT/Program blocks/OP010/03_Auto/F_Robot/ST10_Flow5_FRobot_1_01092026_152002.xml:ST10_Flow5_FRobot_1:FlgNet | EXPORT/Program blocks/OP010/03_Auto/F_Robot/ST10_Flow5_FRobot_1_01092026_152004.xml:ST10_Flow5_FRobot_1:FlgNet
KukaRobot1_CtrlDB.sROBtoPLC.User.Cycle.DO227_ScanPos2Reach,KukaRobot1_CtrlDB,4,0,0,2,ST10_Flow5_FRobot_1;ST10_Flow6_ToolCodeScan,0,,EXPORT/Program blocks/OP010/10_Device/24_Robot/KukaRobot1_CtrlDB.xml,EXPORT/Program blocks/OP010/03_Auto/01ChangeOver/ST10_Flow6_ToolCodeScan.xml:ST10_Flow6_ToolCodeScan:FlgNet | EXPORT/Program blocks/OP010/03_Auto/F_Robot/ST10_Flow5_FRobot_1.xml:ST10_Flow5_FRobot_1:FlgNet | EXPORT/Program blocks/OP010/03_Auto/F_Robot/ST10_Flow5_FRobot_1_01092026_152002.xml:ST10_Flow5_FRobot_1:FlgNet | EXPORT/Program blocks/OP010/03_Auto/F_Robot/ST10_Flow5_FRobot_1_01092026_152004.xml:ST10_Flow5_FRobot_1:FlgNet
KukaRobot1_CtrlDB.sROBtoPLC.User.Cycle.DO228_ScanPos3Reach,KukaRobot1_CtrlDB,4,0,0,2,ST10_Flow5_FRobot_1;ST10_Flow6_ToolCodeScan,0,,EXPORT/Program blocks/OP010/10_Device/24_Robot/KukaRobot1_CtrlDB.xml,EXPORT/Program blocks/OP010/03_Auto/01ChangeOver/ST10_Flow6_ToolCodeScan.xml:ST10_Flow6_ToolCodeScan:FlgNet | EXPORT/Program blocks/OP010/03_Auto/F_Robot/ST10_Flow5_FRobot_1.xml:ST10_Flow5_FRobot_1:FlgNet | EXPORT/Program blocks/OP010/03_Auto/F_Robot/ST10_Flow5_FRobot_1_01092026_152002.xml:ST10_Flow5_FRobot_1:FlgNet | EXPORT/Program blocks/OP010/03_Auto/F_Robot/ST10_Flow5_FRobot_1_01092026_152004.xml:ST10_Flow5_FRobot_1:FlgNet
KukaRobot1_CtrlDB.sROBtoPLC.User.Cycle.DO229_ScanPos4Reach,KukaRobot1_CtrlDB,4,0,0,2,ST10_Flow5_FRobot_1;ST10_Flow6_ToolCodeScan,0,,EXPORT/Program blocks/OP010/10_Device/24_Robot/KukaRobot1_CtrlDB.xml,EXPORT/Program blocks/OP010/03_Auto/01ChangeOver/ST10_Flow6_ToolCodeScan.xml:ST10_Flow6_ToolCodeScan:FlgNet | EXPORT/Program blocks/OP010/03_Auto/F_Robot/ST10_Flow5_FRobot_1.xml:ST10_Flow5_FRobot_1:FlgNet | EXPORT/Program blocks/OP010/03_Auto/F_Robot/ST10_Flow5_FRobot_1_01092026_152002.xml:ST10_Flow5_FRobot_1:FlgNet | EXPORT/Program blocks/OP010/03_Auto/F_Robot/ST10_Flow5_FRobot_1_01092026_152004.xml:ST10_Flow5_FRobot_1:FlgNet
KukaRobot1_CtrlDB.sROBtoPLC.User.Cycle.DO230_ScanPos5Reach,KukaRobot1_CtrlDB,4,0,0,2,ST10_Flow5_FRobot_1;ST10_Flow6_ToolCodeScan,0,,EXPORT/Program blocks/OP010/10_Device/24_Robot/KukaRobot1_CtrlDB.xml,EXPORT/Program blocks/OP010/03_Auto/01ChangeOver/ST10_Flow6_ToolCodeScan.xml:ST10_Flow6_ToolCodeScan:FlgNet | EXPORT/Program blocks/OP010/03_Auto/F_Robot/ST10_Flow5_FRobot_1.xml:ST10_Flow5_FRobot_1:FlgNet | EXPORT/Program blocks/OP010/03_Auto/F_Robot/ST10_Flow5_FRobot_1_01092026_152002.xml:ST10_Flow5_FRobot_1:FlgNet | EXPORT/Program blocks/OP010/03_Auto/F_Robot/ST10_Flow5_FRobot_1_01092026_152004.xml:ST10_Flow5_FRobot_1:FlgNet
KukaRobot1_CtrlDB.sROBtoPLC.User.Cycle.DO233_ScanPoseFinish,KukaRobot1_CtrlDB,7,0,0,2,ST10_Flow5_FRobot_1;ST10_Flow6_ToolCodeScan,0,,EXPORT/Program blocks/OP010/10_Device/24_Robot/KukaRobot1_CtrlDB.xml,EXPORT/Program blocks/OP010/03_Auto/01ChangeOver/ST10_Flow6_ToolCodeScan.xml:ST10_Flow6_ToolCodeScan:FlgNet | EXPORT/Program blocks/OP010/03_Auto/F_Robot/ST10_Flow5_FRobot_1.xml:ST10_Flow5_FRobot_1:FlgNet | EXPORT/Program blocks/OP010/03_Auto/F_Robot/ST10_Flow5_FRobot_1_01092026_152002.xml:ST10_Flow5_FRobot_1:FlgNet | EXPORT/Program blocks/OP010/03_Auto/F_Robot/ST10_Flow5_FRobot_1_01092026_152004.xml:ST10_Flow5_FRobot_1:FlgNet
KukaRobot1_CtrlDB.sROBtoPLC.User.Cycle.DO242_SPalletPickFinish,KukaRobot1_CtrlDB,13,0,0,2,ST10_Flow21_HShaftLifting;ST10_Flow5_FRobot_1,0,,EXPORT/Program blocks/OP010/10_Device/24_Robot/KukaRobot1_CtrlDB.xml,EXPORT/Program blocks/OP010/03_Auto/F_Robot/ST10_Flow5_FRobot_1.xml:ST10_Flow5_FRobot_1:FlgNet | EXPORT/Program blocks/OP010/03_Auto/F_Robot/ST10_Flow5_FRobot_1_01092026_152002.xml:ST10_Flow5_FRobot_1:FlgNet | EXPORT/Program blocks/OP010/03_Auto/F_Robot/ST10_Flow5_FRobot_1_01092026_152004.xml:ST10_Flow5_FRobot_1:FlgNet | EXPORT/Program blocks/OP010/03_Auto/H_ShaftLifting&Load&Unload/ST10_Flow21_HShaftLifting.xml:ST10_Flow21_HShaftLifting:FlgNet
KukaRobot1_CtrlDB.sROBtoPLC.User.Cycle.DO250_ShaftScanPutFinish,KukaRobot1_CtrlDB,8,0,0,2,ST10_Flow3_A1RotaryShaftScan;ST10_Flow5_FRobot_1,0,,EXPORT/Program blocks/OP010/10_Device/24_Robot/KukaRobot1_CtrlDB.xml,EXPORT/Program blocks/OP010/03_Auto/A1_TableLoad&Scan/ST10_Flow3_A1RotaryShaftScan.xml:ST10_Flow3_A1RotaryShaftScan:FlgNet | EXPORT/Program blocks/OP010/03_Auto/F_Robot/ST10_Flow5_FRobot_1.xml:ST10_Flow5_FRobot_1:FlgNet | EXPORT/Program blocks/OP010/03_Auto/F_Robot/ST10_Flow5_FRobot_1_01092026_152002.xml:ST10_Flow5_FRobot_1:FlgNet | EXPORT/Program blocks/OP010/03_Auto/F_Robot/ST10_Flow5_FRobot_1_01092026_152004.xml:ST10_Flow5_FRobot_1:FlgNet
KukaRobot1_CtrlDB.sROBtoPLC.User.Cycle.DO254_SScanPickFinish,KukaRobot1_CtrlDB,8,0,0,2,ST10_Flow3_A1RotaryShaftScan;ST10_Flow5_FRobot_1,0,,EXPORT/Program blocks/OP010/10_Device/24_Robot/KukaRobot1_CtrlDB.xml,EXPORT/Program blocks/OP010/03_Auto/A1_TableLoad&Scan/ST10_Flow3_A1RotaryShaftScan.xml:ST10_Flow3_A1RotaryShaftScan:FlgNet | EXPORT/Program blocks/OP010/03_Auto/F_Robot/ST10_Flow5_FRobot_1.xml:ST10_Flow5_FRobot_1:FlgNet | EXPORT/Program blocks/OP010/03_Auto/F_Robot/ST10_Flow5_FRobot_1_01092026_152002.xml:ST10_Flow5_FRobot_1:FlgNet | EXPORT/Program blocks/OP010/03_Auto/F_Robot/ST10_Flow5_FRobot_1_01092026_152004.xml:ST10_Flow5_FRobot_1:FlgNet
KukaRobot1_CtrlDB.sROBtoPLC.User.Cycle.DO258_TablePickFinish,KukaRobot1_CtrlDB,8,0,0,2,ST10_Flow2_A1TableUnloading;ST10_Flow5_FRobot_1,0,,EXPORT/Program blocks/OP010/10_Device/24_Robot/KukaRobot1_CtrlDB.xml,EXPORT/Program blocks/OP010/03_Auto/A1_TableLoad&Scan/ST10_Flow2_A1TableUnloading.xml:ST10_Flow2_A1TableUnloading:FlgNet | EXPORT/Program blocks/OP010/03_Auto/F_Robot/ST10_Flow5_FRobot_1.xml:ST10_Flow5_FRobot_1:FlgNet | EXPORT/Program blocks/OP010/03_Auto/F_Robot/ST10_Flow5_FRobot_1_01092026_152002.xml:ST10_Flow5_FRobot_1:FlgNet | EXPORT/Program blocks/OP010/03_Auto/F_Robot/ST10_Flow5_FRobot_1_01092026_152004.xml:ST10_Flow5_FRobot_1:FlgNet
KukaRobot1_CtrlDB.sROBtoPLC.User.Cycle.DO261_RingScanInside,KukaRobot1_CtrlDB,4,0,0,2,Robot;ST10_Flow5_FRobot_1,0,,EXPORT/Program blocks/OP010/10_Device/24_Robot/KukaRobot1_CtrlDB.xml,EXPORT/Program blocks/OP010/10_Device/24_Robot/Robot.xml:Robot:FlgNet | EXPORT/Program blocks/OP010/03_Auto/F_Robot/ST10_Flow5_FRobot_1.xml:ST10_Flow5_FRobot_1:FlgNet | EXPORT/Program blocks/OP010/03_Auto/F_Robot/ST10_Flow5_FRobot_1_01092026_152002.xml:ST10_Flow5_FRobot_1:FlgNet | EXPORT/Program blocks/OP010/03_Auto/F_Robot/ST10_Flow5_FRobot_1_01092026_152004.xml:ST10_Flow5_FRobot_1:FlgNet
KukaRobot1_CtrlDB.sROBtoPLC.User.Cycle.DO274_PressShaftPutFinish,KukaRobot1_CtrlDB,8,0,0,2,ST10_Flow4_B1Press;ST10_Flow5_FRobot_1,0,,EXPORT/Program blocks/OP010/10_Device/24_Robot/KukaRobot1_CtrlDB.xml,EXPORT/Program blocks/OP010/03_Auto/B_Press/ST10_Flow4_B1Press.xml:ST10_Flow4_B1Press:FlgNet | EXPORT/Program blocks/OP010/03_Auto/F_Robot/ST10_Flow5_FRobot_1.xml:ST10_Flow5_FRobot_1:FlgNet | EXPORT/Program blocks/OP010/03_Auto/F_Robot/ST10_Flow5_FRobot_1_01092026_152002.xml:ST10_Flow5_FRobot_1:FlgNet | EXPORT/Program blocks/OP010/03_Auto/F_Robot/ST10_Flow5_FRobot_1_01092026_152004.xml:ST10_Flow5_FRobot_1:FlgNet
KukaRobot1_CtrlDB.sROBtoPLC.User.Cycle.DO278_PressRingPutFinish,KukaRobot1_CtrlDB,8,0,0,2,ST10_Flow4_B1Press;ST10_Flow5_FRobot_1,0,,EXPORT/Program blocks/OP010/10_Device/24_Robot/KukaRobot1_CtrlDB.xml,EXPORT/Program blocks/OP010/03_Auto/B_Press/ST10_Flow4_B1Press.xml:ST10_Flow4_B1Press:FlgNet | EXPORT/Program blocks/OP010/03_Auto/F_Robot/ST10_Flow5_FRobot_1.xml:ST10_Flow5_FRobot_1:FlgNet | EXPORT/Program blocks/OP010/03_Auto/F_Robot/ST10_Flow5_FRobot_1_01092026_152002.xml:ST10_Flow5_FRobot_1:FlgNet | EXPORT/Program blocks/OP010/03_Auto/F_Robot/ST10_Flow5_FRobot_1_01092026_152004.xml:ST10_Flow5_FRobot_1:FlgNet
KukaRobot1_CtrlDB.sROBtoPLC.User.Cycle.DO281_PressPickInside,KukaRobot1_CtrlDB,4,0,0,2,ST10_Flow4_B1Press;ST10_Flow5_FRobot_1,0,,EXPORT/Program blocks/OP010/10_Device/24_Robot/KukaRobot1_CtrlDB.xml,EXPORT/Program blocks/OP010/03_Auto/B_Press/ST10_Flow4_B1Press.xml:ST10_Flow4_B1Press:FlgNet | EXPORT/Program blocks/OP010/03_Auto/F_Robot/ST10_Flow5_FRobot_1.xml:ST10_Flow5_FRobot_1:FlgNet | EXPORT/Program blocks/OP010/03_Auto/F_Robot/ST10_Flow5_FRobot_1_01092026_152002.xml:ST10_Flow5_FRobot_1:FlgNet | EXPORT/Program blocks/OP010/03_Auto/F_Robot/ST10_Flow5_FRobot_1_01092026_152004.xml:ST10_Flow5_FRobot_1:FlgNet
KukaRobot1_CtrlDB.sROBtoPLC.User.Cycle.DO282_PressPickFinish,KukaRobot1_CtrlDB,8,0,0,2,ST10_Flow4_B1Press;ST10_Flow5_FRobot_1,0,,EXPORT/Program blocks/OP010/10_Device/24_Robot/KukaRobot1_CtrlDB.xml,EXPORT/Program blocks/OP010/03_Auto/B_Press/ST10_Flow4_B1Press.xml:ST10_Flow4_B1Press:FlgNet | EXPORT/Program blocks/OP010/03_Auto/F_Robot/ST10_Flow5_FRobot_1.xml:ST10_Flow5_FRobot_1:FlgNet | EXPORT/Program blocks/OP010/03_Auto/F_Robot/ST10_Flow5_FRobot_1_01092026_152002.xml:ST10_Flow5_FRobot_1:FlgNet | EXPORT/Program blocks/OP010/03_Auto/F_Robot/ST10_Flow5_FRobot_1_01092026_152004.xml:ST10_Flow5_FRobot_1:FlgNet
KukaRobot1_CtrlDB.sROBtoPLC.User.Cycle.DO290_GluePutFinish,KukaRobot1_CtrlDB,8,0,0,2,ST10_Flow5_FRobot_1;ST10_Flow7_CGlueing,0,,EXPORT/Program blocks/OP010/10_Device/24_Robot/KukaRobot1_CtrlDB.xml,EXPORT/Program blocks/OP010/03_Auto/C_Glue/ST10_Flow7_CGlueing.xml:ST10_Flow7_CGlueing:FlgNet | EXPORT/Program blocks/OP010/03_Auto/F_Robot/ST10_Flow5_FRobot_1.xml:ST10_Flow5_FRobot_1:FlgNet | EXPORT/Program blocks/OP010/03_Auto/F_Robot/ST10_Flow5_FRobot_1_01092026_152002.xml:ST10_Flow5_FRobot_1:FlgNet | EXPORT/Program blocks/OP010/03_Auto/F_Robot/ST10_Flow5_FRobot_1_01092026_152004.xml:ST10_Flow5_FRobot_1:FlgNet
KukaRobot1_CtrlDB.sROBtoPLC.User.Cycle.DO298_MaintainFinish,KukaRobot1_CtrlDB,9,0,0,2,ST10_Flow5_FRobot_1;ST10_Flow6_ToolCodeScan,0,,EXPORT/Program blocks/OP010/10_Device/24_Robot/KukaRobot1_CtrlDB.xml,EXPORT/Program blocks/OP010/03_Auto/01ChangeOver/ST10_Flow6_ToolCodeScan.xml:ST10_Flow6_ToolCodeScan:FlgNet | EXPORT/Program blocks/OP010/03_Auto/F_Robot/ST10_Flow5_FRobot_1.xml:ST10_Flow5_FRobot_1:FlgNet | EXPORT/Program blocks/OP010/03_Auto/F_Robot/ST10_Flow5_FRobot_1_01092026_152002.xml:ST10_Flow5_FRobot_1:FlgNet | EXPORT/Program blocks/OP010/03_Auto/F_Robot/ST10_Flow5_FRobot_1_01092026_152004.xml:ST10_Flow5_FRobot_1:FlgNet
KukaRobot1_CtrlDB.sROBtoPLC.User.Cycle.DO300_HomeInside,KukaRobot1_CtrlDB,12,0,0,2,Robot;ST10_Flow5_FRobot_1,1,Robot1HomeRunning,EXPORT/Program blocks/OP010/10_Device/24_Robot/KukaRobot1_CtrlDB.xml,EXPORT/Program blocks/OP010/10_Device/24_Robot/Robot.xml:Robot:FlgNet | EXPORT/Program blocks/OP010/03_Auto/F_Robot/ST10_Flow5_FRobot_1.xml:ST10_Flow5_FRobot_1:FlgNet | EXPORT/Program blocks/OP010/03_Auto/F_Robot/ST10_Flow5_FRobot_1_01092026_152002.xml:ST10_Flow5_FRobot_1:FlgNet | EXPORT/Program blocks/OP010/03_Auto/F_Robot/ST10_Flow5_FRobot_1_01092026_152004.xml:ST10_Flow5_FRobot_1:FlgNet
KukaRobot1_CtrlDB.sROBtoPLC.User.Cycle.DO306_GripScanFinish,KukaRobot1_CtrlDB,7,0,0,2,ST10_Flow5_FRobot_1;ST10_Flow6_ToolCodeScan,0,,EXPORT/Program blocks/OP010/10_Device/24_Robot/KukaRobot1_CtrlDB.xml,EXPORT/Program blocks/OP010/03_Auto/01ChangeOver/ST10_Flow6_ToolCodeScan.xml:ST10_Flow6_ToolCodeScan:FlgNet | EXPORT/Program blocks/OP010/03_Auto/F_Robot/ST10_Flow5_FRobot_1.xml:ST10_Flow5_FRobot_1:FlgNet | EXPORT/Program blocks/OP010/03_Auto/F_Robot/ST10_Flow5_FRobot_1_01092026_152002.xml:ST10_Flow5_FRobot_1:FlgNet | EXPORT/Program blocks/OP010/03_Auto/F_Robot/ST10_Flow5_FRobot_1_01092026_152004.xml:ST10_Flow5_FRobot_1:FlgNet
KukaRobot1_CtrlDB.sROBtoPLC.User.Cycle.DO307_ScanPos1Reach,KukaRobot1_CtrlDB,5,0,0,2,ST10_Flow5_FRobot_1;ST10_Flow6_ToolCodeScan,0,,EXPORT/Program blocks/OP010/10_Device/24_Robot/KukaRobot1_CtrlDB.xml,EXPORT/Program blocks/OP010/03_Auto/01ChangeOver/ST10_Flow6_ToolCodeScan.xml:ST10_Flow6_ToolCodeScan:FlgNet | EXPORT/Program blocks/OP010/03_Auto/F_Robot/ST10_Flow5_FRobot_1.xml:ST10_Flow5_FRobot_1:FlgNet | EXPORT/Program blocks/OP010/03_Auto/F_Robot/ST10_Flow5_FRobot_1_01092026_152002.xml:ST10_Flow5_FRobot_1:FlgNet | EXPORT/Program blocks/OP010/03_Auto/F_Robot/ST10_Flow5_FRobot_1_01092026_152004.xml:ST10_Flow5_FRobot_1:FlgNet
KukaRobot1_CtrlDB.sROBtoPLC.User.Cycle.DO308_ScanPos2Reach,KukaRobot1_CtrlDB,5,0,0,2,ST10_Flow5_FRobot_1;ST10_Flow6_ToolCodeScan,0,,EXPORT/Program blocks/OP010/10_Device/24_Robot/KukaRobot1_CtrlDB.xml,EXPORT/Program blocks/OP010/03_Auto/01ChangeOver/ST10_Flow6_ToolCodeScan.xml:ST10_Flow6_ToolCodeScan:FlgNet | EXPORT/Program blocks/OP010/03_Auto/F_Robot/ST10_Flow5_FRobot_1.xml:ST10_Flow5_FRobot_1:FlgNet | EXPORT/Program blocks/OP010/03_Auto/F_Robot/ST10_Flow5_FRobot_1_01092026_152002.xml:ST10_Flow5_FRobot_1:FlgNet | EXPORT/Program blocks/OP010/03_Auto/F_Robot/ST10_Flow5_FRobot_1_01092026_152004.xml:ST10_Flow5_FRobot_1:FlgNet
KukaRobot1_CtrlDB.sROBtoPLC.User.Cycle.DO309_ScanPos3Reach,KukaRobot1_CtrlDB,5,0,0,2,ST10_Flow5_FRobot_1;ST10_Flow6_ToolCodeScan,0,,EXPORT/Program blocks/OP010/10_Device/24_Robot/KukaRobot1_CtrlDB.xml,EXPORT/Program blocks/OP010/03_Auto/01ChangeOver/ST10_Flow6_ToolCodeScan.xml:ST10_Flow6_ToolCodeScan:FlgNet | EXPORT/Program blocks/OP010/03_Auto/F_Robot/ST10_Flow5_FRobot_1.xml:ST10_Flow5_FRobot_1:FlgNet | EXPORT/Program blocks/OP010/03_Auto/F_Robot/ST10_Flow5_FRobot_1_01092026_152002.xml:ST10_Flow5_FRobot_1:FlgNet | EXPORT/Program blocks/OP010/03_Auto/F_Robot/ST10_Flow5_FRobot_1_01092026_152004.xml:ST10_Flow5_FRobot_1:FlgNet
KukaRobot1_CtrlDB.sROBtoPLC.User.Cycle.DO310_ScanPos4Reach,KukaRobot1_CtrlDB,4,0,0,2,ST10_Flow5_FRobot_1;ST10_Flow6_ToolCodeScan,0,,EXPORT/Program blocks/OP010/10_Device/24_Robot/KukaRobot1_CtrlDB.xml,EXPORT/Program blocks/OP010/03_Auto/01ChangeOver/ST10_Flow6_ToolCodeScan.xml:ST10_Flow6_ToolCodeScan:FlgNet | EXPORT/Program blocks/OP010/03_Auto/F_Robot/ST10_Flow5_FRobot_1.xml:ST10_Flow5_FRobot_1:FlgNet | EXPORT/Program blocks/OP010/03_Auto/F_Robot/ST10_Flow5_FRobot_1_01092026_152002.xml:ST10_Flow5_FRobot_1:FlgNet | EXPORT/Program blocks/OP010/03_Auto/F_Robot/ST10_Flow5_FRobot_1_01092026_152004.xml:ST10_Flow5_FRobot_1:FlgNet
KukaRobot1_CtrlDB.sROBtoPLC.User.Home.DO177_PressPut1Area,KukaRobot1_CtrlDB,4,0,0,2,KistlerPresser_Main;ST10_Flow4_B1Press,0,,EXPORT/Program blocks/OP010/10_Device/24_Robot/KukaRobot1_CtrlDB.xml,EXPORT/Program blocks/OP010/10_Device/23_Kistler/KistlerPresser_Main.xml:KistlerPresser_Main:FlgNet | EXPORT/Program blocks/OP010/03_Auto/B_Press/ST10_Flow4_B1Press.xml:ST10_Flow4_B1Press:FlgNet
KukaRobot1_CtrlDB.sROBtoPLC.User.Home.DO178_PressPut2Area,KukaRobot1_CtrlDB,4,0,0,2,KistlerPresser_Main;ST10_Flow4_B1Press,0,,EXPORT/Program blocks/OP010/10_Device/24_Robot/KukaRobot1_CtrlDB.xml,EXPORT/Program blocks/OP010/10_Device/23_Kistler/KistlerPresser_Main.xml:KistlerPresser_Main:FlgNet | EXPORT/Program blocks/OP010/03_Auto/B_Press/ST10_Flow4_B1Press.xml:ST10_Flow4_B1Press:FlgNet
KukaRobot1_CtrlDB.sROBtoPLC.User.Public.GO7,KukaRobot1_CtrlDB,0,0,3,2,Robot;ST10_Flow21_HShaftLifting,0,,EXPORT/Program blocks/OP010/10_Device/24_Robot/KukaRobot1_CtrlDB.xml,EXPORT/Program blocks/OP010/10_Device/24_Robot/Robot.xml:Robot:FlgNet | EXPORT/Program blocks/OP010/03_Auto/H_ShaftLifting&Load&Unload/ST10_Flow21_HShaftLifting.xml:ST10_Flow21_HShaftLifting:FlgNet
KukaRobot2_CtrlDB.iSpeedValue,KukaRobot2_CtrlDB,0,0,11,2,Robot;ST10_Flow8_FRobot_2,1,KukaRobot2_CtrlDB_iSpeedValue,EXPORT/Program blocks/OP010/10_Device/24_Robot/KukaRobot2_CtrlDB.xml,EXPORT/Program blocks/OP010/10_Device/24_Robot/Robot.xml:Robot:FlgNet | EXPORT/Program blocks/OP010/03_Auto/F_Robot/ST10_Flow8_FRobot_2.xml:ST10_Flow8_FRobot_2:FlgNet
KukaRobot2_CtrlDB.sROBtoPLC.Sys.SO.ALARM_STOP,KukaRobot2_CtrlDB,2,0,0,2,ST10_Alarm;ST10_Flow8_FRobot_2,0,,EXPORT/Program blocks/OP010/10_Device/24_Robot/KukaRobot2_CtrlDB.xml,EXPORT/Program blocks/OP010/05_Alarm/ST10_Alarm.xml:ST10_Alarm:FlgNet | EXPORT/Program blocks/OP010/03_Auto/F_Robot/ST10_Flow8_FRobot_2.xml:ST10_Flow8_FRobot_2:FlgNet
KukaRobot2_CtrlDB.sROBtoPLC.Sys.SO.EXT,KukaRobot2_CtrlDB,2,0,0,2,ST10_Alarm;ST10_Flow8_FRobot_2,0,,EXPORT/Program blocks/OP010/10_Device/24_Robot/KukaRobot2_CtrlDB.xml,EXPORT/Program blocks/OP010/05_Alarm/ST10_Alarm.xml:ST10_Alarm:FlgNet | EXPORT/Program blocks/OP010/03_Auto/F_Robot/ST10_Flow8_FRobot_2.xml:ST10_Flow8_FRobot_2:FlgNet
KukaRobot2_CtrlDB.sROBtoPLC.User.Cycle.DO242_PickPalletFinish,KukaRobot2_CtrlDB,4,0,0,2,ST10_Flow22_JMagnetLifting;ST10_Flow8_FRobot_2,0,,EXPORT/Program blocks/OP010/10_Device/24_Robot/KukaRobot2_CtrlDB.xml,EXPORT/Program blocks/OP010/03_Auto/F_Robot/ST10_Flow8_FRobot_2.xml:ST10_Flow8_FRobot_2:FlgNet | EXPORT/Program blocks/OP010/03_Auto/J_MagnetLifting&Load&Unload/ST10_Flow22_JMagnetLifting.xml:ST10_Flow22_JMagnetLifting:FlgNet
KukaRobot2_CtrlDB.sROBtoPLC.User.Cycle.DO257_PickPartInside,KukaRobot2_CtrlDB,2,0,0,2,Robot;ST10_Flow8_FRobot_2,0,,EXPORT/Program blocks/OP010/10_Device/24_Robot/KukaRobot2_CtrlDB.xml,EXPORT/Program blocks/OP010/10_Device/24_Robot/Robot.xml:Robot:FlgNet | EXPORT/Program blocks/OP010/03_Auto/F_Robot/ST10_Flow8_FRobot_2.xml:ST10_Flow8_FRobot_2:FlgNet
KukaRobot2_CtrlDB.sROBtoPLC.User.Cycle.DO266_GluePutFinish,KukaRobot2_CtrlDB,4,0,0,2,ST10_Flow7_CGlueing;ST10_Flow8_FRobot_2,0,,EXPORT/Program blocks/OP010/10_Device/24_Robot/KukaRobot2_CtrlDB.xml,EXPORT/Program blocks/OP010/03_Auto/C_Glue/ST10_Flow7_CGlueing.xml:ST10_Flow7_CGlueing:FlgNet | EXPORT/Program blocks/OP010/03_Auto/F_Robot/ST10_Flow8_FRobot_2.xml:ST10_Flow8_FRobot_2:FlgNet
KukaRobot2_CtrlDB.sROBtoPLC.User.Cycle.DO270_GluePickFinish,KukaRobot2_CtrlDB,4,0,0,2,ST10_Flow7_CGlueing;ST10_Flow8_FRobot_2,0,,EXPORT/Program blocks/OP010/10_Device/24_Robot/KukaRobot2_CtrlDB.xml,EXPORT/Program blocks/OP010/03_Auto/C_Glue/ST10_Flow7_CGlueing.xml:ST10_Flow7_CGlueing:FlgNet | EXPORT/Program blocks/OP010/03_Auto/F_Robot/ST10_Flow8_FRobot_2.xml:ST10_Flow8_FRobot_2:FlgNet
KukaRobot2_CtrlDB.sROBtoPLC.User.Cycle.DO274_PressPutPart1Finish,KukaRobot2_CtrlDB,4,0,0,2,ST10_Flow14_B2Press;ST10_Flow8_FRobot_2,0,,EXPORT/Program blocks/OP010/10_Device/24_Robot/KukaRobot2_CtrlDB.xml,EXPORT/Program blocks/OP010/03_Auto/B_Press/ST10_Flow14_B2Press.xml:ST10_Flow14_B2Press:FlgNet | EXPORT/Program blocks/OP010/03_Auto/F_Robot/ST10_Flow8_FRobot_2.xml:ST10_Flow8_FRobot_2:FlgNet
KukaRobot2_CtrlDB.sROBtoPLC.User.Cycle.DO300_HomeInside,KukaRobot2_CtrlDB,5,0,0,2,Robot;ST10_Flow8_FRobot_2,1,Robot2HomeRunning,EXPORT/Program blocks/OP010/10_Device/24_Robot/KukaRobot2_CtrlDB.xml,EXPORT/Program blocks/OP010/10_Device/24_Robot/Robot.xml:Robot:FlgNet | EXPORT/Program blocks/OP010/03_Auto/F_Robot/ST10_Flow8_FRobot_2.xml:ST10_Flow8_FRobot_2:FlgNet
KukaRobot2_CtrlDB.sROBtoPLC.User.Cycle.DO306_GripScanFinish,KukaRobot2_CtrlDB,4,0,0,2,ST10_Flow6_ToolCodeScan;ST10_Flow8_FRobot_2,0,,EXPORT/Program blocks/OP010/10_Device/24_Robot/KukaRobot2_CtrlDB.xml,EXPORT/Program blocks/OP010/03_Auto/01ChangeOver/ST10_Flow6_ToolCodeScan.xml:ST10_Flow6_ToolCodeScan:FlgNet | EXPORT/Program blocks/OP010/03_Auto/F_Robot/ST10_Flow8_FRobot_2.xml:ST10_Flow8_FRobot_2:FlgNet
KukaRobot2_CtrlDB.sROBtoPLC.User.Cycle.DO307_ScanPos1Reach,KukaRobot2_CtrlDB,4,0,0,2,ST10_Flow6_ToolCodeScan;ST10_Flow8_FRobot_2,0,,EXPORT/Program blocks/OP010/10_Device/24_Robot/KukaRobot2_CtrlDB.xml,EXPORT/Program blocks/OP010/03_Auto/01ChangeOver/ST10_Flow6_ToolCodeScan.xml:ST10_Flow6_ToolCodeScan:FlgNet | EXPORT/Program blocks/OP010/03_Auto/F_Robot/ST10_Flow8_FRobot_2.xml:ST10_Flow8_FRobot_2:FlgNet
KukaRobot2_CtrlDB.sROBtoPLC.User.Cycle.DO308_ScanPos2Reach,KukaRobot2_CtrlDB,4,0,0,2,ST10_Flow6_ToolCodeScan;ST10_Flow8_FRobot_2,0,,EXPORT/Program blocks/OP010/10_Device/24_Robot/KukaRobot2_CtrlDB.xml,EXPORT/Program blocks/OP010/03_Auto/01ChangeOver/ST10_Flow6_ToolCodeScan.xml:ST10_Flow6_ToolCodeScan:FlgNet | EXPORT/Program blocks/OP010/03_Auto/F_Robot/ST10_Flow8_FRobot_2.xml:ST10_Flow8_FRobot_2:FlgNet
KukaRobot2_CtrlDB.sROBtoPLC.User.Cycle.DO309_ScanPos3Reach,KukaRobot2_CtrlDB,4,0,0,2,ST10_Flow6_ToolCodeScan;ST10_Flow8_FRobot_2,0,,EXPORT/Program blocks/OP010/10_Device/24_Robot/KukaRobot2_CtrlDB.xml,EXPORT/Program blocks/OP010/03_Auto/01ChangeOver/ST10_Flow6_ToolCodeScan.xml:ST10_Flow6_ToolCodeScan:FlgNet | EXPORT/Program blocks/OP010/03_Auto/F_Robot/ST10_Flow8_FRobot_2.xml:ST10_Flow8_FRobot_2:FlgNet
KukaRobot2_CtrlDB.sROBtoPLC.User.Cycle.DO310_ScanPos4Reach,KukaRobot2_CtrlDB,2,0,0,2,ST10_Flow6_ToolCodeScan;ST10_Flow8_FRobot_2,0,,EXPORT/Program blocks/OP010/10_Device/24_Robot/KukaRobot2_CtrlDB.xml,EXPORT/Program blocks/OP010/03_Auto/01ChangeOver/ST10_Flow6_ToolCodeScan.xml:ST10_Flow6_ToolCodeScan:FlgNet | EXPORT/Program blocks/OP010/03_Auto/F_Robot/ST10_Flow8_FRobot_2.xml:ST10_Flow8_FRobot_2:FlgNet
KukaRobot2_CtrlDB.sROBtoPLC.User.Home.DO163_HomeSeqOK,KukaRobot2_CtrlDB,2,0,0,2,ST10_Flow22_JMagnetLifting;ST10_Flow7_CGlueing,0,,EXPORT/Program blocks/OP010/10_Device/24_Robot/KukaRobot2_CtrlDB.xml,EXPORT/Program blocks/OP010/03_Auto/C_Glue/ST10_Flow7_CGlueing.xml:ST10_Flow7_CGlueing:FlgNet | EXPORT/Program blocks/OP010/03_Auto/J_MagnetLifting&Load&Unload/ST10_Flow22_JMagnetLifting.xml:ST10_Flow22_JMagnetLifting:FlgNet
KukaRobot2_CtrlDB.sROBtoPLC.User.Home.DO180_PressPutArea,KukaRobot2_CtrlDB,2,0,0,2,KistlerPresser_Main;ST10_Flow15_FRobot_3,0,,EXPORT/Program blocks/OP010/10_Device/24_Robot/KukaRobot2_CtrlDB.xml,EXPORT/Program blocks/OP010/10_Device/23_Kistler/KistlerPresser_Main.xml:KistlerPresser_Main:FlgNet | EXPORT/Program blocks/OP010/03_Auto/F_Robot/ST10_Flow15_FRobot_3.xml:ST10_Flow15_FRobot_3:FlgNet
KukaRobot2_CtrlDB.sROBtoPLC.User.Home.DO182_Robot1Area,KukaRobot2_CtrlDB,6,0,0,2,Robot;ST10_Flow5_FRobot_1,0,,EXPORT/Program blocks/OP010/10_Device/24_Robot/KukaRobot2_CtrlDB.xml,EXPORT/Program blocks/OP010/10_Device/24_Robot/Robot.xml:Robot:FlgNet | EXPORT/Program blocks/OP010/03_Auto/F_Robot/ST10_Flow5_FRobot_1.xml:ST10_Flow5_FRobot_1:FlgNet | EXPORT/Program blocks/OP010/03_Auto/F_Robot/ST10_Flow5_FRobot_1_01092026_152002.xml:ST10_Flow5_FRobot_1:FlgNet | EXPORT/Program blocks/OP010/03_Auto/F_Robot/ST10_Flow5_FRobot_1_01092026_152004.xml:ST10_Flow5_FRobot_1:FlgNet
KukaRobot2_CtrlDB.sROBtoPLC.User.Safety.DO452,KukaRobot2_CtrlDB,2,0,0,2,Robot;ST10_Flow8_FRobot_2,0,,EXPORT/Program blocks/OP010/10_Device/24_Robot/KukaRobot2_CtrlDB.xml,EXPORT/Program blocks/OP010/10_Device/24_Robot/Robot.xml:Robot:FlgNet | EXPORT/Program blocks/OP010/03_Auto/F_Robot/ST10_Flow8_FRobot_2.xml:ST10_Flow8_FRobot_2:FlgNet
KukaRobot2_CtrlDB.sROBtoPLC.User.Safety.DO460,KukaRobot2_CtrlDB,2,0,0,2,Robot;ST10_Flow8_FRobot_2,0,,EXPORT/Program blocks/OP010/10_Device/24_Robot/KukaRobot2_CtrlDB.xml,EXPORT/Program blocks/OP010/10_Device/24_Robot/Robot.xml:Robot:FlgNet | EXPORT/Program blocks/OP010/03_Auto/F_Robot/ST10_Flow8_FRobot_2.xml:ST10_Flow8_FRobot_2:FlgNet
KukaRobot3_CtrlDB.iSpeedValue,KukaRobot3_CtrlDB,0,0,9,2,Robot;ST10_Flow15_FRobot_3,1,KukaRobot3_CtrlDB_iSpeedValue,EXPORT/Program blocks/OP010/10_Device/24_Robot/KukaRobot3_CtrlDB.xml,EXPORT/Program blocks/OP010/10_Device/24_Robot/Robot.xml:Robot:FlgNet | EXPORT/Program blocks/OP010/03_Auto/F_Robot/ST10_Flow15_FRobot_3.xml:ST10_Flow15_FRobot_3:FlgNet
KukaRobot3_CtrlDB.sROBtoPLC.Sys.SO.ALARM_STOP,KukaRobot3_CtrlDB,2,0,0,2,ST10_Alarm;ST10_Flow15_FRobot_3,0,,EXPORT/Program blocks/OP010/10_Device/24_Robot/KukaRobot3_CtrlDB.xml,EXPORT/Program blocks/OP010/05_Alarm/ST10_Alarm.xml:ST10_Alarm:FlgNet | EXPORT/Program blocks/OP010/03_Auto/F_Robot/ST10_Flow15_FRobot_3.xml:ST10_Flow15_FRobot_3:FlgNet
KukaRobot3_CtrlDB.sROBtoPLC.Sys.SO.EXT,KukaRobot3_CtrlDB,2,0,0,2,ST10_Alarm;ST10_Flow15_FRobot_3,0,,EXPORT/Program blocks/OP010/10_Device/24_Robot/KukaRobot3_CtrlDB.xml,EXPORT/Program blocks/OP010/05_Alarm/ST10_Alarm.xml:ST10_Alarm:FlgNet | EXPORT/Program blocks/OP010/03_Auto/F_Robot/ST10_Flow15_FRobot_3.xml:ST10_Flow15_FRobot_3:FlgNet
KukaRobot3_CtrlDB.sROBtoPLC.User.Cycle.DO226_ScanPos1Reach,KukaRobot3_CtrlDB,2,0,0,2,ST10_Flow15_FRobot_3;ST10_Flow6_ToolCodeScan,0,,EXPORT/Program blocks/OP010/10_Device/24_Robot/KukaRobot3_CtrlDB.xml,EXPORT/Program blocks/OP010/03_Auto/01ChangeOver/ST10_Flow6_ToolCodeScan.xml:ST10_Flow6_ToolCodeScan:FlgNet | EXPORT/Program blocks/OP010/03_Auto/F_Robot/ST10_Flow15_FRobot_3.xml:ST10_Flow15_FRobot_3:FlgNet
KukaRobot3_CtrlDB.sROBtoPLC.User.Cycle.DO227_ScanPos2Reach,KukaRobot3_CtrlDB,2,0,0,2,ST10_Flow15_FRobot_3;ST10_Flow6_ToolCodeScan,0,,EXPORT/Program blocks/OP010/10_Device/24_Robot/KukaRobot3_CtrlDB.xml,EXPORT/Program blocks/OP010/03_Auto/01ChangeOver/ST10_Flow6_ToolCodeScan.xml:ST10_Flow6_ToolCodeScan:FlgNet | EXPORT/Program blocks/OP010/03_Auto/F_Robot/ST10_Flow15_FRobot_3.xml:ST10_Flow15_FRobot_3:FlgNet
KukaRobot3_CtrlDB.sROBtoPLC.User.Cycle.DO228_ScanPos3Reach,KukaRobot3_CtrlDB,2,0,0,2,ST10_Flow15_FRobot_3;ST10_Flow6_ToolCodeScan,0,,EXPORT/Program blocks/OP010/10_Device/24_Robot/KukaRobot3_CtrlDB.xml,EXPORT/Program blocks/OP010/03_Auto/01ChangeOver/ST10_Flow6_ToolCodeScan.xml:ST10_Flow6_ToolCodeScan:FlgNet | EXPORT/Program blocks/OP010/03_Auto/F_Robot/ST10_Flow15_FRobot_3.xml:ST10_Flow15_FRobot_3:FlgNet
KukaRobot3_CtrlDB.sROBtoPLC.User.Cycle.DO229_ScanPos4Reach,KukaRobot3_CtrlDB,2,0,0,2,ST10_Flow15_FRobot_3;ST10_Flow6_ToolCodeScan,0,,EXPORT/Program blocks/OP010/10_Device/24_Robot/KukaRobot3_CtrlDB.xml,EXPORT/Program blocks/OP010/03_Auto/01ChangeOver/ST10_Flow6_ToolCodeScan.xml:ST10_Flow6_ToolCodeScan:FlgNet | EXPORT/Program blocks/OP010/03_Auto/F_Robot/ST10_Flow15_FRobot_3.xml:ST10_Flow15_FRobot_3:FlgNet
KukaRobot3_CtrlDB.sROBtoPLC.User.Cycle.DO230_ScanPos5Reach,KukaRobot3_CtrlDB,2,0,0,2,ST10_Flow15_FRobot_3;ST10_Flow6_ToolCodeScan,0,,EXPORT/Program blocks/OP010/10_Device/24_Robot/KukaRobot3_CtrlDB.xml,EXPORT/Program blocks/OP010/03_Auto/01ChangeOver/ST10_Flow6_ToolCodeScan.xml:ST10_Flow6_ToolCodeScan:FlgNet | EXPORT/Program blocks/OP010/03_Auto/F_Robot/ST10_Flow15_FRobot_3.xml:ST10_Flow15_FRobot_3:FlgNet
KukaRobot3_CtrlDB.sROBtoPLC.User.Cycle.DO233_ScanPoseFinish,KukaRobot3_CtrlDB,3,0,0,2,ST10_Flow15_FRobot_3;ST10_Flow6_ToolCodeScan,0,,EXPORT/Program blocks/OP010/10_Device/24_Robot/KukaRobot3_CtrlDB.xml,EXPORT/Program blocks/OP010/03_Auto/01ChangeOver/ST10_Flow6_ToolCodeScan.xml:ST10_Flow6_ToolCodeScan:FlgNet | EXPORT/Program blocks/OP010/03_Auto/F_Robot/ST10_Flow15_FRobot_3.xml:ST10_Flow15_FRobot_3:FlgNet
KukaRobot3_CtrlDB.sROBtoPLC.User.Cycle.DO241_PickPalletInside,KukaRobot3_CtrlDB,2,0,0,2,Robot;ST10_Flow15_FRobot_3,0,,EXPORT/Program blocks/OP010/10_Device/24_Robot/KukaRobot3_CtrlDB.xml,EXPORT/Program blocks/OP010/10_Device/24_Robot/Robot.xml:Robot:FlgNet | EXPORT/Program blocks/OP010/03_Auto/F_Robot/ST10_Flow15_FRobot_3.xml:ST10_Flow15_FRobot_3:FlgNet
KukaRobot3_CtrlDB.sROBtoPLC.User.Cycle.DO258_PickTableFinish,KukaRobot3_CtrlDB,4,0,0,2,ST10_Flow12_A2TableUnloading;ST10_Flow15_FRobot_3,0,,EXPORT/Program blocks/OP010/10_Device/24_Robot/KukaRobot3_CtrlDB.xml,EXPORT/Program blocks/OP010/03_Auto/A2_TableLoad&Scan/ST10_Flow12_A2TableUnloading.xml:ST10_Flow12_A2TableUnloading:FlgNet | EXPORT/Program blocks/OP010/03_Auto/F_Robot/ST10_Flow15_FRobot_3.xml:ST10_Flow15_FRobot_3:FlgNet
KukaRobot3_CtrlDB.sROBtoPLC.User.Cycle.DO261_ScanRingtInside,KukaRobot3_CtrlDB,2,0,0,2,Robot;ST10_Flow15_FRobot_3,0,,EXPORT/Program blocks/OP010/10_Device/24_Robot/KukaRobot3_CtrlDB.xml,EXPORT/Program blocks/OP010/10_Device/24_Robot/Robot.xml:Robot:FlgNet | EXPORT/Program blocks/OP010/03_Auto/F_Robot/ST10_Flow15_FRobot_3.xml:ST10_Flow15_FRobot_3:FlgNet
KukaRobot3_CtrlDB.sROBtoPLC.User.Cycle.DO273_PressPutPart1Inside,KukaRobot3_CtrlDB,2,0,0,2,Robot;ST10_Flow15_FRobot_3,0,,EXPORT/Program blocks/OP010/10_Device/24_Robot/KukaRobot3_CtrlDB.xml,EXPORT/Program blocks/OP010/10_Device/24_Robot/Robot.xml:Robot:FlgNet | EXPORT/Program blocks/OP010/03_Auto/F_Robot/ST10_Flow15_FRobot_3.xml:ST10_Flow15_FRobot_3:FlgNet
KukaRobot3_CtrlDB.sROBtoPLC.User.Cycle.DO278_PressPutRingFinish,KukaRobot3_CtrlDB,4,0,0,2,ST10_Flow14_B2Press;ST10_Flow15_FRobot_3,0,,EXPORT/Program blocks/OP010/10_Device/24_Robot/KukaRobot3_CtrlDB.xml,EXPORT/Program blocks/OP010/03_Auto/B_Press/ST10_Flow14_B2Press.xml:ST10_Flow14_B2Press:FlgNet | EXPORT/Program blocks/OP010/03_Auto/F_Robot/ST10_Flow15_FRobot_3.xml:ST10_Flow15_FRobot_3:FlgNet
KukaRobot3_CtrlDB.sROBtoPLC.User.Cycle.DO282_PressPickFinish,KukaRobot3_CtrlDB,4,0,0,2,ST10_Flow14_B2Press;ST10_Flow15_FRobot_3,0,,EXPORT/Program blocks/OP010/10_Device/24_Robot/KukaRobot3_CtrlDB.xml,EXPORT/Program blocks/OP010/03_Auto/B_Press/ST10_Flow14_B2Press.xml:ST10_Flow14_B2Press:FlgNet | EXPORT/Program blocks/OP010/03_Auto/F_Robot/ST10_Flow15_FRobot_3.xml:ST10_Flow15_FRobot_3:FlgNet
KukaRobot3_CtrlDB.sROBtoPLC.User.Cycle.DO300_HomeInside,KukaRobot3_CtrlDB,4,0,0,2,Robot;ST10_Flow15_FRobot_3,1,Robot3HomeRunning,EXPORT/Program blocks/OP010/10_Device/24_Robot/KukaRobot3_CtrlDB.xml,EXPORT/Program blocks/OP010/10_Device/24_Robot/Robot.xml:Robot:FlgNet | EXPORT/Program blocks/OP010/03_Auto/F_Robot/ST10_Flow15_FRobot_3.xml:ST10_Flow15_FRobot_3:FlgNet
KukaRobot3_CtrlDB.sROBtoPLC.User.Cycle.DO301_HomeFinish,KukaRobot3_CtrlDB,3,0,0,2,ST10_Flow15_FRobot_3;ST10_Flow6_ToolCodeScan,0,,EXPORT/Program blocks/OP010/10_Device/24_Robot/KukaRobot3_CtrlDB.xml,EXPORT/Program blocks/OP010/03_Auto/01ChangeOver/ST10_Flow6_ToolCodeScan.xml:ST10_Flow6_ToolCodeScan:FlgNet | EXPORT/Program blocks/OP010/03_Auto/F_Robot/ST10_Flow15_FRobot_3.xml:ST10_Flow15_FRobot_3:FlgNet
KukaRobot3_CtrlDB.sROBtoPLC.User.Cycle.DO306_GripScanFinish,KukaRobot3_CtrlDB,3,0,0,2,ST10_Flow15_FRobot_3;ST10_Flow6_ToolCodeScan,0,,EXPORT/Program blocks/OP010/10_Device/24_Robot/KukaRobot3_CtrlDB.xml,EXPORT/Program blocks/OP010/03_Auto/01ChangeOver/ST10_Flow6_ToolCodeScan.xml:ST10_Flow6_ToolCodeScan:FlgNet | EXPORT/Program blocks/OP010/03_Auto/F_Robot/ST10_Flow15_FRobot_3.xml:ST10_Flow15_FRobot_3:FlgNet
KukaRobot3_CtrlDB.sROBtoPLC.User.Cycle.DO307_ScanPos1Reach,KukaRobot3_CtrlDB,3,0,0,2,ST10_Flow15_FRobot_3;ST10_Flow6_ToolCodeScan,0,,EXPORT/Program blocks/OP010/10_Device/24_Robot/KukaRobot3_CtrlDB.xml,EXPORT/Program blocks/OP010/03_Auto/01ChangeOver/ST10_Flow6_ToolCodeScan.xml:ST10_Flow6_ToolCodeScan:FlgNet | EXPORT/Program blocks/OP010/03_Auto/F_Robot/ST10_Flow15_FRobot_3.xml:ST10_Flow15_FRobot_3:FlgNet
KukaRobot3_CtrlDB.sROBtoPLC.User.Cycle.DO308_ScanPos2Reach,KukaRobot3_CtrlDB,3,0,0,2,ST10_Flow15_FRobot_3;ST10_Flow6_ToolCodeScan,0,,EXPORT/Program blocks/OP010/10_Device/24_Robot/KukaRobot3_CtrlDB.xml,EXPORT/Program blocks/OP010/03_Auto/01ChangeOver/ST10_Flow6_ToolCodeScan.xml:ST10_Flow6_ToolCodeScan:FlgNet | EXPORT/Program blocks/OP010/03_Auto/F_Robot/ST10_Flow15_FRobot_3.xml:ST10_Flow15_FRobot_3:FlgNet
KukaRobot3_CtrlDB.sROBtoPLC.User.Cycle.DO309_ScanPos3Reach,KukaRobot3_CtrlDB,3,0,0,2,ST10_Flow15_FRobot_3;ST10_Flow6_ToolCodeScan,0,,EXPORT/Program blocks/OP010/10_Device/24_Robot/KukaRobot3_CtrlDB.xml,EXPORT/Program blocks/OP010/03_Auto/01ChangeOver/ST10_Flow6_ToolCodeScan.xml:ST10_Flow6_ToolCodeScan:FlgNet | EXPORT/Program blocks/OP010/03_Auto/F_Robot/ST10_Flow15_FRobot_3.xml:ST10_Flow15_FRobot_3:FlgNet
KukaRobot3_CtrlDB.sROBtoPLC.User.Cycle.DO310_ScanPos4Reach,KukaRobot3_CtrlDB,2,0,0,2,ST10_Flow15_FRobot_3;ST10_Flow6_ToolCodeScan,0,,EXPORT/Program blocks/OP010/10_Device/24_Robot/KukaRobot3_CtrlDB.xml,EXPORT/Program blocks/OP010/03_Auto/01ChangeOver/ST10_Flow6_ToolCodeScan.xml:ST10_Flow6_ToolCodeScan:FlgNet | EXPORT/Program blocks/OP010/03_Auto/F_Robot/ST10_Flow15_FRobot_3.xml:ST10_Flow15_FRobot_3:FlgNet
KukaRobot3_CtrlDB.sROBtoPLC.User.Home.DO163_HomeSeqOK,KukaRobot3_CtrlDB,2,0,0,2,ST10_Flow12_A2TableUnloading;ST10_Flow24_LUnloadingTrans,0,,EXPORT/Program blocks/OP010/10_Device/24_Robot/KukaRobot3_CtrlDB.xml,EXPORT/Program blocks/OP010/03_Auto/A2_TableLoad&Scan/ST10_Flow12_A2TableUnloading.xml:ST10_Flow12_A2TableUnloading:FlgNet | EXPORT/Program blocks/OP010/03_Auto/L_Unload/ST10_Flow24_LUnloadingTrans.xml:ST10_Flow24_LUnloadingTrans:FlgNet
KukaRobot3_CtrlDB.sROBtoPLC.User.Public.GO8_UnloadingPalletCount,KukaRobot3_CtrlDB,0,0,3,2,Robot;ST10_Flow24_LUnloadingTrans,0,,EXPORT/Program blocks/OP010/10_Device/24_Robot/KukaRobot3_CtrlDB.xml,EXPORT/Program blocks/OP010/10_Device/24_Robot/Robot.xml:Robot:FlgNet | EXPORT/Program blocks/OP010/03_Auto/L_Unload/ST10_Flow24_LUnloadingTrans.xml:ST10_Flow24_LUnloadingTrans:FlgNet
KukaRobot3_CtrlDB.sROBtoPLC.User.Safety.DO452,KukaRobot3_CtrlDB,2,0,0,2,Robot;ST10_Flow15_FRobot_3,0,,EXPORT/Program blocks/OP010/10_Device/24_Robot/KukaRobot3_CtrlDB.xml,EXPORT/Program blocks/OP010/10_Device/24_Robot/Robot.xml:Robot:FlgNet | EXPORT/Program blocks/OP010/03_Auto/F_Robot/ST10_Flow15_FRobot_3.xml:ST10_Flow15_FRobot_3:FlgNet
KukaRobot3_CtrlDB.sROBtoPLC.User.Safety.DO460,KukaRobot3_CtrlDB,2,0,0,2,Robot;ST10_Flow15_FRobot_3,0,,EXPORT/Program blocks/OP010/10_Device/24_Robot/KukaRobot3_CtrlDB.xml,EXPORT/Program blocks/OP010/10_Device/24_Robot/Robot.xml:Robot:FlgNet | EXPORT/Program blocks/OP010/03_Auto/F_Robot/ST10_Flow15_FRobot_3.xml:ST10_Flow15_FRobot_3:FlgNet
L-UnloadinPalletEmptyCheck3,L-UnloadinPalletEmptyCheck3,5,0,0,2,ST10_Auto;ST10_Flow28_LUnloadingLoad&Unload,0,,EXPORT/PLC tags/IO/RemoteIO_DI_2.xml,EXPORT/Program blocks/OP010/03_Auto/ST10_Auto.xml:ST10_Auto:FlgNet | EXPORT/Program blocks/OP010/03_Auto/L_Unload/ST10_Flow28_LUnloadingLoad&Unload.xml:ST10_Flow28_LUnloadingLoad&Unload:FlgNet
MEStoPLC.MES.Load_Station7ReqMesDone,MEStoPLC,5,0,0,2,ST10_Flow14_B2Press;ST10_Flow4_B1Press,0,,EXPORT/Program blocks/OP010/11_MES/MEStoPLC.xml,EXPORT/Program blocks/OP010/03_Auto/B_Press/ST10_Flow14_B2Press.xml:ST10_Flow14_B2Press:FlgNet | EXPORT/Program blocks/OP010/03_Auto/B_Press/ST10_Flow4_B1Press.xml:ST10_Flow4_B1Press:FlgNet
MEStoPLC.MES.Unload_ResultsStored1NG,MEStoPLC,3,0,1,2,MES_CHeck;ST10_Flow3_A1RotaryShaftScan,0,,EXPORT/Program blocks/OP010/11_MES/MEStoPLC.xml,EXPORT/Program blocks/OP010/11_MES/MES_CHeck.xml:MES_CHeck:FlgNet | EXPORT/Program blocks/OP010/03_Auto/A1_TableLoad&Scan/ST10_Flow3_A1RotaryShaftScan.xml:ST10_Flow3_A1RotaryShaftScan:FlgNet
MEStoPLC.MES.Unload_ResultsStored1OK,MEStoPLC,3,0,1,2,MES_CHeck;ST10_Flow3_A1RotaryShaftScan,0,,EXPORT/Program blocks/OP010/11_MES/MEStoPLC.xml,EXPORT/Program blocks/OP010/11_MES/MES_CHeck.xml:MES_CHeck:FlgNet | EXPORT/Program blocks/OP010/03_Auto/A1_TableLoad&Scan/ST10_Flow3_A1RotaryShaftScan.xml:ST10_Flow3_A1RotaryShaftScan:FlgNet
MEStoPLC.MES.Unload_ResultsStored1ReqMesDone,MEStoPLC,4,0,1,2,MES_CHeck;ST10_Flow3_A1RotaryShaftScan,0,,EXPORT/Program blocks/OP010/11_MES/MEStoPLC.xml,EXPORT/Program blocks/OP010/11_MES/MES_CHeck.xml:MES_CHeck:FlgNet | EXPORT/Program blocks/OP010/03_Auto/A1_TableLoad&Scan/ST10_Flow3_A1RotaryShaftScan.xml:ST10_Flow3_A1RotaryShaftScan:FlgNet
ModeDB.Gen.Out.Manual,ModeDB,1,1,0,2,Axis_FB;IAI,0,,EXPORT/Program blocks/OP010/10_Device/22_IAI/ModeDB.xml,EXPORT/Program blocks/OP010/10_Device/22_IAI/Axis_FB.xml:Axis_FB:StructuredText | EXPORT/Program blocks/OP010/10_Device/22_IAI/IAI.xml:IAI:StructuredText
PLCtoMES.PLC.Unload_Station1DataSaveReq,PLCtoMES,1,0,1,2,MES_CHeck;ST10_Flow3_A1RotaryShaftScan,0,,EXPORT/Program blocks/OP010/11_MES/PLCtoMES.xml,EXPORT/Program blocks/OP010/11_MES/MES_CHeck.xml:MES_CHeck:FlgNet | EXPORT/Program blocks/OP010/03_Auto/A1_TableLoad&Scan/ST10_Flow3_A1RotaryShaftScan.xml:ST10_Flow3_A1RotaryShaftScan:FlgNet
PLCtoMES.Static_2,PLCtoMES,2,0,0,2,ST10_Flow11_A2TableScan;ST10_Flow1_A1TableScan,1,PLCtoMES_Unload_Station1DataSaveReq,EXPORT/Program blocks/OP010/11_MES/PLCtoMES.xml,EXPORT/Program blocks/OP010/03_Auto/A1_TableLoad&Scan/ST10_Flow1_A1TableScan.xml:ST10_Flow1_A1TableScan:FlgNet | EXPORT/Program blocks/OP010/03_Auto/A2_TableLoad&Scan/ST10_Flow11_A2TableScan.xml:ST10_Flow11_A2TableScan:FlgNet
PalletNGData.LoadingNGPallet.Interlock_1,PalletNGData,8,5,1,2,NG;ST10_Output,1,PalletNGData_LoadingNGPallet_Interlock_1,EXPORT/Program blocks/OP010/10_Device/29_NG/PalletNGData.xml,EXPORT/Program blocks/OP010/02_Output/ST10_Output.xml:ST10_Output:FlgNet | EXPORT/Program blocks/OP010/10_Device/29_NG/NG.xml:NG:FlgNet
PalletNGData.LoadingNGPallet.NG_1_1,PalletNGData,2,1,0,2,NG;ST10_Alarm,1,PalletNGData_LoadingNGPallet_NG_1_1,EXPORT/Program blocks/OP010/10_Device/29_NG/PalletNGData.xml,EXPORT/Program blocks/OP010/05_Alarm/ST10_Alarm.xml:ST10_Alarm:FlgNet | EXPORT/Program blocks/OP010/10_Device/29_NG/NG.xml:NG:StructuredText | EXPORT/Program blocks/OP010/10_Device/29_NG/NG.xml:NG:FlgNet
PalletNGData.LoadingNGPallet.NG_1_2,PalletNGData,2,1,0,2,NG;ST10_Alarm,1,PalletNGData_LoadingNGPallet_NG_1_2,EXPORT/Program blocks/OP010/10_Device/29_NG/PalletNGData.xml,EXPORT/Program blocks/OP010/05_Alarm/ST10_Alarm.xml:ST10_Alarm:FlgNet | EXPORT/Program blocks/OP010/10_Device/29_NG/NG.xml:NG:StructuredText | EXPORT/Program blocks/OP010/10_Device/29_NG/NG.xml:NG:FlgNet
PalletNGData.LoadingNGPallet.NG_1_3,PalletNGData,2,1,0,2,NG;ST10_Alarm,1,PalletNGData_LoadingNGPallet_NG_1_3,EXPORT/Program blocks/OP010/10_Device/29_NG/PalletNGData.xml,EXPORT/Program blocks/OP010/05_Alarm/ST10_Alarm.xml:ST10_Alarm:FlgNet | EXPORT/Program blocks/OP010/10_Device/29_NG/NG.xml:NG:StructuredText | EXPORT/Program blocks/OP010/10_Device/29_NG/NG.xml:NG:FlgNet
PalletNGData.LoadingNGPallet.NG_1_4,PalletNGData,2,1,0,2,NG;ST10_Alarm,1,PalletNGData_LoadingNGPallet_NG_1_4,EXPORT/Program blocks/OP010/10_Device/29_NG/PalletNGData.xml,EXPORT/Program blocks/OP010/05_Alarm/ST10_Alarm.xml:ST10_Alarm:FlgNet | EXPORT/Program blocks/OP010/10_Device/29_NG/NG.xml:NG:StructuredText | EXPORT/Program blocks/OP010/10_Device/29_NG/NG.xml:NG:FlgNet
PalletNGData.LoadingNGPallet.NG_1_5,PalletNGData,2,1,0,2,NG;ST10_Alarm,1,PalletNGData_LoadingNGPallet_NG_1_5,EXPORT/Program blocks/OP010/10_Device/29_NG/PalletNGData.xml,EXPORT/Program blocks/OP010/05_Alarm/ST10_Alarm.xml:ST10_Alarm:FlgNet | EXPORT/Program blocks/OP010/10_Device/29_NG/NG.xml:NG:StructuredText | EXPORT/Program blocks/OP010/10_Device/29_NG/NG.xml:NG:FlgNet
PalletNGData.LoadingNGPallet.NG_2_1,PalletNGData,2,1,0,2,NG;ST10_Alarm,1,PalletNGData_LoadingNGPallet_NG_2_1,EXPORT/Program blocks/OP010/10_Device/29_NG/PalletNGData.xml,EXPORT/Program blocks/OP010/05_Alarm/ST10_Alarm.xml:ST10_Alarm:FlgNet | EXPORT/Program blocks/OP010/10_Device/29_NG/NG.xml:NG:StructuredText | EXPORT/Program blocks/OP010/10_Device/29_NG/NG.xml:NG:FlgNet
PalletNGData.LoadingNGPallet.NG_2_2,PalletNGData,2,1,0,2,NG;ST10_Alarm,1,PalletNGData_LoadingNGPallet_NG_2_2,EXPORT/Program blocks/OP010/10_Device/29_NG/PalletNGData.xml,EXPORT/Program blocks/OP010/05_Alarm/ST10_Alarm.xml:ST10_Alarm:FlgNet | EXPORT/Program blocks/OP010/10_Device/29_NG/NG.xml:NG:StructuredText | EXPORT/Program blocks/OP010/10_Device/29_NG/NG.xml:NG:FlgNet
PalletNGData.LoadingNGPallet.NG_2_3,PalletNGData,2,1,0,2,NG;ST10_Alarm,1,PalletNGData_LoadingNGPallet_NG_2_3,EXPORT/Program blocks/OP010/10_Device/29_NG/PalletNGData.xml,EXPORT/Program blocks/OP010/05_Alarm/ST10_Alarm.xml:ST10_Alarm:FlgNet | EXPORT/Program blocks/OP010/10_Device/29_NG/NG.xml:NG:StructuredText | EXPORT/Program blocks/OP010/10_Device/29_NG/NG.xml:NG:FlgNet
PalletNGData.LoadingNGPallet.NG_2_4,PalletNGData,2,1,0,2,NG;ST10_Alarm,1,PalletNGData_LoadingNGPallet_NG_2_4,EXPORT/Program blocks/OP010/10_Device/29_NG/PalletNGData.xml,EXPORT/Program blocks/OP010/05_Alarm/ST10_Alarm.xml:ST10_Alarm:FlgNet | EXPORT/Program blocks/OP010/10_Device/29_NG/NG.xml:NG:StructuredText | EXPORT/Program blocks/OP010/10_Device/29_NG/NG.xml:NG:FlgNet
PalletNGData.LoadingNGPallet.NG_2_5,PalletNGData,2,1,0,2,NG;ST10_Alarm,1,PalletNGData_LoadingNGPallet_NG_2_5,EXPORT/Program blocks/OP010/10_Device/29_NG/PalletNGData.xml,EXPORT/Program blocks/OP010/05_Alarm/ST10_Alarm.xml:ST10_Alarm:FlgNet | EXPORT/Program blocks/OP010/10_Device/29_NG/NG.xml:NG:StructuredText | EXPORT/Program blocks/OP010/10_Device/29_NG/NG.xml:NG:FlgNet
PalletNGData.LoadingNGPallet.NG_3_1,PalletNGData,2,1,0,2,NG;ST10_Alarm,1,PalletNGData_LoadingNGPallet_NG_3_1,EXPORT/Program blocks/OP010/10_Device/29_NG/PalletNGData.xml,EXPORT/Program blocks/OP010/05_Alarm/ST10_Alarm.xml:ST10_Alarm:FlgNet | EXPORT/Program blocks/OP010/10_Device/29_NG/NG.xml:NG:StructuredText | EXPORT/Program blocks/OP010/10_Device/29_NG/NG.xml:NG:FlgNet
PalletNGData.LoadingNGPallet.NG_3_2,PalletNGData,2,1,0,2,NG;ST10_Alarm,1,PalletNGData_LoadingNGPallet_NG_3_2,EXPORT/Program blocks/OP010/10_Device/29_NG/PalletNGData.xml,EXPORT/Program blocks/OP010/05_Alarm/ST10_Alarm.xml:ST10_Alarm:FlgNet | EXPORT/Program blocks/OP010/10_Device/29_NG/NG.xml:NG:StructuredText | EXPORT/Program blocks/OP010/10_Device/29_NG/NG.xml:NG:FlgNet
PalletNGData.LoadingNGPallet.NG_3_3,PalletNGData,2,1,0,2,NG;ST10_Alarm,1,PalletNGData_LoadingNGPallet_NG_3_3,EXPORT/Program blocks/OP010/10_Device/29_NG/PalletNGData.xml,EXPORT/Program blocks/OP010/05_Alarm/ST10_Alarm.xml:ST10_Alarm:FlgNet | EXPORT/Program blocks/OP010/10_Device/29_NG/NG.xml:NG:StructuredText | EXPORT/Program blocks/OP010/10_Device/29_NG/NG.xml:NG:FlgNet
PalletNGData.LoadingNGPallet.NG_3_4,PalletNGData,1,1,0,2,NG;ST10_Alarm,1,PalletNGData_LoadingNGPallet_NG_3_4,EXPORT/Program blocks/OP010/10_Device/29_NG/PalletNGData.xml,EXPORT/Program blocks/OP010/05_Alarm/ST10_Alarm.xml:ST10_Alarm:FlgNet | EXPORT/Program blocks/OP010/10_Device/29_NG/NG.xml:NG:StructuredText
PalletNGData.LoadingNGPallet.NG_3_5,PalletNGData,2,1,0,2,NG;ST10_Alarm,1,PalletNGData_LoadingNGPallet_NG_3_5,EXPORT/Program blocks/OP010/10_Device/29_NG/PalletNGData.xml,EXPORT/Program blocks/OP010/05_Alarm/ST10_Alarm.xml:ST10_Alarm:FlgNet | EXPORT/Program blocks/OP010/10_Device/29_NG/NG.xml:NG:StructuredText | EXPORT/Program blocks/OP010/10_Device/29_NG/NG.xml:NG:FlgNet
PalletNGData.LoadingNGPallet.Ready_1,PalletNGData,2,1,0,2,NG;ST10_Alarm,1,PalletNGData_LoadingNGPallet_Ready_1,EXPORT/Program blocks/OP010/10_Device/29_NG/PalletNGData.xml,EXPORT/Program blocks/OP010/05_Alarm/ST10_Alarm.xml:ST10_Alarm:FlgNet | EXPORT/Program blocks/OP010/10_Device/29_NG/NG.xml:NG:FlgNet
PalletNGData.LoadingNGPallet.Ready_2,PalletNGData,2,1,0,2,NG;ST10_Alarm,1,PalletNGData_LoadingNGPallet_Ready_2,EXPORT/Program blocks/OP010/10_Device/29_NG/PalletNGData.xml,EXPORT/Program blocks/OP010/05_Alarm/ST10_Alarm.xml:ST10_Alarm:FlgNet | EXPORT/Program blocks/OP010/10_Device/29_NG/NG.xml:NG:FlgNet
PalletNGData.LoadingNGPallet.Ready_3,PalletNGData,2,1,0,2,NG;ST10_Alarm,1,PalletNGData_LoadingNGPallet_Ready_3,EXPORT/Program blocks/OP010/10_Device/29_NG/PalletNGData.xml,EXPORT/Program blocks/OP010/05_Alarm/ST10_Alarm.xml:ST10_Alarm:FlgNet | EXPORT/Program blocks/OP010/10_Device/29_NG/NG.xml:NG:FlgNet
PalletNGData.UnLoadingNGPallet.Interlock_1,PalletNGData,8,5,1,2,NG;ST10_Output,1,PalletNGData_UnLoadingNGPallet_Interlock_1,EXPORT/Program blocks/OP010/10_Device/29_NG/PalletNGData.xml,EXPORT/Program blocks/OP010/02_Output/ST10_Output.xml:ST10_Output:FlgNet | EXPORT/Program blocks/OP010/10_Device/29_NG/NG.xml:NG:FlgNet
PalletNGData.UnLoadingNGPallet.NG_1_1,PalletNGData,2,1,0,2,NG;ST10_Alarm,1,PalletNGData_UnLoadingNGPallet_NG_1_1,EXPORT/Program blocks/OP010/10_Device/29_NG/PalletNGData.xml,EXPORT/Program blocks/OP010/05_Alarm/ST10_Alarm.xml:ST10_Alarm:FlgNet | EXPORT/Program blocks/OP010/10_Device/29_NG/NG.xml:NG:StructuredText | EXPORT/Program blocks/OP010/10_Device/29_NG/NG.xml:NG:FlgNet
PalletNGData.UnLoadingNGPallet.NG_1_2,PalletNGData,2,1,0,2,NG;ST10_Alarm,1,PalletNGData_UnLoadingNGPallet_NG_1_2,EXPORT/Program blocks/OP010/10_Device/29_NG/PalletNGData.xml,EXPORT/Program blocks/OP010/05_Alarm/ST10_Alarm.xml:ST10_Alarm:FlgNet | EXPORT/Program blocks/OP010/10_Device/29_NG/NG.xml:NG:StructuredText | EXPORT/Program blocks/OP010/10_Device/29_NG/NG.xml:NG:FlgNet
PalletNGData.UnLoadingNGPallet.NG_1_3,PalletNGData,2,1,0,2,NG;ST10_Alarm,1,PalletNGData_UnLoadingNGPallet_NG_1_3,EXPORT/Program blocks/OP010/10_Device/29_NG/PalletNGData.xml,EXPORT/Program blocks/OP010/05_Alarm/ST10_Alarm.xml:ST10_Alarm:FlgNet | EXPORT/Program blocks/OP010/10_Device/29_NG/NG.xml:NG:StructuredText | EXPORT/Program blocks/OP010/10_Device/29_NG/NG.xml:NG:FlgNet
PalletNGData.UnLoadingNGPallet.NG_1_4,PalletNGData,2,1,0,2,NG;ST10_Alarm,1,PalletNGData_UnLoadingNGPallet_NG_1_4,EXPORT/Program blocks/OP010/10_Device/29_NG/PalletNGData.xml,EXPORT/Program blocks/OP010/05_Alarm/ST10_Alarm.xml:ST10_Alarm:FlgNet | EXPORT/Program blocks/OP010/10_Device/29_NG/NG.xml:NG:StructuredText | EXPORT/Program blocks/OP010/10_Device/29_NG/NG.xml:NG:FlgNet
PalletNGData.UnLoadingNGPallet.NG_1_5,PalletNGData,2,1,0,2,NG;ST10_Alarm,1,PalletNGData_UnLoadingNGPallet_NG_1_5,EXPORT/Program blocks/OP010/10_Device/29_NG/PalletNGData.xml,EXPORT/Program blocks/OP010/05_Alarm/ST10_Alarm.xml:ST10_Alarm:FlgNet | EXPORT/Program blocks/OP010/10_Device/29_NG/NG.xml:NG:StructuredText | EXPORT/Program blocks/OP010/10_Device/29_NG/NG.xml:NG:FlgNet
PalletNGData.UnLoadingNGPallet.NG_2_1,PalletNGData,2,1,0,2,NG;ST10_Alarm,1,PalletNGData_UnLoadingNGPallet_NG_2_1,EXPORT/Program blocks/OP010/10_Device/29_NG/PalletNGData.xml,EXPORT/Program blocks/OP010/05_Alarm/ST10_Alarm.xml:ST10_Alarm:FlgNet | EXPORT/Program blocks/OP010/10_Device/29_NG/NG.xml:NG:StructuredText | EXPORT/Program blocks/OP010/10_Device/29_NG/NG.xml:NG:FlgNet
PalletNGData.UnLoadingNGPallet.NG_2_2,PalletNGData,2,1,0,2,NG;ST10_Alarm,1,PalletNGData_UnLoadingNGPallet_NG_2_2,EXPORT/Program blocks/OP010/10_Device/29_NG/PalletNGData.xml,EXPORT/Program blocks/OP010/05_Alarm/ST10_Alarm.xml:ST10_Alarm:FlgNet | EXPORT/Program blocks/OP010/10_Device/29_NG/NG.xml:NG:StructuredText | EXPORT/Program blocks/OP010/10_Device/29_NG/NG.xml:NG:FlgNet
PalletNGData.UnLoadingNGPallet.NG_2_3,PalletNGData,2,1,0,2,NG;ST10_Alarm,1,PalletNGData_UnLoadingNGPallet_NG_2_3,EXPORT/Program blocks/OP010/10_Device/29_NG/PalletNGData.xml,EXPORT/Program blocks/OP010/05_Alarm/ST10_Alarm.xml:ST10_Alarm:FlgNet | EXPORT/Program blocks/OP010/10_Device/29_NG/NG.xml:NG:StructuredText | EXPORT/Program blocks/OP010/10_Device/29_NG/NG.xml:NG:FlgNet
PalletNGData.UnLoadingNGPallet.NG_2_4,PalletNGData,2,1,0,2,NG;ST10_Alarm,1,PalletNGData_UnLoadingNGPallet_NG_2_4,EXPORT/Program blocks/OP010/10_Device/29_NG/PalletNGData.xml,EXPORT/Program blocks/OP010/05_Alarm/ST10_Alarm.xml:ST10_Alarm:FlgNet | EXPORT/Program blocks/OP010/10_Device/29_NG/NG.xml:NG:StructuredText | EXPORT/Program blocks/OP010/10_Device/29_NG/NG.xml:NG:FlgNet
PalletNGData.UnLoadingNGPallet.NG_2_5,PalletNGData,2,1,0,2,NG;ST10_Alarm,1,PalletNGData_UnLoadingNGPallet_NG_2_5,EXPORT/Program blocks/OP010/10_Device/29_NG/PalletNGData.xml,EXPORT/Program blocks/OP010/05_Alarm/ST10_Alarm.xml:ST10_Alarm:FlgNet | EXPORT/Program blocks/OP010/10_Device/29_NG/NG.xml:NG:StructuredText | EXPORT/Program blocks/OP010/10_Device/29_NG/NG.xml:NG:FlgNet
PalletNGData.UnLoadingNGPallet.NG_3_1,PalletNGData,2,1,0,2,NG;ST10_Alarm,1,PalletNGData_UnLoadingNGPallet_NG_3_1,EXPORT/Program blocks/OP010/10_Device/29_NG/PalletNGData.xml,EXPORT/Program blocks/OP010/05_Alarm/ST10_Alarm.xml:ST10_Alarm:FlgNet | EXPORT/Program blocks/OP010/10_Device/29_NG/NG.xml:NG:StructuredText | EXPORT/Program blocks/OP010/10_Device/29_NG/NG.xml:NG:FlgNet
PalletNGData.UnLoadingNGPallet.NG_3_2,PalletNGData,2,1,0,2,NG;ST10_Alarm,1,PalletNGData_UnLoadingNGPallet_NG_3_2,EXPORT/Program blocks/OP010/10_Device/29_NG/PalletNGData.xml,EXPORT/Program blocks/OP010/05_Alarm/ST10_Alarm.xml:ST10_Alarm:FlgNet | EXPORT/Program blocks/OP010/10_Device/29_NG/NG.xml:NG:StructuredText | EXPORT/Program blocks/OP010/10_Device/29_NG/NG.xml:NG:FlgNet
PalletNGData.UnLoadingNGPallet.NG_3_3,PalletNGData,2,1,0,2,NG;ST10_Alarm,1,PalletNGData_UnLoadingNGPallet_NG_3_3,EXPORT/Program blocks/OP010/10_Device/29_NG/PalletNGData.xml,EXPORT/Program blocks/OP010/05_Alarm/ST10_Alarm.xml:ST10_Alarm:FlgNet | EXPORT/Program blocks/OP010/10_Device/29_NG/NG.xml:NG:StructuredText | EXPORT/Program blocks/OP010/10_Device/29_NG/NG.xml:NG:FlgNet
PalletNGData.UnLoadingNGPallet.NG_3_4,PalletNGData,2,1,0,2,NG;ST10_Alarm,1,PalletNGData_UnLoadingNGPallet_NG_3_4,EXPORT/Program blocks/OP010/10_Device/29_NG/PalletNGData.xml,EXPORT/Program blocks/OP010/05_Alarm/ST10_Alarm.xml:ST10_Alarm:FlgNet | EXPORT/Program blocks/OP010/10_Device/29_NG/NG.xml:NG:StructuredText | EXPORT/Program blocks/OP010/10_Device/29_NG/NG.xml:NG:FlgNet
PalletNGData.UnLoadingNGPallet.NG_3_5,PalletNGData,2,1,0,2,NG;ST10_Alarm,1,PalletNGData_UnLoadingNGPallet_NG_3_5,EXPORT/Program blocks/OP010/10_Device/29_NG/PalletNGData.xml,EXPORT/Program blocks/OP010/05_Alarm/ST10_Alarm.xml:ST10_Alarm:FlgNet | EXPORT/Program blocks/OP010/10_Device/29_NG/NG.xml:NG:StructuredText | EXPORT/Program blocks/OP010/10_Device/29_NG/NG.xml:NG:FlgNet
PalletNGData.UnLoadingNGPallet.Ready_1,PalletNGData,2,1,0,2,NG;ST10_Alarm,1,PalletNGData_UnLoadingNGPallet_Ready_1,EXPORT/Program blocks/OP010/10_Device/29_NG/PalletNGData.xml,EXPORT/Program blocks/OP010/05_Alarm/ST10_Alarm.xml:ST10_Alarm:FlgNet | EXPORT/Program blocks/OP010/10_Device/29_NG/NG.xml:NG:FlgNet
PalletNGData.UnLoadingNGPallet.Ready_2,PalletNGData,2,1,0,2,NG;ST10_Alarm,1,PalletNGData_UnLoadingNGPallet_Ready_2,EXPORT/Program blocks/OP010/10_Device/29_NG/PalletNGData.xml,EXPORT/Program blocks/OP010/05_Alarm/ST10_Alarm.xml:ST10_Alarm:FlgNet | EXPORT/Program blocks/OP010/10_Device/29_NG/NG.xml:NG:FlgNet
PalletNGData.UnLoadingNGPallet.Ready_3,PalletNGData,2,1,0,2,NG;ST10_Alarm,1,PalletNGData_UnLoadingNGPallet_Ready_3,EXPORT/Program blocks/OP010/10_Device/29_NG/PalletNGData.xml,EXPORT/Program blocks/OP010/05_Alarm/ST10_Alarm.xml:ST10_Alarm:FlgNet | EXPORT/Program blocks/OP010/10_Device/29_NG/NG.xml:NG:FlgNet
PilzData.85A1.I10,PilzData,2,0,0,2,Pilz;ST10_Alarm,1,PilzData_85A1_I10,EXPORT/Program blocks/OP010/10_Device/27_Pilz/PilzData.xml,EXPORT/Program blocks/OP010/05_Alarm/ST10_Alarm.xml:ST10_Alarm:FlgNet | EXPORT/Program blocks/OP010/10_Device/27_Pilz/Pilz.xml:Pilz:FlgNet
PilzData.85A1.I11,PilzData,2,0,0,2,Pilz;ST10_Alarm,1,PilzData_85A1_I11,EXPORT/Program blocks/OP010/10_Device/27_Pilz/PilzData.xml,EXPORT/Program blocks/OP010/05_Alarm/ST10_Alarm.xml:ST10_Alarm:FlgNet | EXPORT/Program blocks/OP010/10_Device/27_Pilz/Pilz.xml:Pilz:FlgNet
PilzData.85A1.I6,PilzData,3,0,0,2,Pilz;ST10_Alarm,1,PilzData_85A1_I6,EXPORT/Program blocks/OP010/10_Device/27_Pilz/PilzData.xml,EXPORT/Program blocks/OP010/05_Alarm/ST10_Alarm.xml:ST10_Alarm:FlgNet | EXPORT/Program blocks/OP010/10_Device/27_Pilz/Pilz.xml:Pilz:FlgNet
PilzData.85A1.I8,PilzData,2,0,0,2,Pilz;ST10_Alarm,1,PilzData_85A1_I8,EXPORT/Program blocks/OP010/10_Device/27_Pilz/PilzData.xml,EXPORT/Program blocks/OP010/05_Alarm/ST10_Alarm.xml:ST10_Alarm:FlgNet | EXPORT/Program blocks/OP010/10_Device/27_Pilz/Pilz.xml:Pilz:FlgNet
PilzData.85A1.I9,PilzData,2,0,0,2,Pilz;ST10_Alarm,1,PilzData_85A1_I9,EXPORT/Program blocks/OP010/10_Device/27_Pilz/PilzData.xml,EXPORT/Program blocks/OP010/05_Alarm/ST10_Alarm.xml:ST10_Alarm:FlgNet | EXPORT/Program blocks/OP010/10_Device/27_Pilz/Pilz.xml:Pilz:FlgNet
PilzData.85A5.I0,PilzData,2,0,0,2,ST10_Alarm;ST10_Main,1,PilzData_85A5_I0,EXPORT/Program blocks/OP010/10_Device/27_Pilz/PilzData.xml,EXPORT/Program blocks/OP010/00_Main/ST10_Main.xml:ST10_Main:FlgNet | EXPORT/Program blocks/OP010/05_Alarm/ST10_Alarm.xml:ST10_Alarm:FlgNet
PilzData.85A5.I1,PilzData,2,0,0,2,ST10_Alarm;ST10_Main,1,PilzData_85A5_I1,EXPORT/Program blocks/OP010/10_Device/27_Pilz/PilzData.xml,EXPORT/Program blocks/OP010/00_Main/ST10_Main.xml:ST10_Main:FlgNet | EXPORT/Program blocks/OP010/05_Alarm/ST10_Alarm.xml:ST10_Alarm:FlgNet
PilzData.85A5.I2,PilzData,2,0,0,2,ST10_Alarm;ST10_Main,1,PilzData_85A5_I2,EXPORT/Program blocks/OP010/10_Device/27_Pilz/PilzData.xml,EXPORT/Program blocks/OP010/00_Main/ST10_Main.xml:ST10_Main:FlgNet | EXPORT/Program blocks/OP010/05_Alarm/ST10_Alarm.xml:ST10_Alarm:FlgNet
PilzData.85A5.I3,PilzData,2,0,0,2,ST10_Alarm;ST10_Main,1,PilzData_85A5_I3,EXPORT/Program blocks/OP010/10_Device/27_Pilz/PilzData.xml,EXPORT/Program blocks/OP010/00_Main/ST10_Main.xml:ST10_Main:FlgNet | EXPORT/Program blocks/OP010/05_Alarm/ST10_Alarm.xml:ST10_Alarm:FlgNet
PilzData.85A5.I4,PilzData,2,0,0,2,ST10_Alarm;ST10_Main,1,PilzData_85A5_I4,EXPORT/Program blocks/OP010/10_Device/27_Pilz/PilzData.xml,EXPORT/Program blocks/OP010/00_Main/ST10_Main.xml:ST10_Main:FlgNet | EXPORT/Program blocks/OP010/05_Alarm/ST10_Alarm.xml:ST10_Alarm:FlgNet
PilzData.85A5.I5,PilzData,2,0,0,2,ST10_Alarm;ST10_Main,1,PilzData_85A5_I5,EXPORT/Program blocks/OP010/10_Device/27_Pilz/PilzData.xml,EXPORT/Program blocks/OP010/00_Main/ST10_Main.xml:ST10_Main:FlgNet | EXPORT/Program blocks/OP010/05_Alarm/ST10_Alarm.xml:ST10_Alarm:FlgNet
ProcessData_1.OP40.2.Kistler_Interlock,ProcessData_1,2,1,0,2,KistlerPresser_Main;ST10_Flow4_B1Press,0,,EXPORT/Program blocks/OP010/10_Device/23_Kistler/ProcessData_1.xml,EXPORT/Program blocks/OP010/10_Device/23_Kistler/KistlerPresser_Main.xml:KistlerPresser_Main:FlgNet | EXPORT/Program blocks/OP010/03_Auto/B_Press/ST10_Flow4_B1Press.xml:ST10_Flow4_B1Press:FlgNet
ProcessData_1.OP40.3.Kistler_Interlock,ProcessData_1,2,1,0,2,KistlerPresser_Main;ST10_Flow14_B2Press,0,,EXPORT/Program blocks/OP010/10_Device/23_Kistler/ProcessData_1.xml,EXPORT/Program blocks/OP010/10_Device/23_Kistler/KistlerPresser_Main.xml:KistlerPresser_Main:FlgNet | EXPORT/Program blocks/OP010/03_Auto/B_Press/ST10_Flow14_B2Press.xml:ST10_Flow14_B2Press:FlgNet
Robot_DB.Control.Robot1GripControl,Robot_DB,4,1,0,2,Robot;ST10Cyl_interface11-20,1,Robot_DB_Control_Robot1GripControl,EXPORT/Program blocks/OP010/10_Device/24_Robot/Robot_DB.xml,EXPORT/Program blocks/OP010/10_Device/01_Cylinder/ST10Cyl_interface11-20.xml:ST10Cyl_interface11-20:StructuredText | EXPORT/Program blocks/OP010/10_Device/01_Cylinder/ST10Cyl_interface11-20.xml:ST10Cyl_interface11-20:FlgNet | EXPORT/Program blocks/OP010/10_Device/24_Robot/Robot.xml:Robot:FlgNet
Robot_DB.Control.Robot2GripControl,Robot_DB,4,1,0,2,Robot;ST10Cyl_interface11-20,1,Robot_DB_Control_Robot2GripControl,EXPORT/Program blocks/OP010/10_Device/24_Robot/Robot_DB.xml,EXPORT/Program blocks/OP010/10_Device/01_Cylinder/ST10Cyl_interface11-20.xml:ST10Cyl_interface11-20:StructuredText | EXPORT/Program blocks/OP010/10_Device/01_Cylinder/ST10Cyl_interface11-20.xml:ST10Cyl_interface11-20:FlgNet | EXPORT/Program blocks/OP010/10_Device/24_Robot/Robot.xml:Robot:FlgNet
Robot_DB.Control.Robot3GripControl,Robot_DB,4,1,0,2,Robot;ST10Cyl_interface11-20,1,Robot_DB_Control_Robot3GripControl,EXPORT/Program blocks/OP010/10_Device/24_Robot/Robot_DB.xml,EXPORT/Program blocks/OP010/10_Device/01_Cylinder/ST10Cyl_interface11-20.xml:ST10Cyl_interface11-20:StructuredText | EXPORT/Program blocks/OP010/10_Device/01_Cylinder/ST10Cyl_interface11-20.xml:ST10Cyl_interface11-20:FlgNet | EXPORT/Program blocks/OP010/10_Device/24_Robot/Robot.xml:Robot:FlgNet
Robot_DB.Robot_1.BrakeTest_Req,Robot_DB,34,1,0,2,Robot;ST10_Flow5_FRobot_1,1,Robot_DB_Robot_1_BrakeTest_Req,EXPORT/Program blocks/OP010/10_Device/24_Robot/Robot_DB.xml,EXPORT/Program blocks/OP010/10_Device/24_Robot/Robot.xml:Robot:FlgNet | EXPORT/Program blocks/OP010/03_Auto/F_Robot/ST10_Flow5_FRobot_1.xml:ST10_Flow5_FRobot_1:FlgNet | EXPORT/Program blocks/OP010/03_Auto/F_Robot/ST10_Flow5_FRobot_1_01092026_152002.xml:ST10_Flow5_FRobot_1:FlgNet | EXPORT/Program blocks/OP010/03_Auto/F_Robot/ST10_Flow5_FRobot_1_01092026_152004.xml:ST10_Flow5_FRobot_1:FlgNet
Robot_DB.Robot_1.MasteringTest_Req,Robot_DB,34,1,0,2,Robot;ST10_Flow5_FRobot_1,0,,EXPORT/Program blocks/OP010/10_Device/24_Robot/Robot_DB.xml,EXPORT/Program blocks/OP010/10_Device/24_Robot/Robot.xml:Robot:FlgNet | EXPORT/Program blocks/OP010/03_Auto/F_Robot/ST10_Flow5_FRobot_1.xml:ST10_Flow5_FRobot_1:FlgNet | EXPORT/Program blocks/OP010/03_Auto/F_Robot/ST10_Flow5_FRobot_1_01092026_152002.xml:ST10_Flow5_FRobot_1:FlgNet | EXPORT/Program blocks/OP010/03_Auto/F_Robot/ST10_Flow5_FRobot_1_01092026_152004.xml:ST10_Flow5_FRobot_1:FlgNet
Robot_DB.Robot_2.BrakeTest_Req,Robot_DB,11,1,0,2,Robot;ST10_Flow8_FRobot_2,1,Robot_DB_Robot_2_BrakeTest_Req,EXPORT/Program blocks/OP010/10_Device/24_Robot/Robot_DB.xml,EXPORT/Program blocks/OP010/10_Device/24_Robot/Robot.xml:Robot:FlgNet | EXPORT/Program blocks/OP010/03_Auto/F_Robot/ST10_Flow8_FRobot_2.xml:ST10_Flow8_FRobot_2:FlgNet
Robot_DB.Robot_2.GripCompareCodeOK,Robot_DB,1,1,0,2,Robot;ST10_Flow6_ToolCodeScan,0,,EXPORT/Program blocks/OP010/10_Device/24_Robot/Robot_DB.xml,EXPORT/Program blocks/OP010/10_Device/24_Robot/Robot.xml:Robot:FlgNet | EXPORT/Program blocks/OP010/03_Auto/01ChangeOver/ST10_Flow6_ToolCodeScan.xml:ST10_Flow6_ToolCodeScan:FlgNet
Robot_DB.Robot_2.MasteringTest_Req,Robot_DB,11,1,0,2,Robot;ST10_Flow8_FRobot_2,0,,EXPORT/Program blocks/OP010/10_Device/24_Robot/Robot_DB.xml,EXPORT/Program blocks/OP010/10_Device/24_Robot/Robot.xml:Robot:FlgNet | EXPORT/Program blocks/OP010/03_Auto/F_Robot/ST10_Flow8_FRobot_2.xml:ST10_Flow8_FRobot_2:FlgNet
Robot_DB.Robot_3.BrakeTest_Req,Robot_DB,12,1,0,2,Robot;ST10_Flow15_FRobot_3,1,Robot_DB_Robot_3_BrakeTest_Req,EXPORT/Program blocks/OP010/10_Device/24_Robot/Robot_DB.xml,EXPORT/Program blocks/OP010/10_Device/24_Robot/Robot.xml:Robot:FlgNet | EXPORT/Program blocks/OP010/03_Auto/F_Robot/ST10_Flow15_FRobot_3.xml:ST10_Flow15_FRobot_3:FlgNet
Robot_DB.Robot_3.MasteringTest_Req,Robot_DB,12,1,0,2,Robot;ST10_Flow15_FRobot_3,0,,EXPORT/Program blocks/OP010/10_Device/24_Robot/Robot_DB.xml,EXPORT/Program blocks/OP010/10_Device/24_Robot/Robot.xml:Robot:FlgNet | EXPORT/Program blocks/OP010/03_Auto/F_Robot/ST10_Flow15_FRobot_3.xml:ST10_Flow15_FRobot_3:FlgNet
ST10_DeviceError.A.A1TableUnloading.RingCheckExist,ST10_DeviceError,1,1,0,2,ST10_Alarm;ST10_Flow2_A1TableUnloading,0,,EXPORT/Program blocks/OP010/05_Alarm/ST10_DeviceError.xml,EXPORT/Program blocks/OP010/05_Alarm/ST10_Alarm.xml:ST10_Alarm:FlgNet | EXPORT/Program blocks/OP010/03_Auto/A1_TableLoad&Scan/ST10_Flow2_A1TableUnloading.xml:ST10_Flow2_A1TableUnloading:FlgNet
ST10_DeviceError.A.A2TableUnloading.RingCheckExist,ST10_DeviceError,1,1,0,2,ST10_Alarm;ST10_Flow12_A2TableUnloading,0,,EXPORT/Program blocks/OP010/05_Alarm/ST10_DeviceError.xml,EXPORT/Program blocks/OP010/05_Alarm/ST10_Alarm.xml:ST10_Alarm:FlgNet | EXPORT/Program blocks/OP010/03_Auto/A2_TableLoad&Scan/ST10_Flow12_A2TableUnloading.xml:ST10_Flow12_A2TableUnloading:FlgNet
ST10_DeviceError.F.Robot_1.ManualMoved,ST10_DeviceError,4,1,0,2,ST10_Alarm;ST10_Flow5_FRobot_1,0,,EXPORT/Program blocks/OP010/05_Alarm/ST10_DeviceError.xml,EXPORT/Program blocks/OP010/05_Alarm/ST10_Alarm.xml:ST10_Alarm:FlgNet | EXPORT/Program blocks/OP010/03_Auto/F_Robot/ST10_Flow5_FRobot_1.xml:ST10_Flow5_FRobot_1:FlgNet | EXPORT/Program blocks/OP010/03_Auto/F_Robot/ST10_Flow5_FRobot_1_01092026_152002.xml:ST10_Flow5_FRobot_1:FlgNet | EXPORT/Program blocks/OP010/03_Auto/F_Robot/ST10_Flow5_FRobot_1_01092026_152004.xml:ST10_Flow5_FRobot_1:FlgNet
ST10_DeviceError.F.Robot_2.ManualMoved,ST10_DeviceError,2,1,0,2,ST10_Alarm;ST10_Flow8_FRobot_2,0,,EXPORT/Program blocks/OP010/05_Alarm/ST10_DeviceError.xml,EXPORT/Program blocks/OP010/05_Alarm/ST10_Alarm.xml:ST10_Alarm:FlgNet | EXPORT/Program blocks/OP010/03_Auto/F_Robot/ST10_Flow8_FRobot_2.xml:ST10_Flow8_FRobot_2:FlgNet
ST10_DeviceError.F.Robot_3.ManualMoved,ST10_DeviceError,2,1,0,2,ST10_Alarm;ST10_Flow15_FRobot_3,0,,EXPORT/Program blocks/OP010/05_Alarm/ST10_DeviceError.xml,EXPORT/Program blocks/OP010/05_Alarm/ST10_Alarm.xml:ST10_Alarm:FlgNet | EXPORT/Program blocks/OP010/03_Auto/F_Robot/ST10_Flow15_FRobot_3.xml:ST10_Flow15_FRobot_3:FlgNet
ST10_GeneralData.FunctionDeSelect.B.FunctionDeSelected_TestPress372A1,ST10_GeneralData,2,1,0,2,ST10_Flow4_B1Press;ST10_Main,0,,EXPORT/Program blocks/OP010/00_Main/ST10_GeneralData.xml,EXPORT/Program blocks/OP010/00_Main/ST10_Main.xml:ST10_Main:StructuredText | EXPORT/Program blocks/OP010/03_Auto/B_Press/ST10_Flow4_B1Press.xml:ST10_Flow4_B1Press:FlgNet
ST10_GeneralData.FunctionDeSelect.B.FunctionDeSelected_TestPress375A1,ST10_GeneralData,2,1,0,2,ST10_Flow14_B2Press;ST10_Main,0,,EXPORT/Program blocks/OP010/00_Main/ST10_GeneralData.xml,EXPORT/Program blocks/OP010/00_Main/ST10_Main.xml:ST10_Main:StructuredText | EXPORT/Program blocks/OP010/03_Auto/B_Press/ST10_Flow14_B2Press.xml:ST10_Flow14_B2Press:FlgNet
ST10_PLC_GetDB.InData.Control.PalletInPos,ST10_PLC_GetDB,4,0,0,2,ST10_Alarm;ST10_Flow24_LUnloadingTrans,1,ST10_PLC_GetDB_InData_Control_PalletInPos,EXPORT/Program blocks/OP010/10_Device/09_CuringOven/ST10_PLC_GetDB.xml,EXPORT/Program blocks/OP010/05_Alarm/ST10_Alarm.xml:ST10_Alarm:FlgNet | EXPORT/Program blocks/OP010/03_Auto/L_Unload/ST10_Flow24_LUnloadingTrans.xml:ST10_Flow24_LUnloadingTrans:FlgNet
ST10_RecipeDB.ParameterElement.B1PressProgram,ST10_RecipeDB,0,0,5,2,KistlerPresser_Main;MES,1,ST10_RecipeDB_ParameterElement_B1PressProgram,EXPORT/Program blocks/OP010/08_ChangeOver/ST10_RecipeDB.xml,EXPORT/Program blocks/OP010/11_MES/MES.xml:MES:FlgNet | EXPORT/Program blocks/OP010/10_Device/23_Kistler/KistlerPresser_Main.xml:KistlerPresser_Main:FlgNet
ST10_RecipeDB.ParameterElement.B2PressProgram,ST10_RecipeDB,0,0,6,2,KistlerPresser_Main;MES,1,ST10_RecipeDB_ParameterElement_B2PressProgram,EXPORT/Program blocks/OP010/08_ChangeOver/ST10_RecipeDB.xml,EXPORT/Program blocks/OP010/11_MES/MES.xml:MES:FlgNet | EXPORT/Program blocks/OP010/10_Device/23_Kistler/KistlerPresser_Main.xml:KistlerPresser_Main:FlgNet
ST10_RecipeDB.ParameterElement.CGlueProgram,ST10_RecipeDB,0,0,7,2,Gluing;MES,1,ST10_RecipeDB_ParameterElement_CGlueProgram,EXPORT/Program blocks/OP010/08_ChangeOver/ST10_RecipeDB.xml,EXPORT/Program blocks/OP010/11_MES/MES.xml:MES:FlgNet | EXPORT/Program blocks/OP010/10_Device/28_Gluing/Gluing.xml:Gluing:FlgNet
ST10_RecipeDB.ParameterElement.R1GripperFixtureCode,ST10_RecipeDB,0,0,8,2,ChangeOverProcess;Robot,1,ST10_RecipeDB_ParameterElement_R1GripperFixtureCode,EXPORT/Program blocks/OP010/08_ChangeOver/ST10_RecipeDB.xml,EXPORT/Program blocks/OP010/10_Device/24_Robot/Robot.xml:Robot:FlgNet | EXPORT/Program blocks/OP010/03_Auto/01ChangeOver/ChangeOverProcess.xml:ChangeOverProcess:FlgNet
ST10_RecipeDB.ParameterElement.R2GripperFixtureCode,ST10_RecipeDB,0,0,8,2,ChangeOverProcess;Robot,1,ST10_RecipeDB_ParameterElement_R2GripperFixtureCode,EXPORT/Program blocks/OP010/08_ChangeOver/ST10_RecipeDB.xml,EXPORT/Program blocks/OP010/10_Device/24_Robot/Robot.xml:Robot:FlgNet | EXPORT/Program blocks/OP010/03_Auto/01ChangeOver/ChangeOverProcess.xml:ChangeOverProcess:FlgNet
ST10_RecipeDB.ParameterElement.R3GripperFixtureCode,ST10_RecipeDB,0,0,8,2,ChangeOverProcess;Robot,1,ST10_RecipeDB_ParameterElement_R3GripperFixtureCode,EXPORT/Program blocks/OP010/08_ChangeOver/ST10_RecipeDB.xml,EXPORT/Program blocks/OP010/10_Device/24_Robot/Robot.xml:Robot:FlgNet | EXPORT/Program blocks/OP010/03_Auto/01ChangeOver/ChangeOverProcess.xml:ChangeOverProcess:FlgNet
ST10_SysInput.HMI_Button.ControlOn,ST10_SysInput,1,1,0,2,ST10_Input;ST10_Main,0,,EXPORT/Program blocks/OP010/01_Input/ST10_SysInput.xml,EXPORT/Program blocks/OP010/00_Main/ST10_Main.xml:ST10_Main:FlgNet | EXPORT/Program blocks/OP010/01_Input/ST10_Input.xml:ST10_Input:StructuredText
ST10_SysInput.HMI_Button.Manual/Auto,ST10_SysInput,4,1,0,2,ST10_Input;ST10_Main,0,,EXPORT/Program blocks/OP010/01_Input/ST10_SysInput.xml,EXPORT/Program blocks/OP010/00_Main/ST10_Main.xml:ST10_Main:FlgNet | EXPORT/Program blocks/OP010/01_Input/ST10_Input.xml:ST10_Input:StructuredText
ST10_SysInput.Sys.iCircuitBreakerOK1,ST10_SysInput,1,1,0,2,ST10_Alarm;ST10_Input,0,,EXPORT/Program blocks/OP010/01_Input/ST10_SysInput.xml,EXPORT/Program blocks/OP010/01_Input/ST10_Input.xml:ST10_Input:StructuredText | EXPORT/Program blocks/OP010/05_Alarm/ST10_Alarm.xml:ST10_Alarm:FlgNet
ST10_SysInput.Sys.iPressure,ST10_SysInput,1,1,0,2,ST10_Input;ST10_Main,0,,EXPORT/Program blocks/OP010/01_Input/ST10_SysInput.xml,EXPORT/Program blocks/OP010/00_Main/ST10_Main.xml:ST10_Main:FlgNet | EXPORT/Program blocks/OP010/01_Input/ST10_Input.xml:ST10_Input:StructuredText
ServoV90_A1.Out.oError,ServoV90_A1,1,1,0,2,ST10_Alarm;V90_Servo,0,,EXPORT/Program blocks/OP010/10_Device/25_V90/ServoV90_A1.xml,EXPORT/Program blocks/OP010/05_Alarm/ST10_Alarm.xml:ST10_Alarm:FlgNet | EXPORT/Program blocks/OP010/10_Device/25_V90/V90_Servo.xml:V90_Servo:FlgNet
ServoV90_A1.Out.oRunning,ServoV90_A1,1,1,0,2,ST10_Alarm;V90_Servo,0,,EXPORT/Program blocks/OP010/10_Device/25_V90/ServoV90_A1.xml,EXPORT/Program blocks/OP010/05_Alarm/ST10_Alarm.xml:ST10_Alarm:FlgNet | EXPORT/Program blocks/OP010/10_Device/25_V90/V90_Servo.xml:V90_Servo:FlgNet
ServoV90_A1.Out.oServoPosOK,ServoV90_A1,2,1,0,2,ST10_Flow2_A1TableUnloading;V90_Servo,0,,EXPORT/Program blocks/OP010/10_Device/25_V90/ServoV90_A1.xml,EXPORT/Program blocks/OP010/10_Device/25_V90/V90_Servo.xml:V90_Servo:FlgNet | EXPORT/Program blocks/OP010/03_Auto/A1_TableLoad&Scan/ST10_Flow2_A1TableUnloading.xml:ST10_Flow2_A1TableUnloading:FlgNet
ServoV90_A2.Out.oError,ServoV90_A2,1,1,0,2,ST10_Alarm;V90_Servo,0,,EXPORT/Program blocks/OP010/10_Device/25_V90/ServoV90_A2.xml,EXPORT/Program blocks/OP010/05_Alarm/ST10_Alarm.xml:ST10_Alarm:FlgNet | EXPORT/Program blocks/OP010/10_Device/25_V90/V90_Servo.xml:V90_Servo:FlgNet
ServoV90_A2.Out.oRunning,ServoV90_A2,1,1,0,2,ST10_Alarm;V90_Servo,0,,EXPORT/Program blocks/OP010/10_Device/25_V90/ServoV90_A2.xml,EXPORT/Program blocks/OP010/05_Alarm/ST10_Alarm.xml:ST10_Alarm:FlgNet | EXPORT/Program blocks/OP010/10_Device/25_V90/V90_Servo.xml:V90_Servo:FlgNet
ServoV90_A3.In.iManListStart,ServoV90_A3,1,1,0,2,Gluing;V90_Servo,0,,EXPORT/Program blocks/OP010/10_Device/25_V90/ServoV90_A3.xml,EXPORT/Program blocks/OP010/10_Device/25_V90/V90_Servo.xml:V90_Servo:FlgNet | EXPORT/Program blocks/OP010/10_Device/28_Gluing/Gluing.xml:Gluing:FlgNet
ServoV90_A3.Out.oError,ServoV90_A3,1,1,0,2,ST10_Alarm;V90_Servo,0,,EXPORT/Program blocks/OP010/10_Device/25_V90/ServoV90_A3.xml,EXPORT/Program blocks/OP010/05_Alarm/ST10_Alarm.xml:ST10_Alarm:FlgNet | EXPORT/Program blocks/OP010/10_Device/25_V90/V90_Servo.xml:V90_Servo:FlgNet
ServoV90_A3.Out.oRunning,ServoV90_A3,1,1,0,2,ST10_Alarm;V90_Servo,0,,EXPORT/Program blocks/OP010/10_Device/25_V90/ServoV90_A3.xml,EXPORT/Program blocks/OP010/05_Alarm/ST10_Alarm.xml:ST10_Alarm:FlgNet | EXPORT/Program blocks/OP010/10_Device/25_V90/V90_Servo.xml:V90_Servo:FlgNet
ServoV90_A4.Auto.Index,ServoV90_A4,1,1,2,2,ST10_Flow12_A2TableUnloading;V90_Servo,0,,EXPORT/Program blocks/OP010/10_Device/25_V90/ServoV90_A4.xml,EXPORT/Program blocks/OP010/10_Device/25_V90/V90_Servo.xml:V90_Servo:FlgNet | EXPORT/Program blocks/OP010/10_Device/25_V90/V90_Servo.xml:V90_Servo:StructuredText | EXPORT/Program blocks/OP010/03_Auto/A2_TableLoad&Scan/ST10_Flow12_A2TableUnloading.xml:ST10_Flow12_A2TableUnloading:FlgNet
ServoV90_A4.Out.oRunning,ServoV90_A4,1,1,0,2,ST10_Alarm;V90_Servo,0,,EXPORT/Program blocks/OP010/10_Device/25_V90/ServoV90_A4.xml,EXPORT/Program blocks/OP010/05_Alarm/ST10_Alarm.xml:ST10_Alarm:FlgNet | EXPORT/Program blocks/OP010/10_Device/25_V90/V90_Servo.xml:V90_Servo:FlgNet
ServoV90_A4.Out.oServoPosOK,ServoV90_A4,2,1,0,2,ST10_Flow12_A2TableUnloading;V90_Servo,0,,EXPORT/Program blocks/OP010/10_Device/25_V90/ServoV90_A4.xml,EXPORT/Program blocks/OP010/10_Device/25_V90/V90_Servo.xml:V90_Servo:FlgNet | EXPORT/Program blocks/OP010/03_Auto/A2_TableLoad&Scan/ST10_Flow12_A2TableUnloading.xml:ST10_Flow12_A2TableUnloading:FlgNet
ServoV90_DeviceCtl.V90Servo.Point.Start,ServoV90_DeviceCtl,6,1,0,2,Gluing;V90_Servo,0,,EXPORT/Program blocks/OP010/10_Device/25_V90/ServoV90_DeviceCtl.xml,EXPORT/Program blocks/OP010/10_Device/25_V90/V90_Servo.xml:V90_Servo:FlgNet | EXPORT/Program blocks/OP010/10_Device/28_Gluing/Gluing.xml:Gluing:FlgNet
ServoV90_DeviceCtl.V90Servo.nPositionListNo,ServoV90_DeviceCtl,0,0,8,2,ST10_Flow12_A2TableUnloading;ST10_Flow2_A1TableUnloading,0,,EXPORT/Program blocks/OP010/10_Device/25_V90/ServoV90_DeviceCtl.xml,EXPORT/Program blocks/OP010/03_Auto/A1_TableLoad&Scan/ST10_Flow2_A1TableUnloading.xml:ST10_Flow2_A1TableUnloading:FlgNet | EXPORT/Program blocks/OP010/03_Auto/A2_TableLoad&Scan/ST10_Flow12_A2TableUnloading.xml:ST10_Flow12_A2TableUnloading:FlgNet
Station_Sys.Auto.AllRun,Station_Sys,4,0,0,2,ST10_Main;ST10_Output,0,,EXPORT/Program blocks/OP010/00_Main/Station_Sys.xml,EXPORT/Program blocks/OP010/00_Main/ST10_Main.xml:ST10_Main:FlgNet | EXPORT/Program blocks/OP010/02_Output/ST10_Output.xml:ST10_Output:FlgNet
Station_Sys.Auto.StepMode,Station_Sys,4,1,0,2,KistlerPresser_Main;ST10_Main,0,,EXPORT/Program blocks/OP010/00_Main/Station_Sys.xml,EXPORT/Program blocks/OP010/00_Main/ST10_Main.xml:ST10_Main:FlgNet | EXPORT/Program blocks/OP010/10_Device/23_Kistler/KistlerPresser_Main.xml:KistlerPresser_Main:FlgNet
Station_Sys.Interface,Station_Sys,5,0,0,2,ST10_Main;ST10_Stopper_FB,0,,EXPORT/Program blocks/OP010/00_Main/Station_Sys.xml,EXPORT/Program blocks/OP010/00_Main/ST10_Main.xml:ST10_Main:FlgNet | EXPORT/Program blocks/OP010/10_Device/06_Stopper/ST10_Stopper_FB.xml:ST10_Stopper_FB:FlgNet
Station_Sys.Interface.Auto.Mode,Station_Sys,3,0,0,2,MES;ST10_Tip,0,,EXPORT/Program blocks/OP010/00_Main/Station_Sys.xml,EXPORT/Program blocks/OP010/07_Tip/ST10_Tip.xml:ST10_Tip:FlgNet | EXPORT/Program blocks/OP010/11_MES/MES.xml:MES:FlgNet
Station_Sys.Interface.Reset,Station_Sys,14,1,0,2,ST10_Alarm;ST10_Main,0,,EXPORT/Program blocks/OP010/00_Main/Station_Sys.xml,EXPORT/Program blocks/OP010/00_Main/ST10_Main.xml:ST10_Main:StructuredText | EXPORT/Program blocks/OP010/05_Alarm/ST10_Alarm.xml:ST10_Alarm:FlgNet
Station_Sys.Safety.DoorOK,Station_Sys,2,1,0,2,ST10_Main;ST10_Output,0,,EXPORT/Program blocks/OP010/00_Main/Station_Sys.xml,EXPORT/Program blocks/OP010/00_Main/ST10_Main.xml:ST10_Main:FlgNet | EXPORT/Program blocks/OP010/02_Output/ST10_Output.xml:ST10_Output:FlgNet
Station_Sys.Status.EnableAlarm,Station_Sys,2,1,0,2,ST10_Alarm;ST10_Main,0,,EXPORT/Program blocks/OP010/00_Main/Station_Sys.xml,EXPORT/Program blocks/OP010/00_Main/ST10_Main.xml:ST10_Main:FlgNet | EXPORT/Program blocks/OP010/05_Alarm/ST10_Alarm.xml:ST10_Alarm:FlgNet
Station_Sys.Status.MainPressureOK,Station_Sys,1,1,0,2,ST10_Alarm;ST10_Main,0,,EXPORT/Program blocks/OP010/00_Main/Station_Sys.xml,EXPORT/Program blocks/OP010/00_Main/ST10_Main.xml:ST10_Main:FlgNet | EXPORT/Program blocks/OP010/05_Alarm/ST10_Alarm.xml:ST10_Alarm:FlgNet
Station_Sys.Status.ModeSV,Station_Sys,1,0,5,2,01_OB1;ST10_Main,1,ST10_Status_ModeSV,EXPORT/Program blocks/OP010/00_Main/Station_Sys.xml,EXPORT/Program blocks/01_OB/01_OB1.xml:01_OB1:FlgNet | EXPORT/Program blocks/OP010/00_Main/ST10_Main.xml:ST10_Main:FlgNet
Station_Sys.Status.Ready,Station_Sys,2,1,0,2,ST10_Main;ST10_Output,0,,EXPORT/Program blocks/OP010/00_Main/Station_Sys.xml,EXPORT/Program blocks/OP010/00_Main/ST10_Main.xml:ST10_Main:FlgNet | EXPORT/Program blocks/OP010/00_Main/ST10_Main.xml:ST10_Main:StructuredText | EXPORT/Program blocks/OP010/02_Output/ST10_Output.xml:ST10_Output:FlgNet
Station_Sys.Warning.ON,Station_Sys,1,1,0,2,ST10_Alarm;ST10_Output,0,,EXPORT/Program blocks/OP010/00_Main/Station_Sys.xml,EXPORT/Program blocks/OP010/02_Output/ST10_Output.xml:ST10_Output:FlgNet | EXPORT/Program blocks/OP010/05_Alarm/ST10_Alarm.xml:ST10_Alarm:FlgNet
Sys.COM.PLCRestarted,Sys,2,1,0,2,02_Warm Restart;ST10_Main,0,,EXPORT/Program blocks/02_Comm/06_SysDataBlock&Function/Sys.xml,EXPORT/Program blocks/01_OB/02_Warm Restart.xml:02_Warm Restart:FlgNet | EXPORT/Program blocks/OP010/00_Main/ST10_Main.xml:ST10_Main:FlgNet | EXPORT/Program blocks/OP010/00_Main/ST10_Main.xml:ST10_Main:StructuredText
Sys.RETVALI,Sys,0,0,3,2,01_OB1;03_CYC_INT2,0,,EXPORT/Program blocks/02_Comm/06_SysDataBlock&Function/Sys.xml,EXPORT/Program blocks/01_OB/01_OB1.xml:01_OB1:FlgNet | EXPORT/Program blocks/01_OB/03_CYC_INT2.xml:03_CYC_INT2:FlgNet
iA-Loading-01Detection,iA-Loading-01Detection,5,0,0,2,ST10_Flow2_A1TableUnloading;ST10_Flow7_CGlueing,0,,EXPORT/PLC tags/IO/RemoteIO_DI_1.xml,EXPORT/Program blocks/OP010/03_Auto/A1_TableLoad&Scan/ST10_Flow2_A1TableUnloading.xml:ST10_Flow2_A1TableUnloading:FlgNet | EXPORT/Program blocks/OP010/03_Auto/C_Glue/ST10_Flow7_CGlueing.xml:ST10_Flow7_CGlueing:FlgNet
iA-Loading-01PipeDetection,iA-Loading-01PipeDetection,5,0,0,2,ST10_Flow2_A1TableUnloading;ST10_Flow7_CGlueing,0,,EXPORT/PLC tags/IO/RemoteIO_DI_1.xml,EXPORT/Program blocks/OP010/03_Auto/A1_TableLoad&Scan/ST10_Flow2_A1TableUnloading.xml:ST10_Flow2_A1TableUnloading:FlgNet | EXPORT/Program blocks/OP010/03_Auto/C_Glue/ST10_Flow7_CGlueing.xml:ST10_Flow7_CGlueing:FlgNet
iA-Loading-02GripperTakeDetection,iA-Loading-02GripperTakeDetection,5,0,0,2,ChangeOverProcess;ST10_Flow12_A2TableUnloading,0,,EXPORT/PLC tags/IO/RemoteIO_DI_1.xml,EXPORT/Program blocks/OP010/03_Auto/01ChangeOver/ChangeOverProcess.xml:ChangeOverProcess:FlgNet | EXPORT/Program blocks/OP010/03_Auto/A2_TableLoad&Scan/ST10_Flow12_A2TableUnloading.xml:ST10_Flow12_A2TableUnloading:FlgNet
iB-PressFitting-01ShaftDetection,iB-PressFitting-01ShaftDetection,8,0,0,2,ChangeOverProcess;ST10_Flow4_B1Press,0,,EXPORT/PLC tags/IO/RemoteIO_DI_1.xml,EXPORT/Program blocks/OP010/03_Auto/01ChangeOver/ChangeOverProcess.xml:ChangeOverProcess:FlgNet | EXPORT/Program blocks/OP010/03_Auto/B_Press/ST10_Flow4_B1Press.xml:ST10_Flow4_B1Press:FlgNet
iB-PressFitting-02ShaftDetection,iB-PressFitting-02ShaftDetection,6,0,0,2,ChangeOverProcess;ST10_Flow14_B2Press,0,,EXPORT/PLC tags/IO/RemoteIO_DI_1.xml,EXPORT/Program blocks/OP010/03_Auto/01ChangeOver/ChangeOverProcess.xml:ChangeOverProcess:FlgNet | EXPORT/Program blocks/OP010/03_Auto/B_Press/ST10_Flow14_B2Press.xml:ST10_Flow14_B2Press:FlgNet
iC-GlueServoHomePos,iC-GlueServoHomePos,3,0,0,2,ST10_Flow6_ToolCodeScan;V90_Servo,0,,EXPORT/PLC tags/IO/RemoteIO_DI_1.xml,EXPORT/Program blocks/OP010/10_Device/25_V90/V90_Servo.xml:V90_Servo:FlgNet | EXPORT/Program blocks/OP010/03_Auto/01ChangeOver/ST10_Flow6_ToolCodeScan.xml:ST10_Flow6_ToolCodeScan:FlgNet
iC-LocationShaftDetection,iC-LocationShaftDetection,10,0,0,2,ChangeOverProcess;ST10_Flow7_CGlueing,0,,EXPORT/PLC tags/IO/RemoteIO_DI_1.xml,EXPORT/Program blocks/OP010/03_Auto/01ChangeOver/ChangeOverProcess.xml:ChangeOverProcess:FlgNet | EXPORT/Program blocks/OP010/03_Auto/C_Glue/ST10_Flow7_CGlueing.xml:ST10_Flow7_CGlueing:FlgNet
iE-NG-01 Safety Gate_Open,iE-NG-01 Safety Gate_Open,2,0,0,2,NG;ST10_SafetyGate,0,,EXPORT/PLC tags/IO/PLCIO_DI.xml,EXPORT/Program blocks/OP010/10_Device/03_SafetyGate/ST10_SafetyGate.xml:ST10_SafetyGate:StructuredText | EXPORT/Program blocks/OP010/10_Device/29_NG/NG.xml:NG:FlgNet
iE-NG-01 Safety Gate_UnLock,iE-NG-01 Safety Gate_UnLock,2,0,0,2,NG;ST10_SafetyGate,0,,EXPORT/PLC tags/IO/PLCIO_DI.xml,EXPORT/Program blocks/OP010/10_Device/03_SafetyGate/ST10_SafetyGate.xml:ST10_SafetyGate:StructuredText | EXPORT/Program blocks/OP010/10_Device/29_NG/NG.xml:NG:FlgNet
iE-NG-02 Safety Gate_Open,iE-NG-02 Safety Gate_Open,2,0,0,2,NG;ST10_SafetyGate,0,,EXPORT/PLC tags/IO/PLCIO_DI.xml,EXPORT/Program blocks/OP010/10_Device/03_SafetyGate/ST10_SafetyGate.xml:ST10_SafetyGate:StructuredText | EXPORT/Program blocks/OP010/10_Device/29_NG/NG.xml:NG:FlgNet
iE-NG-02 Safety Gate_UnLock,iE-NG-02 Safety Gate_UnLock,2,0,0,2,NG;ST10_SafetyGate,0,,EXPORT/PLC tags/IO/PLCIO_DI.xml,EXPORT/Program blocks/OP010/10_Device/03_SafetyGate/ST10_SafetyGate.xml:ST10_SafetyGate:StructuredText | EXPORT/Program blocks/OP010/10_Device/29_NG/NG.xml:NG:FlgNet
iE1-UnloadingRingScanNG_1,iE1-UnloadingRingScanNG_1,2,0,0,2,NG;Robot,0,,EXPORT/PLC tags/IO/RemoteIO_DI_1.xml,EXPORT/Program blocks/OP010/10_Device/24_Robot/Robot.xml:Robot:StructuredText | EXPORT/Program blocks/OP010/10_Device/29_NG/NG.xml:NG:StructuredText
iE1-UnloadingRingScanNG_2,iE1-UnloadingRingScanNG_2,2,0,0,2,NG;Robot,0,,EXPORT/PLC tags/IO/RemoteIO_DI_1.xml,EXPORT/Program blocks/OP010/10_Device/24_Robot/Robot.xml:Robot:StructuredText | EXPORT/Program blocks/OP010/10_Device/29_NG/NG.xml:NG:StructuredText
iE1-UnloadingRingScanNG_3,iE1-UnloadingRingScanNG_3,2,0,0,2,NG;Robot,0,,EXPORT/PLC tags/IO/RemoteIO_DI_1.xml,EXPORT/Program blocks/OP010/10_Device/24_Robot/Robot.xml:Robot:StructuredText | EXPORT/Program blocks/OP010/10_Device/29_NG/NG.xml:NG:StructuredText
iE1-UnloadingRingScanNG_4,iE1-UnloadingRingScanNG_4,2,0,0,2,NG;Robot,0,,EXPORT/PLC tags/IO/RemoteIO_DI_1.xml,EXPORT/Program blocks/OP010/10_Device/24_Robot/Robot.xml:Robot:StructuredText | EXPORT/Program blocks/OP010/10_Device/29_NG/NG.xml:NG:StructuredText
iE1-UnloadingRingScanNG_5,iE1-UnloadingRingScanNG_5,2,0,0,2,NG;Robot,0,,EXPORT/PLC tags/IO/RemoteIO_DI_1.xml,EXPORT/Program blocks/OP010/10_Device/24_Robot/Robot.xml:Robot:StructuredText | EXPORT/Program blocks/OP010/10_Device/29_NG/NG.xml:NG:StructuredText
iE1-UnloadingShaftPressNG_1,iE1-UnloadingShaftPressNG_1,2,0,0,2,NG;Robot,0,,EXPORT/PLC tags/IO/RemoteIO_DI_1.xml,EXPORT/Program blocks/OP010/10_Device/24_Robot/Robot.xml:Robot:StructuredText | EXPORT/Program blocks/OP010/10_Device/29_NG/NG.xml:NG:StructuredText
iE1-UnloadingShaftPressNG_2,iE1-UnloadingShaftPressNG_2,2,0,0,2,NG;Robot,0,,EXPORT/PLC tags/IO/RemoteIO_DI_1.xml,EXPORT/Program blocks/OP010/10_Device/24_Robot/Robot.xml:Robot:StructuredText | EXPORT/Program blocks/OP010/10_Device/29_NG/NG.xml:NG:StructuredText
iE1-UnloadingShaftPressNG_3,iE1-UnloadingShaftPressNG_3,2,0,0,2,NG;Robot,0,,EXPORT/PLC tags/IO/RemoteIO_DI_1.xml,EXPORT/Program blocks/OP010/10_Device/24_Robot/Robot.xml:Robot:StructuredText | EXPORT/Program blocks/OP010/10_Device/29_NG/NG.xml:NG:StructuredText
iE1-UnloadingShaftPressNG_4,iE1-UnloadingShaftPressNG_4,2,0,0,2,NG;Robot,0,,EXPORT/PLC tags/IO/RemoteIO_DI_1.xml,EXPORT/Program blocks/OP010/10_Device/24_Robot/Robot.xml:Robot:StructuredText | EXPORT/Program blocks/OP010/10_Device/29_NG/NG.xml:NG:StructuredText
iE1-UnloadingShaftPressNG_5,iE1-UnloadingShaftPressNG_5,2,0,0,2,NG;Robot,0,,EXPORT/PLC tags/IO/RemoteIO_DI_1.xml,EXPORT/Program blocks/OP010/10_Device/24_Robot/Robot.xml:Robot:StructuredText | EXPORT/Program blocks/OP010/10_Device/29_NG/NG.xml:NG:StructuredText
iE1-UnloadingShaftScanNG_1,iE1-UnloadingShaftScanNG_1,2,0,0,2,NG;Robot,0,,EXPORT/PLC tags/IO/RemoteIO_DI_1.xml,EXPORT/Program blocks/OP010/10_Device/24_Robot/Robot.xml:Robot:StructuredText | EXPORT/Program blocks/OP010/10_Device/29_NG/NG.xml:NG:StructuredText
iE1-UnloadingShaftScanNG_2,iE1-UnloadingShaftScanNG_2,2,0,0,2,NG;Robot,0,,EXPORT/PLC tags/IO/RemoteIO_DI_1.xml,EXPORT/Program blocks/OP010/10_Device/24_Robot/Robot.xml:Robot:StructuredText | EXPORT/Program blocks/OP010/10_Device/29_NG/NG.xml:NG:StructuredText
iE1-UnloadingShaftScanNG_3,iE1-UnloadingShaftScanNG_3,2,0,0,2,NG;Robot,0,,EXPORT/PLC tags/IO/RemoteIO_DI_1.xml,EXPORT/Program blocks/OP010/10_Device/24_Robot/Robot.xml:Robot:StructuredText | EXPORT/Program blocks/OP010/10_Device/29_NG/NG.xml:NG:StructuredText
iE1-UnloadingShaftScanNG_4,iE1-UnloadingShaftScanNG_4,2,0,0,2,NG;Robot,0,,EXPORT/PLC tags/IO/RemoteIO_DI_1.xml,EXPORT/Program blocks/OP010/10_Device/24_Robot/Robot.xml:Robot:StructuredText | EXPORT/Program blocks/OP010/10_Device/29_NG/NG.xml:NG:StructuredText
iE1-UnloadingShaftScanNG_5,iE1-UnloadingShaftScanNG_5,2,0,0,2,NG;Robot,0,,EXPORT/PLC tags/IO/RemoteIO_DI_1.xml,EXPORT/Program blocks/OP010/10_Device/24_Robot/Robot.xml:Robot:StructuredText | EXPORT/Program blocks/OP010/10_Device/29_NG/NG.xml:NG:StructuredText
iE2-UnloadingMagentScanNG_1,iE2-UnloadingMagentScanNG_1,2,0,0,2,NG;Robot,0,,EXPORT/PLC tags/IO/RemoteIO_DI_1.xml,EXPORT/Program blocks/OP010/10_Device/24_Robot/Robot.xml:Robot:StructuredText | EXPORT/Program blocks/OP010/10_Device/29_NG/NG.xml:NG:StructuredText
iE2-UnloadingMagentScanNG_2,iE2-UnloadingMagentScanNG_2,2,0,0,2,NG;Robot,0,,EXPORT/PLC tags/IO/RemoteIO_DI_1.xml,EXPORT/Program blocks/OP010/10_Device/24_Robot/Robot.xml:Robot:StructuredText | EXPORT/Program blocks/OP010/10_Device/29_NG/NG.xml:NG:StructuredText
iE2-UnloadingMagentScanNG_3,iE2-UnloadingMagentScanNG_3,2,0,0,2,NG;Robot,0,,EXPORT/PLC tags/IO/RemoteIO_DI_1.xml,EXPORT/Program blocks/OP010/10_Device/24_Robot/Robot.xml:Robot:StructuredText | EXPORT/Program blocks/OP010/10_Device/29_NG/NG.xml:NG:StructuredText
iE2-UnloadingMagentScanNG_4,iE2-UnloadingMagentScanNG_4,2,0,0,2,NG;Robot,0,,EXPORT/PLC tags/IO/RemoteIO_DI_1.xml,EXPORT/Program blocks/OP010/10_Device/24_Robot/Robot.xml:Robot:StructuredText | EXPORT/Program blocks/OP010/10_Device/29_NG/NG.xml:NG:StructuredText
iE2-UnloadingMagentScanNG_5,iE2-UnloadingMagentScanNG_5,2,0,0,2,NG;Robot,0,,EXPORT/PLC tags/IO/RemoteIO_DI_1.xml,EXPORT/Program blocks/OP010/10_Device/24_Robot/Robot.xml:Robot:StructuredText | EXPORT/Program blocks/OP010/10_Device/29_NG/NG.xml:NG:StructuredText
iE2-UnloadingPressNG_1,iE2-UnloadingPressNG_1,2,0,0,2,NG;Robot,0,,EXPORT/PLC tags/IO/RemoteIO_DI_1.xml,EXPORT/Program blocks/OP010/10_Device/24_Robot/Robot.xml:Robot:StructuredText | EXPORT/Program blocks/OP010/10_Device/29_NG/NG.xml:NG:StructuredText
iE2-UnloadingPressNG_2,iE2-UnloadingPressNG_2,2,0,0,2,NG;Robot,0,,EXPORT/PLC tags/IO/RemoteIO_DI_1.xml,EXPORT/Program blocks/OP010/10_Device/24_Robot/Robot.xml:Robot:StructuredText | EXPORT/Program blocks/OP010/10_Device/29_NG/NG.xml:NG:StructuredText
iE2-UnloadingPressNG_3,iE2-UnloadingPressNG_3,2,0,0,2,NG;Robot,0,,EXPORT/PLC tags/IO/RemoteIO_DI_1.xml,EXPORT/Program blocks/OP010/10_Device/24_Robot/Robot.xml:Robot:StructuredText | EXPORT/Program blocks/OP010/10_Device/29_NG/NG.xml:NG:StructuredText
iE2-UnloadingPressNG_4,iE2-UnloadingPressNG_4,2,0,0,2,NG;Robot,0,,EXPORT/PLC tags/IO/RemoteIO_DI_1.xml,EXPORT/Program blocks/OP010/10_Device/24_Robot/Robot.xml:Robot:StructuredText | EXPORT/Program blocks/OP010/10_Device/29_NG/NG.xml:NG:StructuredText
iE2-UnloadingPressNG_5,iE2-UnloadingPressNG_5,2,0,0,2,NG;Robot,0,,EXPORT/PLC tags/IO/RemoteIO_DI_1.xml,EXPORT/Program blocks/OP010/10_Device/24_Robot/Robot.xml:Robot:StructuredText | EXPORT/Program blocks/OP010/10_Device/29_NG/NG.xml:NG:StructuredText
iE2-UnloadingRingScanNG_1,iE2-UnloadingRingScanNG_1,2,0,0,2,NG;Robot,0,,EXPORT/PLC tags/IO/RemoteIO_DI_1.xml,EXPORT/Program blocks/OP010/10_Device/24_Robot/Robot.xml:Robot:StructuredText | EXPORT/Program blocks/OP010/10_Device/29_NG/NG.xml:NG:StructuredText
iE2-UnloadingRingScanNG_2,iE2-UnloadingRingScanNG_2,2,0,0,2,NG;Robot,0,,EXPORT/PLC tags/IO/RemoteIO_DI_1.xml,EXPORT/Program blocks/OP010/10_Device/24_Robot/Robot.xml:Robot:StructuredText | EXPORT/Program blocks/OP010/10_Device/29_NG/NG.xml:NG:StructuredText
iE2-UnloadingRingScanNG_3,iE2-UnloadingRingScanNG_3,2,0,0,2,NG;Robot,0,,EXPORT/PLC tags/IO/RemoteIO_DI_1.xml,EXPORT/Program blocks/OP010/10_Device/24_Robot/Robot.xml:Robot:StructuredText | EXPORT/Program blocks/OP010/10_Device/29_NG/NG.xml:NG:StructuredText
iE2-UnloadingRingScanNG_4,iE2-UnloadingRingScanNG_4,2,0,0,2,NG;Robot,0,,EXPORT/PLC tags/IO/RemoteIO_DI_1.xml,EXPORT/Program blocks/OP010/10_Device/24_Robot/Robot.xml:Robot:StructuredText | EXPORT/Program blocks/OP010/10_Device/29_NG/NG.xml:NG:StructuredText
iE2-UnloadingRingScanNG_5,iE2-UnloadingRingScanNG_5,2,0,0,2,NG;Robot,0,,EXPORT/PLC tags/IO/RemoteIO_DI_1.xml,EXPORT/Program blocks/OP010/10_Device/24_Robot/Robot.xml:Robot:StructuredText | EXPORT/Program blocks/OP010/10_Device/29_NG/NG.xml:NG:StructuredText
iE_StopButton2_A01,iE_StopButton2_A01,2,0,0,2,ST10_Input;ST10_Output,0,,EXPORT/PLC tags/IO/PLCIO_DI.xml,EXPORT/Program blocks/OP010/01_Input/ST10_Input.xml:ST10_Input:StructuredText | EXPORT/Program blocks/OP010/02_Output/ST10_Output.xml:ST10_Output:FlgNet
iF-ROOBT1Gripper1CylinderInWP,iF-ROOBT1Gripper1CylinderInWP,23,0,0,2,ST10Cyl_interface11-20;ST10_Flow5_FRobot_1,0,,EXPORT/PLC tags/IO/RemoteIO_DI_1.xml,EXPORT/Program blocks/OP010/10_Device/01_Cylinder/ST10Cyl_interface11-20.xml:ST10Cyl_interface11-20:StructuredText | EXPORT/Program blocks/OP010/03_Auto/F_Robot/ST10_Flow5_FRobot_1.xml:ST10_Flow5_FRobot_1:FlgNet | EXPORT/Program blocks/OP010/03_Auto/F_Robot/ST10_Flow5_FRobot_1_01092026_152002.xml:ST10_Flow5_FRobot_1:FlgNet | EXPORT/Program blocks/OP010/03_Auto/F_Robot/ST10_Flow5_FRobot_1_01092026_152004.xml:ST10_Flow5_FRobot_1:FlgNet
iF-ROOBT2Gripper2CylinderInHP,iF-ROOBT2Gripper2CylinderInHP,2,0,0,2,ST10Cyl_interface11-20;ST10_Flow8_FRobot_2,0,,EXPORT/PLC tags/IO/RemoteIO_DI_1.xml,EXPORT/Program blocks/OP010/10_Device/01_Cylinder/ST10Cyl_interface11-20.xml:ST10Cyl_interface11-20:StructuredText | EXPORT/Program blocks/OP010/03_Auto/F_Robot/ST10_Flow8_FRobot_2.xml:ST10_Flow8_FRobot_2:FlgNet
iF-ROOBT2Gripper2CylinderInWP,iF-ROOBT2Gripper2CylinderInWP,2,0,0,2,ST10Cyl_interface11-20;ST10_Flow8_FRobot_2,0,,EXPORT/PLC tags/IO/RemoteIO_DI_1.xml,EXPORT/Program blocks/OP010/10_Device/01_Cylinder/ST10Cyl_interface11-20.xml:ST10Cyl_interface11-20:StructuredText | EXPORT/Program blocks/OP010/03_Auto/F_Robot/ST10_Flow8_FRobot_2.xml:ST10_Flow8_FRobot_2:FlgNet
iF-ROOBT2Gripper2Detection,iF-ROOBT2Gripper2Detection,10,0,0,2,Robot;ST10_Flow8_FRobot_2,0,,EXPORT/PLC tags/IO/RemoteIO_DI_1.xml,EXPORT/Program blocks/OP010/10_Device/24_Robot/Robot.xml:Robot:FlgNet | EXPORT/Program blocks/OP010/03_Auto/F_Robot/ST10_Flow8_FRobot_2.xml:ST10_Flow8_FRobot_2:FlgNet
iF-ROOBT3Gripper1Detection,iF-ROOBT3Gripper1Detection,17,0,0,2,Robot;ST10_Flow15_FRobot_3,0,,EXPORT/PLC tags/IO/RemoteIO_DI_1.xml,EXPORT/Program blocks/OP010/10_Device/24_Robot/Robot.xml:Robot:FlgNet | EXPORT/Program blocks/OP010/03_Auto/F_Robot/ST10_Flow15_FRobot_3.xml:ST10_Flow15_FRobot_3:FlgNet
iF-ROOBT3Gripper2Detection-,iF-ROOBT3Gripper2Detection-,11,0,0,2,Robot;ST10_Flow15_FRobot_3,0,,EXPORT/PLC tags/IO/RemoteIO_DI_1.xml,EXPORT/Program blocks/OP010/10_Device/24_Robot/Robot.xml:Robot:FlgNet | EXPORT/Program blocks/OP010/03_Auto/F_Robot/ST10_Flow15_FRobot_3.xml:ST10_Flow15_FRobot_3:FlgNet
iH-shaftMiddleDetection,iH-shaftMiddleDetection,11,0,0,2,ST10_Flow21_HShaftLifting;ST10_Flow25_HShaftLoad&Unload,0,,EXPORT/PLC tags/IO/RemoteIO_DI_2.xml,EXPORT/Program blocks/OP010/03_Auto/H_ShaftLifting&Load&Unload/ST10_Flow21_HShaftLifting.xml:ST10_Flow21_HShaftLifting:FlgNet | EXPORT/Program blocks/OP010/03_Auto/H_ShaftLifting&Load&Unload/ST10_Flow25_HShaftLoad&Unload.xml:ST10_Flow25_HShaftLoad&Unload:FlgNet
iHMI ResetButton,iHMI ResetButton,2,0,0,2,ST10_Flow7_CGlueing;ST10_Input,0,,EXPORT/PLC tags/IO/PLCIO_DI.xml,EXPORT/Program blocks/OP010/01_Input/ST10_Input.xml:ST10_Input:StructuredText | EXPORT/Program blocks/OP010/03_Auto/C_Glue/ST10_Flow7_CGlueing.xml:ST10_Flow7_CGlueing:FlgNet
iHMI Safety Gate Unlock,iHMI Safety Gate Unlock,3,0,0,2,ST10_Input;ST10_Output,0,,EXPORT/PLC tags/IO/PLCIO_DI.xml,EXPORT/Program blocks/OP010/01_Input/ST10_Input.xml:ST10_Input:StructuredText | EXPORT/Program blocks/OP010/02_Output/ST10_Output.xml:ST10_Output:FlgNet
iJ-MagnetMiddleDetection,iJ-MagnetMiddleDetection,11,0,0,2,ST10_Flow22_JMagnetLifting;ST10_Flow26_JMagnetLoad&Unload,0,,EXPORT/PLC tags/IO/RemoteIO_DI_2.xml,EXPORT/Program blocks/OP010/03_Auto/J_MagnetLifting&Load&Unload/ST10_Flow22_JMagnetLifting.xml:ST10_Flow22_JMagnetLifting:FlgNet | EXPORT/Program blocks/OP010/03_Auto/J_MagnetLifting&Load&Unload/ST10_Flow26_JMagnetLoad&Unload.xml:ST10_Flow26_JMagnetLoad&Unload:FlgNet
iK-reserveLoadingDetection1,iK-reserveLoadingDetection1,2,0,0,2,ST10_Flow27_KReserveLoad&Unload;ST10_StopperCtrl,0,,EXPORT/PLC tags/IO/RemoteIO_DI_2.xml,EXPORT/Program blocks/OP010/10_Device/26_Stopper/ST10_StopperCtrl.xml:ST10_StopperCtrl:FlgNet | EXPORT/Program blocks/OP010/03_Auto/L_Unload/K_ReserveLifting&Load&Unload/ST10_Flow27_KReserveLoad&Unload.xml:ST10_Flow27_KReserveLoad&Unload:FlgNet
iK-reserveTakeGateDetection,iK-reserveTakeGateDetection,3,0,0,2,ST10_Alarm;ST10_Flow27_KReserveLoad&Unload,0,,EXPORT/PLC tags/IO/RemoteIO_DI_2.xml,EXPORT/Program blocks/OP010/05_Alarm/ST10_Alarm.xml:ST10_Alarm:FlgNet | EXPORT/Program blocks/OP010/03_Auto/L_Unload/K_ReserveLifting&Load&Unload/ST10_Flow27_KReserveLoad&Unload.xml:ST10_Flow27_KReserveLoad&Unload:FlgNet
iL-UnloadingPalletDischargeDetection,iL-UnloadingPalletDischargeDetection,5,0,0,2,ST10Cyl_interface51-60;ST10_Flow24_LUnloadingTrans,0,,EXPORT/PLC tags/IO/RemoteIO_DI_2.xml,EXPORT/Program blocks/OP010/10_Device/01_Cylinder/ST10Cyl_interface51-60.xml:ST10Cyl_interface51-60:FlgNet | EXPORT/Program blocks/OP010/03_Auto/L_Unload/ST10_Flow24_LUnloadingTrans.xml:ST10_Flow24_LUnloadingTrans:FlgNet
AutoProcessControl.A_ScanRotary.Robot1PickPrimit,AutoProcessControl,3,0,0,1,ST10_Flow5_FRobot_1,0,,EXPORT/Program blocks/OP010/03_Auto/AutoProcessControl.xml,EXPORT/Program blocks/OP010/03_Auto/F_Robot/ST10_Flow5_FRobot_1.xml:ST10_Flow5_FRobot_1:FlgNet | EXPORT/Program blocks/OP010/03_Auto/F_Robot/ST10_Flow5_FRobot_1_01092026_152002.xml:ST10_Flow5_FRobot_1:FlgNet | EXPORT/Program blocks/OP010/03_Auto/F_Robot/ST10_Flow5_FRobot_1_01092026_152004.xml:ST10_Flow5_FRobot_1:FlgNet
AutoProcessControl.A_Table_1Loading.Robot1PickPrimit,AutoProcessControl,3,0,0,1,ST10_Flow5_FRobot_1,0,,EXPORT/Program blocks/OP010/03_Auto/AutoProcessControl.xml,EXPORT/Program blocks/OP010/03_Auto/F_Robot/ST10_Flow5_FRobot_1.xml:ST10_Flow5_FRobot_1:FlgNet | EXPORT/Program blocks/OP010/03_Auto/F_Robot/ST10_Flow5_FRobot_1_01092026_152002.xml:ST10_Flow5_FRobot_1:FlgNet | EXPORT/Program blocks/OP010/03_Auto/F_Robot/ST10_Flow5_FRobot_1_01092026_152004.xml:ST10_Flow5_FRobot_1:FlgNet
AutoProcessControl.A_Table_1Loading.ServoRunCount,AutoProcessControl,0,0,2,1,ST10_Flow2_A1TableUnloading,0,,EXPORT/Program blocks/OP010/03_Auto/AutoProcessControl.xml,EXPORT/Program blocks/OP010/03_Auto/A1_TableLoad&Scan/ST10_Flow2_A1TableUnloading.xml:ST10_Flow2_A1TableUnloading:FlgNet
AutoProcessControl.A_Table_2Loading.Robot3PickPrimit,AutoProcessControl,1,0,0,1,ST10_Flow15_FRobot_3,0,,EXPORT/Program blocks/OP010/03_Auto/AutoProcessControl.xml,EXPORT/Program blocks/OP010/03_Auto/F_Robot/ST10_Flow15_FRobot_3.xml:ST10_Flow15_FRobot_3:FlgNet
AutoProcessControl.A_Table_2Loading.ServoRunCount,AutoProcessControl,0,0,2,1,ST10_Flow12_A2TableUnloading,0,,EXPORT/Program blocks/OP010/03_Auto/AutoProcessControl.xml,EXPORT/Program blocks/OP010/03_Auto/A2_TableLoad&Scan/ST10_Flow12_A2TableUnloading.xml:ST10_Flow12_A2TableUnloading:FlgNet
AutoProcessControl.B_Press_1.GripStatus,AutoProcessControl,0,0,4,1,ST10_Flow4_B1Press,0,,EXPORT/Program blocks/OP010/03_Auto/AutoProcessControl.xml,EXPORT/Program blocks/OP010/03_Auto/B_Press/ST10_Flow4_B1Press.xml:ST10_Flow4_B1Press:FlgNet
AutoProcessControl.B_Press_1.Robot1PutRingPrimit,AutoProcessControl,6,0,0,1,ST10_Flow5_FRobot_1,0,,EXPORT/Program blocks/OP010/03_Auto/AutoProcessControl.xml,EXPORT/Program blocks/OP010/03_Auto/F_Robot/ST10_Flow5_FRobot_1.xml:ST10_Flow5_FRobot_1:FlgNet | EXPORT/Program blocks/OP010/03_Auto/F_Robot/ST10_Flow5_FRobot_1_01092026_152002.xml:ST10_Flow5_FRobot_1:FlgNet | EXPORT/Program blocks/OP010/03_Auto/F_Robot/ST10_Flow5_FRobot_1_01092026_152004.xml:ST10_Flow5_FRobot_1:FlgNet
AutoProcessControl.B_Press_2.GripStatus,AutoProcessControl,0,0,4,1,ST10_Flow14_B2Press,0,,EXPORT/Program blocks/OP010/03_Auto/AutoProcessControl.xml,EXPORT/Program blocks/OP010/03_Auto/B_Press/ST10_Flow14_B2Press.xml:ST10_Flow14_B2Press:FlgNet
AutoProcessControl.B_Press_2.Robot2PutPrimit,AutoProcessControl,1,0,0,1,ST10_Flow8_FRobot_2,0,,EXPORT/Program blocks/OP010/03_Auto/AutoProcessControl.xml,EXPORT/Program blocks/OP010/03_Auto/F_Robot/ST10_Flow8_FRobot_2.xml:ST10_Flow8_FRobot_2:FlgNet
AutoProcessControl.B_Press_2.Robot3PickPrimit,AutoProcessControl,1,0,0,1,ST10_Flow15_FRobot_3,0,,EXPORT/Program blocks/OP010/03_Auto/AutoProcessControl.xml,EXPORT/Program blocks/OP010/03_Auto/F_Robot/ST10_Flow15_FRobot_3.xml:ST10_Flow15_FRobot_3:FlgNet
AutoProcessControl.C_Glue.Robot1PutPrimit,AutoProcessControl,3,0,0,1,ST10_Flow5_FRobot_1,0,,EXPORT/Program blocks/OP010/03_Auto/AutoProcessControl.xml,EXPORT/Program blocks/OP010/03_Auto/F_Robot/ST10_Flow5_FRobot_1.xml:ST10_Flow5_FRobot_1:FlgNet | EXPORT/Program blocks/OP010/03_Auto/F_Robot/ST10_Flow5_FRobot_1_01092026_152002.xml:ST10_Flow5_FRobot_1:FlgNet | EXPORT/Program blocks/OP010/03_Auto/F_Robot/ST10_Flow5_FRobot_1_01092026_152004.xml:ST10_Flow5_FRobot_1:FlgNet
AutoProcessControl.C_Glue.Robot2MaganePutPrimit,AutoProcessControl,2,0,0,1,ST10_Flow8_FRobot_2,0,,EXPORT/Program blocks/OP010/03_Auto/AutoProcessControl.xml,EXPORT/Program blocks/OP010/03_Auto/F_Robot/ST10_Flow8_FRobot_2.xml:ST10_Flow8_FRobot_2:FlgNet
AutoProcessControl.C_Glue.Robot2PickPrimit,AutoProcessControl,2,0,0,1,ST10_Flow8_FRobot_2,0,,EXPORT/Program blocks/OP010/03_Auto/AutoProcessControl.xml,EXPORT/Program blocks/OP010/03_Auto/F_Robot/ST10_Flow8_FRobot_2.xml:ST10_Flow8_FRobot_2:FlgNet
AutoProcessControl.Fixture1Code.Robot1CodeReadReq,AutoProcessControl,3,0,0,1,ST10_Flow5_FRobot_1,0,,EXPORT/Program blocks/OP010/03_Auto/AutoProcessControl.xml,EXPORT/Program blocks/OP010/03_Auto/F_Robot/ST10_Flow5_FRobot_1.xml:ST10_Flow5_FRobot_1:FlgNet | EXPORT/Program blocks/OP010/03_Auto/F_Robot/ST10_Flow5_FRobot_1_01092026_152002.xml:ST10_Flow5_FRobot_1:FlgNet | EXPORT/Program blocks/OP010/03_Auto/F_Robot/ST10_Flow5_FRobot_1_01092026_152004.xml:ST10_Flow5_FRobot_1:FlgNet
AutoProcessControl.Fixture2Code.Robot3CodeReadReq,AutoProcessControl,1,0,0,1,ST10_Flow15_FRobot_3,0,,EXPORT/Program blocks/OP010/03_Auto/AutoProcessControl.xml,EXPORT/Program blocks/OP010/03_Auto/F_Robot/ST10_Flow15_FRobot_3.xml:ST10_Flow15_FRobot_3:FlgNet
AutoProcessControl.Global.ALL_EmptyPallet,AutoProcessControl,2,1,0,1,ST10_Auto,1,AutoProcessControl_Global_ALL_EmptyPallet,EXPORT/Program blocks/OP010/03_Auto/AutoProcessControl.xml,EXPORT/Program blocks/OP010/03_Auto/ST10_Auto.xml:ST10_Auto:FlgNet
AutoProcessControl.Global.H.EmptyStopRequestPallet_2,AutoProcessControl,1,0,0,1,ST10_Flow25_HShaftLoad&Unload,0,,EXPORT/Program blocks/OP010/03_Auto/AutoProcessControl.xml,EXPORT/Program blocks/OP010/03_Auto/H_ShaftLifting&Load&Unload/ST10_Flow25_HShaftLoad&Unload.xml:ST10_Flow25_HShaftLoad&Unload:FlgNet
AutoProcessControl.Global.H.EmptyStopRequestPallet_3,AutoProcessControl,1,0,0,1,ST10_Flow25_HShaftLoad&Unload,0,,EXPORT/Program blocks/OP010/03_Auto/AutoProcessControl.xml,EXPORT/Program blocks/OP010/03_Auto/H_ShaftLifting&Load&Unload/ST10_Flow25_HShaftLoad&Unload.xml:ST10_Flow25_HShaftLoad&Unload:FlgNet
AutoProcessControl.Global.H.LoadStopRequestPallet_1,AutoProcessControl,1,0,0,1,ST10_Flow25_HShaftLoad&Unload,0,,EXPORT/Program blocks/OP010/03_Auto/AutoProcessControl.xml,EXPORT/Program blocks/OP010/03_Auto/H_ShaftLifting&Load&Unload/ST10_Flow25_HShaftLoad&Unload.xml:ST10_Flow25_HShaftLoad&Unload:FlgNet
AutoProcessControl.Global.H.LoadStopRequestPallet_2,AutoProcessControl,2,0,0,1,ST10_Flow25_HShaftLoad&Unload,0,,EXPORT/Program blocks/OP010/03_Auto/AutoProcessControl.xml,EXPORT/Program blocks/OP010/03_Auto/H_ShaftLifting&Load&Unload/ST10_Flow25_HShaftLoad&Unload.xml:ST10_Flow25_HShaftLoad&Unload:FlgNet
AutoProcessControl.Global.H.LoadStopRequestPallet_3,AutoProcessControl,2,0,0,1,ST10_Flow25_HShaftLoad&Unload,0,,EXPORT/Program blocks/OP010/03_Auto/AutoProcessControl.xml,EXPORT/Program blocks/OP010/03_Auto/H_ShaftLifting&Load&Unload/ST10_Flow25_HShaftLoad&Unload.xml:ST10_Flow25_HShaftLoad&Unload:FlgNet
AutoProcessControl.Global.H.LoadStopRequestPallet_4,AutoProcessControl,2,0,0,1,ST10_Flow25_HShaftLoad&Unload,0,,EXPORT/Program blocks/OP010/03_Auto/AutoProcessControl.xml,EXPORT/Program blocks/OP010/03_Auto/H_ShaftLifting&Load&Unload/ST10_Flow25_HShaftLoad&Unload.xml:ST10_Flow25_HShaftLoad&Unload:FlgNet
AutoProcessControl.Global.H_EmptyPallet,AutoProcessControl,2,0,0,1,ST10_Flow25_HShaftLoad&Unload,0,,EXPORT/Program blocks/OP010/03_Auto/AutoProcessControl.xml,EXPORT/Program blocks/OP010/03_Auto/H_ShaftLifting&Load&Unload/ST10_Flow25_HShaftLoad&Unload.xml:ST10_Flow25_HShaftLoad&Unload:FlgNet
AutoProcessControl.Global.J.EmptyStopRequestPallet_2,AutoProcessControl,1,0,0,1,ST10_Flow26_JMagnetLoad&Unload,0,,EXPORT/Program blocks/OP010/03_Auto/AutoProcessControl.xml,EXPORT/Program blocks/OP010/03_Auto/J_MagnetLifting&Load&Unload/ST10_Flow26_JMagnetLoad&Unload.xml:ST10_Flow26_JMagnetLoad&Unload:FlgNet
AutoProcessControl.Global.J.EmptyStopRequestPallet_3,AutoProcessControl,1,0,0,1,ST10_Flow26_JMagnetLoad&Unload,0,,EXPORT/Program blocks/OP010/03_Auto/AutoProcessControl.xml,EXPORT/Program blocks/OP010/03_Auto/J_MagnetLifting&Load&Unload/ST10_Flow26_JMagnetLoad&Unload.xml:ST10_Flow26_JMagnetLoad&Unload:FlgNet
AutoProcessControl.Global.J.LoadStopRequestPallet_1,AutoProcessControl,1,0,0,1,ST10_Flow26_JMagnetLoad&Unload,0,,EXPORT/Program blocks/OP010/03_Auto/AutoProcessControl.xml,EXPORT/Program blocks/OP010/03_Auto/J_MagnetLifting&Load&Unload/ST10_Flow26_JMagnetLoad&Unload.xml:ST10_Flow26_JMagnetLoad&Unload:FlgNet
AutoProcessControl.Global.J.LoadStopRequestPallet_2,AutoProcessControl,2,0,0,1,ST10_Flow26_JMagnetLoad&Unload,0,,EXPORT/Program blocks/OP010/03_Auto/AutoProcessControl.xml,EXPORT/Program blocks/OP010/03_Auto/J_MagnetLifting&Load&Unload/ST10_Flow26_JMagnetLoad&Unload.xml:ST10_Flow26_JMagnetLoad&Unload:FlgNet
AutoProcessControl.Global.J.LoadStopRequestPallet_3,AutoProcessControl,2,0,0,1,ST10_Flow26_JMagnetLoad&Unload,0,,EXPORT/Program blocks/OP010/03_Auto/AutoProcessControl.xml,EXPORT/Program blocks/OP010/03_Auto/J_MagnetLifting&Load&Unload/ST10_Flow26_JMagnetLoad&Unload.xml:ST10_Flow26_JMagnetLoad&Unload:FlgNet
AutoProcessControl.Global.J.LoadStopRequestPallet_4,AutoProcessControl,2,0,0,1,ST10_Flow26_JMagnetLoad&Unload,0,,EXPORT/Program blocks/OP010/03_Auto/AutoProcessControl.xml,EXPORT/Program blocks/OP010/03_Auto/J_MagnetLifting&Load&Unload/ST10_Flow26_JMagnetLoad&Unload.xml:ST10_Flow26_JMagnetLoad&Unload:FlgNet
AutoProcessControl.Global.J_EmptyPallet,AutoProcessControl,2,0,0,1,ST10_Flow26_JMagnetLoad&Unload,0,,EXPORT/Program blocks/OP010/03_Auto/AutoProcessControl.xml,EXPORT/Program blocks/OP010/03_Auto/J_MagnetLifting&Load&Unload/ST10_Flow26_JMagnetLoad&Unload.xml:ST10_Flow26_JMagnetLoad&Unload:FlgNet
AutoProcessControl.Global.K.EmptyStopRequestPallet_2,AutoProcessControl,1,0,0,1,ST10_Flow27_KReserveLoad&Unload,0,,EXPORT/Program blocks/OP010/03_Auto/AutoProcessControl.xml,EXPORT/Program blocks/OP010/03_Auto/L_Unload/K_ReserveLifting&Load&Unload/ST10_Flow27_KReserveLoad&Unload.xml:ST10_Flow27_KReserveLoad&Unload:FlgNet
AutoProcessControl.Global.K.EmptyStopRequestPallet_3,AutoProcessControl,1,0,0,1,ST10_Flow27_KReserveLoad&Unload,0,,EXPORT/Program blocks/OP010/03_Auto/AutoProcessControl.xml,EXPORT/Program blocks/OP010/03_Auto/L_Unload/K_ReserveLifting&Load&Unload/ST10_Flow27_KReserveLoad&Unload.xml:ST10_Flow27_KReserveLoad&Unload:FlgNet
AutoProcessControl.Global.K.LoadStopRequestPallet_1,AutoProcessControl,1,0,0,1,ST10_Flow27_KReserveLoad&Unload,0,,EXPORT/Program blocks/OP010/03_Auto/AutoProcessControl.xml,EXPORT/Program blocks/OP010/03_Auto/L_Unload/K_ReserveLifting&Load&Unload/ST10_Flow27_KReserveLoad&Unload.xml:ST10_Flow27_KReserveLoad&Unload:FlgNet
AutoProcessControl.Global.K.LoadStopRequestPallet_2,AutoProcessControl,2,0,0,1,ST10_Flow27_KReserveLoad&Unload,0,,EXPORT/Program blocks/OP010/03_Auto/AutoProcessControl.xml,EXPORT/Program blocks/OP010/03_Auto/L_Unload/K_ReserveLifting&Load&Unload/ST10_Flow27_KReserveLoad&Unload.xml:ST10_Flow27_KReserveLoad&Unload:FlgNet
AutoProcessControl.Global.K.LoadStopRequestPallet_3,AutoProcessControl,2,0,0,1,ST10_Flow27_KReserveLoad&Unload,0,,EXPORT/Program blocks/OP010/03_Auto/AutoProcessControl.xml,EXPORT/Program blocks/OP010/03_Auto/L_Unload/K_ReserveLifting&Load&Unload/ST10_Flow27_KReserveLoad&Unload.xml:ST10_Flow27_KReserveLoad&Unload:FlgNet
AutoProcessControl.Global.K.LoadStopRequestPallet_4,AutoProcessControl,2,0,0,1,ST10_Flow27_KReserveLoad&Unload,0,,EXPORT/Program blocks/OP010/03_Auto/AutoProcessControl.xml,EXPORT/Program blocks/OP010/03_Auto/L_Unload/K_ReserveLifting&Load&Unload/ST10_Flow27_KReserveLoad&Unload.xml:ST10_Flow27_KReserveLoad&Unload:FlgNet
AutoProcessControl.Global.K_EmptyPallet,AutoProcessControl,2,0,0,1,ST10_Flow27_KReserveLoad&Unload,0,,EXPORT/Program blocks/OP010/03_Auto/AutoProcessControl.xml,EXPORT/Program blocks/OP010/03_Auto/L_Unload/K_ReserveLifting&Load&Unload/ST10_Flow27_KReserveLoad&Unload.xml:ST10_Flow27_KReserveLoad&Unload:FlgNet
AutoProcessControl.Global.L.LoadStopRequestPallet_1,AutoProcessControl,1,0,0,1,ST10_Flow28_LUnloadingLoad&Unload,0,,EXPORT/Program blocks/OP010/03_Auto/AutoProcessControl.xml,EXPORT/Program blocks/OP010/03_Auto/L_Unload/ST10_Flow28_LUnloadingLoad&Unload.xml:ST10_Flow28_LUnloadingLoad&Unload:FlgNet
AutoProcessControl.Global.L.LoadStopRequestPallet_2,AutoProcessControl,2,0,0,1,ST10_Flow28_LUnloadingLoad&Unload,0,,EXPORT/Program blocks/OP010/03_Auto/AutoProcessControl.xml,EXPORT/Program blocks/OP010/03_Auto/L_Unload/ST10_Flow28_LUnloadingLoad&Unload.xml:ST10_Flow28_LUnloadingLoad&Unload:FlgNet
AutoProcessControl.Global.L.LoadStopRequestPallet_4,AutoProcessControl,1,0,0,1,ST10_Flow28_LUnloadingLoad&Unload,0,,EXPORT/Program blocks/OP010/03_Auto/AutoProcessControl.xml,EXPORT/Program blocks/OP010/03_Auto/L_Unload/ST10_Flow28_LUnloadingLoad&Unload.xml:ST10_Flow28_LUnloadingLoad&Unload:FlgNet
AutoProcessControl.Global.L_EmptyPallet,AutoProcessControl,2,0,0,1,ST10_Flow28_LUnloadingLoad&Unload,0,,EXPORT/Program blocks/OP010/03_Auto/AutoProcessControl.xml,EXPORT/Program blocks/OP010/03_Auto/L_Unload/ST10_Flow28_LUnloadingLoad&Unload.xml:ST10_Flow28_LUnloadingLoad&Unload:FlgNet
AutoProcessControl.Global.P,AutoProcessControl,0,0,3,1,ST10_Auto,0,,EXPORT/Program blocks/OP010/03_Auto/AutoProcessControl.xml,EXPORT/Program blocks/OP010/03_Auto/ST10_Auto.xml:ST10_Auto:FlgNet
AutoProcessControl.H_ShafeLine.LineTest,AutoProcessControl,2,0,0,1,ST10_Flow21_HShaftLifting,0,,EXPORT/Program blocks/OP010/03_Auto/AutoProcessControl.xml,EXPORT/Program blocks/OP010/03_Auto/H_ShaftLifting&Load&Unload/ST10_Flow21_HShaftLifting.xml:ST10_Flow21_HShaftLifting:FlgNet
AutoProcessControl.J_MagnetLine.LineTest,AutoProcessControl,2,0,0,1,ST10_Flow22_JMagnetLifting,0,,EXPORT/Program blocks/OP010/03_Auto/AutoProcessControl.xml,EXPORT/Program blocks/OP010/03_Auto/J_MagnetLifting&Load&Unload/ST10_Flow22_JMagnetLifting.xml:ST10_Flow22_JMagnetLifting:FlgNet
AutoProcessControl.K_ShafeLine.LineTest,AutoProcessControl,2,0,0,1,ST10_Flow23_KReserveLifting,0,,EXPORT/Program blocks/OP010/03_Auto/AutoProcessControl.xml,EXPORT/Program blocks/OP010/03_Auto/L_Unload/K_ReserveLifting&Load&Unload/ST10_Flow23_KReserveLifting.xml:ST10_Flow23_KReserveLifting:FlgNet
AutoProcessControl.Robot_1.GripScanRequest,AutoProcessControl,6,0,0,1,ST10_Flow5_FRobot_1,0,,EXPORT/Program blocks/OP010/03_Auto/AutoProcessControl.xml,EXPORT/Program blocks/OP010/03_Auto/F_Robot/ST10_Flow5_FRobot_1.xml:ST10_Flow5_FRobot_1:FlgNet | EXPORT/Program blocks/OP010/03_Auto/F_Robot/ST10_Flow5_FRobot_1_01092026_152002.xml:ST10_Flow5_FRobot_1:FlgNet | EXPORT/Program blocks/OP010/03_Auto/F_Robot/ST10_Flow5_FRobot_1_01092026_152004.xml:ST10_Flow5_FRobot_1:FlgNet
AutoProcessControl.Robot_1.HomeRequest,AutoProcessControl,3,0,0,1,ST10_Flow5_FRobot_1,0,,EXPORT/Program blocks/OP010/03_Auto/AutoProcessControl.xml,EXPORT/Program blocks/OP010/03_Auto/F_Robot/ST10_Flow5_FRobot_1.xml:ST10_Flow5_FRobot_1:FlgNet | EXPORT/Program blocks/OP010/03_Auto/F_Robot/ST10_Flow5_FRobot_1_01092026_152002.xml:ST10_Flow5_FRobot_1:FlgNet | EXPORT/Program blocks/OP010/03_Auto/F_Robot/ST10_Flow5_FRobot_1_01092026_152004.xml:ST10_Flow5_FRobot_1:FlgNet
AutoProcessControl.Robot_1.MaintenanceRequest,AutoProcessControl,6,0,0,1,ST10_Flow5_FRobot_1,0,,EXPORT/Program blocks/OP010/03_Auto/AutoProcessControl.xml,EXPORT/Program blocks/OP010/03_Auto/F_Robot/ST10_Flow5_FRobot_1.xml:ST10_Flow5_FRobot_1:FlgNet | EXPORT/Program blocks/OP010/03_Auto/F_Robot/ST10_Flow5_FRobot_1_01092026_152002.xml:ST10_Flow5_FRobot_1:FlgNet | EXPORT/Program blocks/OP010/03_Auto/F_Robot/ST10_Flow5_FRobot_1_01092026_152004.xml:ST10_Flow5_FRobot_1:FlgNet
AutoProcessControl.Robot_1.OnePart,AutoProcessControl,0,1,0,1,ST10_Auto,0,,EXPORT/Program blocks/OP010/03_Auto/AutoProcessControl.xml,EXPORT/Program blocks/OP010/03_Auto/ST10_Auto.xml:ST10_Auto:FlgNet
AutoProcessControl.Robot_2.GripScanRequest,AutoProcessControl,1,0,0,1,ST10_Flow8_FRobot_2,0,,EXPORT/Program blocks/OP010/03_Auto/AutoProcessControl.xml,EXPORT/Program blocks/OP010/03_Auto/F_Robot/ST10_Flow8_FRobot_2.xml:ST10_Flow8_FRobot_2:FlgNet
AutoProcessControl.Robot_2.HomeRequest,AutoProcessControl,1,0,0,1,ST10_Flow8_FRobot_2,0,,EXPORT/Program blocks/OP010/03_Auto/AutoProcessControl.xml,EXPORT/Program blocks/OP010/03_Auto/F_Robot/ST10_Flow8_FRobot_2.xml:ST10_Flow8_FRobot_2:FlgNet
AutoProcessControl.Robot_2.MaintenanceRequest,AutoProcessControl,2,0,0,1,ST10_Flow8_FRobot_2,0,,EXPORT/Program blocks/OP010/03_Auto/AutoProcessControl.xml,EXPORT/Program blocks/OP010/03_Auto/F_Robot/ST10_Flow8_FRobot_2.xml:ST10_Flow8_FRobot_2:FlgNet
AutoProcessControl.Robot_3.GripScanRequest,AutoProcessControl,1,0,0,1,ST10_Flow15_FRobot_3,0,,EXPORT/Program blocks/OP010/03_Auto/AutoProcessControl.xml,EXPORT/Program blocks/OP010/03_Auto/F_Robot/ST10_Flow15_FRobot_3.xml:ST10_Flow15_FRobot_3:FlgNet
AutoProcessControl.Robot_3.HomeRequest,AutoProcessControl,2,0,0,1,ST10_Flow15_FRobot_3,0,,EXPORT/Program blocks/OP010/03_Auto/AutoProcessControl.xml,EXPORT/Program blocks/OP010/03_Auto/F_Robot/ST10_Flow15_FRobot_3.xml:ST10_Flow15_FRobot_3:FlgNet
AutoProcessControl.Robot_3.MaintenanceRequest,AutoProcessControl,2,0,0,1,ST10_Flow15_FRobot_3,0,,EXPORT/Program blocks/OP010/03_Auto/AutoProcessControl.xml,EXPORT/Program blocks/OP010/03_Auto/F_Robot/ST10_Flow15_FRobot_3.xml:ST10_Flow15_FRobot_3:FlgNet
AutoProcessControl.Robot_3.Press2PutFlag,AutoProcessControl,1,0,0,1,ST10_Flow15_FRobot_3,0,,EXPORT/Program blocks/OP010/03_Auto/AutoProcessControl.xml,EXPORT/Program blocks/OP010/03_Auto/F_Robot/ST10_Flow15_FRobot_3.xml:ST10_Flow15_FRobot_3:FlgNet
AutoProcessControl.Status.A1TableScan.Status,AutoProcessControl,0,0,3,1,ST10_Alarm,1,Status_A1TableScanStatus,EXPORT/Program blocks/OP010/03_Auto/AutoProcessControl.xml,EXPORT/Program blocks/OP010/05_Alarm/ST10_Alarm.xml:ST10_Alarm:FlgNet
AutoProcessControl.Status.A2TableScan.Status,AutoProcessControl,0,0,3,1,ST10_Alarm,1,Status_A2TableScanStatus,EXPORT/Program blocks/OP010/03_Auto/AutoProcessControl.xml,EXPORT/Program blocks/OP010/05_Alarm/ST10_Alarm.xml:ST10_Alarm:FlgNet
AutoProcessControl.Status.B1Press.Status,AutoProcessControl,0,0,2,1,ST10_Alarm,1,Status_B1Press_Status,EXPORT/Program blocks/OP010/03_Auto/AutoProcessControl.xml,EXPORT/Program blocks/OP010/05_Alarm/ST10_Alarm.xml:ST10_Alarm:FlgNet
AutoProcessControl.Status.B2Press.Status,AutoProcessControl,0,0,2,1,ST10_Alarm,1,Status_B2Press_Status,EXPORT/Program blocks/OP010/03_Auto/AutoProcessControl.xml,EXPORT/Program blocks/OP010/05_Alarm/ST10_Alarm.xml:ST10_Alarm:FlgNet
AutoProcessControl.Status.CGlueing.Status,AutoProcessControl,0,0,3,1,ST10_Alarm,1,Status_C_Glue_Status,EXPORT/Program blocks/OP010/03_Auto/AutoProcessControl.xml,EXPORT/Program blocks/OP010/05_Alarm/ST10_Alarm.xml:ST10_Alarm:FlgNet
AutoProcessControl.Status.ENG_1.Status,AutoProcessControl,0,0,3,1,ST10_Alarm,1,Status_ENG_1_Status,EXPORT/Program blocks/OP010/03_Auto/AutoProcessControl.xml,EXPORT/Program blocks/OP010/05_Alarm/ST10_Alarm.xml:ST10_Alarm:FlgNet
AutoProcessControl.Status.ENG_2.Status,AutoProcessControl,0,0,3,1,ST10_Alarm,1,Status_ENG_2_Status,EXPORT/Program blocks/OP010/03_Auto/AutoProcessControl.xml,EXPORT/Program blocks/OP010/05_Alarm/ST10_Alarm.xml:ST10_Alarm:FlgNet
AutoProcessControl.Status.FRobot_1.Status,AutoProcessControl,0,0,2,1,ST10_Alarm,1,Status_FRobot_1_Status,EXPORT/Program blocks/OP010/03_Auto/AutoProcessControl.xml,EXPORT/Program blocks/OP010/05_Alarm/ST10_Alarm.xml:ST10_Alarm:FlgNet
AutoProcessControl.Status.FRobot_2.Status,AutoProcessControl,0,0,2,1,ST10_Alarm,1,Status_FRobot_2_Status,EXPORT/Program blocks/OP010/03_Auto/AutoProcessControl.xml,EXPORT/Program blocks/OP010/05_Alarm/ST10_Alarm.xml:ST10_Alarm:FlgNet
AutoProcessControl.Status.FRobot_3.Status,AutoProcessControl,0,0,2,1,ST10_Alarm,1,Status_FRobot_3_Status,EXPORT/Program blocks/OP010/03_Auto/AutoProcessControl.xml,EXPORT/Program blocks/OP010/05_Alarm/ST10_Alarm.xml:ST10_Alarm:FlgNet
AutoProcessControl.Status.HShaftLifting.Status,AutoProcessControl,0,0,3,1,ST10_Alarm,1,StationStatusH,EXPORT/Program blocks/OP010/03_Auto/AutoProcessControl.xml,EXPORT/Program blocks/OP010/05_Alarm/ST10_Alarm.xml:ST10_Alarm:FlgNet
AutoProcessControl.Status.JMagnetLifting.Status,AutoProcessControl,0,0,3,1,ST10_Alarm,1,StationStatusJ,EXPORT/Program blocks/OP010/03_Auto/AutoProcessControl.xml,EXPORT/Program blocks/OP010/05_Alarm/ST10_Alarm.xml:ST10_Alarm:FlgNet
AutoProcessControl.Status.KReserveLifting.Status,AutoProcessControl,0,0,3,1,ST10_Alarm,1,StationStatusK,EXPORT/Program blocks/OP010/03_Auto/AutoProcessControl.xml,EXPORT/Program blocks/OP010/05_Alarm/ST10_Alarm.xml:ST10_Alarm:FlgNet
AutoProcessControl.Status.LUnloadingTrans.Status,AutoProcessControl,0,0,3,1,ST10_Alarm,1,StationStatusL,EXPORT/Program blocks/OP010/03_Auto/AutoProcessControl.xml,EXPORT/Program blocks/OP010/05_Alarm/ST10_Alarm.xml:ST10_Alarm:FlgNet
AutoProcessControl.Status.Solidify.Status,AutoProcessControl,0,0,2,1,ST10_Alarm,1,Status_Solidify_Status,EXPORT/Program blocks/OP010/03_Auto/AutoProcessControl.xml,EXPORT/Program blocks/OP010/05_Alarm/ST10_Alarm.xml:ST10_Alarm:FlgNet
AutoProcessData.A_ScanRotate,AutoProcessData,1,2,0,1,AutoProcessDataPopUp,1,AutoProcessData_A_ScanRotate,EXPORT/Program blocks/OP010/03_Auto/AutoProcessData.xml,EXPORT/Program blocks/OP010/03_Auto/HMI/AutoProcessDataPopUp.xml:AutoProcessDataPopUp:StructuredText
AutoProcessData.A_ScanRotate.ShaftCode,AutoProcessData,0,0,2,1,MES,0,,EXPORT/Program blocks/OP010/03_Auto/AutoProcessData.xml,EXPORT/Program blocks/OP010/11_MES/MES.xml:MES:FlgNet
AutoProcessData.A_Table_1,AutoProcessData,0,0,24,1,ChangeOverProcess,0,,EXPORT/Program blocks/OP010/03_Auto/AutoProcessData.xml,EXPORT/Program blocks/OP010/03_Auto/01ChangeOver/ChangeOverProcess.xml:ChangeOverProcess:FlgNet
AutoProcessData.A_Table_1.Code,AutoProcessData,0,0,16,1,ChangeOverProcess,0,,EXPORT/Program blocks/OP010/03_Auto/AutoProcessData.xml,EXPORT/Program blocks/OP010/03_Auto/01ChangeOver/ChangeOverProcess.xml:ChangeOverProcess:FlgNet
AutoProcessData.A_Table_1.PartStatus,AutoProcessData,0,0,24,1,ChangeOverProcess,0,,EXPORT/Program blocks/OP010/03_Auto/AutoProcessData.xml,EXPORT/Program blocks/OP010/03_Auto/01ChangeOver/ChangeOverProcess.xml:ChangeOverProcess:FlgNet
AutoProcessData.A_Table_2,AutoProcessData,0,0,8,1,ChangeOverProcess,0,,EXPORT/Program blocks/OP010/03_Auto/AutoProcessData.xml,EXPORT/Program blocks/OP010/03_Auto/01ChangeOver/ChangeOverProcess.xml:ChangeOverProcess:FlgNet
AutoProcessData.A_Table_2.Code,AutoProcessData,0,0,16,1,ChangeOverProcess,0,,EXPORT/Program blocks/OP010/03_Auto/AutoProcessData.xml,EXPORT/Program blocks/OP010/03_Auto/01ChangeOver/ChangeOverProcess.xml:ChangeOverProcess:FlgNet
AutoProcessData.A_Table_2.PartStatus,AutoProcessData,0,0,24,1,ChangeOverProcess,0,,EXPORT/Program blocks/OP010/03_Auto/AutoProcessData.xml,EXPORT/Program blocks/OP010/03_Auto/01ChangeOver/ChangeOverProcess.xml:ChangeOverProcess:FlgNet
AutoProcessData.B_Press1,AutoProcessData,1,2,0,1,AutoProcessDataPopUp,1,AutoProcessData_B_Press1,EXPORT/Program blocks/OP010/03_Auto/AutoProcessData.xml,EXPORT/Program blocks/OP010/03_Auto/HMI/AutoProcessDataPopUp.xml:AutoProcessDataPopUp:StructuredText
AutoProcessData.B_Press1.RingCode_1,AutoProcessData,0,0,1,1,MES,0,,EXPORT/Program blocks/OP010/03_Auto/AutoProcessData.xml,EXPORT/Program blocks/OP010/11_MES/MES.xml:MES:FlgNet
AutoProcessData.B_Press2,AutoProcessData,1,2,0,1,AutoProcessDataPopUp,1,AutoProcessData_B_Press2,EXPORT/Program blocks/OP010/03_Auto/AutoProcessData.xml,EXPORT/Program blocks/OP010/03_Auto/HMI/AutoProcessDataPopUp.xml:AutoProcessDataPopUp:StructuredText
AutoProcessData.B_Press2.RingCode_2,AutoProcessData,0,0,1,1,MES,0,,EXPORT/Program blocks/OP010/03_Auto/AutoProcessData.xml,EXPORT/Program blocks/OP010/11_MES/MES.xml:MES:FlgNet
AutoProcessData.C_Glue,AutoProcessData,1,2,0,1,AutoProcessDataPopUp,1,AutoProcessData_C_Glue,EXPORT/Program blocks/OP010/03_Auto/AutoProcessData.xml,EXPORT/Program blocks/OP010/03_Auto/HMI/AutoProcessDataPopUp.xml:AutoProcessDataPopUp:StructuredText
AutoProcessData.C_Glue.Code_1,AutoProcessData,0,0,1,1,MES,0,,EXPORT/Program blocks/OP010/03_Auto/AutoProcessData.xml,EXPORT/Program blocks/OP010/11_MES/MES.xml:MES:FlgNet
AutoProcessData.C_Glue.ShaftCode,AutoProcessData,0,0,2,1,MES,0,,EXPORT/Program blocks/OP010/03_Auto/AutoProcessData.xml,EXPORT/Program blocks/OP010/11_MES/MES.xml:MES:FlgNet
AutoProcessData.C_GlueNGBuffer,AutoProcessData,1,2,0,1,AutoProcessDataPopUp,1,AutoProcessData_C_GlueNGBuffer,EXPORT/Program blocks/OP010/03_Auto/AutoProcessData.xml,EXPORT/Program blocks/OP010/03_Auto/HMI/AutoProcessDataPopUp.xml:AutoProcessDataPopUp:StructuredText
AutoProcessData.C_MagnScanNGBuffer,AutoProcessData,1,2,0,1,AutoProcessDataPopUp,1,AutoProcessData_C_MagnScanNGBuffer,EXPORT/Program blocks/OP010/03_Auto/AutoProcessData.xml,EXPORT/Program blocks/OP010/03_Auto/HMI/AutoProcessDataPopUp.xml:AutoProcessDataPopUp:StructuredText
AutoProcessData.F_Robot1Grip1,AutoProcessData,1,2,0,1,AutoProcessDataPopUp,1,AutoProcessData_F_Robot1Grip1,EXPORT/Program blocks/OP010/03_Auto/AutoProcessData.xml,EXPORT/Program blocks/OP010/03_Auto/HMI/AutoProcessDataPopUp.xml:AutoProcessDataPopUp:StructuredText
AutoProcessData.F_Robot1Grip2,AutoProcessData,1,2,0,1,AutoProcessDataPopUp,1,AutoProcessData_F_Robot1Grip2,EXPORT/Program blocks/OP010/03_Auto/AutoProcessData.xml,EXPORT/Program blocks/OP010/03_Auto/HMI/AutoProcessDataPopUp.xml:AutoProcessDataPopUp:StructuredText
AutoProcessData.F_Robot1Grip2.RingCode_1,AutoProcessData,0,0,2,1,MES,0,,EXPORT/Program blocks/OP010/03_Auto/AutoProcessData.xml,EXPORT/Program blocks/OP010/11_MES/MES.xml:MES:FlgNet
AutoProcessData.F_Robot2Grip1,AutoProcessData,1,2,0,1,AutoProcessDataPopUp,1,AutoProcessData_F_Robot2Grip1,EXPORT/Program blocks/OP010/03_Auto/AutoProcessData.xml,EXPORT/Program blocks/OP010/03_Auto/HMI/AutoProcessDataPopUp.xml:AutoProcessDataPopUp:StructuredText
AutoProcessData.F_Robot2Grip2,AutoProcessData,1,2,0,1,AutoProcessDataPopUp,1,AutoProcessData_F_Robot2Grip2,EXPORT/Program blocks/OP010/03_Auto/AutoProcessData.xml,EXPORT/Program blocks/OP010/03_Auto/HMI/AutoProcessDataPopUp.xml:AutoProcessDataPopUp:StructuredText
AutoProcessData.F_Robot2Grip2.Code_1,AutoProcessData,0,0,2,1,MES,0,,EXPORT/Program blocks/OP010/03_Auto/AutoProcessData.xml,EXPORT/Program blocks/OP010/11_MES/MES.xml:MES:FlgNet
AutoProcessData.F_Robot3Grip1,AutoProcessData,1,2,0,1,AutoProcessDataPopUp,1,AutoProcessData_F_Robot3Grip1,EXPORT/Program blocks/OP010/03_Auto/AutoProcessData.xml,EXPORT/Program blocks/OP010/03_Auto/HMI/AutoProcessDataPopUp.xml:AutoProcessDataPopUp:StructuredText
AutoProcessData.F_Robot3Grip2,AutoProcessData,1,2,0,1,AutoProcessDataPopUp,1,AutoProcessData_F_Robot3Grip2,EXPORT/Program blocks/OP010/03_Auto/AutoProcessData.xml,EXPORT/Program blocks/OP010/03_Auto/HMI/AutoProcessDataPopUp.xml:AutoProcessDataPopUp:StructuredText
AutoProcessData.F_Robot3Grip2.RingCode_2,AutoProcessData,0,0,2,1,MES,0,,EXPORT/Program blocks/OP010/03_Auto/AutoProcessData.xml,EXPORT/Program blocks/OP010/11_MES/MES.xml:MES:FlgNet
AutoProcessData.FixtureCode_A1,AutoProcessData,0,0,26,1,ChangeOverProcess,0,,EXPORT/Program blocks/OP010/03_Auto/AutoProcessData.xml,EXPORT/Program blocks/OP010/03_Auto/01ChangeOver/ChangeOverProcess.xml:ChangeOverProcess:FlgNet
AutoProcessData.FixtureCode_A2,AutoProcessData,0,0,24,1,ChangeOverProcess,0,,EXPORT/Program blocks/OP010/03_Auto/AutoProcessData.xml,EXPORT/Program blocks/OP010/03_Auto/01ChangeOver/ChangeOverProcess.xml:ChangeOverProcess:FlgNet
AutoProcessData.GlobalData.DataIndex,AutoProcessData,0,0,4,1,ST10_Auto,0,,EXPORT/Program blocks/OP010/03_Auto/AutoProcessData.xml,EXPORT/Program blocks/OP010/03_Auto/ST10_Auto.xml:ST10_Auto:FlgNet
AutoProcessData.GlobalData.FixtureCode_A1Status1,AutoProcessData,0,0,3,1,ChangeOverProcess,1,AutoProcessData_GlobalData_FixtureCode_A1Status1,EXPORT/Program blocks/OP010/03_Auto/AutoProcessData.xml,EXPORT/Program blocks/OP010/03_Auto/01ChangeOver/ChangeOverProcess.xml:ChangeOverProcess:FlgNet
AutoProcessData.GlobalData.FixtureCode_A1Status2,AutoProcessData,0,0,3,1,ChangeOverProcess,1,AutoProcessData_GlobalData_FixtureCode_A1Status2,EXPORT/Program blocks/OP010/03_Auto/AutoProcessData.xml,EXPORT/Program blocks/OP010/03_Auto/01ChangeOver/ChangeOverProcess.xml:ChangeOverProcess:FlgNet
AutoProcessData.GlobalData.FixtureCode_A1Status3,AutoProcessData,0,0,3,1,ChangeOverProcess,1,AutoProcessData_GlobalData_FixtureCode_A1Status3,EXPORT/Program blocks/OP010/03_Auto/AutoProcessData.xml,EXPORT/Program blocks/OP010/03_Auto/01ChangeOver/ChangeOverProcess.xml:ChangeOverProcess:FlgNet
AutoProcessData.GlobalData.FixtureCode_A1Status4,AutoProcessData,0,0,3,1,ChangeOverProcess,1,AutoProcessData_GlobalData_FixtureCode_A1Status4,EXPORT/Program blocks/OP010/03_Auto/AutoProcessData.xml,EXPORT/Program blocks/OP010/03_Auto/01ChangeOver/ChangeOverProcess.xml:ChangeOverProcess:FlgNet
AutoProcessData.GlobalData.FixtureCode_A1Status5,AutoProcessData,0,0,3,1,ChangeOverProcess,1,AutoProcessData_GlobalData_FixtureCode_A1Status5,EXPORT/Program blocks/OP010/03_Auto/AutoProcessData.xml,EXPORT/Program blocks/OP010/03_Auto/01ChangeOver/ChangeOverProcess.xml:ChangeOverProcess:FlgNet
AutoProcessData.GlobalData.FixtureCode_A1Status6,AutoProcessData,0,0,3,1,ChangeOverProcess,1,AutoProcessData_GlobalData_FixtureCode_A1Status6,EXPORT/Program blocks/OP010/03_Auto/AutoProcessData.xml,EXPORT/Program blocks/OP010/03_Auto/01ChangeOver/ChangeOverProcess.xml:ChangeOverProcess:FlgNet
AutoProcessData.GlobalData.FixtureCode_A2Status1,AutoProcessData,0,0,3,1,ChangeOverProcess,1,AutoProcessData_GlobalData_FixtureCode_A2Status1,EXPORT/Program blocks/OP010/03_Auto/AutoProcessData.xml,EXPORT/Program blocks/OP010/03_Auto/01ChangeOver/ChangeOverProcess.xml:ChangeOverProcess:FlgNet
AutoProcessData.GlobalData.FixtureCode_A2Status2,AutoProcessData,0,0,3,1,ChangeOverProcess,1,AutoProcessData_GlobalData_FixtureCode_A2Status2,EXPORT/Program blocks/OP010/03_Auto/AutoProcessData.xml,EXPORT/Program blocks/OP010/03_Auto/01ChangeOver/ChangeOverProcess.xml:ChangeOverProcess:FlgNet
AutoProcessData.GlobalData.FixtureCode_A2Status3,AutoProcessData,0,0,3,1,ChangeOverProcess,1,AutoProcessData_GlobalData_FixtureCode_A2Status3,EXPORT/Program blocks/OP010/03_Auto/AutoProcessData.xml,EXPORT/Program blocks/OP010/03_Auto/01ChangeOver/ChangeOverProcess.xml:ChangeOverProcess:FlgNet
AutoProcessData.GlobalData.FixtureCode_A2Status4,AutoProcessData,0,0,3,1,ChangeOverProcess,1,AutoProcessData_GlobalData_FixtureCode_A2Status4,EXPORT/Program blocks/OP010/03_Auto/AutoProcessData.xml,EXPORT/Program blocks/OP010/03_Auto/01ChangeOver/ChangeOverProcess.xml:ChangeOverProcess:FlgNet
AutoProcessData.GlobalData.FixtureCode_A2Status5,AutoProcessData,0,0,3,1,ChangeOverProcess,1,AutoProcessData_GlobalData_FixtureCode_A2Status5,EXPORT/Program blocks/OP010/03_Auto/AutoProcessData.xml,EXPORT/Program blocks/OP010/03_Auto/01ChangeOver/ChangeOverProcess.xml:ChangeOverProcess:FlgNet
AutoProcessData.GlobalData.Robot1GripCodeStatus1,AutoProcessData,0,0,3,1,ChangeOverProcess,1,AutoProcessData_GlobalData_Robot1GripCodeStatus1,EXPORT/Program blocks/OP010/03_Auto/AutoProcessData.xml,EXPORT/Program blocks/OP010/03_Auto/01ChangeOver/ChangeOverProcess.xml:ChangeOverProcess:FlgNet
AutoProcessData.GlobalData.Robot1GripCodeStatus2,AutoProcessData,0,0,3,1,ChangeOverProcess,1,AutoProcessData_GlobalData_Robot1GripCodeStatus2,EXPORT/Program blocks/OP010/03_Auto/AutoProcessData.xml,EXPORT/Program blocks/OP010/03_Auto/01ChangeOver/ChangeOverProcess.xml:ChangeOverProcess:FlgNet
AutoProcessData.GlobalData.Robot1GripCodeStatus3,AutoProcessData,0,0,3,1,ChangeOverProcess,1,AutoProcessData_GlobalData_Robot1GripCodeStatus3,EXPORT/Program blocks/OP010/03_Auto/AutoProcessData.xml,EXPORT/Program blocks/OP010/03_Auto/01ChangeOver/ChangeOverProcess.xml:ChangeOverProcess:FlgNet
AutoProcessData.GlobalData.Robot1GripCodeStatus4,AutoProcessData,0,0,3,1,ChangeOverProcess,1,AutoProcessData_GlobalData_Robot1GripCodeStatus4,EXPORT/Program blocks/OP010/03_Auto/AutoProcessData.xml,EXPORT/Program blocks/OP010/03_Auto/01ChangeOver/ChangeOverProcess.xml:ChangeOverProcess:FlgNet
AutoProcessData.GlobalData.Robot2GripCodeStatus1,AutoProcessData,0,0,3,1,ChangeOverProcess,1,AutoProcessData_GlobalData_Robot2GripCodeStatus1,EXPORT/Program blocks/OP010/03_Auto/AutoProcessData.xml,EXPORT/Program blocks/OP010/03_Auto/01ChangeOver/ChangeOverProcess.xml:ChangeOverProcess:FlgNet
AutoProcessData.GlobalData.Robot2GripCodeStatus2,AutoProcessData,0,0,3,1,ChangeOverProcess,1,AutoProcessData_GlobalData_Robot2GripCodeStatus2,EXPORT/Program blocks/OP010/03_Auto/AutoProcessData.xml,EXPORT/Program blocks/OP010/03_Auto/01ChangeOver/ChangeOverProcess.xml:ChangeOverProcess:FlgNet
AutoProcessData.GlobalData.Robot2GripCodeStatus3,AutoProcessData,0,0,3,1,ChangeOverProcess,1,AutoProcessData_GlobalData_Robot2GripCodeStatus3,EXPORT/Program blocks/OP010/03_Auto/AutoProcessData.xml,EXPORT/Program blocks/OP010/03_Auto/01ChangeOver/ChangeOverProcess.xml:ChangeOverProcess:FlgNet
AutoProcessData.GlobalData.Robot2GripCodeStatus4,AutoProcessData,0,0,3,1,ChangeOverProcess,1,AutoProcessData_GlobalData_Robot2GripCodeStatus4,EXPORT/Program blocks/OP010/03_Auto/AutoProcessData.xml,EXPORT/Program blocks/OP010/03_Auto/01ChangeOver/ChangeOverProcess.xml:ChangeOverProcess:FlgNet
AutoProcessData.GlobalData.Robot3GripCodeStatus1,AutoProcessData,0,0,3,1,ChangeOverProcess,1,AutoProcessData_GlobalData_Robot3GripCodeStatus1,EXPORT/Program blocks/OP010/03_Auto/AutoProcessData.xml,EXPORT/Program blocks/OP010/03_Auto/01ChangeOver/ChangeOverProcess.xml:ChangeOverProcess:FlgNet
AutoProcessData.GlobalData.Robot3GripCodeStatus2,AutoProcessData,0,0,3,1,ChangeOverProcess,1,AutoProcessData_GlobalData_Robot3GripCodeStatus2,EXPORT/Program blocks/OP010/03_Auto/AutoProcessData.xml,EXPORT/Program blocks/OP010/03_Auto/01ChangeOver/ChangeOverProcess.xml:ChangeOverProcess:FlgNet
AutoProcessData.GlobalData.Robot3GripCodeStatus3,AutoProcessData,0,0,3,1,ChangeOverProcess,1,AutoProcessData_GlobalData_Robot3GripCodeStatus3,EXPORT/Program blocks/OP010/03_Auto/AutoProcessData.xml,EXPORT/Program blocks/OP010/03_Auto/01ChangeOver/ChangeOverProcess.xml:ChangeOverProcess:FlgNet
AutoProcessData.GlobalData.Robot3GripCodeStatus4,AutoProcessData,0,0,3,1,ChangeOverProcess,1,AutoProcessData_GlobalData_Robot3GripCodeStatus4,EXPORT/Program blocks/OP010/03_Auto/AutoProcessData.xml,EXPORT/Program blocks/OP010/03_Auto/01ChangeOver/ChangeOverProcess.xml:ChangeOverProcess:FlgNet
AutoProcessData.H_ShafeLine,AutoProcessData,1,2,0,1,AutoProcessDataPopUp,1,AutoProcessData_H_ShafeLine,EXPORT/Program blocks/OP010/03_Auto/AutoProcessData.xml,EXPORT/Program blocks/OP010/03_Auto/HMI/AutoProcessDataPopUp.xml:AutoProcessDataPopUp:StructuredText
AutoProcessData.H_ShafeLine.PartStatus,AutoProcessData,1,0,0,1,AutoProcessDataPopUp,0,,EXPORT/Program blocks/OP010/03_Auto/AutoProcessData.xml,EXPORT/Program blocks/OP010/03_Auto/HMI/AutoProcessDataPopUp.xml:AutoProcessDataPopUp:StructuredText
AutoProcessData.J_MagnetBelt,AutoProcessData,1,2,0,1,AutoProcessDataPopUp,1,AutoProcessData_J_ShafeLine,EXPORT/Program blocks/OP010/03_Auto/AutoProcessData.xml,EXPORT/Program blocks/OP010/03_Auto/HMI/AutoProcessDataPopUp.xml:AutoProcessDataPopUp:StructuredText
AutoProcessData.J_MagnetBelt.PartStatus,AutoProcessData,1,0,0,1,AutoProcessDataPopUp,0,,EXPORT/Program blocks/OP010/03_Auto/AutoProcessData.xml,EXPORT/Program blocks/OP010/03_Auto/HMI/AutoProcessDataPopUp.xml:AutoProcessDataPopUp:StructuredText
AutoProcessData.K_ReserveBelt,AutoProcessData,1,2,0,1,AutoProcessDataPopUp,1,AutoProcessData_K_ShafeLine,EXPORT/Program blocks/OP010/03_Auto/AutoProcessData.xml,EXPORT/Program blocks/OP010/03_Auto/HMI/AutoProcessDataPopUp.xml:AutoProcessDataPopUp:StructuredText
AutoProcessData.K_ReserveBelt.PartStatus,AutoProcessData,1,0,0,1,AutoProcessDataPopUp,0,,EXPORT/Program blocks/OP010/03_Auto/AutoProcessData.xml,EXPORT/Program blocks/OP010/03_Auto/HMI/AutoProcessDataPopUp.xml:AutoProcessDataPopUp:StructuredText
AutoProcessData.L_UnloadBelt,AutoProcessData,1,2,0,1,AutoProcessDataPopUp,1,AutoProcessData_L_ShafeLine,EXPORT/Program blocks/OP010/03_Auto/AutoProcessData.xml,EXPORT/Program blocks/OP010/03_Auto/HMI/AutoProcessDataPopUp.xml:AutoProcessDataPopUp:StructuredText
AutoProcessData.L_UnloadBelt.PartStatus,AutoProcessData,1,0,0,1,AutoProcessDataPopUp,0,,EXPORT/Program blocks/OP010/03_Auto/AutoProcessData.xml,EXPORT/Program blocks/OP010/03_Auto/HMI/AutoProcessDataPopUp.xml:AutoProcessDataPopUp:StructuredText
AutoProcessData_Buffer.DataBuffer,AutoProcessData_Buffer,0,0,49,1,ST10_Auto,0,,EXPORT/Program blocks/OP010/03_Auto/AutoProcessData_Buffer.xml,EXPORT/Program blocks/OP010/03_Auto/ST10_Auto.xml:ST10_Auto:FlgNet
AutoProcessData_Buffer.DataBuffer_1,AutoProcessData_Buffer,0,0,8,1,ST10_Auto,1,AutoProcessData_Buffer_DataBuffer_1,EXPORT/Program blocks/OP010/03_Auto/AutoProcessData_Buffer.xml,EXPORT/Program blocks/OP010/03_Auto/ST10_Auto.xml:ST10_Auto:FlgNet
AutoProcessData_Buffer.DataBuffer_2,AutoProcessData_Buffer,0,0,8,1,ST10_Auto,1,AutoProcessData_Buffer_DataBuffer_2,EXPORT/Program blocks/OP010/03_Auto/AutoProcessData_Buffer.xml,EXPORT/Program blocks/OP010/03_Auto/ST10_Auto.xml:ST10_Auto:FlgNet
AutoProcessData_Buffer.DataBuffer_3,AutoProcessData_Buffer,0,0,8,1,ST10_Auto,1,AutoProcessData_Buffer_DataBuffer_3,EXPORT/Program blocks/OP010/03_Auto/AutoProcessData_Buffer.xml,EXPORT/Program blocks/OP010/03_Auto/ST10_Auto.xml:ST10_Auto:FlgNet
AutoProcessData_Buffer.DataBuffer_4,AutoProcessData_Buffer,0,0,8,1,ST10_Auto,1,AutoProcessData_Buffer_DataBuffer_4,EXPORT/Program blocks/OP010/03_Auto/AutoProcessData_Buffer.xml,EXPORT/Program blocks/OP010/03_Auto/ST10_Auto.xml:ST10_Auto:FlgNet
AutoProcessData_Buffer.DataBuffer_5,AutoProcessData_Buffer,0,0,8,1,ST10_Auto,1,AutoProcessData_Buffer_DataBuffer_5,EXPORT/Program blocks/OP010/03_Auto/AutoProcessData_Buffer.xml,EXPORT/Program blocks/OP010/03_Auto/ST10_Auto.xml:ST10_Auto:FlgNet
AutoProcessData_Buffer.DataBuffer_6,AutoProcessData_Buffer,0,0,8,1,ST10_Auto,1,AutoProcessData_Buffer_DataBuffer_6,EXPORT/Program blocks/OP010/03_Auto/AutoProcessData_Buffer.xml,EXPORT/Program blocks/OP010/03_Auto/ST10_Auto.xml:ST10_Auto:FlgNet
AutoProcessData_Buffer.SelectButton,AutoProcessData_Buffer,0,0,10,1,ST10_Auto,1,AutoProcessData_Buffer_SelectButton,EXPORT/Program blocks/OP010/03_Auto/AutoProcessData_Buffer.xml,EXPORT/Program blocks/OP010/03_Auto/ST10_Auto.xml:ST10_Auto:FlgNet
AutoProcessData_Buffer.VAL,AutoProcessData_Buffer,0,0,1,1,ST10_Auto,0,,EXPORT/Program blocks/OP010/03_Auto/AutoProcessData_Buffer.xml,EXPORT/Program blocks/OP010/03_Auto/ST10_Auto.xml:ST10_Auto:FlgNet
AutoProcessData_Buffer_Clear.DataBuffer,AutoProcessData_Buffer_Clear,0,0,1,1,ST10_Auto,0,,EXPORT/Program blocks/OP010/03_Auto/AutoProcessData_Buffer_Clear.xml,EXPORT/Program blocks/OP010/03_Auto/ST10_Auto.xml:ST10_Auto:FlgNet
AutoProcess_HMI.ActualSHowingData,AutoProcess_HMI,16,16,0,1,AutoProcessDataPopUp,0,,EXPORT/Program blocks/OP010/03_Auto/HMI/AutoProcess_HMI.xml,EXPORT/Program blocks/OP010/03_Auto/HMI/AutoProcessDataPopUp.xml:AutoProcessDataPopUp:StructuredText
AutoProcess_HMI.Data_handling.ChangePending,AutoProcess_HMI,0,4,0,1,AutoProcessDataPopUp,0,,EXPORT/Program blocks/OP010/03_Auto/HMI/AutoProcess_HMI.xml,EXPORT/Program blocks/OP010/03_Auto/HMI/AutoProcessDataPopUp.xml:AutoProcessDataPopUp:StructuredText
AutoProcess_HMI.Data_handling.ConfirmDialogActive,AutoProcess_HMI,2,4,0,1,AutoProcessDataPopUp,0,,EXPORT/Program blocks/OP010/03_Auto/HMI/AutoProcess_HMI.xml,EXPORT/Program blocks/OP010/03_Auto/HMI/AutoProcessDataPopUp.xml:AutoProcessDataPopUp:StructuredText
AutoProcess_HMI.Data_handling.DeleteData,AutoProcess_HMI,1,2,0,1,AutoProcessDataPopUp,0,,EXPORT/Program blocks/OP010/03_Auto/HMI/AutoProcess_HMI.xml,EXPORT/Program blocks/OP010/03_Auto/HMI/AutoProcessDataPopUp.xml:AutoProcessDataPopUp:StructuredText
AutoProcess_HMI.Data_handling.FinalConfirm_Write,AutoProcess_HMI,2,3,0,1,AutoProcessDataPopUp,0,,EXPORT/Program blocks/OP010/03_Auto/HMI/AutoProcess_HMI.xml,EXPORT/Program blocks/OP010/03_Auto/HMI/AutoProcessDataPopUp.xml:AutoProcessDataPopUp:StructuredText
AutoProcess_HMI.Data_handling.LastIndex,AutoProcess_HMI,1,1,0,1,AutoProcessDataPopUp,0,,EXPORT/Program blocks/OP010/03_Auto/HMI/AutoProcess_HMI.xml,EXPORT/Program blocks/OP010/03_Auto/HMI/AutoProcessDataPopUp.xml:AutoProcessDataPopUp:StructuredText
AutoProcess_HMI.Data_handling.UpdateData_Confirm,AutoProcess_HMI,1,3,0,1,AutoProcessDataPopUp,0,,EXPORT/Program blocks/OP010/03_Auto/HMI/AutoProcess_HMI.xml,EXPORT/Program blocks/OP010/03_Auto/HMI/AutoProcessDataPopUp.xml:AutoProcessDataPopUp:StructuredText
AutoProcess_HMI.Data_handling.UpdateData_switch,AutoProcess_HMI,2,3,0,1,AutoProcessDataPopUp,0,,EXPORT/Program blocks/OP010/03_Auto/HMI/AutoProcess_HMI.xml,EXPORT/Program blocks/OP010/03_Auto/HMI/AutoProcessDataPopUp.xml:AutoProcessDataPopUp:StructuredText
Axis_FB_DB.IAI_Axis.Error,Axis_FB_DB,3,0,0,1,ST10_Alarm,0,,EXPORT/Program blocks/OP010/10_Device/22_IAI/Axis_FB_DB.xml,EXPORT/Program blocks/OP010/05_Alarm/ST10_Alarm.xml:ST10_Alarm:FlgNet
Axis_FB_DB.IAI_Axis.RecvData.Input 4 word_1.Current Position,Axis_FB_DB,0,0,2,1,ST10_Flow7_CGlueing,0,,EXPORT/Program blocks/OP010/10_Device/22_IAI/Axis_FB_DB.xml,EXPORT/Program blocks/OP010/03_Auto/C_Glue/ST10_Flow7_CGlueing.xml:ST10_Flow7_CGlueing:FlgNet
CONST:Local~PROFINET_IO-System,CONST:Local~PROFINET_IO-System,1,0,0,1,01_OB1,0,,,EXPORT/Program blocks/01_OB/01_OB1.xml:01_OB1:FlgNet
CONST:OP10_220A1~512_digital_in-_and_outputs_1,CONST:OP10_220A1~512_digital_in-_and_outputs_1,2,0,0,1,Robot,0,,,EXPORT/Program blocks/OP010/10_Device/24_Robot/Robot.xml:Robot:FlgNet
CONST:OP10_221A1~512_digital_in-_and_outputs_1,CONST:OP10_221A1~512_digital_in-_and_outputs_1,2,0,0,1,Robot,0,,,EXPORT/Program blocks/OP010/10_Device/24_Robot/Robot.xml:Robot:FlgNet
CONST:OP10_222A1~512_digital_in-_and_outputs_1,CONST:OP10_222A1~512_digital_in-_and_outputs_1,2,0,0,1,Robot,0,,,EXPORT/Program blocks/OP010/10_Device/24_Robot/Robot.xml:Robot:FlgNet
CONST:OP10_372A1~220_Bytes_In_1,CONST:OP10_372A1~220_Bytes_In_1,1,0,0,1,KistlerPresser_Main,0,,,EXPORT/Program blocks/OP010/10_Device/23_Kistler/KistlerPresser_Main.xml:KistlerPresser_Main:FlgNet
CONST:OP10_372A1~220_Bytes_Out_1,CONST:OP10_372A1~220_Bytes_Out_1,1,0,0,1,KistlerPresser_Main,0,,,EXPORT/Program blocks/OP010/10_Device/23_Kistler/KistlerPresser_Main.xml:KistlerPresser_Main:FlgNet
CONST:OP10_375A1~220_Bytes_In_1,CONST:OP10_375A1~220_Bytes_In_1,1,0,0,1,KistlerPresser_Main,0,,,EXPORT/Program blocks/OP010/10_Device/23_Kistler/KistlerPresser_Main.xml:KistlerPresser_Main:FlgNet
CONST:OP10_375A1~220_Bytes_Out_1,CONST:OP10_375A1~220_Bytes_Out_1,1,0,0,1,KistlerPresser_Main,0,,,EXPORT/Program blocks/OP010/10_Device/23_Kistler/KistlerPresser_Main.xml:KistlerPresser_Main:FlgNet
CONST:OP10_380A1~驱动_1~西门子报文_111__PZD-12_12,CONST:OP10_380A1~驱动_1~西门子报文_111__PZD-12_12,3,0,0,1,V90_Servo,0,,,EXPORT/Program blocks/OP010/10_Device/25_V90/V90_Servo.xml:V90_Servo:FlgNet
CONST:OP10_381A1~驱动_1~西门子报文_111__PZD-12_12,CONST:OP10_381A1~驱动_1~西门子报文_111__PZD-12_12,3,0,0,1,V90_Servo,0,,,EXPORT/Program blocks/OP010/10_Device/25_V90/V90_Servo.xml:V90_Servo:FlgNet
CONST:OP10_382A1~驱动_1~西门子报文_111__PZD-12_12,CONST:OP10_382A1~驱动_1~西门子报文_111__PZD-12_12,3,0,0,1,V90_Servo,0,,,EXPORT/Program blocks/OP010/10_Device/25_V90/V90_Servo.xml:V90_Servo:FlgNet
CONST:OP10_383A1~驱动_1~西门子报文_111__PZD-12_12,CONST:OP10_383A1~驱动_1~西门子报文_111__PZD-12_12,3,0,0,1,V90_Servo,0,,,EXPORT/Program blocks/OP010/10_Device/25_V90/V90_Servo.xml:V90_Servo:FlgNet
ChangeOver_DB.Global.Hmi_Confirm_ChangeOver,ChangeOver_DB,1,1,0,1,ChangeOverProcess,1,ChangeOver_DB_Global_Hmi_Confirm_ChangeOver,EXPORT/Program blocks/OP010/03_Auto/01ChangeOver/ChangeOver_DB.xml,EXPORT/Program blocks/OP010/03_Auto/01ChangeOver/ChangeOverProcess.xml:ChangeOverProcess:FlgNet
ChangeOver_DB.Global.Hmi_ForceChangeOver,ChangeOver_DB,1,0,0,1,ChangeOverProcess,0,,EXPORT/Program blocks/OP010/03_Auto/01ChangeOver/ChangeOver_DB.xml,EXPORT/Program blocks/OP010/03_Auto/01ChangeOver/ChangeOverProcess.xml:ChangeOverProcess:FlgNet
ChangeOver_DB.Global.ScanFixtureFlag_ChangeOver,ChangeOver_DB,2,2,0,1,ChangeOverProcess,0,,EXPORT/Program blocks/OP010/03_Auto/01ChangeOver/ChangeOver_DB.xml,EXPORT/Program blocks/OP010/03_Auto/01ChangeOver/ChangeOverProcess.xml:ChangeOverProcess:FlgNet
ChangeOver_DB.P,ChangeOver_DB,0,0,5,1,ChangeOverProcess,0,,EXPORT/Program blocks/OP010/03_Auto/01ChangeOver/ChangeOver_DB.xml,EXPORT/Program blocks/OP010/03_Auto/01ChangeOver/ChangeOverProcess.xml:ChangeOverProcess:FlgNet
ChangeOver_DB.Robot_1.EmptyFinish,ChangeOver_DB,1,1,0,1,ChangeOverProcess,0,,EXPORT/Program blocks/OP010/03_Auto/01ChangeOver/ChangeOver_DB.xml,EXPORT/Program blocks/OP010/03_Auto/01ChangeOver/ChangeOverProcess.xml:ChangeOverProcess:FlgNet
ChangeOver_DB.Robot_1.HMI_MaintenanceHomeReq,ChangeOver_DB,3,0,0,1,ST10_Flow5_FRobot_1,1,ChangeOver_DB_Robot_1_HMI_MaintenanceHomeReq,EXPORT/Program blocks/OP010/03_Auto/01ChangeOver/ChangeOver_DB.xml,EXPORT/Program blocks/OP010/03_Auto/F_Robot/ST10_Flow5_FRobot_1.xml:ST10_Flow5_FRobot_1:FlgNet | EXPORT/Program blocks/OP010/03_Auto/F_Robot/ST10_Flow5_FRobot_1_01092026_152002.xml:ST10_Flow5_FRobot_1:FlgNet | EXPORT/Program blocks/OP010/03_Auto/F_Robot/ST10_Flow5_FRobot_1_01092026_152004.xml:ST10_Flow5_FRobot_1:FlgNet
ChangeOver_DB.Robot_1.HMI_MaintenancePosReqSel,ChangeOver_DB,1,0,0,1,ChangeOverProcess,1,ChangeOver_DB_Robot_1_HMI_MaintenancePosReqSel,EXPORT/Program blocks/OP010/03_Auto/01ChangeOver/ChangeOver_DB.xml,EXPORT/Program blocks/OP010/03_Auto/01ChangeOver/ChangeOverProcess.xml:ChangeOverProcess:FlgNet
ChangeOver_DB.Robot_1.Req_RobotToMaintenancePos,ChangeOver_DB,9,0,0,1,ST10_Flow5_FRobot_1,0,,EXPORT/Program blocks/OP010/03_Auto/01ChangeOver/ChangeOver_DB.xml,EXPORT/Program blocks/OP010/03_Auto/F_Robot/ST10_Flow5_FRobot_1.xml:ST10_Flow5_FRobot_1:FlgNet | EXPORT/Program blocks/OP010/03_Auto/F_Robot/ST10_Flow5_FRobot_1_01092026_152002.xml:ST10_Flow5_FRobot_1:FlgNet | EXPORT/Program blocks/OP010/03_Auto/F_Robot/ST10_Flow5_FRobot_1_01092026_152004.xml:ST10_Flow5_FRobot_1:FlgNet
ChangeOver_DB.Robot_2.EmptyFinish,ChangeOver_DB,1,1,0,1,ChangeOverProcess,0,,EXPORT/Program blocks/OP010/03_Auto/01ChangeOver/ChangeOver_DB.xml,EXPORT/Program blocks/OP010/03_Auto/01ChangeOver/ChangeOverProcess.xml:ChangeOverProcess:FlgNet
ChangeOver_DB.Robot_2.HMI_MaintenanceHomeReq,ChangeOver_DB,1,0,0,1,ST10_Flow8_FRobot_2,1,ChangeOver_DB_Robot_2_HMI_MaintenanceHomeReq,EXPORT/Program blocks/OP010/03_Auto/01ChangeOver/ChangeOver_DB.xml,EXPORT/Program blocks/OP010/03_Auto/F_Robot/ST10_Flow8_FRobot_2.xml:ST10_Flow8_FRobot_2:FlgNet
ChangeOver_DB.Robot_2.HMI_MaintenancePosReqSel,ChangeOver_DB,1,0,0,1,ChangeOverProcess,1,ChangeOver_DB_Robot_2_HMI_MaintenancePosReqSel,EXPORT/Program blocks/OP010/03_Auto/01ChangeOver/ChangeOver_DB.xml,EXPORT/Program blocks/OP010/03_Auto/01ChangeOver/ChangeOverProcess.xml:ChangeOverProcess:FlgNet
ChangeOver_DB.Robot_2.Req_RobotToMaintenancePos,ChangeOver_DB,3,0,0,1,ST10_Flow8_FRobot_2,0,,EXPORT/Program blocks/OP010/03_Auto/01ChangeOver/ChangeOver_DB.xml,EXPORT/Program blocks/OP010/03_Auto/F_Robot/ST10_Flow8_FRobot_2.xml:ST10_Flow8_FRobot_2:FlgNet
ChangeOver_DB.Robot_3.EmptyFinish,ChangeOver_DB,1,1,0,1,ChangeOverProcess,0,,EXPORT/Program blocks/OP010/03_Auto/01ChangeOver/ChangeOver_DB.xml,EXPORT/Program blocks/OP010/03_Auto/01ChangeOver/ChangeOverProcess.xml:ChangeOverProcess:FlgNet
ChangeOver_DB.Robot_3.HMI_MaintenanceHomeReq,ChangeOver_DB,1,0,0,1,ST10_Flow15_FRobot_3,1,ChangeOver_DB_Robot_3_HMI_MaintenanceHomeReq,EXPORT/Program blocks/OP010/03_Auto/01ChangeOver/ChangeOver_DB.xml,EXPORT/Program blocks/OP010/03_Auto/F_Robot/ST10_Flow15_FRobot_3.xml:ST10_Flow15_FRobot_3:FlgNet
ChangeOver_DB.Robot_3.HMI_MaintenancePosReqSel,ChangeOver_DB,1,0,0,1,ChangeOverProcess,1,ChangeOver_DB_Robot_3_HMI_MaintenancePosReqSel,EXPORT/Program blocks/OP010/03_Auto/01ChangeOver/ChangeOver_DB.xml,EXPORT/Program blocks/OP010/03_Auto/01ChangeOver/ChangeOverProcess.xml:ChangeOverProcess:FlgNet
ChangeOver_DB.Robot_3.Req_RobotToMaintenancePos,ChangeOver_DB,3,0,0,1,ST10_Flow15_FRobot_3,0,,EXPORT/Program blocks/OP010/03_Auto/01ChangeOver/ChangeOver_DB.xml,EXPORT/Program blocks/OP010/03_Auto/F_Robot/ST10_Flow15_FRobot_3.xml:ST10_Flow15_FRobot_3:FlgNet
ClockMemory0.8s,ClockMemory0,2,0,0,1,FB_AteqF620,0,,,EXPORT/Program blocks/03_Device/211 ATEQ LeakTest/FB_AteqF620.xml:FB_AteqF620:StructuredText
DATA.AxisStartNumber,DATA,1,1,0,1,块_1,0,,EXPORT/Program blocks/OP010/10_Device/25_V90/Patch/DATA.xml,EXPORT/Program blocks/OP010/10_Device/25_V90/Patch/块_1.xml:块_1:StructuredText
DATA.Forced modification,DATA,1,0,0,1,块_1,0,,EXPORT/Program blocks/OP010/10_Device/25_V90/Patch/DATA.xml,EXPORT/Program blocks/OP010/10_Device/25_V90/Patch/块_1.xml:块_1:StructuredText
DATA.HaveAxisStart,DATA,1,1,0,1,块_1,0,,EXPORT/Program blocks/OP010/10_Device/25_V90/Patch/DATA.xml,EXPORT/Program blocks/OP010/10_Device/25_V90/Patch/块_1.xml:块_1:StructuredText
DB_Commissioning.bit,DB_Commissioning,1,0,0,1,ST10_Flow11_A2TableScan,0,,EXPORT/Program blocks/Z_Reserve/DB_Commissioning.xml,EXPORT/Program blocks/OP010/03_Auto/A2_TableLoad&Scan/ST10_Flow11_A2TableScan.xml:ST10_Flow11_A2TableScan:FlgNet
DB_KeyenceCheckerIV3.aDev.Common.bDone,DB_KeyenceCheckerIV3,5,0,0,1,ST10_Flow7_CGlueing,0,,EXPORT/Program blocks/OP010/10_Device/21_IV3/DB_KeyenceCheckerIV3.xml,EXPORT/Program blocks/OP010/03_Auto/C_Glue/ST10_Flow7_CGlueing.xml:ST10_Flow7_CGlueing:FlgNet
DB_KeyenceCheckerIV3.aDev.Common.bEnable,DB_KeyenceCheckerIV3,5,0,0,1,ST10_Flow7_CGlueing,0,,EXPORT/Program blocks/OP010/10_Device/21_IV3/DB_KeyenceCheckerIV3.xml,EXPORT/Program blocks/OP010/03_Auto/C_Glue/ST10_Flow7_CGlueing.xml:ST10_Flow7_CGlueing:FlgNet
DB_KeyenceCheckerIV3.aDev.Common.nMode,DB_KeyenceCheckerIV3,0,0,5,1,ST10_Flow7_CGlueing,0,,EXPORT/Program blocks/OP010/10_Device/21_IV3/DB_KeyenceCheckerIV3.xml,EXPORT/Program blocks/OP010/03_Auto/C_Glue/ST10_Flow7_CGlueing.xml:ST10_Flow7_CGlueing:FlgNet
DB_KeyenceCheckerIV3.aDev.In.DeviceStatus.nCurrentProgramNo,DB_KeyenceCheckerIV3,0,0,10,1,ST10_Flow7_CGlueing,0,,EXPORT/Program blocks/OP010/10_Device/21_IV3/DB_KeyenceCheckerIV3.xml,EXPORT/Program blocks/OP010/03_Auto/C_Glue/ST10_Flow7_CGlueing.xml:ST10_Flow7_CGlueing:FlgNet
DB_KeyenceCheckerIV3.aDev.Para.bProductOverallNG,DB_KeyenceCheckerIV3,10,0,0,1,ST10_Flow7_CGlueing,0,,EXPORT/Program blocks/OP010/10_Device/21_IV3/DB_KeyenceCheckerIV3.xml,EXPORT/Program blocks/OP010/03_Auto/C_Glue/ST10_Flow7_CGlueing.xml:ST10_Flow7_CGlueing:FlgNet
DB_KeyenceCheckerIV3.aDev.Para.bProductOverallOK,DB_KeyenceCheckerIV3,10,0,0,1,ST10_Flow7_CGlueing,0,,EXPORT/Program blocks/OP010/10_Device/21_IV3/DB_KeyenceCheckerIV3.xml,EXPORT/Program blocks/OP010/03_Auto/C_Glue/ST10_Flow7_CGlueing.xml:ST10_Flow7_CGlueing:FlgNet
DB_KeyenceCheckerIV3.aDev.Para.nProgramNo,DB_KeyenceCheckerIV3,0,0,10,1,ST10_Flow7_CGlueing,0,,EXPORT/Program blocks/OP010/10_Device/21_IV3/DB_KeyenceCheckerIV3.xml,EXPORT/Program blocks/OP010/03_Auto/C_Glue/ST10_Flow7_CGlueing.xml:ST10_Flow7_CGlueing:FlgNet
DB_maXYmosNC1.ContinueSeq,DB_maXYmosNC1,0,2,0,1,KistlerPresser_Main,0,,EXPORT/Program blocks/OP010/10_Device/23_Kistler/Kistler1/DB_maXYmosNC1.xml,EXPORT/Program blocks/OP010/10_Device/23_Kistler/KistlerPresser_Main.xml:KistlerPresser_Main:FlgNet
DB_maXYmosNC1.Homing,DB_maXYmosNC1,0,2,0,1,KistlerPresser_Main,0,,EXPORT/Program blocks/OP010/10_Device/23_Kistler/Kistler1/DB_maXYmosNC1.xml,EXPORT/Program blocks/OP010/10_Device/23_Kistler/KistlerPresser_Main.xml:KistlerPresser_Main:FlgNet
DB_maXYmosNC1.InputMessages.FreelyArea.pvCurveXMAX-X,DB_maXYmosNC1,0,0,1,1,KistlerPresser_Main,0,,EXPORT/Program blocks/OP010/10_Device/23_Kistler/Kistler1/DB_maXYmosNC1.xml,EXPORT/Program blocks/OP010/10_Device/23_Kistler/KistlerPresser_Main.xml:KistlerPresser_Main:FlgNet
DB_maXYmosNC1.InputMessages.FreelyArea.pvCurveYMAX-Y,DB_maXYmosNC1,0,0,1,1,KistlerPresser_Main,0,,EXPORT/Program blocks/OP010/10_Device/23_Kistler/Kistler1/DB_maXYmosNC1.xml,EXPORT/Program blocks/OP010/10_Device/23_Kistler/KistlerPresser_Main.xml:KistlerPresser_Main:FlgNet
DB_maXYmosNC1.InputMessages.StatusBits.DRIVE-ENABLED,DB_maXYmosNC1,1,0,0,1,ST10_Flow4_B1Press,0,,EXPORT/Program blocks/OP010/10_Device/23_Kistler/Kistler1/DB_maXYmosNC1.xml,EXPORT/Program blocks/OP010/03_Auto/B_Press/ST10_Flow4_B1Press.xml:ST10_Flow4_B1Press:FlgNet
DB_maXYmosNC1.InputMessages.StatusBits.MP,DB_maXYmosNC1,0,0,1,1,ST10_Flow4_B1Press,0,,EXPORT/Program blocks/OP010/10_Device/23_Kistler/Kistler1/DB_maXYmosNC1.xml,EXPORT/Program blocks/OP010/03_Auto/B_Press/ST10_Flow4_B1Press.xml:ST10_Flow4_B1Press:FlgNet
DB_maXYmosNC1.InputMessages.StatusBits.O-UNI,DB_maXYmosNC1,0,0,1,1,ST10_Flow4_B1Press,0,,EXPORT/Program blocks/OP010/10_Device/23_Kistler/Kistler1/DB_maXYmosNC1.xml,EXPORT/Program blocks/OP010/03_Auto/B_Press/ST10_Flow4_B1Press.xml:ST10_Flow4_B1Press:FlgNet
DB_maXYmosNC1.InputMessages.StatusBits.READY,DB_maXYmosNC1,1,0,0,1,ST10_Flow4_B1Press,0,,EXPORT/Program blocks/OP010/10_Device/23_Kistler/Kistler1/DB_maXYmosNC1.xml,EXPORT/Program blocks/OP010/03_Auto/B_Press/ST10_Flow4_B1Press.xml:ST10_Flow4_B1Press:FlgNet
DB_maXYmosNC1.InputMessages.StatusBits.RUN-SEQUENCE,DB_maXYmosNC1,1,0,0,1,ST10_Flow4_B1Press,0,,EXPORT/Program blocks/OP010/10_Device/23_Kistler/Kistler1/DB_maXYmosNC1.xml,EXPORT/Program blocks/OP010/03_Auto/B_Press/ST10_Flow4_B1Press.xml:ST10_Flow4_B1Press:FlgNet
DB_maXYmosNC1.InputMessages.StatusBits.SEQUENCE-END,DB_maXYmosNC1,1,0,0,1,ST10_Flow4_B1Press,0,,EXPORT/Program blocks/OP010/10_Device/23_Kistler/Kistler1/DB_maXYmosNC1.xml,EXPORT/Program blocks/OP010/03_Auto/B_Press/ST10_Flow4_B1Press.xml:ST10_Flow4_B1Press:FlgNet
DB_maXYmosNC1.InputMessages.StatusBits.UNI,DB_maXYmosNC1,0,0,1,1,ST10_Flow4_B1Press,0,,EXPORT/Program blocks/OP010/10_Device/23_Kistler/Kistler1/DB_maXYmosNC1.xml,EXPORT/Program blocks/OP010/03_Auto/B_Press/ST10_Flow4_B1Press.xml:ST10_Flow4_B1Press:FlgNet
DB_maXYmosNC1.ProgNo,DB_maXYmosNC1,0,0,10,1,KistlerPresser_Main,0,,EXPORT/Program blocks/OP010/10_Device/23_Kistler/Kistler1/DB_maXYmosNC1.xml,EXPORT/Program blocks/OP010/10_Device/23_Kistler/KistlerPresser_Main.xml:KistlerPresser_Main:FlgNet
DB_maXYmosNC1.StartCycle,DB_maXYmosNC1,1,2,0,1,KistlerPresser_Main,0,,EXPORT/Program blocks/OP010/10_Device/23_Kistler/Kistler1/DB_maXYmosNC1.xml,EXPORT/Program blocks/OP010/10_Device/23_Kistler/KistlerPresser_Main.xml:KistlerPresser_Main:FlgNet
DB_maXYmosNC1.oError,DB_maXYmosNC1,3,0,0,1,ST10_Alarm,0,,EXPORT/Program blocks/OP010/10_Device/23_Kistler/Kistler1/DB_maXYmosNC1.xml,EXPORT/Program blocks/OP010/05_Alarm/ST10_Alarm.xml:ST10_Alarm:FlgNet
DB_maXYmosNC1.oInHomePos,DB_maXYmosNC1,6,0,0,1,ST10_Flow4_B1Press,0,,EXPORT/Program blocks/OP010/10_Device/23_Kistler/Kistler1/DB_maXYmosNC1.xml,EXPORT/Program blocks/OP010/03_Auto/B_Press/ST10_Flow4_B1Press.xml:ST10_Flow4_B1Press:FlgNet
DB_maXYmosNC1.oRdyAmp,DB_maXYmosNC1,2,0,0,1,ST10_Flow4_B1Press,0,,EXPORT/Program blocks/OP010/10_Device/23_Kistler/Kistler1/DB_maXYmosNC1.xml,EXPORT/Program blocks/OP010/03_Auto/B_Press/ST10_Flow4_B1Press.xml:ST10_Flow4_B1Press:FlgNet
DB_maXYmosNC1.oRdyCmd,DB_maXYmosNC1,1,0,0,1,ST10_Flow4_B1Press,0,,EXPORT/Program blocks/OP010/10_Device/23_Kistler/Kistler1/DB_maXYmosNC1.xml,EXPORT/Program blocks/OP010/03_Auto/B_Press/ST10_Flow4_B1Press.xml:ST10_Flow4_B1Press:FlgNet
DB_maXYmosNC1.oRunSeq,DB_maXYmosNC1,1,0,0,1,ST10_Flow4_B1Press,0,,EXPORT/Program blocks/OP010/10_Device/23_Kistler/Kistler1/DB_maXYmosNC1.xml,EXPORT/Program blocks/OP010/03_Auto/B_Press/ST10_Flow4_B1Press.xml:ST10_Flow4_B1Press:FlgNet
DB_maXYmosNC2.InputMessages.FreelyArea.pvCurveXMAX-X,DB_maXYmosNC2,0,0,1,1,KistlerPresser_Main,0,,EXPORT/Program blocks/OP010/10_Device/23_Kistler/Kistler2/DB_maXYmosNC2.xml,EXPORT/Program blocks/OP010/10_Device/23_Kistler/KistlerPresser_Main.xml:KistlerPresser_Main:FlgNet
DB_maXYmosNC2.InputMessages.FreelyArea.pvCurveYMAX-Y,DB_maXYmosNC2,0,0,1,1,KistlerPresser_Main,0,,EXPORT/Program blocks/OP010/10_Device/23_Kistler/Kistler2/DB_maXYmosNC2.xml,EXPORT/Program blocks/OP010/10_Device/23_Kistler/KistlerPresser_Main.xml:KistlerPresser_Main:FlgNet
DB_maXYmosNC2.InputMessages.StatusBits.DRIVE-ENABLED,DB_maXYmosNC2,1,0,0,1,ST10_Flow14_B2Press,0,,EXPORT/Program blocks/OP010/10_Device/23_Kistler/Kistler2/DB_maXYmosNC2.xml,EXPORT/Program blocks/OP010/03_Auto/B_Press/ST10_Flow14_B2Press.xml:ST10_Flow14_B2Press:FlgNet
DB_maXYmosNC2.InputMessages.StatusBits.MP,DB_maXYmosNC2,0,0,1,1,ST10_Flow14_B2Press,0,,EXPORT/Program blocks/OP010/10_Device/23_Kistler/Kistler2/DB_maXYmosNC2.xml,EXPORT/Program blocks/OP010/03_Auto/B_Press/ST10_Flow14_B2Press.xml:ST10_Flow14_B2Press:FlgNet
DB_maXYmosNC2.InputMessages.StatusBits.O-UNI,DB_maXYmosNC2,0,0,1,1,ST10_Flow14_B2Press,0,,EXPORT/Program blocks/OP010/10_Device/23_Kistler/Kistler2/DB_maXYmosNC2.xml,EXPORT/Program blocks/OP010/03_Auto/B_Press/ST10_Flow14_B2Press.xml:ST10_Flow14_B2Press:FlgNet
DB_maXYmosNC2.InputMessages.StatusBits.READY,DB_maXYmosNC2,1,0,0,1,ST10_Flow14_B2Press,0,,EXPORT/Program blocks/OP010/10_Device/23_Kistler/Kistler2/DB_maXYmosNC2.xml,EXPORT/Program blocks/OP010/03_Auto/B_Press/ST10_Flow14_B2Press.xml:ST10_Flow14_B2Press:FlgNet
DB_maXYmosNC2.InputMessages.StatusBits.RUN-SEQUENCE,DB_maXYmosNC2,1,0,0,1,ST10_Flow14_B2Press,0,,EXPORT/Program blocks/OP010/10_Device/23_Kistler/Kistler2/DB_maXYmosNC2.xml,EXPORT/Program blocks/OP010/03_Auto/B_Press/ST10_Flow14_B2Press.xml:ST10_Flow14_B2Press:FlgNet
DB_maXYmosNC2.InputMessages.StatusBits.SEQUENCE-END,DB_maXYmosNC2,1,0,0,1,ST10_Flow14_B2Press,0,,EXPORT/Program blocks/OP010/10_Device/23_Kistler/Kistler2/DB_maXYmosNC2.xml,EXPORT/Program blocks/OP010/03_Auto/B_Press/ST10_Flow14_B2Press.xml:ST10_Flow14_B2Press:FlgNet
DB_maXYmosNC2.InputMessages.StatusBits.UNI,DB_maXYmosNC2,0,0,1,1,ST10_Flow14_B2Press,0,,EXPORT/Program blocks/OP010/10_Device/23_Kistler/Kistler2/DB_maXYmosNC2.xml,EXPORT/Program blocks/OP010/03_Auto/B_Press/ST10_Flow14_B2Press.xml:ST10_Flow14_B2Press:FlgNet
DB_maXYmosNC2.ProgNo,DB_maXYmosNC2,0,0,10,1,KistlerPresser_Main,0,,EXPORT/Program blocks/OP010/10_Device/23_Kistler/Kistler2/DB_maXYmosNC2.xml,EXPORT/Program blocks/OP010/10_Device/23_Kistler/KistlerPresser_Main.xml:KistlerPresser_Main:FlgNet
DB_maXYmosNC2.StartCycle,DB_maXYmosNC2,1,0,0,1,KistlerPresser_Main,0,,EXPORT/Program blocks/OP010/10_Device/23_Kistler/Kistler2/DB_maXYmosNC2.xml,EXPORT/Program blocks/OP010/10_Device/23_Kistler/KistlerPresser_Main.xml:KistlerPresser_Main:FlgNet
DB_maXYmosNC2.oError,DB_maXYmosNC2,3,0,0,1,ST10_Alarm,0,,EXPORT/Program blocks/OP010/10_Device/23_Kistler/Kistler2/DB_maXYmosNC2.xml,EXPORT/Program blocks/OP010/05_Alarm/ST10_Alarm.xml:ST10_Alarm:FlgNet
DB_maXYmosNC2.oInHomePos,DB_maXYmosNC2,6,0,0,1,ST10_Flow14_B2Press,0,,EXPORT/Program blocks/OP010/10_Device/23_Kistler/Kistler2/DB_maXYmosNC2.xml,EXPORT/Program blocks/OP010/03_Auto/B_Press/ST10_Flow14_B2Press.xml:ST10_Flow14_B2Press:FlgNet
DB_maXYmosNC2.oRdyAmp,DB_maXYmosNC2,2,0,0,1,ST10_Flow14_B2Press,0,,EXPORT/Program blocks/OP010/10_Device/23_Kistler/Kistler2/DB_maXYmosNC2.xml,EXPORT/Program blocks/OP010/03_Auto/B_Press/ST10_Flow14_B2Press.xml:ST10_Flow14_B2Press:FlgNet
DB_maXYmosNC2.oRdyCmd,DB_maXYmosNC2,1,0,0,1,ST10_Flow14_B2Press,0,,EXPORT/Program blocks/OP010/10_Device/23_Kistler/Kistler2/DB_maXYmosNC2.xml,EXPORT/Program blocks/OP010/03_Auto/B_Press/ST10_Flow14_B2Press.xml:ST10_Flow14_B2Press:FlgNet
DB_maXYmosNC2.oRunSeq,DB_maXYmosNC2,1,0,0,1,ST10_Flow14_B2Press,0,,EXPORT/Program blocks/OP010/10_Device/23_Kistler/Kistler2/DB_maXYmosNC2.xml,EXPORT/Program blocks/OP010/03_Auto/B_Press/ST10_Flow14_B2Press.xml:ST10_Flow14_B2Press:FlgNet
DT-Chars_DB.OTimeStr,DT-Chars_DB,0,0,7,1,MES,0,,EXPORT/Program blocks/OP010/11_MES/DT-Chars_DB.xml,EXPORT/Program blocks/OP010/11_MES/MES.xml:MES:FlgNet
Debug.Bypass,Debug,0,1,0,1,fbV90Ctrl,0,,EXPORT/Program blocks/OP010/10_Device/25_V90/Debug.xml,EXPORT/Program blocks/OP010/10_Device/25_V90/V90_Standard/fbV90Ctrl.xml:fbV90Ctrl:FlgNet
DiagnosticDataBlock.DP.Status,DiagnosticDataBlock,1,0,0,1,ST10_Alarm,0,,EXPORT/Program blocks/02_Comm/03-Diagnosis/DiagnosticDataBlock.xml,EXPORT/Program blocks/OP010/05_Alarm/ST10_Alarm.xml:ST10_Alarm:FlgNet
DiagnosticDataBlock.Profinet.PNReadStatus,DiagnosticDataBlock,0,1,0,1,01_OB1,0,,EXPORT/Program blocks/02_Comm/03-Diagnosis/DiagnosticDataBlock.xml,EXPORT/Program blocks/01_OB/01_OB1.xml:01_OB1:FlgNet
DiagnosticDataBlock.Profinet.Status,DiagnosticDataBlock,24,0,0,1,ST10_Alarm,0,,EXPORT/Program blocks/02_Comm/03-Diagnosis/DiagnosticDataBlock.xml,EXPORT/Program blocks/OP010/05_Alarm/ST10_Alarm.xml:ST10_Alarm:FlgNet
GluingControl.Control.Auto_Start,GluingControl,5,2,0,1,Gluing,0,,EXPORT/Program blocks/OP010/10_Device/28_Gluing/GluingControl.xml,EXPORT/Program blocks/OP010/10_Device/28_Gluing/Gluing.xml:Gluing:FlgNet
GluingControl.Control.Auto_Y,GluingControl,0,1,0,1,Gluing,0,,EXPORT/Program blocks/OP010/10_Device/28_Gluing/GluingControl.xml,EXPORT/Program blocks/OP010/10_Device/28_Gluing/Gluing.xml:Gluing:FlgNet
GluingControl.Control.Auto_Z,GluingControl,0,1,0,1,Gluing,0,,EXPORT/Program blocks/OP010/10_Device/28_Gluing/GluingControl.xml,EXPORT/Program blocks/OP010/10_Device/28_Gluing/Gluing.xml:Gluing:FlgNet
GluingControl.Control.ManualTestStartGlue,GluingControl,1,1,0,1,Gluing,1,GluingControl_Control_ManualTestStartGlue,EXPORT/Program blocks/OP010/10_Device/28_Gluing/GluingControl.xml,EXPORT/Program blocks/OP010/10_Device/28_Gluing/Gluing.xml:Gluing:FlgNet
GluingControl.Control.ManualTest_X,GluingControl,2,3,0,1,Gluing,1,GluingControl_Control_ManualTest_X,EXPORT/Program blocks/OP010/10_Device/28_Gluing/GluingControl.xml,EXPORT/Program blocks/OP010/10_Device/28_Gluing/Gluing.xml:Gluing:FlgNet
GluingControl.Control.Manual_X,GluingControl,1,1,0,1,Gluing,1,GluingControl_Control_Manual_X,EXPORT/Program blocks/OP010/10_Device/28_Gluing/GluingControl.xml,EXPORT/Program blocks/OP010/10_Device/28_Gluing/Gluing.xml:Gluing:FlgNet
GluingControl.Control.Manual_Y,GluingControl,1,1,0,1,Gluing,1,GluingControl_Control_Manual_Y,EXPORT/Program blocks/OP010/10_Device/28_Gluing/GluingControl.xml,EXPORT/Program blocks/OP010/10_Device/28_Gluing/Gluing.xml:Gluing:FlgNet
GluingControl.Control.Manual_Z,GluingControl,1,1,0,1,Gluing,1,GluingControl_Control_Manual_Z,EXPORT/Program blocks/OP010/10_Device/28_Gluing/GluingControl.xml,EXPORT/Program blocks/OP010/10_Device/28_Gluing/Gluing.xml:Gluing:FlgNet
GluingControl.GlueCalibratonMode,GluingControl,3,1,0,1,Gluing,1,GluingControl_GlueCalibraton,EXPORT/Program blocks/OP010/10_Device/28_Gluing/GluingControl.xml,EXPORT/Program blocks/OP010/10_Device/28_Gluing/Gluing.xml:Gluing:FlgNet
GluingControl.GlueInitiaStart,GluingControl,1,0,0,1,Gluing,0,,EXPORT/Program blocks/OP010/10_Device/28_Gluing/GluingControl.xml,EXPORT/Program blocks/OP010/10_Device/28_Gluing/Gluing.xml:Gluing:FlgNet
GluingControl.Output.GluingPro_Y,GluingControl,1,1,0,1,Gluing,1,GluingControl_Output_GluingPro_Y,EXPORT/Program blocks/OP010/10_Device/28_Gluing/GluingControl.xml,EXPORT/Program blocks/OP010/10_Device/28_Gluing/Gluing.xml:Gluing:StructuredText | EXPORT/Program blocks/OP010/10_Device/28_Gluing/Gluing.xml:Gluing:FlgNet
GluingControl.Output.GluingPro_Z,GluingControl,1,1,0,1,Gluing,1,GluingControl_Output_GluingPro_Z,EXPORT/Program blocks/OP010/10_Device/28_Gluing/GluingControl.xml,EXPORT/Program blocks/OP010/10_Device/28_Gluing/Gluing.xml:Gluing:StructuredText | EXPORT/Program blocks/OP010/10_Device/28_Gluing/Gluing.xml:Gluing:FlgNet
GluingControl.Output.GluingReset,GluingControl,1,1,0,1,Gluing,1,GluingControl_Output_GluingReset,EXPORT/Program blocks/OP010/10_Device/28_Gluing/GluingControl.xml,EXPORT/Program blocks/OP010/10_Device/28_Gluing/Gluing.xml:Gluing:StructuredText | EXPORT/Program blocks/OP010/10_Device/28_Gluing/Gluing.xml:Gluing:FlgNet
GluingControl.P,GluingControl,0,0,1,1,Gluing,0,,EXPORT/Program blocks/OP010/10_Device/28_Gluing/GluingControl.xml,EXPORT/Program blocks/OP010/10_Device/28_Gluing/Gluing.xml:Gluing:FlgNet
GluingControl.TON.ET,GluingControl,0,0,1,1,Gluing,0,,EXPORT/Program blocks/OP010/10_Device/28_Gluing/GluingControl.xml,EXPORT/Program blocks/OP010/10_Device/28_Gluing/Gluing.xml:Gluing:FlgNet
GluingControl.TON.Q,GluingControl,3,0,0,1,Gluing,0,,EXPORT/Program blocks/OP010/10_Device/28_Gluing/GluingControl.xml,EXPORT/Program blocks/OP010/10_Device/28_Gluing/Gluing.xml:Gluing:FlgNet
HMISystemDB.HMI_Axis.INPUT.Axis_ID,HMISystemDB,11,10,0,1,Axis_FB,0,,EXPORT/Program blocks/OP010/10_Device/22_IAI/HMISystemDB.xml,EXPORT/Program blocks/OP010/10_Device/22_IAI/Axis_FB.xml:Axis_FB:StructuredText
HMISystemDB.HMI_Axis.INPUT.Enable,HMISystemDB,1,0,0,1,Axis_FB,0,,EXPORT/Program blocks/OP010/10_Device/22_IAI/HMISystemDB.xml,EXPORT/Program blocks/OP010/10_Device/22_IAI/Axis_FB.xml:Axis_FB:StructuredText
HMISystemDB.HMI_Axis.INPUT.Homing,HMISystemDB,1,0,0,1,Axis_FB,0,,EXPORT/Program blocks/OP010/10_Device/22_IAI/HMISystemDB.xml,EXPORT/Program blocks/OP010/10_Device/22_IAI/Axis_FB.xml:Axis_FB:StructuredText
HMISystemDB.HMI_Axis.INPUT.Jog+,HMISystemDB,1,0,0,1,Axis_FB,0,,EXPORT/Program blocks/OP010/10_Device/22_IAI/HMISystemDB.xml,EXPORT/Program blocks/OP010/10_Device/22_IAI/Axis_FB.xml:Axis_FB:StructuredText
HMISystemDB.HMI_Axis.INPUT.Jog-,HMISystemDB,1,0,0,1,Axis_FB,0,,EXPORT/Program blocks/OP010/10_Device/22_IAI/HMISystemDB.xml,EXPORT/Program blocks/OP010/10_Device/22_IAI/Axis_FB.xml:Axis_FB:StructuredText
HMISystemDB.HMI_Axis.INPUT.ListPosID,HMISystemDB,2,0,0,1,Axis_FB,0,,EXPORT/Program blocks/OP010/10_Device/22_IAI/HMISystemDB.xml,EXPORT/Program blocks/OP010/10_Device/22_IAI/Axis_FB.xml:Axis_FB:StructuredText
HMISystemDB.HMI_Axis.INPUT.ListTrigger,HMISystemDB,1,0,0,1,Axis_FB,0,,EXPORT/Program blocks/OP010/10_Device/22_IAI/HMISystemDB.xml,EXPORT/Program blocks/OP010/10_Device/22_IAI/Axis_FB.xml:Axis_FB:StructuredText
HMISystemDB.HMI_Axis.INPUT.SimplyPos,HMISystemDB,1,1,0,1,Axis_FB,0,,EXPORT/Program blocks/OP010/10_Device/22_IAI/HMISystemDB.xml,EXPORT/Program blocks/OP010/10_Device/22_IAI/Axis_FB.xml:Axis_FB:StructuredText
HMISystemDB.HMI_Axis.INPUT.SimplyTrigger,HMISystemDB,1,0,0,1,Axis_FB,0,,EXPORT/Program blocks/OP010/10_Device/22_IAI/HMISystemDB.xml,EXPORT/Program blocks/OP010/10_Device/22_IAI/Axis_FB.xml:Axis_FB:StructuredText
HMISystemDB.HMI_Axis.INPUT.Speed,HMISystemDB,1,0,0,1,Axis_FB,0,,EXPORT/Program blocks/OP010/10_Device/22_IAI/HMISystemDB.xml,EXPORT/Program blocks/OP010/10_Device/22_IAI/Axis_FB.xml:Axis_FB:StructuredText
HMISystemDB.HMI_Axis.INPUT.Stop,HMISystemDB,1,0,0,1,Axis_FB,0,,EXPORT/Program blocks/OP010/10_Device/22_IAI/HMISystemDB.xml,EXPORT/Program blocks/OP010/10_Device/22_IAI/Axis_FB.xml:Axis_FB:StructuredText
HMISystemDB.HMI_Axis.OUTPUT.Alarm,HMISystemDB,0,1,0,1,Axis_FB,0,,EXPORT/Program blocks/OP010/10_Device/22_IAI/HMISystemDB.xml,EXPORT/Program blocks/OP010/10_Device/22_IAI/Axis_FB.xml:Axis_FB:StructuredText
HMISystemDB.HMI_Axis.OUTPUT.CurrentPosition,HMISystemDB,0,1,0,1,Axis_FB,0,,EXPORT/Program blocks/OP010/10_Device/22_IAI/HMISystemDB.xml,EXPORT/Program blocks/OP010/10_Device/22_IAI/Axis_FB.xml:Axis_FB:StructuredText
HMISystemDB.HMI_Axis.OUTPUT.CurrentSpeed,HMISystemDB,0,1,0,1,Axis_FB,0,,EXPORT/Program blocks/OP010/10_Device/22_IAI/HMISystemDB.xml,EXPORT/Program blocks/OP010/10_Device/22_IAI/Axis_FB.xml:Axis_FB:StructuredText
HMISystemDB.HMI_Axis.OUTPUT.Enable,HMISystemDB,0,1,0,1,Axis_FB,0,,EXPORT/Program blocks/OP010/10_Device/22_IAI/HMISystemDB.xml,EXPORT/Program blocks/OP010/10_Device/22_IAI/Axis_FB.xml:Axis_FB:StructuredText
HMISystemDB.HMI_Axis.OUTPUT.Interference,HMISystemDB,0,1,0,1,Axis_FB,0,,EXPORT/Program blocks/OP010/10_Device/22_IAI/HMISystemDB.xml,EXPORT/Program blocks/OP010/10_Device/22_IAI/Axis_FB.xml:Axis_FB:StructuredText
HMISystemDB.HMI_Axis.OUTPUT.MAX_Axis,HMISystemDB,0,1,0,1,Axis_FB,0,,EXPORT/Program blocks/OP010/10_Device/22_IAI/HMISystemDB.xml,EXPORT/Program blocks/OP010/10_Device/22_IAI/Axis_FB.xml:Axis_FB:StructuredText
HMISystemDB.HMI_Axis.OUTPUT.Ready,HMISystemDB,0,1,0,1,Axis_FB,0,,EXPORT/Program blocks/OP010/10_Device/22_IAI/HMISystemDB.xml,EXPORT/Program blocks/OP010/10_Device/22_IAI/Axis_FB.xml:Axis_FB:StructuredText
HMISystemDB.HMI_Axis.OUTPUT.Reference Point,HMISystemDB,0,1,0,1,Axis_FB,0,,EXPORT/Program blocks/OP010/10_Device/22_IAI/HMISystemDB.xml,EXPORT/Program blocks/OP010/10_Device/22_IAI/Axis_FB.xml:Axis_FB:StructuredText
HMISystemDB.HMI_Axis.OUTPUT.RunEnd,HMISystemDB,0,1,0,1,Axis_FB,0,,EXPORT/Program blocks/OP010/10_Device/22_IAI/HMISystemDB.xml,EXPORT/Program blocks/OP010/10_Device/22_IAI/Axis_FB.xml:Axis_FB:StructuredText
HMISystemDB.HMI_Axis.OUTPUT.TargetPosition,HMISystemDB,0,1,0,1,Axis_FB,0,,EXPORT/Program blocks/OP010/10_Device/22_IAI/HMISystemDB.xml,EXPORT/Program blocks/OP010/10_Device/22_IAI/Axis_FB.xml:Axis_FB:StructuredText
HMISystemDB.HMI_Axis.OUTPUT.Warming,HMISystemDB,0,1,0,1,Axis_FB,0,,EXPORT/Program blocks/OP010/10_Device/22_IAI/HMISystemDB.xml,EXPORT/Program blocks/OP010/10_Device/22_IAI/Axis_FB.xml:Axis_FB:StructuredText
IAI_A1.Auto.Index,IAI_A1,1,0,0,1,IAI_Position,0,,EXPORT/Program blocks/OP010/10_Device/22_IAI/IAI_A1.xml,EXPORT/Program blocks/OP010/10_Device/22_IAI/IAI_Position.xml:IAI_Position:StructuredText
IAI_A2.Auto.Index,IAI_A2,1,0,0,1,IAI_Position,0,,EXPORT/Program blocks/OP010/10_Device/22_IAI/IAI_A2.xml,EXPORT/Program blocks/OP010/10_Device/22_IAI/IAI_Position.xml:IAI_Position:StructuredText
IAI_A3.Auto.Index,IAI_A3,1,0,0,1,IAI_Position,0,,EXPORT/Program blocks/OP010/10_Device/22_IAI/IAI_A3.xml,EXPORT/Program blocks/OP010/10_Device/22_IAI/IAI_Position.xml:IAI_Position:StructuredText
J-magnet Loading _CCW,J-magnet Loading _CCW,0,1,0,1,Motorr,0,,EXPORT/PLC tags/IO/PLCIO_DQ.xml,EXPORT/Program blocks/OP010/10_Device/31_Motor_1/Motorr.xml:Motorr:StructuredText
J-magnet Loading _CW,J-magnet Loading _CW,0,1,0,1,Motorr,0,,EXPORT/PLC tags/IO/PLCIO_DQ.xml,EXPORT/Program blocks/OP010/10_Device/31_Motor_1/Motorr.xml:Motorr:StructuredText
J-magnet Take _CW,J-magnet Take _CW,0,1,0,1,Motorr,0,,EXPORT/PLC tags/IO/PLCIO_DQ.xml,EXPORT/Program blocks/OP010/10_Device/31_Motor_1/Motorr.xml:Motorr:StructuredText
K-Loading _CCW,K-Loading _CCW,0,1,0,1,Motorr,0,,EXPORT/PLC tags/IO/PLCIO_DQ.xml,EXPORT/Program blocks/OP010/10_Device/31_Motor_1/Motorr.xml:Motorr:StructuredText
K-Loading _CW,K-Loading _CW,0,1,0,1,Motorr,0,,EXPORT/PLC tags/IO/PLCIO_DQ.xml,EXPORT/Program blocks/OP010/10_Device/31_Motor_1/Motorr.xml:Motorr:StructuredText
K-Take _CW,K-Take _CW,0,1,0,1,Motorr,0,,EXPORT/PLC tags/IO/PLCIO_DQ.xml,EXPORT/Program blocks/OP010/10_Device/31_Motor_1/Motorr.xml:Motorr:StructuredText
K-reservePalletEmptyCheck4,K-reservePalletEmptyCheck4,3,0,0,1,ST10_Flow27_KReserveLoad&Unload,0,,EXPORT/PLC tags/IO/RemoteIO_DI_2.xml,EXPORT/Program blocks/OP010/03_Auto/L_Unload/K_ReserveLifting&Load&Unload/ST10_Flow27_KReserveLoad&Unload.xml:ST10_Flow27_KReserveLoad&Unload:FlgNet
KeyenceSR1000Ctrl_800A1DB.oError,KeyenceSR1000Ctrl_800A1DB,1,0,0,1,ST10_Alarm,0,,EXPORT/Program blocks/OP010/10_Device/18_SR1000 Scan/KeyenceSR1000Ctrl_800A1DB.xml,EXPORT/Program blocks/OP010/05_Alarm/ST10_Alarm.xml:ST10_Alarm:FlgNet
KeyenceSR1000Ctrl_800A1DB.sHMI.Indata.ReadComplete,KeyenceSR1000Ctrl_800A1DB,8,0,0,1,ST10_Flow1_A1TableScan,0,,EXPORT/Program blocks/OP010/10_Device/18_SR1000 Scan/KeyenceSR1000Ctrl_800A1DB.xml,EXPORT/Program blocks/OP010/03_Auto/A1_TableLoad&Scan/ST10_Flow1_A1TableScan.xml:ST10_Flow1_A1TableScan:FlgNet
KeyenceSR1000Ctrl_800A1DB.sHMI.Status.Complete,KeyenceSR1000Ctrl_800A1DB,8,0,0,1,ST10_Flow1_A1TableScan,0,,EXPORT/Program blocks/OP010/10_Device/18_SR1000 Scan/KeyenceSR1000Ctrl_800A1DB.xml,EXPORT/Program blocks/OP010/03_Auto/A1_TableLoad&Scan/ST10_Flow1_A1TableScan.xml:ST10_Flow1_A1TableScan:FlgNet
KeyenceSR1000Ctrl_800A1DB.sHMI.Status.ReadNok,KeyenceSR1000Ctrl_800A1DB,8,0,0,1,ST10_Flow1_A1TableScan,0,,EXPORT/Program blocks/OP010/10_Device/18_SR1000 Scan/KeyenceSR1000Ctrl_800A1DB.xml,EXPORT/Program blocks/OP010/03_Auto/A1_TableLoad&Scan/ST10_Flow1_A1TableScan.xml:ST10_Flow1_A1TableScan:FlgNet
KeyenceSR1000Ctrl_800A1DB.sHMI.Status.ReadOk,KeyenceSR1000Ctrl_800A1DB,8,0,0,1,ST10_Flow1_A1TableScan,0,,EXPORT/Program blocks/OP010/10_Device/18_SR1000 Scan/KeyenceSR1000Ctrl_800A1DB.xml,EXPORT/Program blocks/OP010/03_Auto/A1_TableLoad&Scan/ST10_Flow1_A1TableScan.xml:ST10_Flow1_A1TableScan:FlgNet
KeyenceSR1000Ctrl_800A1DB.sHMI.Status.Ready,KeyenceSR1000Ctrl_800A1DB,16,0,0,1,ST10_Flow1_A1TableScan,0,,EXPORT/Program blocks/OP010/10_Device/18_SR1000 Scan/KeyenceSR1000Ctrl_800A1DB.xml,EXPORT/Program blocks/OP010/03_Auto/A1_TableLoad&Scan/ST10_Flow1_A1TableScan.xml:ST10_Flow1_A1TableScan:FlgNet
KeyenceSR1000Ctrl_801A1DB.oError,KeyenceSR1000Ctrl_801A1DB,1,0,0,1,ST10_Alarm,0,,EXPORT/Program blocks/OP010/10_Device/18_SR1000 Scan/KeyenceSR1000Ctrl_801A1DB.xml,EXPORT/Program blocks/OP010/05_Alarm/ST10_Alarm.xml:ST10_Alarm:FlgNet
KeyenceSR1000Ctrl_801A1DB.sHMI.Status.Complete,KeyenceSR1000Ctrl_801A1DB,16,0,0,1,ST10_Flow3_A1RotaryShaftScan,0,,EXPORT/Program blocks/OP010/10_Device/18_SR1000 Scan/KeyenceSR1000Ctrl_801A1DB.xml,EXPORT/Program blocks/OP010/03_Auto/A1_TableLoad&Scan/ST10_Flow3_A1RotaryShaftScan.xml:ST10_Flow3_A1RotaryShaftScan:FlgNet
KeyenceSR1000Ctrl_801A1DB.sHMI.Status.ReadNok,KeyenceSR1000Ctrl_801A1DB,8,0,0,1,ST10_Flow3_A1RotaryShaftScan,0,,EXPORT/Program blocks/OP010/10_Device/18_SR1000 Scan/KeyenceSR1000Ctrl_801A1DB.xml,EXPORT/Program blocks/OP010/03_Auto/A1_TableLoad&Scan/ST10_Flow3_A1RotaryShaftScan.xml:ST10_Flow3_A1RotaryShaftScan:FlgNet
KeyenceSR1000Ctrl_801A1DB.sHMI.Status.ReadOk,KeyenceSR1000Ctrl_801A1DB,8,0,0,1,ST10_Flow3_A1RotaryShaftScan,0,,EXPORT/Program blocks/OP010/10_Device/18_SR1000 Scan/KeyenceSR1000Ctrl_801A1DB.xml,EXPORT/Program blocks/OP010/03_Auto/A1_TableLoad&Scan/ST10_Flow3_A1RotaryShaftScan.xml:ST10_Flow3_A1RotaryShaftScan:FlgNet
KeyenceSR1000Ctrl_801A1DB.sHMI.Status.Ready,KeyenceSR1000Ctrl_801A1DB,16,0,0,1,ST10_Flow3_A1RotaryShaftScan,0,,EXPORT/Program blocks/OP010/10_Device/18_SR1000 Scan/KeyenceSR1000Ctrl_801A1DB.xml,EXPORT/Program blocks/OP010/03_Auto/A1_TableLoad&Scan/ST10_Flow3_A1RotaryShaftScan.xml:ST10_Flow3_A1RotaryShaftScan:FlgNet
KeyenceSR1000Ctrl_802A1DB.sHMI.Indata.ReadComplete,KeyenceSR1000Ctrl_802A1DB,8,0,0,1,ST10_Flow11_A2TableScan,0,,EXPORT/Program blocks/OP010/10_Device/18_SR1000 Scan/KeyenceSR1000Ctrl_802A1DB.xml,EXPORT/Program blocks/OP010/03_Auto/A2_TableLoad&Scan/ST10_Flow11_A2TableScan.xml:ST10_Flow11_A2TableScan:FlgNet
KeyenceSR1000Ctrl_802A1DB.sHMI.Status.Complete,KeyenceSR1000Ctrl_802A1DB,8,0,0,1,ST10_Flow11_A2TableScan,0,,EXPORT/Program blocks/OP010/10_Device/18_SR1000 Scan/KeyenceSR1000Ctrl_802A1DB.xml,EXPORT/Program blocks/OP010/03_Auto/A2_TableLoad&Scan/ST10_Flow11_A2TableScan.xml:ST10_Flow11_A2TableScan:FlgNet
KeyenceSR1000Ctrl_802A1DB.sHMI.Status.ReadNok,KeyenceSR1000Ctrl_802A1DB,8,0,0,1,ST10_Flow11_A2TableScan,0,,EXPORT/Program blocks/OP010/10_Device/18_SR1000 Scan/KeyenceSR1000Ctrl_802A1DB.xml,EXPORT/Program blocks/OP010/03_Auto/A2_TableLoad&Scan/ST10_Flow11_A2TableScan.xml:ST10_Flow11_A2TableScan:FlgNet
KeyenceSR1000Ctrl_802A1DB.sHMI.Status.ReadOk,KeyenceSR1000Ctrl_802A1DB,8,0,0,1,ST10_Flow11_A2TableScan,0,,EXPORT/Program blocks/OP010/10_Device/18_SR1000 Scan/KeyenceSR1000Ctrl_802A1DB.xml,EXPORT/Program blocks/OP010/03_Auto/A2_TableLoad&Scan/ST10_Flow11_A2TableScan.xml:ST10_Flow11_A2TableScan:FlgNet
KeyenceSR1000Ctrl_802A1DB.sHMI.Status.Ready,KeyenceSR1000Ctrl_802A1DB,16,0,0,1,ST10_Flow11_A2TableScan,0,,EXPORT/Program blocks/OP010/10_Device/18_SR1000 Scan/KeyenceSR1000Ctrl_802A1DB.xml,EXPORT/Program blocks/OP010/03_Auto/A2_TableLoad&Scan/ST10_Flow11_A2TableScan.xml:ST10_Flow11_A2TableScan:FlgNet
KeyenceSR1000Ctrl_803A1DB.sHMI.Status.ReadNok,KeyenceSR1000Ctrl_803A1DB,1,0,0,1,ST10_Flow15_FRobot_3,0,,EXPORT/Program blocks/OP010/10_Device/18_SR1000 Scan/KeyenceSR1000Ctrl_803A1DB.xml,EXPORT/Program blocks/OP010/03_Auto/F_Robot/ST10_Flow15_FRobot_3.xml:ST10_Flow15_FRobot_3:FlgNet
KeyenceSR1000Ctrl_803A1DB.sHMI.Status.ReadOk,KeyenceSR1000Ctrl_803A1DB,1,0,0,1,ST10_Flow15_FRobot_3,0,,EXPORT/Program blocks/OP010/10_Device/18_SR1000 Scan/KeyenceSR1000Ctrl_803A1DB.xml,EXPORT/Program blocks/OP010/03_Auto/F_Robot/ST10_Flow15_FRobot_3.xml:ST10_Flow15_FRobot_3:FlgNet
KeyenceSR1000Ctrl_804A1DB.oError,KeyenceSR1000Ctrl_804A1DB,1,0,0,1,ST10_Alarm,0,,EXPORT/Program blocks/OP010/10_Device/18_SR1000 Scan/KeyenceSR1000Ctrl_804A1DB.xml,EXPORT/Program blocks/OP010/05_Alarm/ST10_Alarm.xml:ST10_Alarm:FlgNet
KeyenceSR1000Ctrl_804A1DB.sHMI.Status.ReadNok,KeyenceSR1000Ctrl_804A1DB,3,0,0,1,ST10_Flow5_FRobot_1,0,,EXPORT/Program blocks/OP010/10_Device/18_SR1000 Scan/KeyenceSR1000Ctrl_804A1DB.xml,EXPORT/Program blocks/OP010/03_Auto/F_Robot/ST10_Flow5_FRobot_1.xml:ST10_Flow5_FRobot_1:FlgNet | EXPORT/Program blocks/OP010/03_Auto/F_Robot/ST10_Flow5_FRobot_1_01092026_152002.xml:ST10_Flow5_FRobot_1:FlgNet | EXPORT/Program blocks/OP010/03_Auto/F_Robot/ST10_Flow5_FRobot_1_01092026_152004.xml:ST10_Flow5_FRobot_1:FlgNet
KeyenceSR1000Ctrl_804A1DB.sHMI.Status.ReadOk,KeyenceSR1000Ctrl_804A1DB,3,0,0,1,ST10_Flow5_FRobot_1,0,,EXPORT/Program blocks/OP010/10_Device/18_SR1000 Scan/KeyenceSR1000Ctrl_804A1DB.xml,EXPORT/Program blocks/OP010/03_Auto/F_Robot/ST10_Flow5_FRobot_1.xml:ST10_Flow5_FRobot_1:FlgNet | EXPORT/Program blocks/OP010/03_Auto/F_Robot/ST10_Flow5_FRobot_1_01092026_152002.xml:ST10_Flow5_FRobot_1:FlgNet | EXPORT/Program blocks/OP010/03_Auto/F_Robot/ST10_Flow5_FRobot_1_01092026_152004.xml:ST10_Flow5_FRobot_1:FlgNet
KeyenceSR1000Ctrl_805A1DB.oError,KeyenceSR1000Ctrl_805A1DB,1,0,0,1,ST10_Alarm,0,,EXPORT/Program blocks/OP010/10_Device/18_SR1000 Scan/KeyenceSR1000Ctrl_805A1DB.xml,EXPORT/Program blocks/OP010/05_Alarm/ST10_Alarm.xml:ST10_Alarm:FlgNet
KeyenceSR1000Ctrl_805A1DB.sHMI.Status.Complete,KeyenceSR1000Ctrl_805A1DB,6,0,0,1,ST10_Flow6_ToolCodeScan,0,,EXPORT/Program blocks/OP010/10_Device/18_SR1000 Scan/KeyenceSR1000Ctrl_805A1DB.xml,EXPORT/Program blocks/OP010/03_Auto/01ChangeOver/ST10_Flow6_ToolCodeScan.xml:ST10_Flow6_ToolCodeScan:FlgNet
KeyenceSR1000Ctrl_805A1DB.sHMI.Status.Ready,KeyenceSR1000Ctrl_805A1DB,12,0,0,1,ST10_Flow6_ToolCodeScan,0,,EXPORT/Program blocks/OP010/10_Device/18_SR1000 Scan/KeyenceSR1000Ctrl_805A1DB.xml,EXPORT/Program blocks/OP010/03_Auto/01ChangeOver/ST10_Flow6_ToolCodeScan.xml:ST10_Flow6_ToolCodeScan:FlgNet
KeyenceSR1000Ctrl_806A1DB.oError,KeyenceSR1000Ctrl_806A1DB,1,0,0,1,ST10_Alarm,0,,EXPORT/Program blocks/OP010/10_Device/18_SR1000 Scan/KeyenceSR1000Ctrl_806A1DB.xml,EXPORT/Program blocks/OP010/05_Alarm/ST10_Alarm.xml:ST10_Alarm:FlgNet
KeyenceSR1000Ctrl_806A1DB.sHMI.Status.ReadNok,KeyenceSR1000Ctrl_806A1DB,1,0,0,1,ST10_Flow8_FRobot_2,0,,EXPORT/Program blocks/OP010/10_Device/18_SR1000 Scan/KeyenceSR1000Ctrl_806A1DB.xml,EXPORT/Program blocks/OP010/03_Auto/F_Robot/ST10_Flow8_FRobot_2.xml:ST10_Flow8_FRobot_2:FlgNet
KeyenceSR1000Ctrl_806A1DB.sHMI.Status.ReadOk,KeyenceSR1000Ctrl_806A1DB,1,0,0,1,ST10_Flow8_FRobot_2,0,,EXPORT/Program blocks/OP010/10_Device/18_SR1000 Scan/KeyenceSR1000Ctrl_806A1DB.xml,EXPORT/Program blocks/OP010/03_Auto/F_Robot/ST10_Flow8_FRobot_2.xml:ST10_Flow8_FRobot_2:FlgNet
KeyenceSR1000Ctrl_807A1DB.sHMI.Status.Complete,KeyenceSR1000Ctrl_807A1DB,5,0,0,1,ST10_Flow6_ToolCodeScan,0,,EXPORT/Program blocks/OP010/10_Device/18_SR1000 Scan/KeyenceSR1000Ctrl_807A1DB.xml,EXPORT/Program blocks/OP010/03_Auto/01ChangeOver/ST10_Flow6_ToolCodeScan.xml:ST10_Flow6_ToolCodeScan:FlgNet
KeyenceSR1000Ctrl_807A1DB.sHMI.Status.Ready,KeyenceSR1000Ctrl_807A1DB,10,0,0,1,ST10_Flow6_ToolCodeScan,0,,EXPORT/Program blocks/OP010/10_Device/18_SR1000 Scan/KeyenceSR1000Ctrl_807A1DB.xml,EXPORT/Program blocks/OP010/03_Auto/01ChangeOver/ST10_Flow6_ToolCodeScan.xml:ST10_Flow6_ToolCodeScan:FlgNet
KistlerPressData1.Data,KistlerPressData1,1,0,0,1,KistlerPresser_Main,0,,EXPORT/Program blocks/OP010/10_Device/23_Kistler/Kistler1/KistlerPressData1.xml,EXPORT/Program blocks/OP010/10_Device/23_Kistler/KistlerPresser_Main.xml:KistlerPresser_Main:FlgNet
KistlerPressData1.Data.EO01.pvXMin-X,KistlerPressData1,0,0,1,1,KistlerPresser_Main,0,,EXPORT/Program blocks/OP010/10_Device/23_Kistler/Kistler1/KistlerPressData1.xml,EXPORT/Program blocks/OP010/10_Device/23_Kistler/KistlerPresser_Main.xml:KistlerPresser_Main:FlgNet
KistlerPressData1.Data.EO01.pvXMin-Y,KistlerPressData1,0,0,1,1,KistlerPresser_Main,0,,EXPORT/Program blocks/OP010/10_Device/23_Kistler/Kistler1/KistlerPressData1.xml,EXPORT/Program blocks/OP010/10_Device/23_Kistler/KistlerPresser_Main.xml:KistlerPresser_Main:FlgNet
KistlerPressData1.Data.EO02.pvXMax-X,KistlerPressData1,0,0,1,1,KistlerPresser_Main,0,,EXPORT/Program blocks/OP010/10_Device/23_Kistler/Kistler1/KistlerPressData1.xml,EXPORT/Program blocks/OP010/10_Device/23_Kistler/KistlerPresser_Main.xml:KistlerPresser_Main:FlgNet
KistlerPressData1.Data.EO02.pvXMax-Y,KistlerPressData1,0,0,1,1,KistlerPresser_Main,0,,EXPORT/Program blocks/OP010/10_Device/23_Kistler/Kistler1/KistlerPressData1.xml,EXPORT/Program blocks/OP010/10_Device/23_Kistler/KistlerPresser_Main.xml:KistlerPresser_Main:FlgNet
KistlerPressData1.ManualPro,KistlerPressData1,0,0,2,1,KistlerPresser_Main,1,KistlerPressData1_ManualPro,EXPORT/Program blocks/OP010/10_Device/23_Kistler/Kistler1/KistlerPressData1.xml,EXPORT/Program blocks/OP010/10_Device/23_Kistler/KistlerPresser_Main.xml:KistlerPresser_Main:FlgNet
KistlerPressData1.iWritePressData,KistlerPressData1,1,0,0,1,KistlerPresser_Main,0,,EXPORT/Program blocks/OP010/10_Device/23_Kistler/Kistler1/KistlerPressData1.xml,EXPORT/Program blocks/OP010/10_Device/23_Kistler/KistlerPresser_Main.xml:KistlerPresser_Main:FlgNet
KistlerPressData2.Data,KistlerPressData2,1,0,0,1,KistlerPresser_Main,0,,EXPORT/Program blocks/OP010/10_Device/23_Kistler/Kistler2/KistlerPressData2.xml,EXPORT/Program blocks/OP010/10_Device/23_Kistler/KistlerPresser_Main.xml:KistlerPresser_Main:FlgNet
KistlerPressData2.Data.EO01.pvXMin-X,KistlerPressData2,0,0,1,1,KistlerPresser_Main,0,,EXPORT/Program blocks/OP010/10_Device/23_Kistler/Kistler2/KistlerPressData2.xml,EXPORT/Program blocks/OP010/10_Device/23_Kistler/KistlerPresser_Main.xml:KistlerPresser_Main:FlgNet
KistlerPressData2.Data.EO01.pvXMin-Y,KistlerPressData2,0,0,1,1,KistlerPresser_Main,0,,EXPORT/Program blocks/OP010/10_Device/23_Kistler/Kistler2/KistlerPressData2.xml,EXPORT/Program blocks/OP010/10_Device/23_Kistler/KistlerPresser_Main.xml:KistlerPresser_Main:FlgNet
KistlerPressData2.Data.EO02.pvXMax-X,KistlerPressData2,0,0,1,1,KistlerPresser_Main,0,,EXPORT/Program blocks/OP010/10_Device/23_Kistler/Kistler2/KistlerPressData2.xml,EXPORT/Program blocks/OP010/10_Device/23_Kistler/KistlerPresser_Main.xml:KistlerPresser_Main:FlgNet
KistlerPressData2.Data.EO02.pvXMax-Y,KistlerPressData2,0,0,1,1,KistlerPresser_Main,0,,EXPORT/Program blocks/OP010/10_Device/23_Kistler/Kistler2/KistlerPressData2.xml,EXPORT/Program blocks/OP010/10_Device/23_Kistler/KistlerPresser_Main.xml:KistlerPresser_Main:FlgNet
KistlerPressData2.ManualPro,KistlerPressData2,0,0,2,1,KistlerPresser_Main,1,KistlerPressData2_ManualPro,EXPORT/Program blocks/OP010/10_Device/23_Kistler/Kistler2/KistlerPressData2.xml,EXPORT/Program blocks/OP010/10_Device/23_Kistler/KistlerPresser_Main.xml:KistlerPresser_Main:FlgNet
KistlerPressData2.iWritePressData,KistlerPressData2,1,0,0,1,KistlerPresser_Main,0,,EXPORT/Program blocks/OP010/10_Device/23_Kistler/Kistler2/KistlerPressData2.xml,EXPORT/Program blocks/OP010/10_Device/23_Kistler/KistlerPresser_Main.xml:KistlerPresser_Main:FlgNet
KistlerPresser1_DB.HousingID_1,KistlerPresser1_DB,1,0,0,1,KistlerPresser_Main,0,,EXPORT/Program blocks/OP010/10_Device/23_Kistler/Kistler1/KistlerPresser1_DB.xml,EXPORT/Program blocks/OP010/10_Device/23_Kistler/KistlerPresser_Main.xml:KistlerPresser_Main:FlgNet
KistlerPresser1_DB.Shaft,KistlerPresser1_DB,1,0,1,1,KistlerPresser_Main,0,,EXPORT/Program blocks/OP010/10_Device/23_Kistler/Kistler1/KistlerPresser1_DB.xml,EXPORT/Program blocks/OP010/10_Device/23_Kistler/KistlerPresser_Main.xml:KistlerPresser_Main:FlgNet | EXPORT/Program blocks/OP010/10_Device/23_Kistler/KistlerPresser_Main.xml:KistlerPresser_Main:StructuredText
KistlerPresser1_DB.ShaftID,KistlerPresser1_DB,2,0,0,1,KistlerPresser_Main,0,,EXPORT/Program blocks/OP010/10_Device/23_Kistler/Kistler1/KistlerPresser1_DB.xml,EXPORT/Program blocks/OP010/10_Device/23_Kistler/KistlerPresser_Main.xml:KistlerPresser_Main:FlgNet | EXPORT/Program blocks/OP010/10_Device/23_Kistler/KistlerPresser_Main.xml:KistlerPresser_Main:StructuredText
KistlerPresser2_DB.HousingID_1,KistlerPresser2_DB,1,0,0,1,KistlerPresser_Main,0,,EXPORT/Program blocks/OP010/10_Device/23_Kistler/Kistler2/KistlerPresser2_DB.xml,EXPORT/Program blocks/OP010/10_Device/23_Kistler/KistlerPresser_Main.xml:KistlerPresser_Main:FlgNet
KistlerPresser2_DB.Shaft,KistlerPresser2_DB,1,0,1,1,KistlerPresser_Main,0,,EXPORT/Program blocks/OP010/10_Device/23_Kistler/Kistler2/KistlerPresser2_DB.xml,EXPORT/Program blocks/OP010/10_Device/23_Kistler/KistlerPresser_Main.xml:KistlerPresser_Main:FlgNet | EXPORT/Program blocks/OP010/10_Device/23_Kistler/KistlerPresser_Main.xml:KistlerPresser_Main:StructuredText
KistlerPresser2_DB.ShaftID,KistlerPresser2_DB,2,0,0,1,KistlerPresser_Main,0,,EXPORT/Program blocks/OP010/10_Device/23_Kistler/Kistler2/KistlerPresser2_DB.xml,EXPORT/Program blocks/OP010/10_Device/23_Kistler/KistlerPresser_Main.xml:KistlerPresser_Main:FlgNet | EXPORT/Program blocks/OP010/10_Device/23_Kistler/KistlerPresser_Main.xml:KistlerPresser_Main:StructuredText
KukaRobot1_CtrlDB.oError,KukaRobot1_CtrlDB,1,0,0,1,ST10_Alarm,0,,EXPORT/Program blocks/OP010/10_Device/24_Robot/KukaRobot1_CtrlDB.xml,EXPORT/Program blocks/OP010/05_Alarm/ST10_Alarm.xml:ST10_Alarm:FlgNet
KukaRobot1_CtrlDB.oReady,KukaRobot1_CtrlDB,3,0,0,1,ST10_Flow5_FRobot_1,0,,EXPORT/Program blocks/OP010/10_Device/24_Robot/KukaRobot1_CtrlDB.xml,EXPORT/Program blocks/OP010/03_Auto/F_Robot/ST10_Flow5_FRobot_1.xml:ST10_Flow5_FRobot_1:FlgNet | EXPORT/Program blocks/OP010/03_Auto/F_Robot/ST10_Flow5_FRobot_1_01092026_152002.xml:ST10_Flow5_FRobot_1:FlgNet | EXPORT/Program blocks/OP010/03_Auto/F_Robot/ST10_Flow5_FRobot_1_01092026_152004.xml:ST10_Flow5_FRobot_1:FlgNet
KukaRobot1_CtrlDB.oStartComplete,KukaRobot1_CtrlDB,6,0,0,1,ST10_Flow5_FRobot_1,0,,EXPORT/Program blocks/OP010/10_Device/24_Robot/KukaRobot1_CtrlDB.xml,EXPORT/Program blocks/OP010/03_Auto/F_Robot/ST10_Flow5_FRobot_1.xml:ST10_Flow5_FRobot_1:FlgNet | EXPORT/Program blocks/OP010/03_Auto/F_Robot/ST10_Flow5_FRobot_1_01092026_152002.xml:ST10_Flow5_FRobot_1:FlgNet | EXPORT/Program blocks/OP010/03_Auto/F_Robot/ST10_Flow5_FRobot_1_01092026_152004.xml:ST10_Flow5_FRobot_1:FlgNet
KukaRobot1_CtrlDB.sHMI.Error,KukaRobot1_CtrlDB,1,0,0,1,ST10_Alarm,0,,EXPORT/Program blocks/OP010/10_Device/24_Robot/KukaRobot1_CtrlDB.xml,EXPORT/Program blocks/OP010/05_Alarm/ST10_Alarm.xml:ST10_Alarm:FlgNet
KukaRobot1_CtrlDB.sHMI.GoHomeFail,KukaRobot1_CtrlDB,3,0,0,1,ST10_Flow5_FRobot_1,0,,EXPORT/Program blocks/OP010/10_Device/24_Robot/KukaRobot1_CtrlDB.xml,EXPORT/Program blocks/OP010/03_Auto/F_Robot/ST10_Flow5_FRobot_1.xml:ST10_Flow5_FRobot_1:FlgNet | EXPORT/Program blocks/OP010/03_Auto/F_Robot/ST10_Flow5_FRobot_1_01092026_152002.xml:ST10_Flow5_FRobot_1:FlgNet | EXPORT/Program blocks/OP010/03_Auto/F_Robot/ST10_Flow5_FRobot_1_01092026_152004.xml:ST10_Flow5_FRobot_1:FlgNet
KukaRobot1_CtrlDB.sHMI.HomeSeqOK,KukaRobot1_CtrlDB,6,0,0,1,ST10_Flow5_FRobot_1,0,,EXPORT/Program blocks/OP010/10_Device/24_Robot/KukaRobot1_CtrlDB.xml,EXPORT/Program blocks/OP010/03_Auto/F_Robot/ST10_Flow5_FRobot_1.xml:ST10_Flow5_FRobot_1:FlgNet | EXPORT/Program blocks/OP010/03_Auto/F_Robot/ST10_Flow5_FRobot_1_01092026_152002.xml:ST10_Flow5_FRobot_1:FlgNet | EXPORT/Program blocks/OP010/03_Auto/F_Robot/ST10_Flow5_FRobot_1_01092026_152004.xml:ST10_Flow5_FRobot_1:FlgNet
KukaRobot1_CtrlDB.sHMI.WaitForAutoCycleStart,KukaRobot1_CtrlDB,6,0,0,1,ST10_Flow5_FRobot_1,0,,EXPORT/Program blocks/OP010/10_Device/24_Robot/KukaRobot1_CtrlDB.xml,EXPORT/Program blocks/OP010/03_Auto/F_Robot/ST10_Flow5_FRobot_1.xml:ST10_Flow5_FRobot_1:FlgNet | EXPORT/Program blocks/OP010/03_Auto/F_Robot/ST10_Flow5_FRobot_1_01092026_152002.xml:ST10_Flow5_FRobot_1:FlgNet | EXPORT/Program blocks/OP010/03_Auto/F_Robot/ST10_Flow5_FRobot_1_01092026_152004.xml:ST10_Flow5_FRobot_1:FlgNet
KukaRobot1_CtrlDB.sPLCtoROB.User.Cycle.DI226_ScanPos1Complete,KukaRobot1_CtrlDB,3,0,0,1,ST10_Flow5_FRobot_1,0,,EXPORT/Program blocks/OP010/10_Device/24_Robot/KukaRobot1_CtrlDB.xml,EXPORT/Program blocks/OP010/03_Auto/F_Robot/ST10_Flow5_FRobot_1.xml:ST10_Flow5_FRobot_1:FlgNet | EXPORT/Program blocks/OP010/03_Auto/F_Robot/ST10_Flow5_FRobot_1_01092026_152002.xml:ST10_Flow5_FRobot_1:FlgNet | EXPORT/Program blocks/OP010/03_Auto/F_Robot/ST10_Flow5_FRobot_1_01092026_152004.xml:ST10_Flow5_FRobot_1:FlgNet
KukaRobot1_CtrlDB.sPLCtoROB.User.Cycle.DI227_ScanPos2Complete,KukaRobot1_CtrlDB,3,0,0,1,ST10_Flow5_FRobot_1,0,,EXPORT/Program blocks/OP010/10_Device/24_Robot/KukaRobot1_CtrlDB.xml,EXPORT/Program blocks/OP010/03_Auto/F_Robot/ST10_Flow5_FRobot_1.xml:ST10_Flow5_FRobot_1:FlgNet | EXPORT/Program blocks/OP010/03_Auto/F_Robot/ST10_Flow5_FRobot_1_01092026_152002.xml:ST10_Flow5_FRobot_1:FlgNet | EXPORT/Program blocks/OP010/03_Auto/F_Robot/ST10_Flow5_FRobot_1_01092026_152004.xml:ST10_Flow5_FRobot_1:FlgNet
KukaRobot1_CtrlDB.sPLCtoROB.User.Cycle.DI228_ScanPos3Complete,KukaRobot1_CtrlDB,3,0,0,1,ST10_Flow5_FRobot_1,0,,EXPORT/Program blocks/OP010/10_Device/24_Robot/KukaRobot1_CtrlDB.xml,EXPORT/Program blocks/OP010/03_Auto/F_Robot/ST10_Flow5_FRobot_1.xml:ST10_Flow5_FRobot_1:FlgNet | EXPORT/Program blocks/OP010/03_Auto/F_Robot/ST10_Flow5_FRobot_1_01092026_152002.xml:ST10_Flow5_FRobot_1:FlgNet | EXPORT/Program blocks/OP010/03_Auto/F_Robot/ST10_Flow5_FRobot_1_01092026_152004.xml:ST10_Flow5_FRobot_1:FlgNet
KukaRobot1_CtrlDB.sPLCtoROB.User.Cycle.DI229_ScanPos4Complete,KukaRobot1_CtrlDB,3,0,0,1,ST10_Flow5_FRobot_1,0,,EXPORT/Program blocks/OP010/10_Device/24_Robot/KukaRobot1_CtrlDB.xml,EXPORT/Program blocks/OP010/03_Auto/F_Robot/ST10_Flow5_FRobot_1.xml:ST10_Flow5_FRobot_1:FlgNet | EXPORT/Program blocks/OP010/03_Auto/F_Robot/ST10_Flow5_FRobot_1_01092026_152002.xml:ST10_Flow5_FRobot_1:FlgNet | EXPORT/Program blocks/OP010/03_Auto/F_Robot/ST10_Flow5_FRobot_1_01092026_152004.xml:ST10_Flow5_FRobot_1:FlgNet
KukaRobot1_CtrlDB.sPLCtoROB.User.Cycle.DI230_ScanPos5Complete,KukaRobot1_CtrlDB,3,0,0,1,ST10_Flow5_FRobot_1,0,,EXPORT/Program blocks/OP010/10_Device/24_Robot/KukaRobot1_CtrlDB.xml,EXPORT/Program blocks/OP010/03_Auto/F_Robot/ST10_Flow5_FRobot_1.xml:ST10_Flow5_FRobot_1:FlgNet | EXPORT/Program blocks/OP010/03_Auto/F_Robot/ST10_Flow5_FRobot_1_01092026_152002.xml:ST10_Flow5_FRobot_1:FlgNet | EXPORT/Program blocks/OP010/03_Auto/F_Robot/ST10_Flow5_FRobot_1_01092026_152004.xml:ST10_Flow5_FRobot_1:FlgNet
KukaRobot1_CtrlDB.sPLCtoROB.User.Cycle.DI261_RingScanReq,KukaRobot1_CtrlDB,3,0,0,1,ST10_Flow5_FRobot_1,0,,EXPORT/Program blocks/OP010/10_Device/24_Robot/KukaRobot1_CtrlDB.xml,EXPORT/Program blocks/OP010/03_Auto/F_Robot/ST10_Flow5_FRobot_1.xml:ST10_Flow5_FRobot_1:FlgNet | EXPORT/Program blocks/OP010/03_Auto/F_Robot/ST10_Flow5_FRobot_1_01092026_152002.xml:ST10_Flow5_FRobot_1:FlgNet | EXPORT/Program blocks/OP010/03_Auto/F_Robot/ST10_Flow5_FRobot_1_01092026_152004.xml:ST10_Flow5_FRobot_1:FlgNet
KukaRobot1_CtrlDB.sPLCtoROB.User.Cycle.DI306_ScanPartComplete,KukaRobot1_CtrlDB,9,0,0,1,ST10_Flow5_FRobot_1,0,,EXPORT/Program blocks/OP010/10_Device/24_Robot/KukaRobot1_CtrlDB.xml,EXPORT/Program blocks/OP010/03_Auto/F_Robot/ST10_Flow5_FRobot_1.xml:ST10_Flow5_FRobot_1:FlgNet | EXPORT/Program blocks/OP010/03_Auto/F_Robot/ST10_Flow5_FRobot_1_01092026_152002.xml:ST10_Flow5_FRobot_1:FlgNet | EXPORT/Program blocks/OP010/03_Auto/F_Robot/ST10_Flow5_FRobot_1_01092026_152004.xml:ST10_Flow5_FRobot_1:FlgNet
KukaRobot1_CtrlDB.sPLCtoROB.User.Gripper.DI129_Grip1WP,KukaRobot1_CtrlDB,0,1,0,1,ST10Cyl_interface11-20,0,,EXPORT/Program blocks/OP010/10_Device/24_Robot/KukaRobot1_CtrlDB.xml,EXPORT/Program blocks/OP010/10_Device/01_Cylinder/ST10Cyl_interface11-20.xml:ST10Cyl_interface11-20:StructuredText
KukaRobot1_CtrlDB.sPLCtoROB.User.Gripper.DI130_Grip1HP,KukaRobot1_CtrlDB,0,1,0,1,ST10Cyl_interface11-20,0,,EXPORT/Program blocks/OP010/10_Device/24_Robot/KukaRobot1_CtrlDB.xml,EXPORT/Program blocks/OP010/10_Device/01_Cylinder/ST10Cyl_interface11-20.xml:ST10Cyl_interface11-20:StructuredText
KukaRobot1_CtrlDB.sPLCtoROB.User.Gripper.DI131_Grip2WP,KukaRobot1_CtrlDB,0,1,0,1,ST10Cyl_interface11-20,0,,EXPORT/Program blocks/OP010/10_Device/24_Robot/KukaRobot1_CtrlDB.xml,EXPORT/Program blocks/OP010/10_Device/01_Cylinder/ST10Cyl_interface11-20.xml:ST10Cyl_interface11-20:StructuredText
KukaRobot1_CtrlDB.sPLCtoROB.User.Gripper.DI132_Grip2HP,KukaRobot1_CtrlDB,0,1,0,1,ST10Cyl_interface11-20,0,,EXPORT/Program blocks/OP010/10_Device/24_Robot/KukaRobot1_CtrlDB.xml,EXPORT/Program blocks/OP010/10_Device/01_Cylinder/ST10Cyl_interface11-20.xml:ST10Cyl_interface11-20:StructuredText
KukaRobot1_CtrlDB.sPLCtoROB.User.Home.DI170,KukaRobot1_CtrlDB,0,1,0,1,Robot,0,,EXPORT/Program blocks/OP010/10_Device/24_Robot/KukaRobot1_CtrlDB.xml,EXPORT/Program blocks/OP010/10_Device/24_Robot/Robot.xml:Robot:FlgNet
KukaRobot1_CtrlDB.sPLCtoROB.User.Home.DI177_NG1_1,KukaRobot1_CtrlDB,0,1,0,1,Robot,0,,EXPORT/Program blocks/OP010/10_Device/24_Robot/KukaRobot1_CtrlDB.xml,EXPORT/Program blocks/OP010/10_Device/24_Robot/Robot.xml:Robot:StructuredText
KukaRobot1_CtrlDB.sPLCtoROB.User.Home.DI178_NG1_2,KukaRobot1_CtrlDB,0,1,0,1,Robot,0,,EXPORT/Program blocks/OP010/10_Device/24_Robot/KukaRobot1_CtrlDB.xml,EXPORT/Program blocks/OP010/10_Device/24_Robot/Robot.xml:Robot:StructuredText
KukaRobot1_CtrlDB.sPLCtoROB.User.Home.DI179_NG1_3,KukaRobot1_CtrlDB,0,1,0,1,Robot,0,,EXPORT/Program blocks/OP010/10_Device/24_Robot/KukaRobot1_CtrlDB.xml,EXPORT/Program blocks/OP010/10_Device/24_Robot/Robot.xml:Robot:StructuredText
KukaRobot1_CtrlDB.sPLCtoROB.User.Home.DI180_NG1_4,KukaRobot1_CtrlDB,0,1,0,1,Robot,0,,EXPORT/Program blocks/OP010/10_Device/24_Robot/KukaRobot1_CtrlDB.xml,EXPORT/Program blocks/OP010/10_Device/24_Robot/Robot.xml:Robot:StructuredText
KukaRobot1_CtrlDB.sPLCtoROB.User.Home.DI181_NG1_5,KukaRobot1_CtrlDB,0,1,0,1,Robot,0,,EXPORT/Program blocks/OP010/10_Device/24_Robot/KukaRobot1_CtrlDB.xml,EXPORT/Program blocks/OP010/10_Device/24_Robot/Robot.xml:Robot:StructuredText
KukaRobot1_CtrlDB.sPLCtoROB.User.Home.DI182_NG2_1,KukaRobot1_CtrlDB,0,1,0,1,Robot,0,,EXPORT/Program blocks/OP010/10_Device/24_Robot/KukaRobot1_CtrlDB.xml,EXPORT/Program blocks/OP010/10_Device/24_Robot/Robot.xml:Robot:StructuredText
KukaRobot1_CtrlDB.sPLCtoROB.User.Home.DI183_NG2_2,KukaRobot1_CtrlDB,0,1,0,1,Robot,0,,EXPORT/Program blocks/OP010/10_Device/24_Robot/KukaRobot1_CtrlDB.xml,EXPORT/Program blocks/OP010/10_Device/24_Robot/Robot.xml:Robot:StructuredText
KukaRobot1_CtrlDB.sPLCtoROB.User.Home.DI184_NG2_3,KukaRobot1_CtrlDB,0,1,0,1,Robot,0,,EXPORT/Program blocks/OP010/10_Device/24_Robot/KukaRobot1_CtrlDB.xml,EXPORT/Program blocks/OP010/10_Device/24_Robot/Robot.xml:Robot:StructuredText
KukaRobot1_CtrlDB.sPLCtoROB.User.Home.DI185_NG2_4,KukaRobot1_CtrlDB,0,1,0,1,Robot,0,,EXPORT/Program blocks/OP010/10_Device/24_Robot/KukaRobot1_CtrlDB.xml,EXPORT/Program blocks/OP010/10_Device/24_Robot/Robot.xml:Robot:StructuredText
KukaRobot1_CtrlDB.sPLCtoROB.User.Home.DI186_NG2_5,KukaRobot1_CtrlDB,0,1,0,1,Robot,0,,EXPORT/Program blocks/OP010/10_Device/24_Robot/KukaRobot1_CtrlDB.xml,EXPORT/Program blocks/OP010/10_Device/24_Robot/Robot.xml:Robot:StructuredText
KukaRobot1_CtrlDB.sPLCtoROB.User.Home.DI187_NG3_1,KukaRobot1_CtrlDB,0,1,0,1,Robot,0,,EXPORT/Program blocks/OP010/10_Device/24_Robot/KukaRobot1_CtrlDB.xml,EXPORT/Program blocks/OP010/10_Device/24_Robot/Robot.xml:Robot:StructuredText
KukaRobot1_CtrlDB.sPLCtoROB.User.Home.DI188_NG3_2,KukaRobot1_CtrlDB,0,1,0,1,Robot,0,,EXPORT/Program blocks/OP010/10_Device/24_Robot/KukaRobot1_CtrlDB.xml,EXPORT/Program blocks/OP010/10_Device/24_Robot/Robot.xml:Robot:StructuredText
KukaRobot1_CtrlDB.sPLCtoROB.User.Home.DI189_NG3_3,KukaRobot1_CtrlDB,0,1,0,1,Robot,0,,EXPORT/Program blocks/OP010/10_Device/24_Robot/KukaRobot1_CtrlDB.xml,EXPORT/Program blocks/OP010/10_Device/24_Robot/Robot.xml:Robot:StructuredText
KukaRobot1_CtrlDB.sPLCtoROB.User.Home.DI190_NG3_4,KukaRobot1_CtrlDB,0,1,0,1,Robot,0,,EXPORT/Program blocks/OP010/10_Device/24_Robot/KukaRobot1_CtrlDB.xml,EXPORT/Program blocks/OP010/10_Device/24_Robot/Robot.xml:Robot:StructuredText
KukaRobot1_CtrlDB.sPLCtoROB.User.Home.DI191_NG3_5,KukaRobot1_CtrlDB,0,1,0,1,Robot,0,,EXPORT/Program blocks/OP010/10_Device/24_Robot/KukaRobot1_CtrlDB.xml,EXPORT/Program blocks/OP010/10_Device/24_Robot/Robot.xml:Robot:StructuredText
KukaRobot1_CtrlDB.sROBtoPLC.Sys.SO.ROB_STOPPED,KukaRobot1_CtrlDB,1,0,0,1,NG,0,,EXPORT/Program blocks/OP010/10_Device/24_Robot/KukaRobot1_CtrlDB.xml,EXPORT/Program blocks/OP010/10_Device/29_NG/NG.xml:NG:FlgNet
KukaRobot1_CtrlDB.sROBtoPLC.Sys.SO.T1,KukaRobot1_CtrlDB,1,0,0,1,Robot,0,,EXPORT/Program blocks/OP010/10_Device/24_Robot/KukaRobot1_CtrlDB.xml,EXPORT/Program blocks/OP010/10_Device/24_Robot/Robot.xml:Robot:FlgNet
KukaRobot1_CtrlDB.sROBtoPLC.Sys.SO.T2,KukaRobot1_CtrlDB,1,0,0,1,Robot,0,,EXPORT/Program blocks/OP010/10_Device/24_Robot/KukaRobot1_CtrlDB.xml,EXPORT/Program blocks/OP010/10_Device/24_Robot/Robot.xml:Robot:FlgNet
KukaRobot1_CtrlDB.sROBtoPLC.Sys.SO.USER_SAF,KukaRobot1_CtrlDB,1,0,0,1,Robot,0,,EXPORT/Program blocks/OP010/10_Device/24_Robot/KukaRobot1_CtrlDB.xml,EXPORT/Program blocks/OP010/10_Device/24_Robot/Robot.xml:Robot:FlgNet
KukaRobot1_CtrlDB.sROBtoPLC.User.Cycle.DO231_ScanPos6Reach,KukaRobot1_CtrlDB,1,0,0,1,ST10_Flow6_ToolCodeScan,0,,EXPORT/Program blocks/OP010/10_Device/24_Robot/KukaRobot1_CtrlDB.xml,EXPORT/Program blocks/OP010/03_Auto/01ChangeOver/ST10_Flow6_ToolCodeScan.xml:ST10_Flow6_ToolCodeScan:FlgNet
KukaRobot1_CtrlDB.sROBtoPLC.User.Cycle.DO262_RingScanFinish,KukaRobot1_CtrlDB,6,0,0,1,ST10_Flow5_FRobot_1,0,,EXPORT/Program blocks/OP010/10_Device/24_Robot/KukaRobot1_CtrlDB.xml,EXPORT/Program blocks/OP010/03_Auto/F_Robot/ST10_Flow5_FRobot_1.xml:ST10_Flow5_FRobot_1:FlgNet | EXPORT/Program blocks/OP010/03_Auto/F_Robot/ST10_Flow5_FRobot_1_01092026_152002.xml:ST10_Flow5_FRobot_1:FlgNet | EXPORT/Program blocks/OP010/03_Auto/F_Robot/ST10_Flow5_FRobot_1_01092026_152004.xml:ST10_Flow5_FRobot_1:FlgNet
KukaRobot1_CtrlDB.sROBtoPLC.User.Cycle.DO263_RingScanReach,KukaRobot1_CtrlDB,3,0,0,1,ST10_Flow5_FRobot_1,0,,EXPORT/Program blocks/OP010/10_Device/24_Robot/KukaRobot1_CtrlDB.xml,EXPORT/Program blocks/OP010/03_Auto/F_Robot/ST10_Flow5_FRobot_1.xml:ST10_Flow5_FRobot_1:FlgNet | EXPORT/Program blocks/OP010/03_Auto/F_Robot/ST10_Flow5_FRobot_1_01092026_152002.xml:ST10_Flow5_FRobot_1:FlgNet | EXPORT/Program blocks/OP010/03_Auto/F_Robot/ST10_Flow5_FRobot_1_01092026_152004.xml:ST10_Flow5_FRobot_1:FlgNet
KukaRobot1_CtrlDB.sROBtoPLC.User.Cycle.DO266_LoadNGFinish,KukaRobot1_CtrlDB,18,0,0,1,ST10_Flow5_FRobot_1,0,,EXPORT/Program blocks/OP010/10_Device/24_Robot/KukaRobot1_CtrlDB.xml,EXPORT/Program blocks/OP010/03_Auto/F_Robot/ST10_Flow5_FRobot_1.xml:ST10_Flow5_FRobot_1:FlgNet | EXPORT/Program blocks/OP010/03_Auto/F_Robot/ST10_Flow5_FRobot_1_01092026_152002.xml:ST10_Flow5_FRobot_1:FlgNet | EXPORT/Program blocks/OP010/03_Auto/F_Robot/ST10_Flow5_FRobot_1_01092026_152004.xml:ST10_Flow5_FRobot_1:FlgNet
KukaRobot1_CtrlDB.sROBtoPLC.User.Cycle.DO301_HomeFinish,KukaRobot1_CtrlDB,6,0,0,1,ST10_Flow5_FRobot_1,0,,EXPORT/Program blocks/OP010/10_Device/24_Robot/KukaRobot1_CtrlDB.xml,EXPORT/Program blocks/OP010/03_Auto/F_Robot/ST10_Flow5_FRobot_1.xml:ST10_Flow5_FRobot_1:FlgNet | EXPORT/Program blocks/OP010/03_Auto/F_Robot/ST10_Flow5_FRobot_1_01092026_152002.xml:ST10_Flow5_FRobot_1:FlgNet | EXPORT/Program blocks/OP010/03_Auto/F_Robot/ST10_Flow5_FRobot_1_01092026_152004.xml:ST10_Flow5_FRobot_1:FlgNet
KukaRobot1_CtrlDB.sROBtoPLC.User.Gripper.DO129_Grip1GoWork,KukaRobot1_CtrlDB,1,0,0,1,ST10Cyl_interface11-20,0,,EXPORT/Program blocks/OP010/10_Device/24_Robot/KukaRobot1_CtrlDB.xml,EXPORT/Program blocks/OP010/10_Device/01_Cylinder/ST10Cyl_interface11-20.xml:ST10Cyl_interface11-20:StructuredText
KukaRobot1_CtrlDB.sROBtoPLC.User.Gripper.DO130_Grip1GoHome,KukaRobot1_CtrlDB,1,0,0,1,ST10Cyl_interface11-20,0,,EXPORT/Program blocks/OP010/10_Device/24_Robot/KukaRobot1_CtrlDB.xml,EXPORT/Program blocks/OP010/10_Device/01_Cylinder/ST10Cyl_interface11-20.xml:ST10Cyl_interface11-20:StructuredText
KukaRobot1_CtrlDB.sROBtoPLC.User.Gripper.DO131_Grip2GoWork,KukaRobot1_CtrlDB,1,0,0,1,ST10Cyl_interface11-20,0,,EXPORT/Program blocks/OP010/10_Device/24_Robot/KukaRobot1_CtrlDB.xml,EXPORT/Program blocks/OP010/10_Device/01_Cylinder/ST10Cyl_interface11-20.xml:ST10Cyl_interface11-20:StructuredText
KukaRobot1_CtrlDB.sROBtoPLC.User.Gripper.DO132_Grip2GoHome,KukaRobot1_CtrlDB,1,0,0,1,ST10Cyl_interface11-20,0,,EXPORT/Program blocks/OP010/10_Device/24_Robot/KukaRobot1_CtrlDB.xml,EXPORT/Program blocks/OP010/10_Device/01_Cylinder/ST10Cyl_interface11-20.xml:ST10Cyl_interface11-20:StructuredText
KukaRobot1_CtrlDB.sROBtoPLC.User.Home.DO161_WaitForHomeSeqStart,KukaRobot1_CtrlDB,3,0,0,1,ST10_Flow5_FRobot_1,0,,EXPORT/Program blocks/OP010/10_Device/24_Robot/KukaRobot1_CtrlDB.xml,EXPORT/Program blocks/OP010/03_Auto/F_Robot/ST10_Flow5_FRobot_1.xml:ST10_Flow5_FRobot_1:FlgNet | EXPORT/Program blocks/OP010/03_Auto/F_Robot/ST10_Flow5_FRobot_1_01092026_152002.xml:ST10_Flow5_FRobot_1:FlgNet | EXPORT/Program blocks/OP010/03_Auto/F_Robot/ST10_Flow5_FRobot_1_01092026_152004.xml:ST10_Flow5_FRobot_1:FlgNet
KukaRobot1_CtrlDB.sROBtoPLC.User.Home.DO179_GlueArea,KukaRobot1_CtrlDB,1,0,0,1,ST10_Flow8_FRobot_2,0,,EXPORT/Program blocks/OP010/10_Device/24_Robot/KukaRobot1_CtrlDB.xml,EXPORT/Program blocks/OP010/03_Auto/F_Robot/ST10_Flow8_FRobot_2.xml:ST10_Flow8_FRobot_2:FlgNet
KukaRobot1_CtrlDB.sROBtoPLC.User.Public.GO5_RobGrip1Status,KukaRobot1_CtrlDB,0,0,24,1,ST10_Flow5_FRobot_1,0,,EXPORT/Program blocks/OP010/10_Device/24_Robot/KukaRobot1_CtrlDB.xml,EXPORT/Program blocks/OP010/03_Auto/F_Robot/ST10_Flow5_FRobot_1.xml:ST10_Flow5_FRobot_1:FlgNet | EXPORT/Program blocks/OP010/03_Auto/F_Robot/ST10_Flow5_FRobot_1_01092026_152002.xml:ST10_Flow5_FRobot_1:FlgNet | EXPORT/Program blocks/OP010/03_Auto/F_Robot/ST10_Flow5_FRobot_1_01092026_152004.xml:ST10_Flow5_FRobot_1:FlgNet
KukaRobot1_CtrlDB.sROBtoPLC.User.Public.GO6_RobGrip2Status,KukaRobot1_CtrlDB,0,0,9,1,ST10_Flow5_FRobot_1,0,,EXPORT/Program blocks/OP010/10_Device/24_Robot/KukaRobot1_CtrlDB.xml,EXPORT/Program blocks/OP010/03_Auto/F_Robot/ST10_Flow5_FRobot_1.xml:ST10_Flow5_FRobot_1:FlgNet | EXPORT/Program blocks/OP010/03_Auto/F_Robot/ST10_Flow5_FRobot_1_01092026_152002.xml:ST10_Flow5_FRobot_1:FlgNet | EXPORT/Program blocks/OP010/03_Auto/F_Robot/ST10_Flow5_FRobot_1_01092026_152004.xml:ST10_Flow5_FRobot_1:FlgNet
KukaRobot1_CtrlDB.sROBtoPLC.User.Public.GO_SpeedActual,KukaRobot1_CtrlDB,0,0,1,1,Robot,0,,EXPORT/Program blocks/OP010/10_Device/24_Robot/KukaRobot1_CtrlDB.xml,EXPORT/Program blocks/OP010/10_Device/24_Robot/Robot.xml:Robot:FlgNet
KukaRobot1_CtrlDB.sROBtoPLC.User.Safety.DO453,KukaRobot1_CtrlDB,6,0,0,1,ST10_Flow5_FRobot_1,0,,EXPORT/Program blocks/OP010/10_Device/24_Robot/KukaRobot1_CtrlDB.xml,EXPORT/Program blocks/OP010/03_Auto/F_Robot/ST10_Flow5_FRobot_1.xml:ST10_Flow5_FRobot_1:FlgNet | EXPORT/Program blocks/OP010/03_Auto/F_Robot/ST10_Flow5_FRobot_1_01092026_152002.xml:ST10_Flow5_FRobot_1:FlgNet | EXPORT/Program blocks/OP010/03_Auto/F_Robot/ST10_Flow5_FRobot_1_01092026_152004.xml:ST10_Flow5_FRobot_1:FlgNet
KukaRobot1_CtrlDB.sROBtoPLC.User.Safety.DO454,KukaRobot1_CtrlDB,3,0,0,1,ST10_Flow5_FRobot_1,0,,EXPORT/Program blocks/OP010/10_Device/24_Robot/KukaRobot1_CtrlDB.xml,EXPORT/Program blocks/OP010/03_Auto/F_Robot/ST10_Flow5_FRobot_1.xml:ST10_Flow5_FRobot_1:FlgNet | EXPORT/Program blocks/OP010/03_Auto/F_Robot/ST10_Flow5_FRobot_1_01092026_152002.xml:ST10_Flow5_FRobot_1:FlgNet | EXPORT/Program blocks/OP010/03_Auto/F_Robot/ST10_Flow5_FRobot_1_01092026_152004.xml:ST10_Flow5_FRobot_1:FlgNet
KukaRobot1_CtrlDB.sROBtoPLC.User.Safety.DO461,KukaRobot1_CtrlDB,3,0,0,1,ST10_Flow5_FRobot_1,0,,EXPORT/Program blocks/OP010/10_Device/24_Robot/KukaRobot1_CtrlDB.xml,EXPORT/Program blocks/OP010/03_Auto/F_Robot/ST10_Flow5_FRobot_1.xml:ST10_Flow5_FRobot_1:FlgNet | EXPORT/Program blocks/OP010/03_Auto/F_Robot/ST10_Flow5_FRobot_1_01092026_152002.xml:ST10_Flow5_FRobot_1:FlgNet | EXPORT/Program blocks/OP010/03_Auto/F_Robot/ST10_Flow5_FRobot_1_01092026_152004.xml:ST10_Flow5_FRobot_1:FlgNet
KukaRobot1_CtrlDB.sROBtoPLC.User.Safety.DO462,KukaRobot1_CtrlDB,6,0,0,1,ST10_Flow5_FRobot_1,0,,EXPORT/Program blocks/OP010/10_Device/24_Robot/KukaRobot1_CtrlDB.xml,EXPORT/Program blocks/OP010/03_Auto/F_Robot/ST10_Flow5_FRobot_1.xml:ST10_Flow5_FRobot_1:FlgNet | EXPORT/Program blocks/OP010/03_Auto/F_Robot/ST10_Flow5_FRobot_1_01092026_152002.xml:ST10_Flow5_FRobot_1:FlgNet | EXPORT/Program blocks/OP010/03_Auto/F_Robot/ST10_Flow5_FRobot_1_01092026_152004.xml:ST10_Flow5_FRobot_1:FlgNet
KukaRobot2_CtrlDB.oError,KukaRobot2_CtrlDB,1,0,0,1,ST10_Alarm,0,,EXPORT/Program blocks/OP010/10_Device/24_Robot/KukaRobot2_CtrlDB.xml,EXPORT/Program blocks/OP010/05_Alarm/ST10_Alarm.xml:ST10_Alarm:FlgNet
KukaRobot2_CtrlDB.oReady,KukaRobot2_CtrlDB,1,0,0,1,ST10_Flow8_FRobot_2,0,,EXPORT/Program blocks/OP010/10_Device/24_Robot/KukaRobot2_CtrlDB.xml,EXPORT/Program blocks/OP010/03_Auto/F_Robot/ST10_Flow8_FRobot_2.xml:ST10_Flow8_FRobot_2:FlgNet
KukaRobot2_CtrlDB.oStartComplete,KukaRobot2_CtrlDB,2,0,0,1,ST10_Flow8_FRobot_2,0,,EXPORT/Program blocks/OP010/10_Device/24_Robot/KukaRobot2_CtrlDB.xml,EXPORT/Program blocks/OP010/03_Auto/F_Robot/ST10_Flow8_FRobot_2.xml:ST10_Flow8_FRobot_2:FlgNet
KukaRobot2_CtrlDB.sHMI.Error,KukaRobot2_CtrlDB,1,0,0,1,ST10_Alarm,0,,EXPORT/Program blocks/OP010/10_Device/24_Robot/KukaRobot2_CtrlDB.xml,EXPORT/Program blocks/OP010/05_Alarm/ST10_Alarm.xml:ST10_Alarm:FlgNet
KukaRobot2_CtrlDB.sHMI.GoHomeFail,KukaRobot2_CtrlDB,1,0,0,1,ST10_Flow8_FRobot_2,0,,EXPORT/Program blocks/OP010/10_Device/24_Robot/KukaRobot2_CtrlDB.xml,EXPORT/Program blocks/OP010/03_Auto/F_Robot/ST10_Flow8_FRobot_2.xml:ST10_Flow8_FRobot_2:FlgNet
KukaRobot2_CtrlDB.sHMI.HomeSeqOK,KukaRobot2_CtrlDB,2,0,0,1,ST10_Flow8_FRobot_2,0,,EXPORT/Program blocks/OP010/10_Device/24_Robot/KukaRobot2_CtrlDB.xml,EXPORT/Program blocks/OP010/03_Auto/F_Robot/ST10_Flow8_FRobot_2.xml:ST10_Flow8_FRobot_2:FlgNet
KukaRobot2_CtrlDB.sHMI.WaitForAutoCycleStart,KukaRobot2_CtrlDB,2,0,0,1,ST10_Flow8_FRobot_2,0,,EXPORT/Program blocks/OP010/10_Device/24_Robot/KukaRobot2_CtrlDB.xml,EXPORT/Program blocks/OP010/03_Auto/F_Robot/ST10_Flow8_FRobot_2.xml:ST10_Flow8_FRobot_2:FlgNet
KukaRobot2_CtrlDB.sPLCtoROB.User.Cycle.DI306_ScanPartComplete,KukaRobot2_CtrlDB,4,0,0,1,ST10_Flow8_FRobot_2,0,,EXPORT/Program blocks/OP010/10_Device/24_Robot/KukaRobot2_CtrlDB.xml,EXPORT/Program blocks/OP010/03_Auto/F_Robot/ST10_Flow8_FRobot_2.xml:ST10_Flow8_FRobot_2:FlgNet
KukaRobot2_CtrlDB.sPLCtoROB.User.Gripper.DI129_Grip1WP,KukaRobot2_CtrlDB,0,1,0,1,ST10Cyl_interface11-20,0,,EXPORT/Program blocks/OP010/10_Device/24_Robot/KukaRobot2_CtrlDB.xml,EXPORT/Program blocks/OP010/10_Device/01_Cylinder/ST10Cyl_interface11-20.xml:ST10Cyl_interface11-20:StructuredText
KukaRobot2_CtrlDB.sPLCtoROB.User.Gripper.DI130_Grip1HP,KukaRobot2_CtrlDB,0,1,0,1,ST10Cyl_interface11-20,0,,EXPORT/Program blocks/OP010/10_Device/24_Robot/KukaRobot2_CtrlDB.xml,EXPORT/Program blocks/OP010/10_Device/01_Cylinder/ST10Cyl_interface11-20.xml:ST10Cyl_interface11-20:StructuredText
KukaRobot2_CtrlDB.sPLCtoROB.User.Gripper.DI131_Grip2WP,KukaRobot2_CtrlDB,0,1,0,1,ST10Cyl_interface11-20,0,,EXPORT/Program blocks/OP010/10_Device/24_Robot/KukaRobot2_CtrlDB.xml,EXPORT/Program blocks/OP010/10_Device/01_Cylinder/ST10Cyl_interface11-20.xml:ST10Cyl_interface11-20:StructuredText
KukaRobot2_CtrlDB.sPLCtoROB.User.Gripper.DI132_Grip2HP,KukaRobot2_CtrlDB,0,1,0,1,ST10Cyl_interface11-20,0,,EXPORT/Program blocks/OP010/10_Device/24_Robot/KukaRobot2_CtrlDB.xml,EXPORT/Program blocks/OP010/10_Device/01_Cylinder/ST10Cyl_interface11-20.xml:ST10Cyl_interface11-20:StructuredText
KukaRobot2_CtrlDB.sPLCtoROB.User.Home.DI170,KukaRobot2_CtrlDB,0,1,0,1,Robot,0,,EXPORT/Program blocks/OP010/10_Device/24_Robot/KukaRobot2_CtrlDB.xml,EXPORT/Program blocks/OP010/10_Device/24_Robot/Robot.xml:Robot:FlgNet
KukaRobot2_CtrlDB.sPLCtoROB.User.Home.DI171,KukaRobot2_CtrlDB,0,1,0,1,Robot,0,,EXPORT/Program blocks/OP010/10_Device/24_Robot/KukaRobot2_CtrlDB.xml,EXPORT/Program blocks/OP010/10_Device/24_Robot/Robot.xml:Robot:FlgNet
KukaRobot2_CtrlDB.sROBtoPLC.Sys.SO.I_O_ACTCONF,KukaRobot2_CtrlDB,3,0,0,1,ST10_Flow5_FRobot_1,0,,EXPORT/Program blocks/OP010/10_Device/24_Robot/KukaRobot2_CtrlDB.xml,EXPORT/Program blocks/OP010/03_Auto/F_Robot/ST10_Flow5_FRobot_1.xml:ST10_Flow5_FRobot_1:FlgNet | EXPORT/Program blocks/OP010/03_Auto/F_Robot/ST10_Flow5_FRobot_1_01092026_152002.xml:ST10_Flow5_FRobot_1:FlgNet | EXPORT/Program blocks/OP010/03_Auto/F_Robot/ST10_Flow5_FRobot_1_01092026_152004.xml:ST10_Flow5_FRobot_1:FlgNet
KukaRobot2_CtrlDB.sROBtoPLC.Sys.SO.T1,KukaRobot2_CtrlDB,1,0,0,1,Robot,0,,EXPORT/Program blocks/OP010/10_Device/24_Robot/KukaRobot2_CtrlDB.xml,EXPORT/Program blocks/OP010/10_Device/24_Robot/Robot.xml:Robot:FlgNet
KukaRobot2_CtrlDB.sROBtoPLC.Sys.SO.T2,KukaRobot2_CtrlDB,1,0,0,1,Robot,0,,EXPORT/Program blocks/OP010/10_Device/24_Robot/KukaRobot2_CtrlDB.xml,EXPORT/Program blocks/OP010/10_Device/24_Robot/Robot.xml:Robot:FlgNet
KukaRobot2_CtrlDB.sROBtoPLC.Sys.SO.USER_SAF,KukaRobot2_CtrlDB,1,0,0,1,Robot,0,,EXPORT/Program blocks/OP010/10_Device/24_Robot/KukaRobot2_CtrlDB.xml,EXPORT/Program blocks/OP010/10_Device/24_Robot/Robot.xml:Robot:FlgNet
KukaRobot2_CtrlDB.sROBtoPLC.User.Cycle.DO250_ScanNGPutFinish,KukaRobot2_CtrlDB,3,0,0,1,ST10_Flow8_FRobot_2,0,,EXPORT/Program blocks/OP010/10_Device/24_Robot/KukaRobot2_CtrlDB.xml,EXPORT/Program blocks/OP010/03_Auto/F_Robot/ST10_Flow8_FRobot_2.xml:ST10_Flow8_FRobot_2:FlgNet
KukaRobot2_CtrlDB.sROBtoPLC.User.Cycle.DO254_GlueNGPutFinish,KukaRobot2_CtrlDB,2,0,0,1,ST10_Flow8_FRobot_2,0,,EXPORT/Program blocks/OP010/10_Device/24_Robot/KukaRobot2_CtrlDB.xml,EXPORT/Program blocks/OP010/03_Auto/F_Robot/ST10_Flow8_FRobot_2.xml:ST10_Flow8_FRobot_2:FlgNet
KukaRobot2_CtrlDB.sROBtoPLC.User.Cycle.DO258_PickPartFinish,KukaRobot2_CtrlDB,2,0,0,1,ST10_Flow8_FRobot_2,0,,EXPORT/Program blocks/OP010/10_Device/24_Robot/KukaRobot2_CtrlDB.xml,EXPORT/Program blocks/OP010/03_Auto/F_Robot/ST10_Flow8_FRobot_2.xml:ST10_Flow8_FRobot_2:FlgNet
KukaRobot2_CtrlDB.sROBtoPLC.User.Cycle.DO262_ScanPartFinish,KukaRobot2_CtrlDB,2,0,0,1,ST10_Flow8_FRobot_2,0,,EXPORT/Program blocks/OP010/10_Device/24_Robot/KukaRobot2_CtrlDB.xml,EXPORT/Program blocks/OP010/03_Auto/F_Robot/ST10_Flow8_FRobot_2.xml:ST10_Flow8_FRobot_2:FlgNet
KukaRobot2_CtrlDB.sROBtoPLC.User.Cycle.DO263_ScanReach,KukaRobot2_CtrlDB,1,0,0,1,ST10_Flow8_FRobot_2,0,,EXPORT/Program blocks/OP010/10_Device/24_Robot/KukaRobot2_CtrlDB.xml,EXPORT/Program blocks/OP010/03_Auto/F_Robot/ST10_Flow8_FRobot_2.xml:ST10_Flow8_FRobot_2:FlgNet
KukaRobot2_CtrlDB.sROBtoPLC.User.Cycle.DO301_HomeFinish,KukaRobot2_CtrlDB,2,0,0,1,ST10_Flow8_FRobot_2,0,,EXPORT/Program blocks/OP010/10_Device/24_Robot/KukaRobot2_CtrlDB.xml,EXPORT/Program blocks/OP010/03_Auto/F_Robot/ST10_Flow8_FRobot_2.xml:ST10_Flow8_FRobot_2:FlgNet
KukaRobot2_CtrlDB.sROBtoPLC.User.Gripper.DO129_Grip1GoWork,KukaRobot2_CtrlDB,1,0,0,1,ST10Cyl_interface11-20,0,,EXPORT/Program blocks/OP010/10_Device/24_Robot/KukaRobot2_CtrlDB.xml,EXPORT/Program blocks/OP010/10_Device/01_Cylinder/ST10Cyl_interface11-20.xml:ST10Cyl_interface11-20:StructuredText
KukaRobot2_CtrlDB.sROBtoPLC.User.Gripper.DO130_Grip1GoHome,KukaRobot2_CtrlDB,1,0,0,1,ST10Cyl_interface11-20,0,,EXPORT/Program blocks/OP010/10_Device/24_Robot/KukaRobot2_CtrlDB.xml,EXPORT/Program blocks/OP010/10_Device/01_Cylinder/ST10Cyl_interface11-20.xml:ST10Cyl_interface11-20:StructuredText
KukaRobot2_CtrlDB.sROBtoPLC.User.Gripper.DO131_Grip2GoWork,KukaRobot2_CtrlDB,1,0,0,1,ST10Cyl_interface11-20,0,,EXPORT/Program blocks/OP010/10_Device/24_Robot/KukaRobot2_CtrlDB.xml,EXPORT/Program blocks/OP010/10_Device/01_Cylinder/ST10Cyl_interface11-20.xml:ST10Cyl_interface11-20:StructuredText
KukaRobot2_CtrlDB.sROBtoPLC.User.Gripper.DO132_Grip2GoHome,KukaRobot2_CtrlDB,1,0,0,1,ST10Cyl_interface11-20,0,,EXPORT/Program blocks/OP010/10_Device/24_Robot/KukaRobot2_CtrlDB.xml,EXPORT/Program blocks/OP010/10_Device/01_Cylinder/ST10Cyl_interface11-20.xml:ST10Cyl_interface11-20:StructuredText
KukaRobot2_CtrlDB.sROBtoPLC.User.Home.DO161_WaitForHomeSeqStart,KukaRobot2_CtrlDB,1,0,0,1,ST10_Flow8_FRobot_2,0,,EXPORT/Program blocks/OP010/10_Device/24_Robot/KukaRobot2_CtrlDB.xml,EXPORT/Program blocks/OP010/03_Auto/F_Robot/ST10_Flow8_FRobot_2.xml:ST10_Flow8_FRobot_2:FlgNet
KukaRobot2_CtrlDB.sROBtoPLC.User.Public.GO5_RobGrip1Status,KukaRobot2_CtrlDB,0,0,4,1,ST10_Flow8_FRobot_2,0,,EXPORT/Program blocks/OP010/10_Device/24_Robot/KukaRobot2_CtrlDB.xml,EXPORT/Program blocks/OP010/03_Auto/F_Robot/ST10_Flow8_FRobot_2.xml:ST10_Flow8_FRobot_2:FlgNet
KukaRobot2_CtrlDB.sROBtoPLC.User.Public.GO6_RobGrip2Status,KukaRobot2_CtrlDB,0,0,4,1,ST10_Flow8_FRobot_2,0,,EXPORT/Program blocks/OP010/10_Device/24_Robot/KukaRobot2_CtrlDB.xml,EXPORT/Program blocks/OP010/03_Auto/F_Robot/ST10_Flow8_FRobot_2.xml:ST10_Flow8_FRobot_2:FlgNet
KukaRobot2_CtrlDB.sROBtoPLC.User.Public.GO_SpeedActual,KukaRobot2_CtrlDB,0,0,2,1,Robot,0,,EXPORT/Program blocks/OP010/10_Device/24_Robot/KukaRobot2_CtrlDB.xml,EXPORT/Program blocks/OP010/10_Device/24_Robot/Robot.xml:Robot:FlgNet
KukaRobot2_CtrlDB.sROBtoPLC.User.Safety.DO453,KukaRobot2_CtrlDB,2,0,0,1,ST10_Flow8_FRobot_2,0,,EXPORT/Program blocks/OP010/10_Device/24_Robot/KukaRobot2_CtrlDB.xml,EXPORT/Program blocks/OP010/03_Auto/F_Robot/ST10_Flow8_FRobot_2.xml:ST10_Flow8_FRobot_2:FlgNet
KukaRobot2_CtrlDB.sROBtoPLC.User.Safety.DO454,KukaRobot2_CtrlDB,1,0,0,1,ST10_Flow8_FRobot_2,0,,EXPORT/Program blocks/OP010/10_Device/24_Robot/KukaRobot2_CtrlDB.xml,EXPORT/Program blocks/OP010/03_Auto/F_Robot/ST10_Flow8_FRobot_2.xml:ST10_Flow8_FRobot_2:FlgNet
KukaRobot2_CtrlDB.sROBtoPLC.User.Safety.DO461,KukaRobot2_CtrlDB,1,0,0,1,ST10_Flow8_FRobot_2,0,,EXPORT/Program blocks/OP010/10_Device/24_Robot/KukaRobot2_CtrlDB.xml,EXPORT/Program blocks/OP010/03_Auto/F_Robot/ST10_Flow8_FRobot_2.xml:ST10_Flow8_FRobot_2:FlgNet
KukaRobot2_CtrlDB.sROBtoPLC.User.Safety.DO462,KukaRobot2_CtrlDB,2,0,0,1,ST10_Flow8_FRobot_2,0,,EXPORT/Program blocks/OP010/10_Device/24_Robot/KukaRobot2_CtrlDB.xml,EXPORT/Program blocks/OP010/03_Auto/F_Robot/ST10_Flow8_FRobot_2.xml:ST10_Flow8_FRobot_2:FlgNet
KukaRobot3_CtrlDB.oError,KukaRobot3_CtrlDB,1,0,0,1,ST10_Alarm,0,,EXPORT/Program blocks/OP010/10_Device/24_Robot/KukaRobot3_CtrlDB.xml,EXPORT/Program blocks/OP010/05_Alarm/ST10_Alarm.xml:ST10_Alarm:FlgNet
KukaRobot3_CtrlDB.oReady,KukaRobot3_CtrlDB,1,0,0,1,ST10_Flow15_FRobot_3,0,,EXPORT/Program blocks/OP010/10_Device/24_Robot/KukaRobot3_CtrlDB.xml,EXPORT/Program blocks/OP010/03_Auto/F_Robot/ST10_Flow15_FRobot_3.xml:ST10_Flow15_FRobot_3:FlgNet
KukaRobot3_CtrlDB.oStartComplete,KukaRobot3_CtrlDB,2,0,0,1,ST10_Flow15_FRobot_3,0,,EXPORT/Program blocks/OP010/10_Device/24_Robot/KukaRobot3_CtrlDB.xml,EXPORT/Program blocks/OP010/03_Auto/F_Robot/ST10_Flow15_FRobot_3.xml:ST10_Flow15_FRobot_3:FlgNet
KukaRobot3_CtrlDB.sHMI.Error,KukaRobot3_CtrlDB,1,0,0,1,ST10_Alarm,0,,EXPORT/Program blocks/OP010/10_Device/24_Robot/KukaRobot3_CtrlDB.xml,EXPORT/Program blocks/OP010/05_Alarm/ST10_Alarm.xml:ST10_Alarm:FlgNet
KukaRobot3_CtrlDB.sHMI.GoHomeFail,KukaRobot3_CtrlDB,1,0,0,1,ST10_Flow15_FRobot_3,0,,EXPORT/Program blocks/OP010/10_Device/24_Robot/KukaRobot3_CtrlDB.xml,EXPORT/Program blocks/OP010/03_Auto/F_Robot/ST10_Flow15_FRobot_3.xml:ST10_Flow15_FRobot_3:FlgNet
KukaRobot3_CtrlDB.sHMI.HomeSeqOK,KukaRobot3_CtrlDB,2,0,0,1,ST10_Flow15_FRobot_3,0,,EXPORT/Program blocks/OP010/10_Device/24_Robot/KukaRobot3_CtrlDB.xml,EXPORT/Program blocks/OP010/03_Auto/F_Robot/ST10_Flow15_FRobot_3.xml:ST10_Flow15_FRobot_3:FlgNet
KukaRobot3_CtrlDB.sHMI.WaitForAutoCycleStart,KukaRobot3_CtrlDB,2,0,0,1,ST10_Flow15_FRobot_3,0,,EXPORT/Program blocks/OP010/10_Device/24_Robot/KukaRobot3_CtrlDB.xml,EXPORT/Program blocks/OP010/03_Auto/F_Robot/ST10_Flow15_FRobot_3.xml:ST10_Flow15_FRobot_3:FlgNet
KukaRobot3_CtrlDB.sPLCtoROB.User.Cycle.DI226_ScanPos1Complete,KukaRobot3_CtrlDB,1,0,0,1,ST10_Flow15_FRobot_3,0,,EXPORT/Program blocks/OP010/10_Device/24_Robot/KukaRobot3_CtrlDB.xml,EXPORT/Program blocks/OP010/03_Auto/F_Robot/ST10_Flow15_FRobot_3.xml:ST10_Flow15_FRobot_3:FlgNet
KukaRobot3_CtrlDB.sPLCtoROB.User.Cycle.DI227_ScanPos2Complete,KukaRobot3_CtrlDB,1,0,0,1,ST10_Flow15_FRobot_3,0,,EXPORT/Program blocks/OP010/10_Device/24_Robot/KukaRobot3_CtrlDB.xml,EXPORT/Program blocks/OP010/03_Auto/F_Robot/ST10_Flow15_FRobot_3.xml:ST10_Flow15_FRobot_3:FlgNet
KukaRobot3_CtrlDB.sPLCtoROB.User.Cycle.DI228_ScanPos3Complete,KukaRobot3_CtrlDB,1,0,0,1,ST10_Flow15_FRobot_3,0,,EXPORT/Program blocks/OP010/10_Device/24_Robot/KukaRobot3_CtrlDB.xml,EXPORT/Program blocks/OP010/03_Auto/F_Robot/ST10_Flow15_FRobot_3.xml:ST10_Flow15_FRobot_3:FlgNet
KukaRobot3_CtrlDB.sPLCtoROB.User.Cycle.DI229_ScanPos4Complete,KukaRobot3_CtrlDB,1,0,0,1,ST10_Flow15_FRobot_3,0,,EXPORT/Program blocks/OP010/10_Device/24_Robot/KukaRobot3_CtrlDB.xml,EXPORT/Program blocks/OP010/03_Auto/F_Robot/ST10_Flow15_FRobot_3.xml:ST10_Flow15_FRobot_3:FlgNet
KukaRobot3_CtrlDB.sPLCtoROB.User.Cycle.DI230_ScanPos5Complete,KukaRobot3_CtrlDB,1,0,0,1,ST10_Flow15_FRobot_3,0,,EXPORT/Program blocks/OP010/10_Device/24_Robot/KukaRobot3_CtrlDB.xml,EXPORT/Program blocks/OP010/03_Auto/F_Robot/ST10_Flow15_FRobot_3.xml:ST10_Flow15_FRobot_3:FlgNet
KukaRobot3_CtrlDB.sPLCtoROB.User.Cycle.DI231_ScanPos6Complete,KukaRobot3_CtrlDB,1,0,0,1,ST10_Flow15_FRobot_3,0,,EXPORT/Program blocks/OP010/10_Device/24_Robot/KukaRobot3_CtrlDB.xml,EXPORT/Program blocks/OP010/03_Auto/F_Robot/ST10_Flow15_FRobot_3.xml:ST10_Flow15_FRobot_3:FlgNet
KukaRobot3_CtrlDB.sPLCtoROB.User.Cycle.DI232_ScanPos7Complete,KukaRobot3_CtrlDB,1,0,0,1,ST10_Flow15_FRobot_3,0,,EXPORT/Program blocks/OP010/10_Device/24_Robot/KukaRobot3_CtrlDB.xml,EXPORT/Program blocks/OP010/03_Auto/F_Robot/ST10_Flow15_FRobot_3.xml:ST10_Flow15_FRobot_3:FlgNet
KukaRobot3_CtrlDB.sPLCtoROB.User.Cycle.DI306_ScanPartComplete,KukaRobot3_CtrlDB,3,0,0,1,ST10_Flow15_FRobot_3,0,,EXPORT/Program blocks/OP010/10_Device/24_Robot/KukaRobot3_CtrlDB.xml,EXPORT/Program blocks/OP010/03_Auto/F_Robot/ST10_Flow15_FRobot_3.xml:ST10_Flow15_FRobot_3:FlgNet
KukaRobot3_CtrlDB.sPLCtoROB.User.Gripper.DI129_Grip1WP,KukaRobot3_CtrlDB,0,1,0,1,ST10Cyl_interface11-20,0,,EXPORT/Program blocks/OP010/10_Device/24_Robot/KukaRobot3_CtrlDB.xml,EXPORT/Program blocks/OP010/10_Device/01_Cylinder/ST10Cyl_interface11-20.xml:ST10Cyl_interface11-20:StructuredText
KukaRobot3_CtrlDB.sPLCtoROB.User.Gripper.DI130_Grip1HP,KukaRobot3_CtrlDB,0,1,0,1,ST10Cyl_interface11-20,0,,EXPORT/Program blocks/OP010/10_Device/24_Robot/KukaRobot3_CtrlDB.xml,EXPORT/Program blocks/OP010/10_Device/01_Cylinder/ST10Cyl_interface11-20.xml:ST10Cyl_interface11-20:StructuredText
KukaRobot3_CtrlDB.sPLCtoROB.User.Gripper.DI131_Grip2WP,KukaRobot3_CtrlDB,0,1,0,1,ST10Cyl_interface11-20,0,,EXPORT/Program blocks/OP010/10_Device/24_Robot/KukaRobot3_CtrlDB.xml,EXPORT/Program blocks/OP010/10_Device/01_Cylinder/ST10Cyl_interface11-20.xml:ST10Cyl_interface11-20:StructuredText
KukaRobot3_CtrlDB.sPLCtoROB.User.Gripper.DI132_Grip2HP,KukaRobot3_CtrlDB,0,1,0,1,ST10Cyl_interface11-20,0,,EXPORT/Program blocks/OP010/10_Device/24_Robot/KukaRobot3_CtrlDB.xml,EXPORT/Program blocks/OP010/10_Device/01_Cylinder/ST10Cyl_interface11-20.xml:ST10Cyl_interface11-20:StructuredText
KukaRobot3_CtrlDB.sPLCtoROB.User.Gripper.DI133_PartOnGrip1,KukaRobot3_CtrlDB,0,1,0,1,Robot,0,,EXPORT/Program blocks/OP010/10_Device/24_Robot/KukaRobot3_CtrlDB.xml,EXPORT/Program blocks/OP010/10_Device/24_Robot/Robot.xml:Robot:FlgNet
KukaRobot3_CtrlDB.sPLCtoROB.User.Gripper.DI134_PartOnGrip2,KukaRobot3_CtrlDB,0,1,0,1,Robot,0,,EXPORT/Program blocks/OP010/10_Device/24_Robot/KukaRobot3_CtrlDB.xml,EXPORT/Program blocks/OP010/10_Device/24_Robot/Robot.xml:Robot:FlgNet
KukaRobot3_CtrlDB.sPLCtoROB.User.Home.DI170,KukaRobot3_CtrlDB,0,1,0,1,Robot,0,,EXPORT/Program blocks/OP010/10_Device/24_Robot/KukaRobot3_CtrlDB.xml,EXPORT/Program blocks/OP010/10_Device/24_Robot/Robot.xml:Robot:FlgNet
KukaRobot3_CtrlDB.sPLCtoROB.User.Home.DI177_PressNG1_1,KukaRobot3_CtrlDB,0,1,0,1,Robot,0,,EXPORT/Program blocks/OP010/10_Device/24_Robot/KukaRobot3_CtrlDB.xml,EXPORT/Program blocks/OP010/10_Device/24_Robot/Robot.xml:Robot:StructuredText
KukaRobot3_CtrlDB.sPLCtoROB.User.Home.DI178_PressNG1_2,KukaRobot3_CtrlDB,0,1,0,1,Robot,0,,EXPORT/Program blocks/OP010/10_Device/24_Robot/KukaRobot3_CtrlDB.xml,EXPORT/Program blocks/OP010/10_Device/24_Robot/Robot.xml:Robot:StructuredText
KukaRobot3_CtrlDB.sPLCtoROB.User.Home.DI179_PressNG1_3,KukaRobot3_CtrlDB,0,1,0,1,Robot,0,,EXPORT/Program blocks/OP010/10_Device/24_Robot/KukaRobot3_CtrlDB.xml,EXPORT/Program blocks/OP010/10_Device/24_Robot/Robot.xml:Robot:StructuredText
KukaRobot3_CtrlDB.sPLCtoROB.User.Home.DI180_PressNG1_4,KukaRobot3_CtrlDB,0,1,0,1,Robot,0,,EXPORT/Program blocks/OP010/10_Device/24_Robot/KukaRobot3_CtrlDB.xml,EXPORT/Program blocks/OP010/10_Device/24_Robot/Robot.xml:Robot:StructuredText
KukaRobot3_CtrlDB.sPLCtoROB.User.Home.DI181_PressNG1_5,KukaRobot3_CtrlDB,0,1,0,1,Robot,0,,EXPORT/Program blocks/OP010/10_Device/24_Robot/KukaRobot3_CtrlDB.xml,EXPORT/Program blocks/OP010/10_Device/24_Robot/Robot.xml:Robot:StructuredText
KukaRobot3_CtrlDB.sPLCtoROB.User.Home.DI182_GlueNG2_1,KukaRobot3_CtrlDB,0,1,0,1,Robot,0,,EXPORT/Program blocks/OP010/10_Device/24_Robot/KukaRobot3_CtrlDB.xml,EXPORT/Program blocks/OP010/10_Device/24_Robot/Robot.xml:Robot:StructuredText
KukaRobot3_CtrlDB.sPLCtoROB.User.Home.DI183_GlueNG2_2,KukaRobot3_CtrlDB,0,1,0,1,Robot,0,,EXPORT/Program blocks/OP010/10_Device/24_Robot/KukaRobot3_CtrlDB.xml,EXPORT/Program blocks/OP010/10_Device/24_Robot/Robot.xml:Robot:StructuredText
KukaRobot3_CtrlDB.sPLCtoROB.User.Home.DI184_GlueNG2_3,KukaRobot3_CtrlDB,0,1,0,1,Robot,0,,EXPORT/Program blocks/OP010/10_Device/24_Robot/KukaRobot3_CtrlDB.xml,EXPORT/Program blocks/OP010/10_Device/24_Robot/Robot.xml:Robot:StructuredText
KukaRobot3_CtrlDB.sPLCtoROB.User.Home.DI185_GlueNG2_4,KukaRobot3_CtrlDB,0,1,0,1,Robot,0,,EXPORT/Program blocks/OP010/10_Device/24_Robot/KukaRobot3_CtrlDB.xml,EXPORT/Program blocks/OP010/10_Device/24_Robot/Robot.xml:Robot:StructuredText
KukaRobot3_CtrlDB.sPLCtoROB.User.Home.DI186_GlueNG2_5,KukaRobot3_CtrlDB,0,1,0,1,Robot,0,,EXPORT/Program blocks/OP010/10_Device/24_Robot/KukaRobot3_CtrlDB.xml,EXPORT/Program blocks/OP010/10_Device/24_Robot/Robot.xml:Robot:StructuredText
KukaRobot3_CtrlDB.sPLCtoROB.User.Home.DI187_ScanNG3_1,KukaRobot3_CtrlDB,0,1,0,1,Robot,0,,EXPORT/Program blocks/OP010/10_Device/24_Robot/KukaRobot3_CtrlDB.xml,EXPORT/Program blocks/OP010/10_Device/24_Robot/Robot.xml:Robot:StructuredText
KukaRobot3_CtrlDB.sPLCtoROB.User.Home.DI188_ScanNG3_2,KukaRobot3_CtrlDB,0,1,0,1,Robot,0,,EXPORT/Program blocks/OP010/10_Device/24_Robot/KukaRobot3_CtrlDB.xml,EXPORT/Program blocks/OP010/10_Device/24_Robot/Robot.xml:Robot:StructuredText
KukaRobot3_CtrlDB.sPLCtoROB.User.Home.DI189_ScanNG3_3,KukaRobot3_CtrlDB,0,1,0,1,Robot,0,,EXPORT/Program blocks/OP010/10_Device/24_Robot/KukaRobot3_CtrlDB.xml,EXPORT/Program blocks/OP010/10_Device/24_Robot/Robot.xml:Robot:StructuredText
KukaRobot3_CtrlDB.sPLCtoROB.User.Home.DI190_ScanNG3_4,KukaRobot3_CtrlDB,0,1,0,1,Robot,0,,EXPORT/Program blocks/OP010/10_Device/24_Robot/KukaRobot3_CtrlDB.xml,EXPORT/Program blocks/OP010/10_Device/24_Robot/Robot.xml:Robot:StructuredText
KukaRobot3_CtrlDB.sPLCtoROB.User.Home.DI191_ScanNG3_5,KukaRobot3_CtrlDB,0,1,0,1,Robot,0,,EXPORT/Program blocks/OP010/10_Device/24_Robot/KukaRobot3_CtrlDB.xml,EXPORT/Program blocks/OP010/10_Device/24_Robot/Robot.xml:Robot:StructuredText
KukaRobot3_CtrlDB.sROBtoPLC.Sys.SO.ROB_STOPPED,KukaRobot3_CtrlDB,1,0,0,1,NG,0,,EXPORT/Program blocks/OP010/10_Device/24_Robot/KukaRobot3_CtrlDB.xml,EXPORT/Program blocks/OP010/10_Device/29_NG/NG.xml:NG:FlgNet
KukaRobot3_CtrlDB.sROBtoPLC.Sys.SO.T1,KukaRobot3_CtrlDB,1,0,0,1,Robot,0,,EXPORT/Program blocks/OP010/10_Device/24_Robot/KukaRobot3_CtrlDB.xml,EXPORT/Program blocks/OP010/10_Device/24_Robot/Robot.xml:Robot:FlgNet
KukaRobot3_CtrlDB.sROBtoPLC.Sys.SO.T2,KukaRobot3_CtrlDB,1,0,0,1,Robot,0,,EXPORT/Program blocks/OP010/10_Device/24_Robot/KukaRobot3_CtrlDB.xml,EXPORT/Program blocks/OP010/10_Device/24_Robot/Robot.xml:Robot:FlgNet
KukaRobot3_CtrlDB.sROBtoPLC.Sys.SO.USER_SAF,KukaRobot3_CtrlDB,1,0,0,1,Robot,0,,EXPORT/Program blocks/OP010/10_Device/24_Robot/KukaRobot3_CtrlDB.xml,EXPORT/Program blocks/OP010/10_Device/24_Robot/Robot.xml:Robot:FlgNet
KukaRobot3_CtrlDB.sROBtoPLC.User.Cycle.DO231_ScanPos6Reach,KukaRobot3_CtrlDB,1,0,0,1,ST10_Flow15_FRobot_3,0,,EXPORT/Program blocks/OP010/10_Device/24_Robot/KukaRobot3_CtrlDB.xml,EXPORT/Program blocks/OP010/03_Auto/F_Robot/ST10_Flow15_FRobot_3.xml:ST10_Flow15_FRobot_3:FlgNet
KukaRobot3_CtrlDB.sROBtoPLC.User.Cycle.DO232_ScanPos7Reach,KukaRobot3_CtrlDB,1,0,0,1,ST10_Flow15_FRobot_3,0,,EXPORT/Program blocks/OP010/10_Device/24_Robot/KukaRobot3_CtrlDB.xml,EXPORT/Program blocks/OP010/03_Auto/F_Robot/ST10_Flow15_FRobot_3.xml:ST10_Flow15_FRobot_3:FlgNet
KukaRobot3_CtrlDB.sROBtoPLC.User.Cycle.DO242_PickPalletFinish,KukaRobot3_CtrlDB,2,0,0,1,ST10_Flow15_FRobot_3,0,,EXPORT/Program blocks/OP010/10_Device/24_Robot/KukaRobot3_CtrlDB.xml,EXPORT/Program blocks/OP010/03_Auto/F_Robot/ST10_Flow15_FRobot_3.xml:ST10_Flow15_FRobot_3:FlgNet
KukaRobot3_CtrlDB.sROBtoPLC.User.Cycle.DO250_PickMagnetFinish,KukaRobot3_CtrlDB,2,0,0,1,ST10_Flow15_FRobot_3,0,,EXPORT/Program blocks/OP010/10_Device/24_Robot/KukaRobot3_CtrlDB.xml,EXPORT/Program blocks/OP010/03_Auto/F_Robot/ST10_Flow15_FRobot_3.xml:ST10_Flow15_FRobot_3:FlgNet
KukaRobot3_CtrlDB.sROBtoPLC.User.Cycle.DO254_PickGlueNGFinish,KukaRobot3_CtrlDB,2,0,0,1,ST10_Flow15_FRobot_3,0,,EXPORT/Program blocks/OP010/10_Device/24_Robot/KukaRobot3_CtrlDB.xml,EXPORT/Program blocks/OP010/03_Auto/F_Robot/ST10_Flow15_FRobot_3.xml:ST10_Flow15_FRobot_3:FlgNet
KukaRobot3_CtrlDB.sROBtoPLC.User.Cycle.DO262_ScanRingFinish,KukaRobot3_CtrlDB,2,0,0,1,ST10_Flow15_FRobot_3,0,,EXPORT/Program blocks/OP010/10_Device/24_Robot/KukaRobot3_CtrlDB.xml,EXPORT/Program blocks/OP010/03_Auto/F_Robot/ST10_Flow15_FRobot_3.xml:ST10_Flow15_FRobot_3:FlgNet
KukaRobot3_CtrlDB.sROBtoPLC.User.Cycle.DO263_ScanReach,KukaRobot3_CtrlDB,1,0,0,1,ST10_Flow15_FRobot_3,0,,EXPORT/Program blocks/OP010/10_Device/24_Robot/KukaRobot3_CtrlDB.xml,EXPORT/Program blocks/OP010/03_Auto/F_Robot/ST10_Flow15_FRobot_3.xml:ST10_Flow15_FRobot_3:FlgNet
KukaRobot3_CtrlDB.sROBtoPLC.User.Cycle.DO266_LoadNGFinish,KukaRobot3_CtrlDB,6,0,0,1,ST10_Flow15_FRobot_3,0,,EXPORT/Program blocks/OP010/10_Device/24_Robot/KukaRobot3_CtrlDB.xml,EXPORT/Program blocks/OP010/03_Auto/F_Robot/ST10_Flow15_FRobot_3.xml:ST10_Flow15_FRobot_3:FlgNet
KukaRobot3_CtrlDB.sROBtoPLC.User.Cycle.DO274_PressPutPart1Finish,KukaRobot3_CtrlDB,2,0,0,1,ST10_Flow15_FRobot_3,0,,EXPORT/Program blocks/OP010/10_Device/24_Robot/KukaRobot3_CtrlDB.xml,EXPORT/Program blocks/OP010/03_Auto/F_Robot/ST10_Flow15_FRobot_3.xml:ST10_Flow15_FRobot_3:FlgNet
KukaRobot3_CtrlDB.sROBtoPLC.User.Cycle.DO290_PutOkPartFinish,KukaRobot3_CtrlDB,2,0,0,1,ST10_Flow15_FRobot_3,0,,EXPORT/Program blocks/OP010/10_Device/24_Robot/KukaRobot3_CtrlDB.xml,EXPORT/Program blocks/OP010/03_Auto/F_Robot/ST10_Flow15_FRobot_3.xml:ST10_Flow15_FRobot_3:FlgNet
KukaRobot3_CtrlDB.sROBtoPLC.User.Gripper.DO129_Grip1GoWork,KukaRobot3_CtrlDB,1,0,0,1,ST10Cyl_interface11-20,0,,EXPORT/Program blocks/OP010/10_Device/24_Robot/KukaRobot3_CtrlDB.xml,EXPORT/Program blocks/OP010/10_Device/01_Cylinder/ST10Cyl_interface11-20.xml:ST10Cyl_interface11-20:StructuredText
KukaRobot3_CtrlDB.sROBtoPLC.User.Gripper.DO130_Grip1GoHome,KukaRobot3_CtrlDB,1,0,0,1,ST10Cyl_interface11-20,0,,EXPORT/Program blocks/OP010/10_Device/24_Robot/KukaRobot3_CtrlDB.xml,EXPORT/Program blocks/OP010/10_Device/01_Cylinder/ST10Cyl_interface11-20.xml:ST10Cyl_interface11-20:StructuredText
KukaRobot3_CtrlDB.sROBtoPLC.User.Gripper.DO131_Grip2GoWork,KukaRobot3_CtrlDB,1,0,0,1,ST10Cyl_interface11-20,0,,EXPORT/Program blocks/OP010/10_Device/24_Robot/KukaRobot3_CtrlDB.xml,EXPORT/Program blocks/OP010/10_Device/01_Cylinder/ST10Cyl_interface11-20.xml:ST10Cyl_interface11-20:StructuredText
KukaRobot3_CtrlDB.sROBtoPLC.User.Gripper.DO132_Grip2GoHome,KukaRobot3_CtrlDB,1,0,0,1,ST10Cyl_interface11-20,0,,EXPORT/Program blocks/OP010/10_Device/24_Robot/KukaRobot3_CtrlDB.xml,EXPORT/Program blocks/OP010/10_Device/01_Cylinder/ST10Cyl_interface11-20.xml:ST10Cyl_interface11-20:StructuredText
KukaRobot3_CtrlDB.sROBtoPLC.User.Home.DO161_WaitForHomeSeqStart,KukaRobot3_CtrlDB,1,0,0,1,ST10_Flow15_FRobot_3,0,,EXPORT/Program blocks/OP010/10_Device/24_Robot/KukaRobot3_CtrlDB.xml,EXPORT/Program blocks/OP010/03_Auto/F_Robot/ST10_Flow15_FRobot_3.xml:ST10_Flow15_FRobot_3:FlgNet
KukaRobot3_CtrlDB.sROBtoPLC.User.Public.GO5_RobGrip1Status,KukaRobot3_CtrlDB,0,0,7,1,ST10_Flow15_FRobot_3,0,,EXPORT/Program blocks/OP010/10_Device/24_Robot/KukaRobot3_CtrlDB.xml,EXPORT/Program blocks/OP010/03_Auto/F_Robot/ST10_Flow15_FRobot_3.xml:ST10_Flow15_FRobot_3:FlgNet
KukaRobot3_CtrlDB.sROBtoPLC.User.Public.GO6_RobGrip2Status,KukaRobot3_CtrlDB,0,0,4,1,ST10_Flow15_FRobot_3,0,,EXPORT/Program blocks/OP010/10_Device/24_Robot/KukaRobot3_CtrlDB.xml,EXPORT/Program blocks/OP010/03_Auto/F_Robot/ST10_Flow15_FRobot_3.xml:ST10_Flow15_FRobot_3:FlgNet
KukaRobot3_CtrlDB.sROBtoPLC.User.Public.GO_SpeedActual,KukaRobot3_CtrlDB,0,0,1,1,Robot,0,,EXPORT/Program blocks/OP010/10_Device/24_Robot/KukaRobot3_CtrlDB.xml,EXPORT/Program blocks/OP010/10_Device/24_Robot/Robot.xml:Robot:FlgNet
KukaRobot3_CtrlDB.sROBtoPLC.User.Safety.DO453,KukaRobot3_CtrlDB,2,0,0,1,ST10_Flow15_FRobot_3,0,,EXPORT/Program blocks/OP010/10_Device/24_Robot/KukaRobot3_CtrlDB.xml,EXPORT/Program blocks/OP010/03_Auto/F_Robot/ST10_Flow15_FRobot_3.xml:ST10_Flow15_FRobot_3:FlgNet
KukaRobot3_CtrlDB.sROBtoPLC.User.Safety.DO454,KukaRobot3_CtrlDB,1,0,0,1,ST10_Flow15_FRobot_3,0,,EXPORT/Program blocks/OP010/10_Device/24_Robot/KukaRobot3_CtrlDB.xml,EXPORT/Program blocks/OP010/03_Auto/F_Robot/ST10_Flow15_FRobot_3.xml:ST10_Flow15_FRobot_3:FlgNet
KukaRobot3_CtrlDB.sROBtoPLC.User.Safety.DO461,KukaRobot3_CtrlDB,1,0,0,1,ST10_Flow15_FRobot_3,0,,EXPORT/Program blocks/OP010/10_Device/24_Robot/KukaRobot3_CtrlDB.xml,EXPORT/Program blocks/OP010/03_Auto/F_Robot/ST10_Flow15_FRobot_3.xml:ST10_Flow15_FRobot_3:FlgNet
KukaRobot3_CtrlDB.sROBtoPLC.User.Safety.DO462,KukaRobot3_CtrlDB,2,0,0,1,ST10_Flow15_FRobot_3,0,,EXPORT/Program blocks/OP010/10_Device/24_Robot/KukaRobot3_CtrlDB.xml,EXPORT/Program blocks/OP010/03_Auto/F_Robot/ST10_Flow15_FRobot_3.xml:ST10_Flow15_FRobot_3:FlgNet
L-Unloading _LineMotor_CCW,L-Unloading _LineMotor_CCW,0,1,0,1,Motorr,0,,EXPORT/PLC tags/IO/PLCIO_DQ.xml,EXPORT/Program blocks/OP010/10_Device/31_Motor_1/Motorr.xml:Motorr:StructuredText
L-Unloading _LineMotor_CW,L-Unloading _LineMotor_CW,0,1,0,1,Motorr,0,,EXPORT/PLC tags/IO/PLCIO_DQ.xml,EXPORT/Program blocks/OP010/10_Device/31_Motor_1/Motorr.xml:Motorr:StructuredText
MES_CHeck_DB.Station_1.CheckStep,MES_CHeck_DB,0,0,1,1,MES_CHeck,0,,EXPORT/Program blocks/OP010/11_MES/MES_CHeck_DB.xml,EXPORT/Program blocks/OP010/11_MES/MES_CHeck.xml:MES_CHeck:FlgNet
MES_CHeck_DB.Station_2.CheckStep,MES_CHeck_DB,0,0,1,1,MES_CHeck,0,,EXPORT/Program blocks/OP010/11_MES/MES_CHeck_DB.xml,EXPORT/Program blocks/OP010/11_MES/MES_CHeck.xml:MES_CHeck:FlgNet
MES_CHeck_DB.Station_4.CheckStep,MES_CHeck_DB,0,0,1,1,MES_CHeck,0,,EXPORT/Program blocks/OP010/11_MES/MES_CHeck_DB.xml,EXPORT/Program blocks/OP010/11_MES/MES_CHeck.xml:MES_CHeck:FlgNet
MES_CHeck_DB.Station_6.CheckStep,MES_CHeck_DB,0,0,1,1,MES_CHeck,0,,EXPORT/Program blocks/OP010/11_MES/MES_CHeck_DB.xml,EXPORT/Program blocks/OP010/11_MES/MES_CHeck.xml:MES_CHeck:FlgNet
MES_CheckControl.ST1MesCheckIn,MES_CheckControl,0,1,0,1,MES,0,,EXPORT/Program blocks/OP010/11_MES/MES_CheckControl.xml,EXPORT/Program blocks/OP010/11_MES/MES.xml:MES:FlgNet
MES_CheckControl.ST1MesCheckOut,MES_CheckControl,0,1,0,1,MES,0,,EXPORT/Program blocks/OP010/11_MES/MES_CheckControl.xml,EXPORT/Program blocks/OP010/11_MES/MES.xml:MES:FlgNet
MES_CheckControl.ST2MesCheckIn,MES_CheckControl,0,1,0,1,MES,0,,EXPORT/Program blocks/OP010/11_MES/MES_CheckControl.xml,EXPORT/Program blocks/OP010/11_MES/MES.xml:MES:FlgNet
MES_CheckControl.ST2MesCheckOut,MES_CheckControl,0,1,0,1,MES,0,,EXPORT/Program blocks/OP010/11_MES/MES_CheckControl.xml,EXPORT/Program blocks/OP010/11_MES/MES.xml:MES:FlgNet
MES_CheckControl.ST3MesCheckIn,MES_CheckControl,0,1,0,1,MES,0,,EXPORT/Program blocks/OP010/11_MES/MES_CheckControl.xml,EXPORT/Program blocks/OP010/11_MES/MES.xml:MES:FlgNet
MES_CheckControl.ST3MesCheckOut,MES_CheckControl,0,1,0,1,MES,0,,EXPORT/Program blocks/OP010/11_MES/MES_CheckControl.xml,EXPORT/Program blocks/OP010/11_MES/MES.xml:MES:FlgNet
MES_CheckControl.ST4MesCheckIn,MES_CheckControl,0,1,0,1,MES,0,,EXPORT/Program blocks/OP010/11_MES/MES_CheckControl.xml,EXPORT/Program blocks/OP010/11_MES/MES.xml:MES:FlgNet
MES_CheckControl.ST4MesCheckOut,MES_CheckControl,0,1,0,1,MES,0,,EXPORT/Program blocks/OP010/11_MES/MES_CheckControl.xml,EXPORT/Program blocks/OP010/11_MES/MES.xml:MES:FlgNet
MES_CheckControl.Station1.CheckInRequest,MES_CheckControl,1,1,0,1,MES_CHeck,0,,EXPORT/Program blocks/OP010/11_MES/MES_CheckControl.xml,EXPORT/Program blocks/OP010/11_MES/MES_CHeck.xml:MES_CHeck:FlgNet
MES_CheckControl.Station1.CheckResultRequest,MES_CheckControl,1,1,0,1,MES_CHeck,0,,EXPORT/Program blocks/OP010/11_MES/MES_CheckControl.xml,EXPORT/Program blocks/OP010/11_MES/MES_CHeck.xml:MES_CHeck:FlgNet
MES_CheckControl.Station2.CheckInRequest,MES_CheckControl,1,1,0,1,MES_CHeck,0,,EXPORT/Program blocks/OP010/11_MES/MES_CheckControl.xml,EXPORT/Program blocks/OP010/11_MES/MES_CHeck.xml:MES_CHeck:FlgNet
MES_CheckControl.Station2.CheckResultRequest,MES_CheckControl,1,1,0,1,MES_CHeck,0,,EXPORT/Program blocks/OP010/11_MES/MES_CheckControl.xml,EXPORT/Program blocks/OP010/11_MES/MES_CHeck.xml:MES_CHeck:FlgNet
MES_CheckControl.Station4.CheckInRequest,MES_CheckControl,1,1,0,1,MES_CHeck,0,,EXPORT/Program blocks/OP010/11_MES/MES_CheckControl.xml,EXPORT/Program blocks/OP010/11_MES/MES_CHeck.xml:MES_CHeck:FlgNet
MES_CheckControl.Station4.CheckResultRequest,MES_CheckControl,1,1,0,1,MES_CHeck,0,,EXPORT/Program blocks/OP010/11_MES/MES_CheckControl.xml,EXPORT/Program blocks/OP010/11_MES/MES_CHeck.xml:MES_CHeck:FlgNet
MES_CheckControl.Station6.CheckInRequest,MES_CheckControl,1,1,0,1,MES_CHeck,0,,EXPORT/Program blocks/OP010/11_MES/MES_CheckControl.xml,EXPORT/Program blocks/OP010/11_MES/MES_CHeck.xml:MES_CHeck:FlgNet
MES_CheckControl.Station6.CheckResultRequest,MES_CheckControl,1,1,0,1,MES_CHeck,0,,EXPORT/Program blocks/OP010/11_MES/MES_CheckControl.xml,EXPORT/Program blocks/OP010/11_MES/MES_CHeck.xml:MES_CHeck:FlgNet
MEStoPLC.MES.Load_Station2PartNG,MEStoPLC,0,0,1,1,MES_CHeck,0,,EXPORT/Program blocks/OP010/11_MES/MEStoPLC.xml,EXPORT/Program blocks/OP010/11_MES/MES_CHeck.xml:MES_CHeck:FlgNet
MEStoPLC.MES.Load_Station2PartOK,MEStoPLC,0,0,1,1,MES_CHeck,0,,EXPORT/Program blocks/OP010/11_MES/MEStoPLC.xml,EXPORT/Program blocks/OP010/11_MES/MES_CHeck.xml:MES_CHeck:FlgNet
MEStoPLC.MES.Load_Station2ReqMesDone,MEStoPLC,0,0,1,1,MES_CHeck,0,,EXPORT/Program blocks/OP010/11_MES/MEStoPLC.xml,EXPORT/Program blocks/OP010/11_MES/MES_CHeck.xml:MES_CHeck:FlgNet
MEStoPLC.MES.Load_Station3PartNG,MEStoPLC,3,0,0,1,ST10_Flow4_B1Press,0,,EXPORT/Program blocks/OP010/11_MES/MEStoPLC.xml,EXPORT/Program blocks/OP010/03_Auto/B_Press/ST10_Flow4_B1Press.xml:ST10_Flow4_B1Press:FlgNet
MEStoPLC.MES.Load_Station3PartOK,MEStoPLC,3,0,0,1,ST10_Flow4_B1Press,0,,EXPORT/Program blocks/OP010/11_MES/MEStoPLC.xml,EXPORT/Program blocks/OP010/03_Auto/B_Press/ST10_Flow4_B1Press.xml:ST10_Flow4_B1Press:FlgNet
MEStoPLC.MES.Load_Station3ReqMesDone,MEStoPLC,3,0,0,1,ST10_Flow4_B1Press,0,,EXPORT/Program blocks/OP010/11_MES/MEStoPLC.xml,EXPORT/Program blocks/OP010/03_Auto/B_Press/ST10_Flow4_B1Press.xml:ST10_Flow4_B1Press:FlgNet
MEStoPLC.MES.Load_Station4PartNG,MEStoPLC,0,0,1,1,MES_CHeck,0,,EXPORT/Program blocks/OP010/11_MES/MEStoPLC.xml,EXPORT/Program blocks/OP010/11_MES/MES_CHeck.xml:MES_CHeck:FlgNet
MEStoPLC.MES.Load_Station4PartOK,MEStoPLC,0,0,1,1,MES_CHeck,0,,EXPORT/Program blocks/OP010/11_MES/MEStoPLC.xml,EXPORT/Program blocks/OP010/11_MES/MES_CHeck.xml:MES_CHeck:FlgNet
MEStoPLC.MES.Load_Station4ReqMesDone,MEStoPLC,0,0,1,1,MES_CHeck,0,,EXPORT/Program blocks/OP010/11_MES/MEStoPLC.xml,EXPORT/Program blocks/OP010/11_MES/MES_CHeck.xml:MES_CHeck:FlgNet
MEStoPLC.MES.Load_Station5PartNG,MEStoPLC,4,0,0,1,ST10_Flow7_CGlueing,0,,EXPORT/Program blocks/OP010/11_MES/MEStoPLC.xml,EXPORT/Program blocks/OP010/03_Auto/C_Glue/ST10_Flow7_CGlueing.xml:ST10_Flow7_CGlueing:FlgNet
MEStoPLC.MES.Load_Station5PartOK,MEStoPLC,4,0,0,1,ST10_Flow7_CGlueing,0,,EXPORT/Program blocks/OP010/11_MES/MEStoPLC.xml,EXPORT/Program blocks/OP010/03_Auto/C_Glue/ST10_Flow7_CGlueing.xml:ST10_Flow7_CGlueing:FlgNet
MEStoPLC.MES.Load_Station5ReqMesDone,MEStoPLC,4,0,0,1,ST10_Flow7_CGlueing,0,,EXPORT/Program blocks/OP010/11_MES/MEStoPLC.xml,EXPORT/Program blocks/OP010/03_Auto/C_Glue/ST10_Flow7_CGlueing.xml:ST10_Flow7_CGlueing:FlgNet
MEStoPLC.MES.Load_Station6PartNG,MEStoPLC,0,0,1,1,MES_CHeck,0,,EXPORT/Program blocks/OP010/11_MES/MEStoPLC.xml,EXPORT/Program blocks/OP010/11_MES/MES_CHeck.xml:MES_CHeck:FlgNet
MEStoPLC.MES.Load_Station6PartOK,MEStoPLC,0,0,1,1,MES_CHeck,0,,EXPORT/Program blocks/OP010/11_MES/MEStoPLC.xml,EXPORT/Program blocks/OP010/11_MES/MES_CHeck.xml:MES_CHeck:FlgNet
MEStoPLC.MES.Load_Station6ReqMesDone,MEStoPLC,0,0,1,1,MES_CHeck,0,,EXPORT/Program blocks/OP010/11_MES/MEStoPLC.xml,EXPORT/Program blocks/OP010/11_MES/MES_CHeck.xml:MES_CHeck:FlgNet
MEStoPLC.MES.Load_Station7PartNG,MEStoPLC,3,0,0,1,ST10_Flow14_B2Press,0,,EXPORT/Program blocks/OP010/11_MES/MEStoPLC.xml,EXPORT/Program blocks/OP010/03_Auto/B_Press/ST10_Flow14_B2Press.xml:ST10_Flow14_B2Press:FlgNet
MEStoPLC.MES.Load_Station7PartOK,MEStoPLC,3,0,0,1,ST10_Flow14_B2Press,0,,EXPORT/Program blocks/OP010/11_MES/MEStoPLC.xml,EXPORT/Program blocks/OP010/03_Auto/B_Press/ST10_Flow14_B2Press.xml:ST10_Flow14_B2Press:FlgNet
MEStoPLC.MES.Load_StoveCheckInOk,MEStoPLC,3,0,0,1,ST10_Flow24_LUnloadingTrans,0,,EXPORT/Program blocks/OP010/11_MES/MEStoPLC.xml,EXPORT/Program blocks/OP010/03_Auto/L_Unload/ST10_Flow24_LUnloadingTrans.xml:ST10_Flow24_LUnloadingTrans:FlgNet
MEStoPLC.MES.Unload_ResultsStored2NG,MEStoPLC,0,0,1,1,MES_CHeck,0,,EXPORT/Program blocks/OP010/11_MES/MEStoPLC.xml,EXPORT/Program blocks/OP010/11_MES/MES_CHeck.xml:MES_CHeck:FlgNet
MEStoPLC.MES.Unload_ResultsStored2OK,MEStoPLC,0,0,1,1,MES_CHeck,0,,EXPORT/Program blocks/OP010/11_MES/MEStoPLC.xml,EXPORT/Program blocks/OP010/11_MES/MES_CHeck.xml:MES_CHeck:FlgNet
MEStoPLC.MES.Unload_ResultsStored2ReqMesDone,MEStoPLC,0,0,1,1,MES_CHeck,0,,EXPORT/Program blocks/OP010/11_MES/MEStoPLC.xml,EXPORT/Program blocks/OP010/11_MES/MES_CHeck.xml:MES_CHeck:FlgNet
MEStoPLC.MES.Unload_ResultsStored3NG,MEStoPLC,4,0,0,1,ST10_Flow4_B1Press,0,,EXPORT/Program blocks/OP010/11_MES/MEStoPLC.xml,EXPORT/Program blocks/OP010/03_Auto/B_Press/ST10_Flow4_B1Press.xml:ST10_Flow4_B1Press:FlgNet
MEStoPLC.MES.Unload_ResultsStored3OK,MEStoPLC,4,0,0,1,ST10_Flow4_B1Press,0,,EXPORT/Program blocks/OP010/11_MES/MEStoPLC.xml,EXPORT/Program blocks/OP010/03_Auto/B_Press/ST10_Flow4_B1Press.xml:ST10_Flow4_B1Press:FlgNet
MEStoPLC.MES.Unload_ResultsStored3ReqMesDone,MEStoPLC,4,0,0,1,ST10_Flow4_B1Press,0,,EXPORT/Program blocks/OP010/11_MES/MEStoPLC.xml,EXPORT/Program blocks/OP010/03_Auto/B_Press/ST10_Flow4_B1Press.xml:ST10_Flow4_B1Press:FlgNet
MEStoPLC.MES.Unload_ResultsStored4NG,MEStoPLC,0,0,1,1,MES_CHeck,0,,EXPORT/Program blocks/OP010/11_MES/MEStoPLC.xml,EXPORT/Program blocks/OP010/11_MES/MES_CHeck.xml:MES_CHeck:FlgNet
MEStoPLC.MES.Unload_ResultsStored4OK,MEStoPLC,0,0,1,1,MES_CHeck,0,,EXPORT/Program blocks/OP010/11_MES/MEStoPLC.xml,EXPORT/Program blocks/OP010/11_MES/MES_CHeck.xml:MES_CHeck:FlgNet
MEStoPLC.MES.Unload_ResultsStored4ReqMesDone,MEStoPLC,0,0,1,1,MES_CHeck,0,,EXPORT/Program blocks/OP010/11_MES/MEStoPLC.xml,EXPORT/Program blocks/OP010/11_MES/MES_CHeck.xml:MES_CHeck:FlgNet
MEStoPLC.MES.Unload_ResultsStored5NG,MEStoPLC,3,0,0,1,ST10_Flow7_CGlueing,0,,EXPORT/Program blocks/OP010/11_MES/MEStoPLC.xml,EXPORT/Program blocks/OP010/03_Auto/C_Glue/ST10_Flow7_CGlueing.xml:ST10_Flow7_CGlueing:FlgNet
MEStoPLC.MES.Unload_ResultsStored5OK,MEStoPLC,4,0,0,1,ST10_Flow7_CGlueing,0,,EXPORT/Program blocks/OP010/11_MES/MEStoPLC.xml,EXPORT/Program blocks/OP010/03_Auto/C_Glue/ST10_Flow7_CGlueing.xml:ST10_Flow7_CGlueing:FlgNet
MEStoPLC.MES.Unload_ResultsStored5ReqMesDone,MEStoPLC,4,0,0,1,ST10_Flow7_CGlueing,0,,EXPORT/Program blocks/OP010/11_MES/MEStoPLC.xml,EXPORT/Program blocks/OP010/03_Auto/C_Glue/ST10_Flow7_CGlueing.xml:ST10_Flow7_CGlueing:FlgNet
MEStoPLC.MES.Unload_ResultsStored6NG,MEStoPLC,0,0,1,1,MES_CHeck,0,,EXPORT/Program blocks/OP010/11_MES/MEStoPLC.xml,EXPORT/Program blocks/OP010/11_MES/MES_CHeck.xml:MES_CHeck:FlgNet
MEStoPLC.MES.Unload_ResultsStored6OK,MEStoPLC,0,0,1,1,MES_CHeck,0,,EXPORT/Program blocks/OP010/11_MES/MEStoPLC.xml,EXPORT/Program blocks/OP010/11_MES/MES_CHeck.xml:MES_CHeck:FlgNet
MEStoPLC.MES.Unload_ResultsStored6ReqMesDone,MEStoPLC,0,0,1,1,MES_CHeck,0,,EXPORT/Program blocks/OP010/11_MES/MEStoPLC.xml,EXPORT/Program blocks/OP010/11_MES/MES_CHeck.xml:MES_CHeck:FlgNet
MEStoPLC.MES.Unload_ResultsStored7NG,MEStoPLC,4,0,0,1,ST10_Flow14_B2Press,0,,EXPORT/Program blocks/OP010/11_MES/MEStoPLC.xml,EXPORT/Program blocks/OP010/03_Auto/B_Press/ST10_Flow14_B2Press.xml:ST10_Flow14_B2Press:FlgNet
MEStoPLC.MES.Unload_ResultsStored7OK,MEStoPLC,4,0,0,1,ST10_Flow14_B2Press,0,,EXPORT/Program blocks/OP010/11_MES/MEStoPLC.xml,EXPORT/Program blocks/OP010/03_Auto/B_Press/ST10_Flow14_B2Press.xml:ST10_Flow14_B2Press:FlgNet
MEStoPLC.MES.Unload_ResultsStored7ReqMesDone,MEStoPLC,4,0,0,1,ST10_Flow14_B2Press,0,,EXPORT/Program blocks/OP010/11_MES/MEStoPLC.xml,EXPORT/Program blocks/OP010/03_Auto/B_Press/ST10_Flow14_B2Press.xml:ST10_Flow14_B2Press:FlgNet
ModeDB.Gen,ModeDB,3,0,0,1,Axis_FB,0,,EXPORT/Program blocks/OP010/10_Device/22_IAI/ModeDB.xml,EXPORT/Program blocks/OP010/10_Device/22_IAI/Axis_FB.xml:Axis_FB:StructuredText
ModeDB.Gen.Out.Auto,ModeDB,0,1,0,1,IAI,0,,EXPORT/Program blocks/OP010/10_Device/22_IAI/ModeDB.xml,EXPORT/Program blocks/OP010/10_Device/22_IAI/IAI.xml:IAI:StructuredText
ModeDB.Gen.Out.Change,ModeDB,0,1,0,1,Axis_FB,0,,EXPORT/Program blocks/OP010/10_Device/22_IAI/ModeDB.xml,EXPORT/Program blocks/OP010/10_Device/22_IAI/Axis_FB.xml:Axis_FB:StructuredText
ModeDB.Gen.Out.Estop,ModeDB,0,1,0,1,IAI,0,,EXPORT/Program blocks/OP010/10_Device/22_IAI/ModeDB.xml,EXPORT/Program blocks/OP010/10_Device/22_IAI/IAI.xml:IAI:StructuredText
ModeDB.Gen.Out.Home,ModeDB,0,1,0,1,IAI,0,,EXPORT/Program blocks/OP010/10_Device/22_IAI/ModeDB.xml,EXPORT/Program blocks/OP010/10_Device/22_IAI/IAI.xml:IAI:StructuredText
ModeDB.Gen.Out.Reset,ModeDB,0,1,0,1,IAI,0,,EXPORT/Program blocks/OP010/10_Device/22_IAI/ModeDB.xml,EXPORT/Program blocks/OP010/10_Device/22_IAI/IAI.xml:IAI:StructuredText
ModeDB.Gen.Out.Running,ModeDB,0,1,0,1,IAI,0,,EXPORT/Program blocks/OP010/10_Device/22_IAI/ModeDB.xml,EXPORT/Program blocks/OP010/10_Device/22_IAI/IAI.xml:IAI:StructuredText
MotorControl.Dev,MotorControl,0,0,11,1,Motorr,0,,EXPORT/Program blocks/OP010/10_Device/31_Motor_1/MotorControl.xml,EXPORT/Program blocks/OP010/10_Device/31_Motor_1/Motorr.xml:Motorr:FlgNet
MotorControl.Dev.Auto.CCWStart,MotorControl,0,7,0,1,Motorr,0,,EXPORT/Program blocks/OP010/10_Device/31_Motor_1/MotorControl.xml,EXPORT/Program blocks/OP010/10_Device/31_Motor_1/Motorr.xml:Motorr:FlgNet
MotorControl.Dev.Auto.Start,MotorControl,7,11,0,1,Motorr,0,,EXPORT/Program blocks/OP010/10_Device/31_Motor_1/MotorControl.xml,EXPORT/Program blocks/OP010/10_Device/31_Motor_1/Motorr.xml:Motorr:FlgNet
MotorControl.Dev.OutControl.o_Alarm,MotorControl,11,0,0,1,ST10_Alarm,0,,EXPORT/Program blocks/OP010/10_Device/31_Motor_1/MotorControl.xml,EXPORT/Program blocks/OP010/05_Alarm/ST10_Alarm.xml:ST10_Alarm:FlgNet
MotorData.Time,MotorData,0,0,21,1,Motorr,1,MotorData_Time,EXPORT/Program blocks/OP010/10_Device/31_Motor_1/MotorData.xml,EXPORT/Program blocks/OP010/10_Device/31_Motor_1/Motorr.xml:Motorr:FlgNet
PLCtoMES.PLC.Load_Station2ChickInReq,PLCtoMES,0,0,1,1,MES_CHeck,0,,EXPORT/Program blocks/OP010/11_MES/PLCtoMES.xml,EXPORT/Program blocks/OP010/11_MES/MES_CHeck.xml:MES_CHeck:FlgNet
PLCtoMES.PLC.Load_Station3ChickInReq,PLCtoMES,1,0,0,1,ST10_Flow4_B1Press,0,,EXPORT/Program blocks/OP010/11_MES/PLCtoMES.xml,EXPORT/Program blocks/OP010/03_Auto/B_Press/ST10_Flow4_B1Press.xml:ST10_Flow4_B1Press:FlgNet
PLCtoMES.PLC.Load_Station4ChickInReq,PLCtoMES,0,0,1,1,MES_CHeck,0,,EXPORT/Program blocks/OP010/11_MES/PLCtoMES.xml,EXPORT/Program blocks/OP010/11_MES/MES_CHeck.xml:MES_CHeck:FlgNet
PLCtoMES.PLC.Load_Station5ChickInReq,PLCtoMES,2,0,0,1,ST10_Flow7_CGlueing,0,,EXPORT/Program blocks/OP010/11_MES/PLCtoMES.xml,EXPORT/Program blocks/OP010/03_Auto/C_Glue/ST10_Flow7_CGlueing.xml:ST10_Flow7_CGlueing:FlgNet
PLCtoMES.PLC.Load_Station6ChickInReq,PLCtoMES,0,0,1,1,MES_CHeck,0,,EXPORT/Program blocks/OP010/11_MES/PLCtoMES.xml,EXPORT/Program blocks/OP010/11_MES/MES_CHeck.xml:MES_CHeck:FlgNet
PLCtoMES.PLC.Load_Station7ChickInReq,PLCtoMES,1,0,0,1,ST10_Flow14_B2Press,0,,EXPORT/Program blocks/OP010/11_MES/PLCtoMES.xml,EXPORT/Program blocks/OP010/03_Auto/B_Press/ST10_Flow14_B2Press.xml:ST10_Flow14_B2Press:FlgNet
PLCtoMES.PLC.Load_StoveCheckIn,PLCtoMES,0,1,0,1,ST10_Flow24_LUnloadingTrans,0,,EXPORT/Program blocks/OP010/11_MES/PLCtoMES.xml,EXPORT/Program blocks/OP010/03_Auto/L_Unload/ST10_Flow24_LUnloadingTrans.xml:ST10_Flow24_LUnloadingTrans:FlgNet
PLCtoMES.PLC.Unload_HeartbeatSignal,PLCtoMES,0,1,0,1,MES,0,,EXPORT/Program blocks/OP010/11_MES/PLCtoMES.xml,EXPORT/Program blocks/OP010/11_MES/MES.xml:MES:FlgNet
PLCtoMES.PLC.Unload_Station2DataSaveReq,PLCtoMES,0,0,1,1,MES_CHeck,0,,EXPORT/Program blocks/OP010/11_MES/PLCtoMES.xml,EXPORT/Program blocks/OP010/11_MES/MES_CHeck.xml:MES_CHeck:FlgNet
PLCtoMES.PLC.Unload_Station3DataSaveReq,PLCtoMES,1,0,0,1,ST10_Flow4_B1Press,0,,EXPORT/Program blocks/OP010/11_MES/PLCtoMES.xml,EXPORT/Program blocks/OP010/03_Auto/B_Press/ST10_Flow4_B1Press.xml:ST10_Flow4_B1Press:FlgNet
PLCtoMES.PLC.Unload_Station4DataSaveReq,PLCtoMES,0,0,1,1,MES_CHeck,0,,EXPORT/Program blocks/OP010/11_MES/PLCtoMES.xml,EXPORT/Program blocks/OP010/11_MES/MES_CHeck.xml:MES_CHeck:FlgNet
PLCtoMES.PLC.Unload_Station6DataSaveReq,PLCtoMES,0,0,1,1,MES_CHeck,0,,EXPORT/Program blocks/OP010/11_MES/PLCtoMES.xml,EXPORT/Program blocks/OP010/11_MES/MES_CHeck.xml:MES_CHeck:FlgNet
PLCtoMES.PLC.Unload_Station7DataSaveReq,PLCtoMES,1,0,0,1,ST10_Flow14_B2Press,0,,EXPORT/Program blocks/OP010/11_MES/PLCtoMES.xml,EXPORT/Program blocks/OP010/03_Auto/B_Press/ST10_Flow14_B2Press.xml:ST10_Flow14_B2Press:FlgNet
PalletNGData.LoadingNGPallet.Interlock_2,PalletNGData,0,1,1,1,NG,1,PalletNGData_LoadingNGPallet_Interlock_2,EXPORT/Program blocks/OP010/10_Device/29_NG/PalletNGData.xml,EXPORT/Program blocks/OP010/10_Device/29_NG/NG.xml:NG:FlgNet
PalletNGData.LoadingNGPallet.Interlock_3,PalletNGData,0,1,1,1,NG,1,PalletNGData_LoadingNGPallet_Interlock_3,EXPORT/Program blocks/OP010/10_Device/29_NG/PalletNGData.xml,EXPORT/Program blocks/OP010/10_Device/29_NG/NG.xml:NG:FlgNet
PalletNGData.LoadingNGPallet.LockStatus,PalletNGData,0,0,17,1,NG,1,PalletNGData_LoadingNGPallet_LockStatus,EXPORT/Program blocks/OP010/10_Device/29_NG/PalletNGData.xml,EXPORT/Program blocks/OP010/10_Device/29_NG/NG.xml:NG:FlgNet
PalletNGData.LoadingNGPallet.Ready_4,PalletNGData,1,1,0,1,NG,0,,EXPORT/Program blocks/OP010/10_Device/29_NG/PalletNGData.xml,EXPORT/Program blocks/OP010/10_Device/29_NG/NG.xml:NG:FlgNet
PalletNGData.LoadingNGPallet.Status_1,PalletNGData,0,1,0,1,NG,1,PalletNGData_LoadingNGPallet_Status_1,EXPORT/Program blocks/OP010/10_Device/29_NG/PalletNGData.xml,EXPORT/Program blocks/OP010/10_Device/29_NG/NG.xml:NG:FlgNet
PalletNGData.LoadingNGPallet.Status_2,PalletNGData,0,1,0,1,NG,1,PalletNGData_LoadingNGPallet_Status_2,EXPORT/Program blocks/OP010/10_Device/29_NG/PalletNGData.xml,EXPORT/Program blocks/OP010/10_Device/29_NG/NG.xml:NG:FlgNet
PalletNGData.LoadingNGPallet.Status_3,PalletNGData,0,1,0,1,NG,1,PalletNGData_LoadingNGPallet_Status_3,EXPORT/Program blocks/OP010/10_Device/29_NG/PalletNGData.xml,EXPORT/Program blocks/OP010/10_Device/29_NG/NG.xml:NG:FlgNet
PalletNGData.P,PalletNGData,0,0,8,1,NG,0,,EXPORT/Program blocks/OP010/10_Device/29_NG/PalletNGData.xml,EXPORT/Program blocks/OP010/10_Device/29_NG/NG.xml:NG:FlgNet
PalletNGData.UnLoadingNGPallet.Interlock_2,PalletNGData,0,1,1,1,NG,1,PalletNGData_UnLoadingNGPallet_Interlock_2,EXPORT/Program blocks/OP010/10_Device/29_NG/PalletNGData.xml,EXPORT/Program blocks/OP010/10_Device/29_NG/NG.xml:NG:FlgNet
PalletNGData.UnLoadingNGPallet.Interlock_3,PalletNGData,0,1,1,1,NG,1,PalletNGData_UnLoadingNGPallet_Interlock_3,EXPORT/Program blocks/OP010/10_Device/29_NG/PalletNGData.xml,EXPORT/Program blocks/OP010/10_Device/29_NG/NG.xml:NG:FlgNet
PalletNGData.UnLoadingNGPallet.LockStatus,PalletNGData,0,0,17,1,NG,1,PalletNGData_UnLoadingNGPallet_LockStatus,EXPORT/Program blocks/OP010/10_Device/29_NG/PalletNGData.xml,EXPORT/Program blocks/OP010/10_Device/29_NG/NG.xml:NG:FlgNet
PalletNGData.UnLoadingNGPallet.Ready_4,PalletNGData,1,1,0,1,NG,0,,EXPORT/Program blocks/OP010/10_Device/29_NG/PalletNGData.xml,EXPORT/Program blocks/OP010/10_Device/29_NG/NG.xml:NG:FlgNet
PalletNGData.UnLoadingNGPallet.Status_1,PalletNGData,0,1,0,1,NG,1,PalletNGData_UnLoadingNGPallet_Status_1,EXPORT/Program blocks/OP010/10_Device/29_NG/PalletNGData.xml,EXPORT/Program blocks/OP010/10_Device/29_NG/NG.xml:NG:FlgNet
PalletNGData.UnLoadingNGPallet.Status_2,PalletNGData,0,1,0,1,NG,1,PalletNGData_UnLoadingNGPallet_Status_2,EXPORT/Program blocks/OP010/10_Device/29_NG/PalletNGData.xml,EXPORT/Program blocks/OP010/10_Device/29_NG/NG.xml:NG:FlgNet
PalletNGData.UnLoadingNGPallet.Status_3,PalletNGData,0,1,0,1,NG,1,PalletNGData_UnLoadingNGPallet_Status_3,EXPORT/Program blocks/OP010/10_Device/29_NG/PalletNGData.xml,EXPORT/Program blocks/OP010/10_Device/29_NG/NG.xml:NG:FlgNet
PilzData.85A1.I7,PilzData,1,0,0,1,Pilz,1,PilzData_85A1_I7,EXPORT/Program blocks/OP010/10_Device/27_Pilz/PilzData.xml,EXPORT/Program blocks/OP010/10_Device/27_Pilz/Pilz.xml:Pilz:FlgNet
PilzData.85A3.I0,PilzData,2,0,0,1,Motorr,1,PilzData_85A3_I0,EXPORT/Program blocks/OP010/10_Device/27_Pilz/PilzData.xml,EXPORT/Program blocks/OP010/10_Device/31_Motor_1/Motorr.xml:Motorr:FlgNet
PilzData.85A3.I1,PilzData,2,0,0,1,Motorr,1,PilzData_85A3_I1,EXPORT/Program blocks/OP010/10_Device/27_Pilz/PilzData.xml,EXPORT/Program blocks/OP010/10_Device/31_Motor_1/Motorr.xml:Motorr:FlgNet
PilzData.85A3.I2,PilzData,2,0,0,1,Motorr,1,PilzData_85A3_I2,EXPORT/Program blocks/OP010/10_Device/27_Pilz/PilzData.xml,EXPORT/Program blocks/OP010/10_Device/31_Motor_1/Motorr.xml:Motorr:FlgNet
PilzData.85A3.I3,PilzData,1,0,0,1,Motorr,1,PilzData_85A3_I3,EXPORT/Program blocks/OP010/10_Device/27_Pilz/PilzData.xml,EXPORT/Program blocks/OP010/10_Device/31_Motor_1/Motorr.xml:Motorr:FlgNet
PilzData.85A4.I0,PilzData,1,0,0,1,ST10_Alarm,1,PilzData_85A4_I0,EXPORT/Program blocks/OP010/10_Device/27_Pilz/PilzData.xml,EXPORT/Program blocks/OP010/05_Alarm/ST10_Alarm.xml:ST10_Alarm:FlgNet
PilzData.85A4.I1,PilzData,1,0,0,1,ST10_Alarm,1,PilzData_85A4_I1,EXPORT/Program blocks/OP010/10_Device/27_Pilz/PilzData.xml,EXPORT/Program blocks/OP010/05_Alarm/ST10_Alarm.xml:ST10_Alarm:FlgNet
PilzData.85A4.I2,PilzData,1,0,0,1,ST10_Alarm,1,PilzData_85A4_I2,EXPORT/Program blocks/OP010/10_Device/27_Pilz/PilzData.xml,EXPORT/Program blocks/OP010/05_Alarm/ST10_Alarm.xml:ST10_Alarm:FlgNet
PilzData.85A4.I3,PilzData,1,0,0,1,ST10_Alarm,1,PilzData_85A4_I3,EXPORT/Program blocks/OP010/10_Device/27_Pilz/PilzData.xml,EXPORT/Program blocks/OP010/05_Alarm/ST10_Alarm.xml:ST10_Alarm:FlgNet
PilzData.85A4.I4,PilzData,1,0,0,1,ST10_Alarm,1,PilzData_85A4_I4,EXPORT/Program blocks/OP010/10_Device/27_Pilz/PilzData.xml,EXPORT/Program blocks/OP010/05_Alarm/ST10_Alarm.xml:ST10_Alarm:FlgNet
PilzData.85A4.I5,PilzData,1,0,0,1,ST10_Alarm,1,PilzData_85A4_I5,EXPORT/Program blocks/OP010/10_Device/27_Pilz/PilzData.xml,EXPORT/Program blocks/OP010/05_Alarm/ST10_Alarm.xml:ST10_Alarm:FlgNet
PilzData.Status,PilzData,0,0,2,1,Pilz,1,PilzData_Status,EXPORT/Program blocks/OP010/10_Device/27_Pilz/PilzData.xml,EXPORT/Program blocks/OP010/10_Device/27_Pilz/Pilz.xml:Pilz:FlgNet
ProcessData_1.Calibartion_1,ProcessData_1,1,1,0,1,KistlerPresser_Main,1,ProcessData_1_Calibartion_1,EXPORT/Program blocks/OP010/10_Device/23_Kistler/ProcessData_1.xml,EXPORT/Program blocks/OP010/10_Device/23_Kistler/KistlerPresser_Main.xml:KistlerPresser_Main:FlgNet
ProcessData_1.Calibartion_2,ProcessData_1,1,1,0,1,KistlerPresser_Main,1,ProcessData_1_Calibartion_2,EXPORT/Program blocks/OP010/10_Device/23_Kistler/ProcessData_1.xml,EXPORT/Program blocks/OP010/10_Device/23_Kistler/KistlerPresser_Main.xml:KistlerPresser_Main:FlgNet
ProcessData_1.HMI_OP40.2.ProcessData.AssemblyResult1,ProcessData_1,0,0,2,1,KistlerPresser_Main,0,,EXPORT/Program blocks/OP010/10_Device/23_Kistler/ProcessData_1.xml,EXPORT/Program blocks/OP010/10_Device/23_Kistler/KistlerPresser_Main.xml:KistlerPresser_Main:FlgNet
ProcessData_1.HMI_OP40.2.ProcessData.EndForce1,ProcessData_1,0,0,1,1,KistlerPresser_Main,0,,EXPORT/Program blocks/OP010/10_Device/23_Kistler/ProcessData_1.xml,EXPORT/Program blocks/OP010/10_Device/23_Kistler/KistlerPresser_Main.xml:KistlerPresser_Main:FlgNet
ProcessData_1.HMI_OP40.2.ProcessData.EndLVDT1,ProcessData_1,0,0,1,1,KistlerPresser_Main,0,,EXPORT/Program blocks/OP010/10_Device/23_Kistler/ProcessData_1.xml,EXPORT/Program blocks/OP010/10_Device/23_Kistler/KistlerPresser_Main.xml:KistlerPresser_Main:FlgNet
ProcessData_1.HMI_OP40.2.ProcessData.ProcessForce1,ProcessData_1,0,0,1,1,KistlerPresser_Main,0,,EXPORT/Program blocks/OP010/10_Device/23_Kistler/ProcessData_1.xml,EXPORT/Program blocks/OP010/10_Device/23_Kistler/KistlerPresser_Main.xml:KistlerPresser_Main:FlgNet
ProcessData_1.HMI_OP40.2.ProcessData.ProcessLVDT1,ProcessData_1,0,0,1,1,KistlerPresser_Main,0,,EXPORT/Program blocks/OP010/10_Device/23_Kistler/ProcessData_1.xml,EXPORT/Program blocks/OP010/10_Device/23_Kistler/KistlerPresser_Main.xml:KistlerPresser_Main:FlgNet
ProcessData_1.HMI_OP40.2.ProcessData.StartForce1,ProcessData_1,0,0,1,1,KistlerPresser_Main,0,,EXPORT/Program blocks/OP010/10_Device/23_Kistler/ProcessData_1.xml,EXPORT/Program blocks/OP010/10_Device/23_Kistler/KistlerPresser_Main.xml:KistlerPresser_Main:FlgNet
ProcessData_1.HMI_OP40.2.ProcessData.StartLVDT1,ProcessData_1,0,0,1,1,KistlerPresser_Main,0,,EXPORT/Program blocks/OP010/10_Device/23_Kistler/ProcessData_1.xml,EXPORT/Program blocks/OP010/10_Device/23_Kistler/KistlerPresser_Main.xml:KistlerPresser_Main:FlgNet
ProcessData_1.HMI_OP40.3.ProcessData.AssemblyResult1,ProcessData_1,0,0,2,1,KistlerPresser_Main,0,,EXPORT/Program blocks/OP010/10_Device/23_Kistler/ProcessData_1.xml,EXPORT/Program blocks/OP010/10_Device/23_Kistler/KistlerPresser_Main.xml:KistlerPresser_Main:FlgNet
ProcessData_1.HMI_OP40.3.ProcessData.EndForce1,ProcessData_1,0,0,1,1,KistlerPresser_Main,0,,EXPORT/Program blocks/OP010/10_Device/23_Kistler/ProcessData_1.xml,EXPORT/Program blocks/OP010/10_Device/23_Kistler/KistlerPresser_Main.xml:KistlerPresser_Main:FlgNet
ProcessData_1.HMI_OP40.3.ProcessData.EndLVDT1,ProcessData_1,0,0,1,1,KistlerPresser_Main,0,,EXPORT/Program blocks/OP010/10_Device/23_Kistler/ProcessData_1.xml,EXPORT/Program blocks/OP010/10_Device/23_Kistler/KistlerPresser_Main.xml:KistlerPresser_Main:FlgNet
ProcessData_1.HMI_OP40.3.ProcessData.ProcessForce1,ProcessData_1,0,0,1,1,KistlerPresser_Main,0,,EXPORT/Program blocks/OP010/10_Device/23_Kistler/ProcessData_1.xml,EXPORT/Program blocks/OP010/10_Device/23_Kistler/KistlerPresser_Main.xml:KistlerPresser_Main:FlgNet
ProcessData_1.HMI_OP40.3.ProcessData.ProcessLVDT1,ProcessData_1,0,0,1,1,KistlerPresser_Main,0,,EXPORT/Program blocks/OP010/10_Device/23_Kistler/ProcessData_1.xml,EXPORT/Program blocks/OP010/10_Device/23_Kistler/KistlerPresser_Main.xml:KistlerPresser_Main:FlgNet
ProcessData_1.HMI_OP40.3.ProcessData.StartForce1,ProcessData_1,0,0,1,1,KistlerPresser_Main,0,,EXPORT/Program blocks/OP010/10_Device/23_Kistler/ProcessData_1.xml,EXPORT/Program blocks/OP010/10_Device/23_Kistler/KistlerPresser_Main.xml:KistlerPresser_Main:FlgNet
ProcessData_1.HMI_OP40.3.ProcessData.StartLVDT1,ProcessData_1,0,0,1,1,KistlerPresser_Main,0,,EXPORT/Program blocks/OP010/10_Device/23_Kistler/ProcessData_1.xml,EXPORT/Program blocks/OP010/10_Device/23_Kistler/KistlerPresser_Main.xml:KistlerPresser_Main:FlgNet
ProcessData_1.OP40.2.KistlerPress_1Flag_Reset,ProcessData_1,0,2,0,1,KistlerPresser_Main,0,,EXPORT/Program blocks/OP010/10_Device/23_Kistler/ProcessData_1.xml,EXPORT/Program blocks/OP010/10_Device/23_Kistler/KistlerPresser_Main.xml:KistlerPresser_Main:FlgNet
ProcessData_1.OP40.2.KistlerPress_autoInterlock,ProcessData_1,0,1,0,1,KistlerPresser_Main,0,,EXPORT/Program blocks/OP010/10_Device/23_Kistler/ProcessData_1.xml,EXPORT/Program blocks/OP010/10_Device/23_Kistler/KistlerPresser_Main.xml:KistlerPresser_Main:FlgNet
ProcessData_1.OP40.2.Kistler_Continue_Interlock,ProcessData_1,1,1,0,1,KistlerPresser_Main,0,,EXPORT/Program blocks/OP010/10_Device/23_Kistler/ProcessData_1.xml,EXPORT/Program blocks/OP010/10_Device/23_Kistler/KistlerPresser_Main.xml:KistlerPresser_Main:FlgNet
ProcessData_1.OP40.3.KistlerPress_1Flag_Reset,ProcessData_1,0,2,0,1,KistlerPresser_Main,0,,EXPORT/Program blocks/OP010/10_Device/23_Kistler/ProcessData_1.xml,EXPORT/Program blocks/OP010/10_Device/23_Kistler/KistlerPresser_Main.xml:KistlerPresser_Main:FlgNet
ProcessData_1.OP40.3.KistlerPress_autoInterlock,ProcessData_1,0,1,0,1,KistlerPresser_Main,0,,EXPORT/Program blocks/OP010/10_Device/23_Kistler/ProcessData_1.xml,EXPORT/Program blocks/OP010/10_Device/23_Kistler/KistlerPresser_Main.xml:KistlerPresser_Main:FlgNet
ProcessData_1.OP40.3.Kistler_Continue_Interlock,ProcessData_1,1,1,0,1,KistlerPresser_Main,0,,EXPORT/Program blocks/OP010/10_Device/23_Kistler/ProcessData_1.xml,EXPORT/Program blocks/OP010/10_Device/23_Kistler/KistlerPresser_Main.xml:KistlerPresser_Main:FlgNet
ProcessData_1.PressInterlock_1,ProcessData_1,5,7,0,1,KistlerPresser_Main,1,ProcessData_1_PressInterlock_1,EXPORT/Program blocks/OP010/10_Device/23_Kistler/ProcessData_1.xml,EXPORT/Program blocks/OP010/10_Device/23_Kistler/KistlerPresser_Main.xml:KistlerPresser_Main:FlgNet
ProcessData_1.PressInterlock_2,ProcessData_1,5,7,0,1,KistlerPresser_Main,1,ProcessData_1_PressInterlock_2,EXPORT/Program blocks/OP010/10_Device/23_Kistler/ProcessData_1.xml,EXPORT/Program blocks/OP010/10_Device/23_Kistler/KistlerPresser_Main.xml:KistlerPresser_Main:FlgNet
Robot_DB.P,Robot_DB,0,0,13,1,Robot,0,,EXPORT/Program blocks/OP010/10_Device/24_Robot/Robot_DB.xml,EXPORT/Program blocks/OP010/10_Device/24_Robot/Robot.xml:Robot:FlgNet
Robot_DB.RobotFlag_1,Robot_DB,4,3,0,1,Robot,0,,EXPORT/Program blocks/OP010/10_Device/24_Robot/Robot_DB.xml,EXPORT/Program blocks/OP010/10_Device/24_Robot/Robot.xml:Robot:FlgNet
Robot_DB.RobotFlag_2,Robot_DB,8,6,0,1,Robot,0,,EXPORT/Program blocks/OP010/10_Device/24_Robot/Robot_DB.xml,EXPORT/Program blocks/OP010/10_Device/24_Robot/Robot.xml:Robot:FlgNet
Robot_DB.RobotFlag_3,Robot_DB,4,3,0,1,Robot,0,,EXPORT/Program blocks/OP010/10_Device/24_Robot/Robot_DB.xml,EXPORT/Program blocks/OP010/10_Device/24_Robot/Robot.xml:Robot:FlgNet
Robot_DB.RobotSpeed,Robot_DB,0,0,8,1,Robot,0,,EXPORT/Program blocks/OP010/10_Device/24_Robot/Robot_DB.xml,EXPORT/Program blocks/OP010/10_Device/24_Robot/Robot.xml:Robot:FlgNet
Robot_DB.Robot_1.GripCompareCodeOK,Robot_DB,0,1,0,1,Robot,0,,EXPORT/Program blocks/OP010/10_Device/24_Robot/Robot_DB.xml,EXPORT/Program blocks/OP010/10_Device/24_Robot/Robot.xml:Robot:FlgNet
Robot_DB.Robot_1.GripCompareCodeOK_1,Robot_DB,1,1,0,1,Robot,0,,EXPORT/Program blocks/OP010/10_Device/24_Robot/Robot_DB.xml,EXPORT/Program blocks/OP010/10_Device/24_Robot/Robot.xml:Robot:FlgNet
Robot_DB.Robot_1.GripCompareCodeOK_2,Robot_DB,1,1,0,1,Robot,0,,EXPORT/Program blocks/OP010/10_Device/24_Robot/Robot_DB.xml,EXPORT/Program blocks/OP010/10_Device/24_Robot/Robot.xml:Robot:FlgNet
Robot_DB.Robot_1.GripCompareCodeOK_3,Robot_DB,1,1,0,1,Robot,0,,EXPORT/Program blocks/OP010/10_Device/24_Robot/Robot_DB.xml,EXPORT/Program blocks/OP010/10_Device/24_Robot/Robot.xml:Robot:FlgNet
Robot_DB.Robot_1.GripCompareCodeOK_4,Robot_DB,1,1,0,1,Robot,0,,EXPORT/Program blocks/OP010/10_Device/24_Robot/Robot_DB.xml,EXPORT/Program blocks/OP010/10_Device/24_Robot/Robot.xml:Robot:FlgNet
Robot_DB.Robot_1.PalletCount_1,Robot_DB,0,0,1,1,Robot,1,KukaRobot1_PalletCount_1,EXPORT/Program blocks/OP010/10_Device/24_Robot/Robot_DB.xml,EXPORT/Program blocks/OP010/10_Device/24_Robot/Robot.xml:Robot:FlgNet
Robot_DB.Robot_1.SpeedChangeFlag,Robot_DB,1,1,0,1,Robot,0,,EXPORT/Program blocks/OP010/10_Device/24_Robot/Robot_DB.xml,EXPORT/Program blocks/OP010/10_Device/24_Robot/Robot.xml:Robot:FlgNet
Robot_DB.Robot_1.SpeedCount,Robot_DB,0,0,2,1,Robot,0,,EXPORT/Program blocks/OP010/10_Device/24_Robot/Robot_DB.xml,EXPORT/Program blocks/OP010/10_Device/24_Robot/Robot.xml:Robot:FlgNet
Robot_DB.Robot_2.GripCompareCodeOK_1,Robot_DB,1,1,0,1,Robot,0,,EXPORT/Program blocks/OP010/10_Device/24_Robot/Robot_DB.xml,EXPORT/Program blocks/OP010/10_Device/24_Robot/Robot.xml:Robot:FlgNet
Robot_DB.Robot_2.GripCompareCodeOK_2,Robot_DB,1,1,0,1,Robot,0,,EXPORT/Program blocks/OP010/10_Device/24_Robot/Robot_DB.xml,EXPORT/Program blocks/OP010/10_Device/24_Robot/Robot.xml:Robot:FlgNet
Robot_DB.Robot_2.GripCompareCodeOK_3,Robot_DB,1,1,0,1,Robot,0,,EXPORT/Program blocks/OP010/10_Device/24_Robot/Robot_DB.xml,EXPORT/Program blocks/OP010/10_Device/24_Robot/Robot.xml:Robot:FlgNet
Robot_DB.Robot_2.GripCompareCodeOK_4,Robot_DB,1,1,0,1,Robot,0,,EXPORT/Program blocks/OP010/10_Device/24_Robot/Robot_DB.xml,EXPORT/Program blocks/OP010/10_Device/24_Robot/Robot.xml:Robot:FlgNet
Robot_DB.Robot_2.PalletCount_1,Robot_DB,0,0,1,1,Robot,1,KukaRobot2_PalletCount_1,EXPORT/Program blocks/OP010/10_Device/24_Robot/Robot_DB.xml,EXPORT/Program blocks/OP010/10_Device/24_Robot/Robot.xml:Robot:FlgNet
Robot_DB.Robot_2.SpeedChangeFlag,Robot_DB,1,1,0,1,Robot,0,,EXPORT/Program blocks/OP010/10_Device/24_Robot/Robot_DB.xml,EXPORT/Program blocks/OP010/10_Device/24_Robot/Robot.xml:Robot:FlgNet
Robot_DB.Robot_2.SpeedCount,Robot_DB,0,0,2,1,Robot,0,,EXPORT/Program blocks/OP010/10_Device/24_Robot/Robot_DB.xml,EXPORT/Program blocks/OP010/10_Device/24_Robot/Robot.xml:Robot:FlgNet
Robot_DB.Robot_3.GripCompareCodeOK,Robot_DB,0,1,0,1,Robot,0,,EXPORT/Program blocks/OP010/10_Device/24_Robot/Robot_DB.xml,EXPORT/Program blocks/OP010/10_Device/24_Robot/Robot.xml:Robot:FlgNet
Robot_DB.Robot_3.GripCompareCodeOK_1,Robot_DB,1,1,0,1,Robot,0,,EXPORT/Program blocks/OP010/10_Device/24_Robot/Robot_DB.xml,EXPORT/Program blocks/OP010/10_Device/24_Robot/Robot.xml:Robot:FlgNet
Robot_DB.Robot_3.GripCompareCodeOK_2,Robot_DB,1,1,0,1,Robot,0,,EXPORT/Program blocks/OP010/10_Device/24_Robot/Robot_DB.xml,EXPORT/Program blocks/OP010/10_Device/24_Robot/Robot.xml:Robot:FlgNet
Robot_DB.Robot_3.GripCompareCodeOK_3,Robot_DB,1,1,0,1,Robot,0,,EXPORT/Program blocks/OP010/10_Device/24_Robot/Robot_DB.xml,EXPORT/Program blocks/OP010/10_Device/24_Robot/Robot.xml:Robot:FlgNet
Robot_DB.Robot_3.GripCompareCodeOK_4,Robot_DB,1,1,0,1,Robot,0,,EXPORT/Program blocks/OP010/10_Device/24_Robot/Robot_DB.xml,EXPORT/Program blocks/OP010/10_Device/24_Robot/Robot.xml:Robot:FlgNet
Robot_DB.Robot_3.PalletCount_1,Robot_DB,0,0,1,1,Robot,1,KukaRobot3_PalletCount_1,EXPORT/Program blocks/OP010/10_Device/24_Robot/Robot_DB.xml,EXPORT/Program blocks/OP010/10_Device/24_Robot/Robot.xml:Robot:FlgNet
Robot_DB.Robot_3.SpeedChangeFlag,Robot_DB,1,1,0,1,Robot,0,,EXPORT/Program blocks/OP010/10_Device/24_Robot/Robot_DB.xml,EXPORT/Program blocks/OP010/10_Device/24_Robot/Robot.xml:Robot:FlgNet
Robot_DB.Robot_3.SpeedCount,Robot_DB,0,0,2,1,Robot,0,,EXPORT/Program blocks/OP010/10_Device/24_Robot/Robot_DB.xml,EXPORT/Program blocks/OP010/10_Device/24_Robot/Robot.xml:Robot:FlgNet
ST10Cylinder.Cy.Inout.ManualGoHome,ST10Cylinder,0,4,0,1,NG,0,,EXPORT/Program blocks/OP010/10_Device/01_Cylinder/ST10Cylinder.xml,EXPORT/Program blocks/OP010/10_Device/29_NG/NG.xml:NG:FlgNet
ST10Cylinder.Cy.Inout.ManualGoWork,ST10Cylinder,0,4,0,1,NG,0,,EXPORT/Program blocks/OP010/10_Device/01_Cylinder/ST10Cylinder.xml,EXPORT/Program blocks/OP010/10_Device/29_NG/NG.xml:NG:FlgNet
ST10Cylinder.Cy.Inout.ResetOut,ST10Cylinder,0,1,0,1,ST10Cyl_interface11-20,0,,EXPORT/Program blocks/OP010/10_Device/01_Cylinder/ST10Cylinder.xml,EXPORT/Program blocks/OP010/10_Device/01_Cylinder/ST10Cyl_interface11-20.xml:ST10Cyl_interface11-20:FlgNet
ST10Cylinder.Cy.S.Alarm,ST10Cylinder,21,0,0,1,ST10_Alarm,0,,EXPORT/Program blocks/OP010/10_Device/01_Cylinder/ST10Cylinder.xml,EXPORT/Program blocks/OP010/05_Alarm/ST10_Alarm.xml:ST10_Alarm:FlgNet
ST10_DBInterface_Stopper.Stopper,ST10_DBInterface_Stopper,0,0,24,1,ST10_StopperCtrl,0,,EXPORT/Program blocks/OP010/10_Device/26_Stopper/ST10_DBInterface_Stopper.xml,EXPORT/Program blocks/OP010/10_Device/26_Stopper/ST10_StopperCtrl.xml:ST10_StopperCtrl:FlgNet
ST10_DBInterface_Stopper.Stopper.Done,ST10_DBInterface_Stopper,17,0,0,1,ST10_StopperCtrl,0,,EXPORT/Program blocks/OP010/10_Device/26_Stopper/ST10_DBInterface_Stopper.xml,EXPORT/Program blocks/OP010/10_Device/26_Stopper/ST10_StopperCtrl.xml:ST10_StopperCtrl:FlgNet
ST10_DBInterface_Stopper.Stopper.StationReady,ST10_DBInterface_Stopper,17,0,0,1,ST10_StopperCtrl,0,,EXPORT/Program blocks/OP010/10_Device/26_Stopper/ST10_DBInterface_Stopper.xml,EXPORT/Program blocks/OP010/10_Device/26_Stopper/ST10_StopperCtrl.xml:ST10_StopperCtrl:FlgNet
ST10_DBInterface_Stopper.Stopper.StopperRelease,ST10_DBInterface_Stopper,0,17,0,1,ST10_StopperCtrl,0,,EXPORT/Program blocks/OP010/10_Device/26_Stopper/ST10_DBInterface_Stopper.xml,EXPORT/Program blocks/OP010/10_Device/26_Stopper/ST10_StopperCtrl.xml:ST10_StopperCtrl:FlgNet
ST10_DBInterface_Stopper.Stopper.StopperStatus,ST10_DBInterface_Stopper,0,0,17,1,ST10_StopperCtrl,0,,EXPORT/Program blocks/OP010/10_Device/26_Stopper/ST10_DBInterface_Stopper.xml,EXPORT/Program blocks/OP010/10_Device/26_Stopper/ST10_StopperCtrl.xml:ST10_StopperCtrl:FlgNet
ST10_DeviceError.A.A1TableScan.LightCuritTouch,ST10_DeviceError,1,1,0,1,ST10_Alarm,0,,EXPORT/Program blocks/OP010/05_Alarm/ST10_DeviceError.xml,EXPORT/Program blocks/OP010/05_Alarm/ST10_Alarm.xml:ST10_Alarm:FlgNet
ST10_DeviceError.A.A2TableScan.LightCuritTouch,ST10_DeviceError,1,1,0,1,ST10_Alarm,0,,EXPORT/Program blocks/OP010/05_Alarm/ST10_DeviceError.xml,EXPORT/Program blocks/OP010/05_Alarm/ST10_Alarm.xml:ST10_Alarm:FlgNet
ST10_DeviceError.A.A_Spare_2.Scan_800A1,ST10_DeviceError,0,1,0,1,ST10_Alarm,0,,EXPORT/Program blocks/OP010/05_Alarm/ST10_DeviceError.xml,EXPORT/Program blocks/OP010/05_Alarm/ST10_Alarm.xml:ST10_Alarm:FlgNet
ST10_DeviceError.A.A_Spare_2.Scan_801A1,ST10_DeviceError,0,1,0,1,ST10_Alarm,0,,EXPORT/Program blocks/OP010/05_Alarm/ST10_DeviceError.xml,EXPORT/Program blocks/OP010/05_Alarm/ST10_Alarm.xml:ST10_Alarm:FlgNet
ST10_DeviceError.A.A_Spare_2.Scan_804A1,ST10_DeviceError,0,1,0,1,ST10_Alarm,0,,EXPORT/Program blocks/OP010/05_Alarm/ST10_DeviceError.xml,EXPORT/Program blocks/OP010/05_Alarm/ST10_Alarm.xml:ST10_Alarm:FlgNet
ST10_DeviceError.A.A_Spare_2.Servo_380A1,ST10_DeviceError,0,1,0,1,ST10_Alarm,0,,EXPORT/Program blocks/OP010/05_Alarm/ST10_DeviceError.xml,EXPORT/Program blocks/OP010/05_Alarm/ST10_Alarm.xml:ST10_Alarm:FlgNet
ST10_DeviceError.A.A_Spare_2.Servo_381A1,ST10_DeviceError,0,1,0,1,ST10_Alarm,0,,EXPORT/Program blocks/OP010/05_Alarm/ST10_DeviceError.xml,EXPORT/Program blocks/OP010/05_Alarm/ST10_Alarm.xml:ST10_Alarm:FlgNet
ST10_DeviceError.A.Other.Servo_380A1,ST10_DeviceError,1,1,0,1,ST10_Alarm,0,,EXPORT/Program blocks/OP010/05_Alarm/ST10_DeviceError.xml,EXPORT/Program blocks/OP010/05_Alarm/ST10_Alarm.xml:ST10_Alarm:FlgNet
ST10_DeviceError.A.Other.Servo_381A1,ST10_DeviceError,1,1,0,1,ST10_Alarm,0,,EXPORT/Program blocks/OP010/05_Alarm/ST10_DeviceError.xml,EXPORT/Program blocks/OP010/05_Alarm/ST10_Alarm.xml:ST10_Alarm:FlgNet
ST10_DeviceError.A.Other.Servo_383A1,ST10_DeviceError,1,1,0,1,ST10_Alarm,0,,EXPORT/Program blocks/OP010/05_Alarm/ST10_DeviceError.xml,EXPORT/Program blocks/OP010/05_Alarm/ST10_Alarm.xml:ST10_Alarm:FlgNet
ST10_DeviceError.B.B_Spare_1.Kistler_Press1_372A1,ST10_DeviceError,0,1,0,1,ST10_Alarm,0,,EXPORT/Program blocks/OP010/05_Alarm/ST10_DeviceError.xml,EXPORT/Program blocks/OP010/05_Alarm/ST10_Alarm.xml:ST10_Alarm:FlgNet
ST10_DeviceError.B.B_Spare_1.Kistler_Press2_375A1,ST10_DeviceError,0,1,0,1,ST10_Alarm,0,,EXPORT/Program blocks/OP010/05_Alarm/ST10_DeviceError.xml,EXPORT/Program blocks/OP010/05_Alarm/ST10_Alarm.xml:ST10_Alarm:FlgNet
ST10_DeviceError.B.B_Spare_1.Scan_806A1,ST10_DeviceError,0,1,0,1,ST10_Alarm,0,,EXPORT/Program blocks/OP010/05_Alarm/ST10_DeviceError.xml,EXPORT/Program blocks/OP010/05_Alarm/ST10_Alarm.xml:ST10_Alarm:FlgNet
ST10_DeviceError.C.CGlueing.Servo_383A1,ST10_DeviceError,0,1,0,1,ST10_Alarm,0,,EXPORT/Program blocks/OP010/05_Alarm/ST10_DeviceError.xml,EXPORT/Program blocks/OP010/05_Alarm/ST10_Alarm.xml:ST10_Alarm:FlgNet
ST10_DeviceError.C.CGlueing.SysError,ST10_DeviceError,1,1,0,1,ST10_Alarm,0,,EXPORT/Program blocks/OP010/05_Alarm/ST10_DeviceError.xml,EXPORT/Program blocks/OP010/05_Alarm/ST10_Alarm.xml:ST10_Alarm:FlgNet
ST10_DeviceError.C.CGlueing.X,ST10_DeviceError,0,1,0,1,ST10_Alarm,0,,EXPORT/Program blocks/OP010/05_Alarm/ST10_DeviceError.xml,EXPORT/Program blocks/OP010/05_Alarm/ST10_Alarm.xml:ST10_Alarm:FlgNet
ST10_DeviceError.C.CGlueing.Y,ST10_DeviceError,0,1,0,1,ST10_Alarm,0,,EXPORT/Program blocks/OP010/05_Alarm/ST10_DeviceError.xml,EXPORT/Program blocks/OP010/05_Alarm/ST10_Alarm.xml:ST10_Alarm:FlgNet
ST10_DeviceError.C.CGlueing.Z,ST10_DeviceError,0,1,0,1,ST10_Alarm,0,,EXPORT/Program blocks/OP010/05_Alarm/ST10_DeviceError.xml,EXPORT/Program blocks/OP010/05_Alarm/ST10_Alarm.xml:ST10_Alarm:FlgNet
ST10_DeviceError.C.C_Spare_2.GluingDeviceReady,ST10_DeviceError,0,1,0,1,ST10_Alarm,0,,EXPORT/Program blocks/OP010/05_Alarm/ST10_DeviceError.xml,EXPORT/Program blocks/OP010/05_Alarm/ST10_Alarm.xml:ST10_Alarm:FlgNet
ST10_DeviceError.C.C_Spare_2.GluingFault,ST10_DeviceError,0,1,0,1,ST10_Alarm,0,,EXPORT/Program blocks/OP010/05_Alarm/ST10_DeviceError.xml,EXPORT/Program blocks/OP010/05_Alarm/ST10_Alarm.xml:ST10_Alarm:FlgNet
ST10_DeviceError.C.C_Spare_2.GluingRefillTank,ST10_DeviceError,0,1,0,1,ST10_Alarm,0,,EXPORT/Program blocks/OP010/05_Alarm/ST10_DeviceError.xml,EXPORT/Program blocks/OP010/05_Alarm/ST10_Alarm.xml:ST10_Alarm:FlgNet
ST10_DeviceError.C.C_Spare_2.GluingTankEmpty,ST10_DeviceError,0,1,0,1,ST10_Alarm,0,,EXPORT/Program blocks/OP010/05_Alarm/ST10_DeviceError.xml,EXPORT/Program blocks/OP010/05_Alarm/ST10_Alarm.xml:ST10_Alarm:FlgNet
ST10_DeviceError.C.C_Spare_2.IV3_810A1,ST10_DeviceError,0,1,0,1,ST10_Alarm,0,,EXPORT/Program blocks/OP010/05_Alarm/ST10_DeviceError.xml,EXPORT/Program blocks/OP010/05_Alarm/ST10_Alarm.xml:ST10_Alarm:FlgNet
ST10_DeviceError.C.C_Spare_2.IV3_811A1,ST10_DeviceError,0,1,0,1,ST10_Alarm,0,,EXPORT/Program blocks/OP010/05_Alarm/ST10_DeviceError.xml,EXPORT/Program blocks/OP010/05_Alarm/ST10_Alarm.xml:ST10_Alarm:FlgNet
ST10_DeviceError.C.C_Spare_2.Servo_382A1,ST10_DeviceError,0,1,0,1,ST10_Alarm,0,,EXPORT/Program blocks/OP010/05_Alarm/ST10_DeviceError.xml,EXPORT/Program blocks/OP010/05_Alarm/ST10_Alarm.xml:ST10_Alarm:FlgNet
ST10_DeviceError.C.Other.Servo_383A1,ST10_DeviceError,1,0,0,1,ST10_Alarm,0,,EXPORT/Program blocks/OP010/05_Alarm/ST10_DeviceError.xml,EXPORT/Program blocks/OP010/05_Alarm/ST10_Alarm.xml:ST10_Alarm:FlgNet
ST10_DeviceError.E.NG_1.NG 1 DoorOpen,ST10_DeviceError,0,1,0,1,ST10_Alarm,0,,EXPORT/Program blocks/OP010/05_Alarm/ST10_DeviceError.xml,EXPORT/Program blocks/OP010/05_Alarm/ST10_Alarm.xml:ST10_Alarm:FlgNet
ST10_DeviceError.E.NG_1.NG 2 DoorOpen,ST10_DeviceError,0,1,0,1,ST10_Alarm,0,,EXPORT/Program blocks/OP010/05_Alarm/ST10_DeviceError.xml,EXPORT/Program blocks/OP010/05_Alarm/ST10_Alarm.xml:ST10_Alarm:FlgNet
ST10_DeviceError.E.NG_1.PressNGFull,ST10_DeviceError,1,1,0,1,ST10_Alarm,0,,EXPORT/Program blocks/OP010/05_Alarm/ST10_DeviceError.xml,EXPORT/Program blocks/OP010/05_Alarm/ST10_Alarm.xml:ST10_Alarm:FlgNet
ST10_DeviceError.E.NG_1.PressNGStatus,ST10_DeviceError,0,1,0,1,ST10_Alarm,0,,EXPORT/Program blocks/OP010/05_Alarm/ST10_DeviceError.xml,EXPORT/Program blocks/OP010/05_Alarm/ST10_Alarm.xml:ST10_Alarm:FlgNet
ST10_DeviceError.E.NG_1.RingScanNGFull,ST10_DeviceError,1,1,0,1,ST10_Alarm,0,,EXPORT/Program blocks/OP010/05_Alarm/ST10_DeviceError.xml,EXPORT/Program blocks/OP010/05_Alarm/ST10_Alarm.xml:ST10_Alarm:FlgNet
ST10_DeviceError.E.NG_1.RingScanNGStatus,ST10_DeviceError,0,1,0,1,ST10_Alarm,0,,EXPORT/Program blocks/OP010/05_Alarm/ST10_DeviceError.xml,EXPORT/Program blocks/OP010/05_Alarm/ST10_Alarm.xml:ST10_Alarm:FlgNet
ST10_DeviceError.E.NG_1.ShaftScanNGFull,ST10_DeviceError,1,1,0,1,ST10_Alarm,0,,EXPORT/Program blocks/OP010/05_Alarm/ST10_DeviceError.xml,EXPORT/Program blocks/OP010/05_Alarm/ST10_Alarm.xml:ST10_Alarm:FlgNet
ST10_DeviceError.E.NG_1.ShaftScanStatus,ST10_DeviceError,0,1,0,1,ST10_Alarm,0,,EXPORT/Program blocks/OP010/05_Alarm/ST10_DeviceError.xml,EXPORT/Program blocks/OP010/05_Alarm/ST10_Alarm.xml:ST10_Alarm:FlgNet
ST10_DeviceError.E.NG_2.MagnetNGFull,ST10_DeviceError,1,1,0,1,ST10_Alarm,0,,EXPORT/Program blocks/OP010/05_Alarm/ST10_DeviceError.xml,EXPORT/Program blocks/OP010/05_Alarm/ST10_Alarm.xml:ST10_Alarm:FlgNet
ST10_DeviceError.E.NG_2.MagnetNGStatus,ST10_DeviceError,0,1,0,1,ST10_Alarm,0,,EXPORT/Program blocks/OP010/05_Alarm/ST10_DeviceError.xml,EXPORT/Program blocks/OP010/05_Alarm/ST10_Alarm.xml:ST10_Alarm:FlgNet
ST10_DeviceError.E.NG_2.Press/GlueNGFull,ST10_DeviceError,1,1,0,1,ST10_Alarm,0,,EXPORT/Program blocks/OP010/05_Alarm/ST10_DeviceError.xml,EXPORT/Program blocks/OP010/05_Alarm/ST10_Alarm.xml:ST10_Alarm:FlgNet
ST10_DeviceError.E.NG_2.Press/GlueNGStatus,ST10_DeviceError,0,1,0,1,ST10_Alarm,0,,EXPORT/Program blocks/OP010/05_Alarm/ST10_DeviceError.xml,EXPORT/Program blocks/OP010/05_Alarm/ST10_Alarm.xml:ST10_Alarm:FlgNet
ST10_DeviceError.E.NG_2.RingScanNGFull,ST10_DeviceError,1,1,0,1,ST10_Alarm,0,,EXPORT/Program blocks/OP010/05_Alarm/ST10_DeviceError.xml,EXPORT/Program blocks/OP010/05_Alarm/ST10_Alarm.xml:ST10_Alarm:FlgNet
ST10_DeviceError.E.NG_2.RingScanNGStatus,ST10_DeviceError,0,1,0,1,ST10_Alarm,0,,EXPORT/Program blocks/OP010/05_Alarm/ST10_DeviceError.xml,EXPORT/Program blocks/OP010/05_Alarm/ST10_Alarm.xml:ST10_Alarm:FlgNet
ST10_DeviceError.F.F_Spare_1.Robot_1,ST10_DeviceError,0,1,0,1,ST10_Alarm,0,,EXPORT/Program blocks/OP010/05_Alarm/ST10_DeviceError.xml,EXPORT/Program blocks/OP010/05_Alarm/ST10_Alarm.xml:ST10_Alarm:FlgNet
ST10_DeviceError.F.F_Spare_1.Robot_2,ST10_DeviceError,0,1,0,1,ST10_Alarm,0,,EXPORT/Program blocks/OP010/05_Alarm/ST10_DeviceError.xml,EXPORT/Program blocks/OP010/05_Alarm/ST10_Alarm.xml:ST10_Alarm:FlgNet
ST10_DeviceError.F.F_Spare_1.Robot_3,ST10_DeviceError,0,1,0,1,ST10_Alarm,0,,EXPORT/Program blocks/OP010/05_Alarm/ST10_DeviceError.xml,EXPORT/Program blocks/OP010/05_Alarm/ST10_Alarm.xml:ST10_Alarm:FlgNet
ST10_DeviceError.F.F_Spare_1.Scan_805A1,ST10_DeviceError,0,1,0,1,ST10_Alarm,0,,EXPORT/Program blocks/OP010/05_Alarm/ST10_DeviceError.xml,EXPORT/Program blocks/OP010/05_Alarm/ST10_Alarm.xml:ST10_Alarm:FlgNet
ST10_DeviceError.F.Robot_1.EXT Fault,ST10_DeviceError,0,1,0,1,ST10_Alarm,0,,EXPORT/Program blocks/OP010/05_Alarm/ST10_DeviceError.xml,EXPORT/Program blocks/OP010/05_Alarm/ST10_Alarm.xml:ST10_Alarm:FlgNet
ST10_DeviceError.F.Robot_1.RobotNOTStart,ST10_DeviceError,0,1,0,1,ST10_Alarm,0,,EXPORT/Program blocks/OP010/05_Alarm/ST10_DeviceError.xml,EXPORT/Program blocks/OP010/05_Alarm/ST10_Alarm.xml:ST10_Alarm:FlgNet
ST10_DeviceError.F.Robot_2.EXT Fault,ST10_DeviceError,0,1,0,1,ST10_Alarm,0,,EXPORT/Program blocks/OP010/05_Alarm/ST10_DeviceError.xml,EXPORT/Program blocks/OP010/05_Alarm/ST10_Alarm.xml:ST10_Alarm:FlgNet
ST10_DeviceError.F.Robot_2.RobotNOTStart,ST10_DeviceError,0,1,0,1,ST10_Alarm,0,,EXPORT/Program blocks/OP010/05_Alarm/ST10_DeviceError.xml,EXPORT/Program blocks/OP010/05_Alarm/ST10_Alarm.xml:ST10_Alarm:FlgNet
ST10_DeviceError.F.Robot_3.EXT Fault,ST10_DeviceError,0,1,0,1,ST10_Alarm,0,,EXPORT/Program blocks/OP010/05_Alarm/ST10_DeviceError.xml,EXPORT/Program blocks/OP010/05_Alarm/ST10_Alarm.xml:ST10_Alarm:FlgNet
ST10_DeviceError.F.Robot_3.RobotNOTStart,ST10_DeviceError,0,1,0,1,ST10_Alarm,0,,EXPORT/Program blocks/OP010/05_Alarm/ST10_DeviceError.xml,EXPORT/Program blocks/OP010/05_Alarm/ST10_Alarm.xml:ST10_Alarm:FlgNet
ST10_DeviceError.H.ShaftLine.EmptyStop1timeout,ST10_DeviceError,0,1,0,1,ST10_Alarm,0,,EXPORT/Program blocks/OP010/05_Alarm/ST10_DeviceError.xml,EXPORT/Program blocks/OP010/05_Alarm/ST10_Alarm.xml:ST10_Alarm:FlgNet
ST10_DeviceError.H.ShaftLine.EmptyStop2timeout,ST10_DeviceError,0,1,0,1,ST10_Alarm,0,,EXPORT/Program blocks/OP010/05_Alarm/ST10_DeviceError.xml,EXPORT/Program blocks/OP010/05_Alarm/ST10_Alarm.xml:ST10_Alarm:FlgNet
ST10_DeviceError.H.ShaftLine.EmptyStop3timeout,ST10_DeviceError,0,1,0,1,ST10_Alarm,0,,EXPORT/Program blocks/OP010/05_Alarm/ST10_DeviceError.xml,EXPORT/Program blocks/OP010/05_Alarm/ST10_Alarm.xml:ST10_Alarm:FlgNet
ST10_DeviceError.H.ShaftLine.EmptyStop4timeout,ST10_DeviceError,0,1,0,1,ST10_Alarm,0,,EXPORT/Program blocks/OP010/05_Alarm/ST10_DeviceError.xml,EXPORT/Program blocks/OP010/05_Alarm/ST10_Alarm.xml:ST10_Alarm:FlgNet
ST10_DeviceError.H.ShaftLine.LoadingStop1timeout,ST10_DeviceError,0,1,0,1,ST10_Alarm,0,,EXPORT/Program blocks/OP010/05_Alarm/ST10_DeviceError.xml,EXPORT/Program blocks/OP010/05_Alarm/ST10_Alarm.xml:ST10_Alarm:FlgNet
ST10_DeviceError.H.ShaftLine.LoadingStop2timeout,ST10_DeviceError,0,1,0,1,ST10_Alarm,0,,EXPORT/Program blocks/OP010/05_Alarm/ST10_DeviceError.xml,EXPORT/Program blocks/OP010/05_Alarm/ST10_Alarm.xml:ST10_Alarm:FlgNet
ST10_DeviceError.H.ShaftLine.LoadingStop3timeout,ST10_DeviceError,0,1,0,1,ST10_Alarm,0,,EXPORT/Program blocks/OP010/05_Alarm/ST10_DeviceError.xml,EXPORT/Program blocks/OP010/05_Alarm/ST10_Alarm.xml:ST10_Alarm:FlgNet
ST10_DeviceError.H.ShaftLine.LoadingStop4timeout,ST10_DeviceError,0,1,0,1,ST10_Alarm,0,,EXPORT/Program blocks/OP010/05_Alarm/ST10_DeviceError.xml,EXPORT/Program blocks/OP010/05_Alarm/ST10_Alarm.xml:ST10_Alarm:FlgNet
ST10_DeviceError.H.ShaftLine.UnloadingLiftingtimeout,ST10_DeviceError,0,1,0,1,ST10_Alarm,0,,EXPORT/Program blocks/OP010/05_Alarm/ST10_DeviceError.xml,EXPORT/Program blocks/OP010/05_Alarm/ST10_Alarm.xml:ST10_Alarm:FlgNet
ST10_DeviceError.H.ShaftLine.UnloadingStop1timeout,ST10_DeviceError,0,1,0,1,ST10_Alarm,0,,EXPORT/Program blocks/OP010/05_Alarm/ST10_DeviceError.xml,EXPORT/Program blocks/OP010/05_Alarm/ST10_Alarm.xml:ST10_Alarm:FlgNet
ST10_DeviceError.H.ShaftLine.UnloadingStop2timeout,ST10_DeviceError,0,1,0,1,ST10_Alarm,0,,EXPORT/Program blocks/OP010/05_Alarm/ST10_DeviceError.xml,EXPORT/Program blocks/OP010/05_Alarm/ST10_Alarm.xml:ST10_Alarm:FlgNet
ST10_DeviceError.H.ShaftLine.UnloadingStop3timeout,ST10_DeviceError,0,1,0,1,ST10_Alarm,0,,EXPORT/Program blocks/OP010/05_Alarm/ST10_DeviceError.xml,EXPORT/Program blocks/OP010/05_Alarm/ST10_Alarm.xml:ST10_Alarm:FlgNet
ST10_DeviceError.H.Spare_1.H-shaftLifting_Motor,ST10_DeviceError,0,1,0,1,ST10_Alarm,0,,EXPORT/Program blocks/OP010/05_Alarm/ST10_DeviceError.xml,EXPORT/Program blocks/OP010/05_Alarm/ST10_Alarm.xml:ST10_Alarm:FlgNet
ST10_DeviceError.H.Spare_1.H-shaftLoad_Motor,ST10_DeviceError,0,1,0,1,ST10_Alarm,0,,EXPORT/Program blocks/OP010/05_Alarm/ST10_DeviceError.xml,EXPORT/Program blocks/OP010/05_Alarm/ST10_Alarm.xml:ST10_Alarm:FlgNet
ST10_DeviceError.H.Spare_1.H-shaftUnLoad_Motor,ST10_DeviceError,0,1,0,1,ST10_Alarm,0,,EXPORT/Program blocks/OP010/05_Alarm/ST10_DeviceError.xml,EXPORT/Program blocks/OP010/05_Alarm/ST10_Alarm.xml:ST10_Alarm:FlgNet
ST10_DeviceError.J.MagnetLine.EmptyStop1timeout,ST10_DeviceError,0,1,0,1,ST10_Alarm,0,,EXPORT/Program blocks/OP010/05_Alarm/ST10_DeviceError.xml,EXPORT/Program blocks/OP010/05_Alarm/ST10_Alarm.xml:ST10_Alarm:FlgNet
ST10_DeviceError.J.MagnetLine.EmptyStop2timeout,ST10_DeviceError,0,1,0,1,ST10_Alarm,0,,EXPORT/Program blocks/OP010/05_Alarm/ST10_DeviceError.xml,EXPORT/Program blocks/OP010/05_Alarm/ST10_Alarm.xml:ST10_Alarm:FlgNet
ST10_DeviceError.J.MagnetLine.EmptyStop3timeout,ST10_DeviceError,0,1,0,1,ST10_Alarm,0,,EXPORT/Program blocks/OP010/05_Alarm/ST10_DeviceError.xml,EXPORT/Program blocks/OP010/05_Alarm/ST10_Alarm.xml:ST10_Alarm:FlgNet
ST10_DeviceError.J.MagnetLine.EmptyStop4timeout,ST10_DeviceError,0,1,0,1,ST10_Alarm,0,,EXPORT/Program blocks/OP010/05_Alarm/ST10_DeviceError.xml,EXPORT/Program blocks/OP010/05_Alarm/ST10_Alarm.xml:ST10_Alarm:FlgNet
ST10_DeviceError.J.MagnetLine.LoadingStop1timeout,ST10_DeviceError,0,1,0,1,ST10_Alarm,0,,EXPORT/Program blocks/OP010/05_Alarm/ST10_DeviceError.xml,EXPORT/Program blocks/OP010/05_Alarm/ST10_Alarm.xml:ST10_Alarm:FlgNet
ST10_DeviceError.J.MagnetLine.LoadingStop2timeout,ST10_DeviceError,0,1,0,1,ST10_Alarm,0,,EXPORT/Program blocks/OP010/05_Alarm/ST10_DeviceError.xml,EXPORT/Program blocks/OP010/05_Alarm/ST10_Alarm.xml:ST10_Alarm:FlgNet
ST10_DeviceError.J.MagnetLine.LoadingStop3timeout,ST10_DeviceError,0,1,0,1,ST10_Alarm,0,,EXPORT/Program blocks/OP010/05_Alarm/ST10_DeviceError.xml,EXPORT/Program blocks/OP010/05_Alarm/ST10_Alarm.xml:ST10_Alarm:FlgNet
ST10_DeviceError.J.MagnetLine.LoadingStop4timeout,ST10_DeviceError,0,1,0,1,ST10_Alarm,0,,EXPORT/Program blocks/OP010/05_Alarm/ST10_DeviceError.xml,EXPORT/Program blocks/OP010/05_Alarm/ST10_Alarm.xml:ST10_Alarm:FlgNet
ST10_DeviceError.J.MagnetLine.UnloadingLiftingtimeout,ST10_DeviceError,0,1,0,1,ST10_Alarm,0,,EXPORT/Program blocks/OP010/05_Alarm/ST10_DeviceError.xml,EXPORT/Program blocks/OP010/05_Alarm/ST10_Alarm.xml:ST10_Alarm:FlgNet
ST10_DeviceError.J.MagnetLine.UnloadingStop1timeout,ST10_DeviceError,0,1,0,1,ST10_Alarm,0,,EXPORT/Program blocks/OP010/05_Alarm/ST10_DeviceError.xml,EXPORT/Program blocks/OP010/05_Alarm/ST10_Alarm.xml:ST10_Alarm:FlgNet
ST10_DeviceError.J.MagnetLine.UnloadingStop2timeout,ST10_DeviceError,0,1,0,1,ST10_Alarm,0,,EXPORT/Program blocks/OP010/05_Alarm/ST10_DeviceError.xml,EXPORT/Program blocks/OP010/05_Alarm/ST10_Alarm.xml:ST10_Alarm:FlgNet
ST10_DeviceError.J.MagnetLine.UnloadingStop3timeout,ST10_DeviceError,0,1,0,1,ST10_Alarm,0,,EXPORT/Program blocks/OP010/05_Alarm/ST10_DeviceError.xml,EXPORT/Program blocks/OP010/05_Alarm/ST10_Alarm.xml:ST10_Alarm:FlgNet
ST10_DeviceError.J.Spare_1.J-MagnetLifting_Motor,ST10_DeviceError,0,1,0,1,ST10_Alarm,0,,EXPORT/Program blocks/OP010/05_Alarm/ST10_DeviceError.xml,EXPORT/Program blocks/OP010/05_Alarm/ST10_Alarm.xml:ST10_Alarm:FlgNet
ST10_DeviceError.J.Spare_1.J-MagnetLoad_Motor,ST10_DeviceError,0,1,0,1,ST10_Alarm,0,,EXPORT/Program blocks/OP010/05_Alarm/ST10_DeviceError.xml,EXPORT/Program blocks/OP010/05_Alarm/ST10_Alarm.xml:ST10_Alarm:FlgNet
ST10_DeviceError.J.Spare_1.J-MagnetUnLoad_Motor,ST10_DeviceError,0,1,0,1,ST10_Alarm,0,,EXPORT/Program blocks/OP010/05_Alarm/ST10_DeviceError.xml,EXPORT/Program blocks/OP010/05_Alarm/ST10_Alarm.xml:ST10_Alarm:FlgNet
ST10_DeviceError.K.ReserveLine.EmptyStop1timeout,ST10_DeviceError,0,1,0,1,ST10_Alarm,0,,EXPORT/Program blocks/OP010/05_Alarm/ST10_DeviceError.xml,EXPORT/Program blocks/OP010/05_Alarm/ST10_Alarm.xml:ST10_Alarm:FlgNet
ST10_DeviceError.K.ReserveLine.EmptyStop2timeout,ST10_DeviceError,0,1,0,1,ST10_Alarm,0,,EXPORT/Program blocks/OP010/05_Alarm/ST10_DeviceError.xml,EXPORT/Program blocks/OP010/05_Alarm/ST10_Alarm.xml:ST10_Alarm:FlgNet
ST10_DeviceError.K.ReserveLine.EmptyStop3timeout,ST10_DeviceError,0,1,0,1,ST10_Alarm,0,,EXPORT/Program blocks/OP010/05_Alarm/ST10_DeviceError.xml,EXPORT/Program blocks/OP010/05_Alarm/ST10_Alarm.xml:ST10_Alarm:FlgNet
ST10_DeviceError.K.ReserveLine.EmptyStop4timeout,ST10_DeviceError,0,1,0,1,ST10_Alarm,0,,EXPORT/Program blocks/OP010/05_Alarm/ST10_DeviceError.xml,EXPORT/Program blocks/OP010/05_Alarm/ST10_Alarm.xml:ST10_Alarm:FlgNet
ST10_DeviceError.K.ReserveLine.LoadingStop1timeout,ST10_DeviceError,0,1,0,1,ST10_Alarm,0,,EXPORT/Program blocks/OP010/05_Alarm/ST10_DeviceError.xml,EXPORT/Program blocks/OP010/05_Alarm/ST10_Alarm.xml:ST10_Alarm:FlgNet
ST10_DeviceError.K.ReserveLine.LoadingStop2timeout,ST10_DeviceError,0,1,0,1,ST10_Alarm,0,,EXPORT/Program blocks/OP010/05_Alarm/ST10_DeviceError.xml,EXPORT/Program blocks/OP010/05_Alarm/ST10_Alarm.xml:ST10_Alarm:FlgNet
ST10_DeviceError.K.ReserveLine.LoadingStop3timeout,ST10_DeviceError,0,1,0,1,ST10_Alarm,0,,EXPORT/Program blocks/OP010/05_Alarm/ST10_DeviceError.xml,EXPORT/Program blocks/OP010/05_Alarm/ST10_Alarm.xml:ST10_Alarm:FlgNet
ST10_DeviceError.K.ReserveLine.LoadingStop4timeout,ST10_DeviceError,0,1,0,1,ST10_Alarm,0,,EXPORT/Program blocks/OP010/05_Alarm/ST10_DeviceError.xml,EXPORT/Program blocks/OP010/05_Alarm/ST10_Alarm.xml:ST10_Alarm:FlgNet
ST10_DeviceError.K.ReserveLine.UnloadingLiftingtimeout,ST10_DeviceError,0,1,0,1,ST10_Alarm,0,,EXPORT/Program blocks/OP010/05_Alarm/ST10_DeviceError.xml,EXPORT/Program blocks/OP010/05_Alarm/ST10_Alarm.xml:ST10_Alarm:FlgNet
ST10_DeviceError.K.ReserveLine.UnloadingStop1timeout,ST10_DeviceError,0,1,0,1,ST10_Alarm,0,,EXPORT/Program blocks/OP010/05_Alarm/ST10_DeviceError.xml,EXPORT/Program blocks/OP010/05_Alarm/ST10_Alarm.xml:ST10_Alarm:FlgNet
ST10_DeviceError.K.ReserveLine.UnloadingStop2timeout,ST10_DeviceError,0,1,0,1,ST10_Alarm,0,,EXPORT/Program blocks/OP010/05_Alarm/ST10_DeviceError.xml,EXPORT/Program blocks/OP010/05_Alarm/ST10_Alarm.xml:ST10_Alarm:FlgNet
ST10_DeviceError.K.ReserveLine.UnloadingStop3timeout,ST10_DeviceError,0,1,0,1,ST10_Alarm,0,,EXPORT/Program blocks/OP010/05_Alarm/ST10_DeviceError.xml,EXPORT/Program blocks/OP010/05_Alarm/ST10_Alarm.xml:ST10_Alarm:FlgNet
ST10_DeviceError.K.Spare_1.K-Lifting_Motor,ST10_DeviceError,0,1,0,1,ST10_Alarm,0,,EXPORT/Program blocks/OP010/05_Alarm/ST10_DeviceError.xml,EXPORT/Program blocks/OP010/05_Alarm/ST10_Alarm.xml:ST10_Alarm:FlgNet
ST10_DeviceError.K.Spare_1.K-ReserveLoad_Motor,ST10_DeviceError,0,1,0,1,ST10_Alarm,0,,EXPORT/Program blocks/OP010/05_Alarm/ST10_DeviceError.xml,EXPORT/Program blocks/OP010/05_Alarm/ST10_Alarm.xml:ST10_Alarm:FlgNet
ST10_DeviceError.K.Spare_1.K-ReserveUnLoad_Motor,ST10_DeviceError,0,1,0,1,ST10_Alarm,0,,EXPORT/Program blocks/OP010/05_Alarm/ST10_DeviceError.xml,EXPORT/Program blocks/OP010/05_Alarm/ST10_Alarm.xml:ST10_Alarm:FlgNet
ST10_DeviceError.L.Spare_2.L-Unloading _LineMotor,ST10_DeviceError,0,1,0,1,ST10_Alarm,0,,EXPORT/Program blocks/OP010/05_Alarm/ST10_DeviceError.xml,EXPORT/Program blocks/OP010/05_Alarm/ST10_Alarm.xml:ST10_Alarm:FlgNet
ST10_DeviceError.L.Spare_2.L-Unloading_Motor,ST10_DeviceError,0,1,0,1,ST10_Alarm,0,,EXPORT/Program blocks/OP010/05_Alarm/ST10_DeviceError.xml,EXPORT/Program blocks/OP010/05_Alarm/ST10_Alarm.xml:ST10_Alarm:FlgNet
ST10_DeviceError.L.UnloadingLine.EmptyStop1timeout,ST10_DeviceError,0,1,0,1,ST10_Alarm,0,,EXPORT/Program blocks/OP010/05_Alarm/ST10_DeviceError.xml,EXPORT/Program blocks/OP010/05_Alarm/ST10_Alarm.xml:ST10_Alarm:FlgNet
ST10_DeviceError.L.UnloadingLine.EmptyStop2timeout,ST10_DeviceError,0,1,0,1,ST10_Alarm,0,,EXPORT/Program blocks/OP010/05_Alarm/ST10_DeviceError.xml,EXPORT/Program blocks/OP010/05_Alarm/ST10_Alarm.xml:ST10_Alarm:FlgNet
ST10_DeviceError.L.UnloadingLine.EmptyStop3timeout,ST10_DeviceError,0,1,0,1,ST10_Alarm,0,,EXPORT/Program blocks/OP010/05_Alarm/ST10_DeviceError.xml,EXPORT/Program blocks/OP010/05_Alarm/ST10_Alarm.xml:ST10_Alarm:FlgNet
ST10_DeviceError.L.UnloadingLine.LoadingStop1timeout,ST10_DeviceError,0,1,0,1,ST10_Alarm,0,,EXPORT/Program blocks/OP010/05_Alarm/ST10_DeviceError.xml,EXPORT/Program blocks/OP010/05_Alarm/ST10_Alarm.xml:ST10_Alarm:FlgNet
ST10_DeviceError.L.UnloadingLine.LoadingStop2timeout,ST10_DeviceError,0,1,0,1,ST10_Alarm,0,,EXPORT/Program blocks/OP010/05_Alarm/ST10_DeviceError.xml,EXPORT/Program blocks/OP010/05_Alarm/ST10_Alarm.xml:ST10_Alarm:FlgNet
ST10_DeviceError.L.UnloadingLine.LoadingStop3timeout,ST10_DeviceError,0,1,0,1,ST10_Alarm,0,,EXPORT/Program blocks/OP010/05_Alarm/ST10_DeviceError.xml,EXPORT/Program blocks/OP010/05_Alarm/ST10_Alarm.xml:ST10_Alarm:FlgNet
ST10_DeviceError.L.UnloadingLine.UnloadingLiftingtimeout,ST10_DeviceError,0,1,0,1,ST10_Alarm,0,,EXPORT/Program blocks/OP010/05_Alarm/ST10_DeviceError.xml,EXPORT/Program blocks/OP010/05_Alarm/ST10_Alarm.xml:ST10_Alarm:FlgNet
ST10_Flow12_A2TableUnloading_iDB.PartMissingAlarm.X,ST10_Flow12_A2TableUnloading_iDB,2,0,0,1,ST10_Alarm,0,,EXPORT/Program blocks/OP010/03_Auto/M_iDB/ST10_Flow12_A2TableUnloading_iDB.xml,EXPORT/Program blocks/OP010/05_Alarm/ST10_Alarm.xml:ST10_Alarm:FlgNet
ST10_Flow14_B2Press_iDB.Prepare MES CheckData.X,ST10_Flow14_B2Press_iDB,1,0,0,1,MES,0,,EXPORT/Program blocks/OP010/03_Auto/M_iDB/ST10_Flow14_B2Press_iDB.xml,EXPORT/Program blocks/OP010/11_MES/MES.xml:MES:FlgNet
ST10_Flow14_B2Press_iDB.Prepare MES CheckData_1.X,ST10_Flow14_B2Press_iDB,1,0,0,1,MES,0,,EXPORT/Program blocks/OP010/03_Auto/M_iDB/ST10_Flow14_B2Press_iDB.xml,EXPORT/Program blocks/OP010/11_MES/MES.xml:MES:FlgNet
ST10_Flow15_FRobot_3_iDB.RobotStart.X,ST10_Flow15_FRobot_3_iDB,1,0,0,1,ST10_Alarm,0,,EXPORT/Program blocks/OP010/03_Auto/M_iDB/ST10_Flow15_FRobot_3_iDB.xml,EXPORT/Program blocks/OP010/05_Alarm/ST10_Alarm.xml:ST10_Alarm:FlgNet
ST10_Flow15_FRobot_3_iDB.RobotTaskSelect.X,ST10_Flow15_FRobot_3_iDB,1,0,0,1,NG,0,,EXPORT/Program blocks/OP010/03_Auto/M_iDB/ST10_Flow15_FRobot_3_iDB.xml,EXPORT/Program blocks/OP010/10_Device/29_NG/NG.xml:NG:FlgNet
ST10_Flow21_HShaftLifting_iDB.MotorCCWRun.X,ST10_Flow21_HShaftLifting_iDB,1,0,0,1,ST10_Alarm,0,,EXPORT/Program blocks/OP010/03_Auto/M_iDB/ST10_Flow21_HShaftLifting_iDB.xml,EXPORT/Program blocks/OP010/05_Alarm/ST10_Alarm.xml:ST10_Alarm:FlgNet
ST10_Flow22_JMagnetLifting_iDB.MotorCCWRun.X,ST10_Flow22_JMagnetLifting_iDB,1,0,0,1,ST10_Alarm,0,,EXPORT/Program blocks/OP010/03_Auto/M_iDB/ST10_Flow22_JMagnetLifting_iDB.xml,EXPORT/Program blocks/OP010/05_Alarm/ST10_Alarm.xml:ST10_Alarm:FlgNet
ST10_Flow23_KReserveLifting_iDB.MotorCCWRun.X,ST10_Flow23_KReserveLifting_iDB,1,0,0,1,ST10_Alarm,0,,EXPORT/Program blocks/OP010/03_Auto/M_iDB/ST10_Flow23_KReserveLifting_iDB.xml,EXPORT/Program blocks/OP010/05_Alarm/ST10_Alarm.xml:ST10_Alarm:FlgNet
ST10_Flow24_LUnloadingTrans_iDB.MotorCCWRun.X,ST10_Flow24_LUnloadingTrans_iDB,1,0,0,1,ST10_Alarm,0,,EXPORT/Program blocks/OP010/03_Auto/M_iDB/ST10_Flow24_LUnloadingTrans_iDB.xml,EXPORT/Program blocks/OP010/05_Alarm/ST10_Alarm.xml:ST10_Alarm:FlgNet
ST10_Flow24_LUnloadingTrans_iDB.RobotCountClear0.X,ST10_Flow24_LUnloadingTrans_iDB,1,0,0,1,ST10_Auto,0,,EXPORT/Program blocks/OP010/03_Auto/M_iDB/ST10_Flow24_LUnloadingTrans_iDB.xml,EXPORT/Program blocks/OP010/03_Auto/ST10_Auto.xml:ST10_Auto:FlgNet
ST10_Flow25_HShaftLoad&Unload_iDB.WaitPalletArrveNextPos.X,ST10_Flow25_HShaftLoad&Unload_iDB,1,0,0,1,ST10_Alarm,0,,EXPORT/Program blocks/OP010/03_Auto/M_iDB/ST10_Flow25_HShaftLoad&Unload_iDB.xml,EXPORT/Program blocks/OP010/05_Alarm/ST10_Alarm.xml:ST10_Alarm:FlgNet
ST10_Flow25_HShaftLoad&Unload_iDB.WaitPalletArrveNextPos_1.X,ST10_Flow25_HShaftLoad&Unload_iDB,1,0,0,1,ST10_Alarm,0,,EXPORT/Program blocks/OP010/03_Auto/M_iDB/ST10_Flow25_HShaftLoad&Unload_iDB.xml,EXPORT/Program blocks/OP010/05_Alarm/ST10_Alarm.xml:ST10_Alarm:FlgNet
ST10_Flow25_HShaftLoad&Unload_iDB.WaitPalletArrveNextPos_10.X,ST10_Flow25_HShaftLoad&Unload_iDB,1,0,0,1,ST10_Alarm,0,,EXPORT/Program blocks/OP010/03_Auto/M_iDB/ST10_Flow25_HShaftLoad&Unload_iDB.xml,EXPORT/Program blocks/OP010/05_Alarm/ST10_Alarm.xml:ST10_Alarm:FlgNet
ST10_Flow25_HShaftLoad&Unload_iDB.WaitPalletArrveNextPos_2.X,ST10_Flow25_HShaftLoad&Unload_iDB,1,0,0,1,ST10_Alarm,0,,EXPORT/Program blocks/OP010/03_Auto/M_iDB/ST10_Flow25_HShaftLoad&Unload_iDB.xml,EXPORT/Program blocks/OP010/05_Alarm/ST10_Alarm.xml:ST10_Alarm:FlgNet
ST10_Flow25_HShaftLoad&Unload_iDB.WaitPalletArrveNextPos_3.X,ST10_Flow25_HShaftLoad&Unload_iDB,1,0,0,1,ST10_Alarm,0,,EXPORT/Program blocks/OP010/03_Auto/M_iDB/ST10_Flow25_HShaftLoad&Unload_iDB.xml,EXPORT/Program blocks/OP010/05_Alarm/ST10_Alarm.xml:ST10_Alarm:FlgNet
ST10_Flow25_HShaftLoad&Unload_iDB.WaitPalletArrveNextPos_4.X,ST10_Flow25_HShaftLoad&Unload_iDB,1,0,0,1,ST10_Alarm,0,,EXPORT/Program blocks/OP010/03_Auto/M_iDB/ST10_Flow25_HShaftLoad&Unload_iDB.xml,EXPORT/Program blocks/OP010/05_Alarm/ST10_Alarm.xml:ST10_Alarm:FlgNet
ST10_Flow25_HShaftLoad&Unload_iDB.WaitPalletArrveNextPos_5.X,ST10_Flow25_HShaftLoad&Unload_iDB,2,0,0,1,ST10_Alarm,0,,EXPORT/Program blocks/OP010/03_Auto/M_iDB/ST10_Flow25_HShaftLoad&Unload_iDB.xml,EXPORT/Program blocks/OP010/05_Alarm/ST10_Alarm.xml:ST10_Alarm:FlgNet
ST10_Flow25_HShaftLoad&Unload_iDB.WaitPalletArrveNextPos_7.X,ST10_Flow25_HShaftLoad&Unload_iDB,1,0,0,1,ST10_Alarm,0,,EXPORT/Program blocks/OP010/03_Auto/M_iDB/ST10_Flow25_HShaftLoad&Unload_iDB.xml,EXPORT/Program blocks/OP010/05_Alarm/ST10_Alarm.xml:ST10_Alarm:FlgNet
ST10_Flow25_HShaftLoad&Unload_iDB.WaitPalletArrveNextPos_8.X,ST10_Flow25_HShaftLoad&Unload_iDB,1,0,0,1,ST10_Alarm,0,,EXPORT/Program blocks/OP010/03_Auto/M_iDB/ST10_Flow25_HShaftLoad&Unload_iDB.xml,EXPORT/Program blocks/OP010/05_Alarm/ST10_Alarm.xml:ST10_Alarm:FlgNet
ST10_Flow25_HShaftLoad&Unload_iDB.WaitPalletArrveNextPos_9.X,ST10_Flow25_HShaftLoad&Unload_iDB,1,0,0,1,ST10_Alarm,0,,EXPORT/Program blocks/OP010/03_Auto/M_iDB/ST10_Flow25_HShaftLoad&Unload_iDB.xml,EXPORT/Program blocks/OP010/05_Alarm/ST10_Alarm.xml:ST10_Alarm:FlgNet
ST10_Flow26_JMagnetLoad&Unload_iDB.WaitPalletArrveNextPos.X,ST10_Flow26_JMagnetLoad&Unload_iDB,1,0,0,1,ST10_Alarm,0,,EXPORT/Program blocks/OP010/03_Auto/M_iDB/ST10_Flow26_JMagnetLoad&Unload_iDB.xml,EXPORT/Program blocks/OP010/05_Alarm/ST10_Alarm.xml:ST10_Alarm:FlgNet
ST10_Flow26_JMagnetLoad&Unload_iDB.WaitPalletArrveNextPos_1.X,ST10_Flow26_JMagnetLoad&Unload_iDB,1,0,0,1,ST10_Alarm,0,,EXPORT/Program blocks/OP010/03_Auto/M_iDB/ST10_Flow26_JMagnetLoad&Unload_iDB.xml,EXPORT/Program blocks/OP010/05_Alarm/ST10_Alarm.xml:ST10_Alarm:FlgNet
ST10_Flow26_JMagnetLoad&Unload_iDB.WaitPalletArrveNextPos_10.X,ST10_Flow26_JMagnetLoad&Unload_iDB,1,0,0,1,ST10_Alarm,0,,EXPORT/Program blocks/OP010/03_Auto/M_iDB/ST10_Flow26_JMagnetLoad&Unload_iDB.xml,EXPORT/Program blocks/OP010/05_Alarm/ST10_Alarm.xml:ST10_Alarm:FlgNet
ST10_Flow26_JMagnetLoad&Unload_iDB.WaitPalletArrveNextPos_2.X,ST10_Flow26_JMagnetLoad&Unload_iDB,1,0,0,1,ST10_Alarm,0,,EXPORT/Program blocks/OP010/03_Auto/M_iDB/ST10_Flow26_JMagnetLoad&Unload_iDB.xml,EXPORT/Program blocks/OP010/05_Alarm/ST10_Alarm.xml:ST10_Alarm:FlgNet
ST10_Flow26_JMagnetLoad&Unload_iDB.WaitPalletArrveNextPos_3.X,ST10_Flow26_JMagnetLoad&Unload_iDB,1,0,0,1,ST10_Alarm,0,,EXPORT/Program blocks/OP010/03_Auto/M_iDB/ST10_Flow26_JMagnetLoad&Unload_iDB.xml,EXPORT/Program blocks/OP010/05_Alarm/ST10_Alarm.xml:ST10_Alarm:FlgNet
ST10_Flow26_JMagnetLoad&Unload_iDB.WaitPalletArrveNextPos_4.X,ST10_Flow26_JMagnetLoad&Unload_iDB,1,0,0,1,ST10_Alarm,0,,EXPORT/Program blocks/OP010/03_Auto/M_iDB/ST10_Flow26_JMagnetLoad&Unload_iDB.xml,EXPORT/Program blocks/OP010/05_Alarm/ST10_Alarm.xml:ST10_Alarm:FlgNet
ST10_Flow26_JMagnetLoad&Unload_iDB.WaitPalletArrveNextPos_5.X,ST10_Flow26_JMagnetLoad&Unload_iDB,1,0,0,1,ST10_Alarm,0,,EXPORT/Program blocks/OP010/03_Auto/M_iDB/ST10_Flow26_JMagnetLoad&Unload_iDB.xml,EXPORT/Program blocks/OP010/05_Alarm/ST10_Alarm.xml:ST10_Alarm:FlgNet
ST10_Flow26_JMagnetLoad&Unload_iDB.WaitPalletArrveNextPos_6.X,ST10_Flow26_JMagnetLoad&Unload_iDB,1,0,0,1,ST10_Alarm,0,,EXPORT/Program blocks/OP010/03_Auto/M_iDB/ST10_Flow26_JMagnetLoad&Unload_iDB.xml,EXPORT/Program blocks/OP010/05_Alarm/ST10_Alarm.xml:ST10_Alarm:FlgNet
ST10_Flow26_JMagnetLoad&Unload_iDB.WaitPalletArrveNextPos_7.X,ST10_Flow26_JMagnetLoad&Unload_iDB,1,0,0,1,ST10_Alarm,0,,EXPORT/Program blocks/OP010/03_Auto/M_iDB/ST10_Flow26_JMagnetLoad&Unload_iDB.xml,EXPORT/Program blocks/OP010/05_Alarm/ST10_Alarm.xml:ST10_Alarm:FlgNet
ST10_Flow26_JMagnetLoad&Unload_iDB.WaitPalletArrveNextPos_8.X,ST10_Flow26_JMagnetLoad&Unload_iDB,1,0,0,1,ST10_Alarm,0,,EXPORT/Program blocks/OP010/03_Auto/M_iDB/ST10_Flow26_JMagnetLoad&Unload_iDB.xml,EXPORT/Program blocks/OP010/05_Alarm/ST10_Alarm.xml:ST10_Alarm:FlgNet
ST10_Flow26_JMagnetLoad&Unload_iDB.WaitPalletArrveNextPos_9.X,ST10_Flow26_JMagnetLoad&Unload_iDB,1,0,0,1,ST10_Alarm,0,,EXPORT/Program blocks/OP010/03_Auto/M_iDB/ST10_Flow26_JMagnetLoad&Unload_iDB.xml,EXPORT/Program blocks/OP010/05_Alarm/ST10_Alarm.xml:ST10_Alarm:FlgNet
ST10_Flow27_KReserveLoad&Unload_iDB.WaitPalletArrveNextPos.X,ST10_Flow27_KReserveLoad&Unload_iDB,1,0,0,1,ST10_Alarm,0,,EXPORT/Program blocks/OP010/03_Auto/M_iDB/ST10_Flow27_KReserveLoad&Unload_iDB.xml,EXPORT/Program blocks/OP010/05_Alarm/ST10_Alarm.xml:ST10_Alarm:FlgNet
ST10_Flow27_KReserveLoad&Unload_iDB.WaitPalletArrveNextPos_1.X,ST10_Flow27_KReserveLoad&Unload_iDB,1,0,0,1,ST10_Alarm,0,,EXPORT/Program blocks/OP010/03_Auto/M_iDB/ST10_Flow27_KReserveLoad&Unload_iDB.xml,EXPORT/Program blocks/OP010/05_Alarm/ST10_Alarm.xml:ST10_Alarm:FlgNet
ST10_Flow27_KReserveLoad&Unload_iDB.WaitPalletArrveNextPos_10.X,ST10_Flow27_KReserveLoad&Unload_iDB,1,0,0,1,ST10_Alarm,0,,EXPORT/Program blocks/OP010/03_Auto/M_iDB/ST10_Flow27_KReserveLoad&Unload_iDB.xml,EXPORT/Program blocks/OP010/05_Alarm/ST10_Alarm.xml:ST10_Alarm:FlgNet
ST10_Flow27_KReserveLoad&Unload_iDB.WaitPalletArrveNextPos_2.X,ST10_Flow27_KReserveLoad&Unload_iDB,1,0,0,1,ST10_Alarm,0,,EXPORT/Program blocks/OP010/03_Auto/M_iDB/ST10_Flow27_KReserveLoad&Unload_iDB.xml,EXPORT/Program blocks/OP010/05_Alarm/ST10_Alarm.xml:ST10_Alarm:FlgNet
ST10_Flow27_KReserveLoad&Unload_iDB.WaitPalletArrveNextPos_3.X,ST10_Flow27_KReserveLoad&Unload_iDB,1,0,0,1,ST10_Alarm,0,,EXPORT/Program blocks/OP010/03_Auto/M_iDB/ST10_Flow27_KReserveLoad&Unload_iDB.xml,EXPORT/Program blocks/OP010/05_Alarm/ST10_Alarm.xml:ST10_Alarm:FlgNet
ST10_Flow27_KReserveLoad&Unload_iDB.WaitPalletArrveNextPos_4.X,ST10_Flow27_KReserveLoad&Unload_iDB,1,0,0,1,ST10_Alarm,0,,EXPORT/Program blocks/OP010/03_Auto/M_iDB/ST10_Flow27_KReserveLoad&Unload_iDB.xml,EXPORT/Program blocks/OP010/05_Alarm/ST10_Alarm.xml:ST10_Alarm:FlgNet
ST10_Flow27_KReserveLoad&Unload_iDB.WaitPalletArrveNextPos_5.X,ST10_Flow27_KReserveLoad&Unload_iDB,1,0,0,1,ST10_Alarm,0,,EXPORT/Program blocks/OP010/03_Auto/M_iDB/ST10_Flow27_KReserveLoad&Unload_iDB.xml,EXPORT/Program blocks/OP010/05_Alarm/ST10_Alarm.xml:ST10_Alarm:FlgNet
ST10_Flow27_KReserveLoad&Unload_iDB.WaitPalletArrveNextPos_6.X,ST10_Flow27_KReserveLoad&Unload_iDB,1,0,0,1,ST10_Alarm,0,,EXPORT/Program blocks/OP010/03_Auto/M_iDB/ST10_Flow27_KReserveLoad&Unload_iDB.xml,EXPORT/Program blocks/OP010/05_Alarm/ST10_Alarm.xml:ST10_Alarm:FlgNet
ST10_Flow27_KReserveLoad&Unload_iDB.WaitPalletArrveNextPos_7.X,ST10_Flow27_KReserveLoad&Unload_iDB,1,0,0,1,ST10_Alarm,0,,EXPORT/Program blocks/OP010/03_Auto/M_iDB/ST10_Flow27_KReserveLoad&Unload_iDB.xml,EXPORT/Program blocks/OP010/05_Alarm/ST10_Alarm.xml:ST10_Alarm:FlgNet
ST10_Flow27_KReserveLoad&Unload_iDB.WaitPalletArrveNextPos_8.X,ST10_Flow27_KReserveLoad&Unload_iDB,1,0,0,1,ST10_Alarm,0,,EXPORT/Program blocks/OP010/03_Auto/M_iDB/ST10_Flow27_KReserveLoad&Unload_iDB.xml,EXPORT/Program blocks/OP010/05_Alarm/ST10_Alarm.xml:ST10_Alarm:FlgNet
ST10_Flow27_KReserveLoad&Unload_iDB.WaitPalletArrveNextPos_9.X,ST10_Flow27_KReserveLoad&Unload_iDB,1,0,0,1,ST10_Alarm,0,,EXPORT/Program blocks/OP010/03_Auto/M_iDB/ST10_Flow27_KReserveLoad&Unload_iDB.xml,EXPORT/Program blocks/OP010/05_Alarm/ST10_Alarm.xml:ST10_Alarm:FlgNet
ST10_Flow28_LUnloadingLoad&Unload_IiDB.WaitPalletArrveNextPos.X,ST10_Flow28_LUnloadingLoad&Unload_IiDB,1,0,0,1,ST10_Alarm,0,,EXPORT/Program blocks/OP010/03_Auto/M_iDB/ST10_Flow28_LUnloadingLoad&Unload_IiDB.xml,EXPORT/Program blocks/OP010/05_Alarm/ST10_Alarm.xml:ST10_Alarm:FlgNet
ST10_Flow28_LUnloadingLoad&Unload_IiDB.WaitPalletArrveNextPos_1.X,ST10_Flow28_LUnloadingLoad&Unload_IiDB,1,0,0,1,ST10_Alarm,0,,EXPORT/Program blocks/OP010/03_Auto/M_iDB/ST10_Flow28_LUnloadingLoad&Unload_IiDB.xml,EXPORT/Program blocks/OP010/05_Alarm/ST10_Alarm.xml:ST10_Alarm:FlgNet
ST10_Flow28_LUnloadingLoad&Unload_IiDB.WaitPalletArrveNextPos_2.X,ST10_Flow28_LUnloadingLoad&Unload_IiDB,1,0,0,1,ST10_Alarm,0,,EXPORT/Program blocks/OP010/03_Auto/M_iDB/ST10_Flow28_LUnloadingLoad&Unload_IiDB.xml,EXPORT/Program blocks/OP010/05_Alarm/ST10_Alarm.xml:ST10_Alarm:FlgNet
ST10_Flow28_LUnloadingLoad&Unload_IiDB.WaitPalletArrveNextPos_7.X,ST10_Flow28_LUnloadingLoad&Unload_IiDB,1,0,0,1,ST10_Alarm,0,,EXPORT/Program blocks/OP010/03_Auto/M_iDB/ST10_Flow28_LUnloadingLoad&Unload_IiDB.xml,EXPORT/Program blocks/OP010/05_Alarm/ST10_Alarm.xml:ST10_Alarm:FlgNet
ST10_Flow28_LUnloadingLoad&Unload_IiDB.WaitPalletArrveNextPos_8.X,ST10_Flow28_LUnloadingLoad&Unload_IiDB,1,0,0,1,ST10_Alarm,0,,EXPORT/Program blocks/OP010/03_Auto/M_iDB/ST10_Flow28_LUnloadingLoad&Unload_IiDB.xml,EXPORT/Program blocks/OP010/05_Alarm/ST10_Alarm.xml:ST10_Alarm:FlgNet
ST10_Flow28_LUnloadingLoad&Unload_IiDB.WaitPalletArrveNextPos_9.X,ST10_Flow28_LUnloadingLoad&Unload_IiDB,1,0,0,1,ST10_Alarm,0,,EXPORT/Program blocks/OP010/03_Auto/M_iDB/ST10_Flow28_LUnloadingLoad&Unload_IiDB.xml,EXPORT/Program blocks/OP010/05_Alarm/ST10_Alarm.xml:ST10_Alarm:FlgNet
ST10_Flow2_A1TableUnloading_iDB.PartMissingAlarm.X,ST10_Flow2_A1TableUnloading_iDB,1,0,0,1,ST10_Alarm,0,,EXPORT/Program blocks/OP010/03_Auto/M_iDB/ST10_Flow2_A1TableUnloading_iDB.xml,EXPORT/Program blocks/OP010/05_Alarm/ST10_Alarm.xml:ST10_Alarm:FlgNet
ST10_Flow2_A1TableUnloading_iDB.ResetPartMissingAlarm.X,ST10_Flow2_A1TableUnloading_iDB,1,0,0,1,ST10_Alarm,0,,EXPORT/Program blocks/OP010/03_Auto/M_iDB/ST10_Flow2_A1TableUnloading_iDB.xml,EXPORT/Program blocks/OP010/05_Alarm/ST10_Alarm.xml:ST10_Alarm:FlgNet
ST10_Flow3_A1RotaryScan_iDB.Prepare MES CheckData.X,ST10_Flow3_A1RotaryScan_iDB,2,0,0,1,MES,0,,EXPORT/Program blocks/OP010/03_Auto/M_iDB/ST10_Flow3_A1RotaryScan_iDB.xml,EXPORT/Program blocks/OP010/11_MES/MES.xml:MES:FlgNet
ST10_Flow4_B1Press_iDB.Prepare MES CheckData.X,ST10_Flow4_B1Press_iDB,1,0,0,1,MES,0,,EXPORT/Program blocks/OP010/03_Auto/M_iDB/ST10_Flow4_B1Press_iDB.xml,EXPORT/Program blocks/OP010/11_MES/MES.xml:MES:FlgNet
ST10_Flow4_B1Press_iDB.Prepare MES CheckData_1.X,ST10_Flow4_B1Press_iDB,1,0,0,1,MES,0,,EXPORT/Program blocks/OP010/03_Auto/M_iDB/ST10_Flow4_B1Press_iDB.xml,EXPORT/Program blocks/OP010/11_MES/MES.xml:MES:FlgNet
ST10_Flow5_FRobot_1_iDB.RobotStart.X,ST10_Flow5_FRobot_1_iDB,1,0,0,1,ST10_Alarm,0,,EXPORT/Program blocks/OP010/03_Auto/M_iDB/ST10_Flow5_FRobot_1_iDB.xml,EXPORT/Program blocks/OP010/05_Alarm/ST10_Alarm.xml:ST10_Alarm:FlgNet
ST10_Flow5_FRobot_1_iDB.RobotTaskSelect.X,ST10_Flow5_FRobot_1_iDB,1,0,0,1,NG,0,,EXPORT/Program blocks/OP010/03_Auto/M_iDB/ST10_Flow5_FRobot_1_iDB.xml,EXPORT/Program blocks/OP010/10_Device/29_NG/NG.xml:NG:FlgNet
ST10_Flow7_CGlueing_iDB.Prepare MES CheckData.X,ST10_Flow7_CGlueing_iDB,1,0,0,1,MES,0,,EXPORT/Program blocks/OP010/03_Auto/M_iDB/ST10_Flow7_CGlueing_iDB.xml,EXPORT/Program blocks/OP010/11_MES/MES.xml:MES:FlgNet
ST10_Flow7_CGlueing_iDB.Prepare MES CheckData_1.X,ST10_Flow7_CGlueing_iDB,1,0,0,1,MES,0,,EXPORT/Program blocks/OP010/03_Auto/M_iDB/ST10_Flow7_CGlueing_iDB.xml,EXPORT/Program blocks/OP010/11_MES/MES.xml:MES:FlgNet
ST10_Flow8_FRobot_2_iDB.RobotStart.X,ST10_Flow8_FRobot_2_iDB,1,0,0,1,ST10_Alarm,0,,EXPORT/Program blocks/OP010/03_Auto/M_iDB/ST10_Flow8_FRobot_2_iDB.xml,EXPORT/Program blocks/OP010/05_Alarm/ST10_Alarm.xml:ST10_Alarm:FlgNet
ST10_GeneralData.FlowPartStatus,ST10_GeneralData,0,0,20,1,ST10_Auto,0,,EXPORT/Program blocks/OP010/00_Main/ST10_GeneralData.xml,EXPORT/Program blocks/OP010/03_Auto/ST10_Auto.xml:ST10_Auto:FlgNet
ST10_GeneralData.FunctionDeSelect.A.DeSelectPB_Reader800A1,ST10_GeneralData,1,0,0,1,ST10_Main,1,ST10_GeneralData_FunctionDeSelect_A_DeSelectPB_Reader800A1,EXPORT/Program blocks/OP010/00_Main/ST10_GeneralData.xml,EXPORT/Program blocks/OP010/00_Main/ST10_Main.xml:ST10_Main:StructuredText
ST10_GeneralData.FunctionDeSelect.A.DeSelectPB_Reader801A1,ST10_GeneralData,1,0,0,1,ST10_Main,1,ST10_GeneralData_FunctionDeSelect_A_DeSelectPB_Reader801A1,EXPORT/Program blocks/OP010/00_Main/ST10_GeneralData.xml,EXPORT/Program blocks/OP010/00_Main/ST10_Main.xml:ST10_Main:StructuredText
ST10_GeneralData.FunctionDeSelect.A.DeSelectPB_Reader802A1,ST10_GeneralData,1,0,0,1,ST10_Main,1,ST10_GeneralData_FunctionDeSelect_A_DeSelectPB_Reader802A1,EXPORT/Program blocks/OP010/00_Main/ST10_GeneralData.xml,EXPORT/Program blocks/OP010/00_Main/ST10_Main.xml:ST10_Main:StructuredText
ST10_GeneralData.FunctionDeSelect.A.DeSelectPB_Reader803A1,ST10_GeneralData,1,0,0,1,ST10_Main,1,ST10_GeneralData_FunctionDeSelect_A_DeSelectPB_Reader803A1,EXPORT/Program blocks/OP010/00_Main/ST10_GeneralData.xml,EXPORT/Program blocks/OP010/00_Main/ST10_Main.xml:ST10_Main:StructuredText
ST10_GeneralData.FunctionDeSelect.A.DeSelectPB_Reader804A1,ST10_GeneralData,1,0,0,1,ST10_Main,1,ST10_GeneralData_FunctionDeSelect_A_DeSelectPB_Reader804A1,EXPORT/Program blocks/OP010/00_Main/ST10_GeneralData.xml,EXPORT/Program blocks/OP010/00_Main/ST10_Main.xml:ST10_Main:StructuredText
ST10_GeneralData.FunctionDeSelect.A.DeSelectPB_Servo380A1,ST10_GeneralData,1,0,0,1,ST10_Main,1,ST10_GeneralData_FunctionDeSelect_A_DeSelectPB_Servo380A1,EXPORT/Program blocks/OP010/00_Main/ST10_GeneralData.xml,EXPORT/Program blocks/OP010/00_Main/ST10_Main.xml:ST10_Main:StructuredText
ST10_GeneralData.FunctionDeSelect.A.DeSelectPB_Servo381A1,ST10_GeneralData,1,0,0,1,ST10_Main,1,ST10_GeneralData_FunctionDeSelect_A_DeSelectPB_Servo381A1,EXPORT/Program blocks/OP010/00_Main/ST10_GeneralData.xml,EXPORT/Program blocks/OP010/00_Main/ST10_Main.xml:ST10_Main:StructuredText
ST10_GeneralData.FunctionDeSelect.A.DeSelectPB_Servo383A1,ST10_GeneralData,1,0,0,1,ST10_Main,1,ST10_GeneralData_FunctionDeSelect_A_DeSelectPB_Servo383A1,EXPORT/Program blocks/OP010/00_Main/ST10_GeneralData.xml,EXPORT/Program blocks/OP010/00_Main/ST10_Main.xml:ST10_Main:StructuredText
ST10_GeneralData.FunctionDeSelect.A.FunctionDeSelected_Reader800A1,ST10_GeneralData,0,1,0,1,ST10_Main,1,ST10_GeneralData_FunctionDeSelect_A_FunctionDeSelected_Reader800A1,EXPORT/Program blocks/OP010/00_Main/ST10_GeneralData.xml,EXPORT/Program blocks/OP010/00_Main/ST10_Main.xml:ST10_Main:StructuredText
ST10_GeneralData.FunctionDeSelect.A.FunctionDeSelected_Reader801A1,ST10_GeneralData,0,1,0,1,ST10_Main,1,ST10_GeneralData_FunctionDeSelect_A_FunctionDeSelected_Reader801A1,EXPORT/Program blocks/OP010/00_Main/ST10_GeneralData.xml,EXPORT/Program blocks/OP010/00_Main/ST10_Main.xml:ST10_Main:StructuredText
ST10_GeneralData.FunctionDeSelect.A.FunctionDeSelected_Reader802A1,ST10_GeneralData,0,1,0,1,ST10_Main,1,ST10_GeneralData_FunctionDeSelect_A_FunctionDeSelected_Reader802A1,EXPORT/Program blocks/OP010/00_Main/ST10_GeneralData.xml,EXPORT/Program blocks/OP010/00_Main/ST10_Main.xml:ST10_Main:StructuredText
ST10_GeneralData.FunctionDeSelect.A.FunctionDeSelected_Reader803A1,ST10_GeneralData,0,1,0,1,ST10_Main,1,ST10_GeneralData_FunctionDeSelect_A_FunctionDeSelected_Reader803A1,EXPORT/Program blocks/OP010/00_Main/ST10_GeneralData.xml,EXPORT/Program blocks/OP010/00_Main/ST10_Main.xml:ST10_Main:StructuredText
ST10_GeneralData.FunctionDeSelect.A.FunctionDeSelected_Reader804A1,ST10_GeneralData,0,1,0,1,ST10_Main,1,ST10_GeneralData_FunctionDeSelect_A_FunctionDeSelected_Reader804A1,EXPORT/Program blocks/OP010/00_Main/ST10_GeneralData.xml,EXPORT/Program blocks/OP010/00_Main/ST10_Main.xml:ST10_Main:StructuredText
ST10_GeneralData.FunctionDeSelect.A.FunctionDeSelected_Servo380A1,ST10_GeneralData,0,1,0,1,ST10_Main,1,ST10_GeneralData_FunctionDeSelect_A_FunctionDeSelected_Servo380A1,EXPORT/Program blocks/OP010/00_Main/ST10_GeneralData.xml,EXPORT/Program blocks/OP010/00_Main/ST10_Main.xml:ST10_Main:StructuredText
ST10_GeneralData.FunctionDeSelect.A.FunctionDeSelected_Servo381A1,ST10_GeneralData,0,1,0,1,ST10_Main,1,ST10_GeneralData_FunctionDeSelect_A_FunctionDeSelected_Servo381A1,EXPORT/Program blocks/OP010/00_Main/ST10_GeneralData.xml,EXPORT/Program blocks/OP010/00_Main/ST10_Main.xml:ST10_Main:StructuredText
ST10_GeneralData.FunctionDeSelect.A.FunctionDeSelected_Servo383A1,ST10_GeneralData,0,1,0,1,ST10_Main,1,ST10_GeneralData_FunctionDeSelect_A_FunctionDeSelected_Servo383A1,EXPORT/Program blocks/OP010/00_Main/ST10_GeneralData.xml,EXPORT/Program blocks/OP010/00_Main/ST10_Main.xml:ST10_Main:StructuredText
ST10_GeneralData.FunctionDeSelect.B.DeSelectPB_Press372A1,ST10_GeneralData,1,0,0,1,ST10_Main,1,ST10_GeneralData_FunctionDeSelect_B_DeSelectPB_Press372A1,EXPORT/Program blocks/OP010/00_Main/ST10_GeneralData.xml,EXPORT/Program blocks/OP010/00_Main/ST10_Main.xml:ST10_Main:StructuredText
ST10_GeneralData.FunctionDeSelect.B.DeSelectPB_Press375A1,ST10_GeneralData,1,0,0,1,ST10_Main,1,ST10_GeneralData_FunctionDeSelect_B_DeSelectPB_Press375A1,EXPORT/Program blocks/OP010/00_Main/ST10_GeneralData.xml,EXPORT/Program blocks/OP010/00_Main/ST10_Main.xml:ST10_Main:StructuredText
ST10_GeneralData.FunctionDeSelect.B.DeSelectPB_Reader806A1,ST10_GeneralData,1,0,0,1,ST10_Main,1,ST10_GeneralData_FunctionDeSelect_B_DeSelectPB_Reader806A1,EXPORT/Program blocks/OP010/00_Main/ST10_GeneralData.xml,EXPORT/Program blocks/OP010/00_Main/ST10_Main.xml:ST10_Main:StructuredText
ST10_GeneralData.FunctionDeSelect.B.DeSelectPB_TestPress372A1,ST10_GeneralData,1,0,0,1,ST10_Main,0,,EXPORT/Program blocks/OP010/00_Main/ST10_GeneralData.xml,EXPORT/Program blocks/OP010/00_Main/ST10_Main.xml:ST10_Main:StructuredText
ST10_GeneralData.FunctionDeSelect.B.DeSelectPB_TestPress375A1,ST10_GeneralData,1,0,0,1,ST10_Main,0,,EXPORT/Program blocks/OP010/00_Main/ST10_GeneralData.xml,EXPORT/Program blocks/OP010/00_Main/ST10_Main.xml:ST10_Main:StructuredText
ST10_GeneralData.FunctionDeSelect.B.FunctionDeSelected_Press372A1,ST10_GeneralData,0,1,0,1,ST10_Main,1,ST10_GeneralData_FunctionDeSelect_B_FunctionDeSelected_Press372A1,EXPORT/Program blocks/OP010/00_Main/ST10_GeneralData.xml,EXPORT/Program blocks/OP010/00_Main/ST10_Main.xml:ST10_Main:StructuredText
ST10_GeneralData.FunctionDeSelect.B.FunctionDeSelected_Press375A1,ST10_GeneralData,0,1,0,1,ST10_Main,1,ST10_GeneralData_FunctionDeSelect_B_FunctionDeSelected_Press375A1,EXPORT/Program blocks/OP010/00_Main/ST10_GeneralData.xml,EXPORT/Program blocks/OP010/00_Main/ST10_Main.xml:ST10_Main:StructuredText
ST10_GeneralData.FunctionDeSelect.B.FunctionDeSelected_Reader806A1,ST10_GeneralData,0,1,0,1,ST10_Main,1,ST10_GeneralData_FunctionDeSelect_B_FunctionDeSelected_Reader806A1,EXPORT/Program blocks/OP010/00_Main/ST10_GeneralData.xml,EXPORT/Program blocks/OP010/00_Main/ST10_Main.xml:ST10_Main:StructuredText
ST10_GeneralData.FunctionDeSelect.C.DeSelectPB_Glue,ST10_GeneralData,1,0,0,1,ST10_Main,1,ST10_GeneralData_FunctionDeSelect_C_DeSelectPB_Glue,EXPORT/Program blocks/OP010/00_Main/ST10_GeneralData.xml,EXPORT/Program blocks/OP010/00_Main/ST10_Main.xml:ST10_Main:StructuredText
ST10_GeneralData.FunctionDeSelect.C.DeSelectPB_IV3810A1,ST10_GeneralData,1,0,0,1,ST10_Main,1,ST10_GeneralData_FunctionDeSelect_C_DeSelectPB_IV3810A1,EXPORT/Program blocks/OP010/00_Main/ST10_GeneralData.xml,EXPORT/Program blocks/OP010/00_Main/ST10_Main.xml:ST10_Main:StructuredText
ST10_GeneralData.FunctionDeSelect.C.DeSelectPB_IV3811A1,ST10_GeneralData,1,0,0,1,ST10_Main,1,ST10_GeneralData_FunctionDeSelect_C_DeSelectPB_IV3811A1,EXPORT/Program blocks/OP010/00_Main/ST10_GeneralData.xml,EXPORT/Program blocks/OP010/00_Main/ST10_Main.xml:ST10_Main:StructuredText
ST10_GeneralData.FunctionDeSelect.C.DeSelectPB_Servo382A1,ST10_GeneralData,1,0,0,1,ST10_Main,1,ST10_GeneralData_FunctionDeSelect_C_DeSelectPB_Servo382A1,EXPORT/Program blocks/OP010/00_Main/ST10_GeneralData.xml,EXPORT/Program blocks/OP010/00_Main/ST10_Main.xml:ST10_Main:StructuredText
ST10_GeneralData.FunctionDeSelect.C.DeSelectPB_ServoIAI,ST10_GeneralData,1,0,0,1,ST10_Main,1,ST10_GeneralData_FunctionDeSelect_C_DeSelectPB_ServoIAI,EXPORT/Program blocks/OP010/00_Main/ST10_GeneralData.xml,EXPORT/Program blocks/OP010/00_Main/ST10_Main.xml:ST10_Main:StructuredText
ST10_GeneralData.FunctionDeSelect.C.FunctionDeSelected_Servo382A1,ST10_GeneralData,0,1,0,1,ST10_Main,1,ST10_GeneralData_FunctionDeSelect_C_FunctionDeSelected_Servo382A1,EXPORT/Program blocks/OP010/00_Main/ST10_GeneralData.xml,EXPORT/Program blocks/OP010/00_Main/ST10_Main.xml:ST10_Main:StructuredText
ST10_GeneralData.FunctionDeSelect.C.FunctionDeSelected_ServoIAI,ST10_GeneralData,0,1,0,1,ST10_Main,1,ST10_GeneralData_FunctionDeSelect_C_FunctionDeSelected_ServoIAI,EXPORT/Program blocks/OP010/00_Main/ST10_GeneralData.xml,EXPORT/Program blocks/OP010/00_Main/ST10_Main.xml:ST10_Main:StructuredText
ST10_GeneralData.FunctionDeSelect.E.DeSelectPB,ST10_GeneralData,1,0,0,1,ST10_Main,0,,EXPORT/Program blocks/OP010/00_Main/ST10_GeneralData.xml,EXPORT/Program blocks/OP010/00_Main/ST10_Main.xml:ST10_Main:StructuredText
ST10_GeneralData.FunctionDeSelect.E.FunctionDeSelected,ST10_GeneralData,0,1,0,1,ST10_Main,0,,EXPORT/Program blocks/OP010/00_Main/ST10_GeneralData.xml,EXPORT/Program blocks/OP010/00_Main/ST10_Main.xml:ST10_Main:StructuredText
ST10_GeneralData.FunctionDeSelect.F.DeSelectPB_Reader805A1,ST10_GeneralData,1,0,0,1,ST10_Main,1,ST10_GeneralData_FunctionDeSelect_F_DeSelectPB_Reader805A1,EXPORT/Program blocks/OP010/00_Main/ST10_GeneralData.xml,EXPORT/Program blocks/OP010/00_Main/ST10_Main.xml:ST10_Main:StructuredText
ST10_GeneralData.FunctionDeSelect.F.FunctionDeSelected_Reader805A1,ST10_GeneralData,0,1,0,1,ST10_Main,1,ST10_GeneralData_FunctionDeSelect_F_FunctionDeSelected_Reader805A1,EXPORT/Program blocks/OP010/00_Main/ST10_GeneralData.xml,EXPORT/Program blocks/OP010/00_Main/ST10_Main.xml:ST10_Main:StructuredText
ST10_GeneralData.FunctionDeSelect.H.DeSelectPB,ST10_GeneralData,1,0,0,1,ST10_Main,0,,EXPORT/Program blocks/OP010/00_Main/ST10_GeneralData.xml,EXPORT/Program blocks/OP010/00_Main/ST10_Main.xml:ST10_Main:StructuredText
ST10_GeneralData.FunctionDeSelect.H.FunctionDeSelected,ST10_GeneralData,0,1,0,1,ST10_Main,0,,EXPORT/Program blocks/OP010/00_Main/ST10_GeneralData.xml,EXPORT/Program blocks/OP010/00_Main/ST10_Main.xml:ST10_Main:StructuredText
ST10_GeneralData.FunctionDeSelect.J.DeSelectPB,ST10_GeneralData,1,0,0,1,ST10_Main,0,,EXPORT/Program blocks/OP010/00_Main/ST10_GeneralData.xml,EXPORT/Program blocks/OP010/00_Main/ST10_Main.xml:ST10_Main:StructuredText
ST10_GeneralData.FunctionDeSelect.J.FunctionDeSelected,ST10_GeneralData,0,1,0,1,ST10_Main,0,,EXPORT/Program blocks/OP010/00_Main/ST10_GeneralData.xml,EXPORT/Program blocks/OP010/00_Main/ST10_Main.xml:ST10_Main:StructuredText
ST10_GeneralData.FunctionDeSelect.K.DeSelectPB,ST10_GeneralData,1,0,0,1,ST10_Main,0,,EXPORT/Program blocks/OP010/00_Main/ST10_GeneralData.xml,EXPORT/Program blocks/OP010/00_Main/ST10_Main.xml:ST10_Main:StructuredText
ST10_GeneralData.FunctionDeSelect.K.FunctionDeSelected,ST10_GeneralData,0,1,0,1,ST10_Main,0,,EXPORT/Program blocks/OP010/00_Main/ST10_GeneralData.xml,EXPORT/Program blocks/OP010/00_Main/ST10_Main.xml:ST10_Main:StructuredText
ST10_GeneralData.FunctionDeSelect.L.DeSelectPB,ST10_GeneralData,1,0,0,1,ST10_Main,0,,EXPORT/Program blocks/OP010/00_Main/ST10_GeneralData.xml,EXPORT/Program blocks/OP010/00_Main/ST10_Main.xml:ST10_Main:StructuredText
ST10_GeneralData.FunctionDeSelect.L.FunctionDeSelected,ST10_GeneralData,0,1,0,1,ST10_Main,0,,EXPORT/Program blocks/OP010/00_Main/ST10_GeneralData.xml,EXPORT/Program blocks/OP010/00_Main/ST10_Main.xml:ST10_Main:StructuredText
ST10_GeneralData.FunctionDeSelect.MES.DeSelectPB,ST10_GeneralData,1,0,0,1,ST10_Main,1,ST10_GeneralData_FunctionDeSelect_MES_DeSelectPB,EXPORT/Program blocks/OP010/00_Main/ST10_GeneralData.xml,EXPORT/Program blocks/OP010/00_Main/ST10_Main.xml:ST10_Main:StructuredText
ST10_GeneralData.HMI.StationLightPB,ST10_GeneralData,1,0,0,1,ST10_Output,1,STxxx_GeneralData_HMI_StationLightPB,EXPORT/Program blocks/OP010/00_Main/ST10_GeneralData.xml,EXPORT/Program blocks/OP010/02_Output/ST10_Output.xml:ST10_Output:FlgNet
ST10_GeneralData.HMI.Win.Win,ST10_GeneralData,1,1,0,1,01_OB1,1,Win,EXPORT/Program blocks/OP010/00_Main/ST10_GeneralData.xml,EXPORT/Program blocks/01_OB/01_OB1.xml:01_OB1:StructuredText
ST10_GeneralData.HMI.Win.WinBullfer,ST10_GeneralData,5,2,0,1,01_OB1,1,WinBuffer,EXPORT/Program blocks/OP010/00_Main/ST10_GeneralData.xml,EXPORT/Program blocks/01_OB/01_OB1.xml:01_OB1:StructuredText
ST10_GeneralData.P_Plus,ST10_GeneralData,0,0,4,1,ST10_Output,0,,EXPORT/Program blocks/OP010/00_Main/ST10_GeneralData.xml,EXPORT/Program blocks/OP010/02_Output/ST10_Output.xml:ST10_Output:FlgNet
ST10_GlobalError.Breaker.Trip,ST10_GlobalError,0,3,0,1,ST10_Alarm,0,,EXPORT/Program blocks/OP010/05_Alarm/ST10_GlobalError.xml,EXPORT/Program blocks/OP010/05_Alarm/ST10_Alarm.xml:ST10_Alarm:FlgNet
ST10_GlobalError.COM.ChangeStyleError,ST10_GlobalError,0,1,0,1,ST10_Alarm,0,,EXPORT/Program blocks/OP010/05_Alarm/ST10_GlobalError.xml,EXPORT/Program blocks/OP010/05_Alarm/ST10_Alarm.xml:ST10_Alarm:FlgNet
ST10_GlobalError.COM.MainPneumaticPressure1NOK,ST10_GlobalError,0,1,0,1,ST10_Alarm,0,,EXPORT/Program blocks/OP010/05_Alarm/ST10_GlobalError.xml,EXPORT/Program blocks/OP010/05_Alarm/ST10_Alarm.xml:ST10_Alarm:FlgNet
ST10_GlobalError.COM.StationHardwareError,ST10_GlobalError,0,1,0,1,ST10_Alarm,0,,EXPORT/Program blocks/OP010/05_Alarm/ST10_GlobalError.xml,EXPORT/Program blocks/OP010/05_Alarm/ST10_Alarm.xml:ST10_Alarm:FlgNet
ST10_GlobalError.Hardware.PNSlaveStation01.Error,ST10_GlobalError,0,10,0,1,ST10_Alarm,0,,EXPORT/Program blocks/OP010/05_Alarm/ST10_GlobalError.xml,EXPORT/Program blocks/OP010/05_Alarm/ST10_Alarm.xml:ST10_Alarm:FlgNet
ST10_GlobalError.Hardware.PNSlaveStation02.Error,ST10_GlobalError,0,10,0,1,ST10_Alarm,0,,EXPORT/Program blocks/OP010/05_Alarm/ST10_GlobalError.xml,EXPORT/Program blocks/OP010/05_Alarm/ST10_Alarm.xml:ST10_Alarm:FlgNet
ST10_GlobalError.Hardware.PNSlaveStation03.Error,ST10_GlobalError,0,3,0,1,ST10_Alarm,0,,EXPORT/Program blocks/OP010/05_Alarm/ST10_GlobalError.xml,EXPORT/Program blocks/OP010/05_Alarm/ST10_Alarm.xml:ST10_Alarm:FlgNet
ST10_GlobalError.Hardware.ValveIsland.OffLine,ST10_GlobalError,0,1,0,1,ST10_Alarm,0,,EXPORT/Program blocks/OP010/05_Alarm/ST10_GlobalError.xml,EXPORT/Program blocks/OP010/05_Alarm/ST10_Alarm.xml:ST10_Alarm:FlgNet
ST10_GlobalError.Hardware.ValveIsland.SystemError,ST10_GlobalError,0,1,0,1,ST10_Alarm,0,,EXPORT/Program blocks/OP010/05_Alarm/ST10_GlobalError.xml,EXPORT/Program blocks/OP010/05_Alarm/ST10_Alarm.xml:ST10_Alarm:FlgNet
ST10_GlobalError.Product.NotforStation,ST10_GlobalError,0,1,0,1,ST10_Alarm,0,,EXPORT/Program blocks/OP010/05_Alarm/ST10_GlobalError.xml,EXPORT/Program blocks/OP010/05_Alarm/ST10_Alarm.xml:ST10_Alarm:FlgNet
ST10_GlobalError.Product.TypeSelectionError,ST10_GlobalError,0,1,0,1,ST10_Alarm,0,,EXPORT/Program blocks/OP010/05_Alarm/ST10_GlobalError.xml,EXPORT/Program blocks/OP010/05_Alarm/ST10_Alarm.xml:ST10_Alarm:FlgNet
ST10_GlobalError.Product.TypeWrong,ST10_GlobalError,0,1,0,1,ST10_Alarm,0,,EXPORT/Program blocks/OP010/05_Alarm/ST10_GlobalError.xml,EXPORT/Program blocks/OP010/05_Alarm/ST10_Alarm.xml:ST10_Alarm:FlgNet
ST10_GlobalError.Safety.EStopSafety,ST10_GlobalError,0,1,0,1,ST10_Alarm,0,,EXPORT/Program blocks/OP010/05_Alarm/ST10_GlobalError.xml,EXPORT/Program blocks/OP010/05_Alarm/ST10_Alarm.xml:ST10_Alarm:FlgNet
ST10_GlobalError.Safety.HMIEstopPBActivated,ST10_GlobalError,0,1,0,1,ST10_Alarm,0,,EXPORT/Program blocks/OP010/05_Alarm/ST10_GlobalError.xml,EXPORT/Program blocks/OP010/05_Alarm/ST10_Alarm.xml:ST10_Alarm:FlgNet
ST10_GlobalError.Safety.Robot 1 Estop,ST10_GlobalError,0,1,0,1,ST10_Alarm,0,,EXPORT/Program blocks/OP010/05_Alarm/ST10_GlobalError.xml,EXPORT/Program blocks/OP010/05_Alarm/ST10_Alarm.xml:ST10_Alarm:FlgNet
ST10_GlobalError.Safety.Robot 2 Estop,ST10_GlobalError,0,1,0,1,ST10_Alarm,0,,EXPORT/Program blocks/OP010/05_Alarm/ST10_GlobalError.xml,EXPORT/Program blocks/OP010/05_Alarm/ST10_Alarm.xml:ST10_Alarm:FlgNet
ST10_GlobalError.Safety.Robot 3 Estop,ST10_GlobalError,0,1,0,1,ST10_Alarm,0,,EXPORT/Program blocks/OP010/05_Alarm/ST10_GlobalError.xml,EXPORT/Program blocks/OP010/05_Alarm/ST10_Alarm.xml:ST10_Alarm:FlgNet
ST10_GlobalError.Safety.StoveEstopActivated,ST10_GlobalError,0,1,0,1,ST10_Alarm,0,,EXPORT/Program blocks/OP010/05_Alarm/ST10_GlobalError.xml,EXPORT/Program blocks/OP010/05_Alarm/ST10_Alarm.xml:ST10_Alarm:FlgNet
ST10_GlobalError.Safety.TableEstopPB1Activated,ST10_GlobalError,0,1,0,1,ST10_Alarm,0,,EXPORT/Program blocks/OP010/05_Alarm/ST10_GlobalError.xml,EXPORT/Program blocks/OP010/05_Alarm/ST10_Alarm.xml:ST10_Alarm:FlgNet
ST10_GlobalError.Safety.TableEstopPB2Activated,ST10_GlobalError,0,1,0,1,ST10_Alarm,0,,EXPORT/Program blocks/OP010/05_Alarm/ST10_GlobalError.xml,EXPORT/Program blocks/OP010/05_Alarm/ST10_Alarm.xml:ST10_Alarm:FlgNet
ST10_GlobalError.Safety.TableEstopPB3Activated,ST10_GlobalError,0,1,0,1,ST10_Alarm,0,,EXPORT/Program blocks/OP010/05_Alarm/ST10_GlobalError.xml,EXPORT/Program blocks/OP010/05_Alarm/ST10_Alarm.xml:ST10_Alarm:FlgNet
ST10_GlobalError.Safety.TableEstopPB4Activated,ST10_GlobalError,0,1,0,1,ST10_Alarm,0,,EXPORT/Program blocks/OP010/05_Alarm/ST10_GlobalError.xml,EXPORT/Program blocks/OP010/05_Alarm/ST10_Alarm.xml:ST10_Alarm:FlgNet
ST10_GlobalError.Safety.TableEstopPB5Activated,ST10_GlobalError,0,1,0,1,ST10_Alarm,0,,EXPORT/Program blocks/OP010/05_Alarm/ST10_GlobalError.xml,EXPORT/Program blocks/OP010/05_Alarm/ST10_Alarm.xml:ST10_Alarm:FlgNet
ST10_GlobalError.Safety.TableEstopPB6Activated,ST10_GlobalError,0,1,0,1,ST10_Alarm,0,,EXPORT/Program blocks/OP010/05_Alarm/ST10_GlobalError.xml,EXPORT/Program blocks/OP010/05_Alarm/ST10_Alarm.xml:ST10_Alarm:FlgNet
ST10_GlobalError.Safety.TableEstopPB7Activated,ST10_GlobalError,0,1,0,1,ST10_Alarm,0,,EXPORT/Program blocks/OP010/05_Alarm/ST10_GlobalError.xml,EXPORT/Program blocks/OP010/05_Alarm/ST10_Alarm.xml:ST10_Alarm:FlgNet
ST10_GlobalError.Safety.TableEstopPB8Activated,ST10_GlobalError,0,1,0,1,ST10_Alarm,0,,EXPORT/Program blocks/OP010/05_Alarm/ST10_GlobalError.xml,EXPORT/Program blocks/OP010/05_Alarm/ST10_Alarm.xml:ST10_Alarm:FlgNet
ST10_GlobalError.Safety.TableEstopPB9Activated,ST10_GlobalError,0,1,0,1,ST10_Alarm,0,,EXPORT/Program blocks/OP010/05_Alarm/ST10_GlobalError.xml,EXPORT/Program blocks/OP010/05_Alarm/ST10_Alarm.xml:ST10_Alarm:FlgNet
ST10_GlobalError.SafetyDoor.MaterialDoor.NotClose_1,ST10_GlobalError,0,1,0,1,ST10_Alarm,0,,EXPORT/Program blocks/OP010/05_Alarm/ST10_GlobalError.xml,EXPORT/Program blocks/OP010/05_Alarm/ST10_Alarm.xml:ST10_Alarm:FlgNet
ST10_GlobalError.SafetyDoor.MaterialDoor.NotClose_2,ST10_GlobalError,0,1,0,1,ST10_Alarm,0,,EXPORT/Program blocks/OP010/05_Alarm/ST10_GlobalError.xml,EXPORT/Program blocks/OP010/05_Alarm/ST10_Alarm.xml:ST10_Alarm:FlgNet
ST10_GlobalError.SafetyDoor.MaterialDoor.NotClose_3,ST10_GlobalError,0,1,0,1,ST10_Alarm,0,,EXPORT/Program blocks/OP010/05_Alarm/ST10_GlobalError.xml,EXPORT/Program blocks/OP010/05_Alarm/ST10_Alarm.xml:ST10_Alarm:FlgNet
ST10_GlobalError.SafetyDoor.MaterialDoor.NotClose_4,ST10_GlobalError,0,1,0,1,ST10_Alarm,0,,EXPORT/Program blocks/OP010/05_Alarm/ST10_GlobalError.xml,EXPORT/Program blocks/OP010/05_Alarm/ST10_Alarm.xml:ST10_Alarm:FlgNet
ST10_GlobalError.SafetyDoor.MaterialDoor.NotClose_5,ST10_GlobalError,0,1,0,1,ST10_Alarm,0,,EXPORT/Program blocks/OP010/05_Alarm/ST10_GlobalError.xml,EXPORT/Program blocks/OP010/05_Alarm/ST10_Alarm.xml:ST10_Alarm:FlgNet
ST10_GlobalError.SafetyDoor.MaterialDoor.NotClose_6,ST10_GlobalError,0,1,0,1,ST10_Alarm,0,,EXPORT/Program blocks/OP010/05_Alarm/ST10_GlobalError.xml,EXPORT/Program blocks/OP010/05_Alarm/ST10_Alarm.xml:ST10_Alarm:FlgNet
ST10_GlobalError.SafetyDoor.MaterialDoor.NotClose_7,ST10_GlobalError,0,1,0,1,ST10_Alarm,0,,EXPORT/Program blocks/OP010/05_Alarm/ST10_GlobalError.xml,EXPORT/Program blocks/OP010/05_Alarm/ST10_Alarm.xml:ST10_Alarm:FlgNet
ST10_GlobalError.SafetyDoor.MaterialDoor.NotLock_1,ST10_GlobalError,2,1,0,1,ST10_Alarm,0,,EXPORT/Program blocks/OP010/05_Alarm/ST10_GlobalError.xml,EXPORT/Program blocks/OP010/05_Alarm/ST10_Alarm.xml:ST10_Alarm:FlgNet
ST10_GlobalError.SafetyDoor.MaterialDoor.NotLock_2,ST10_GlobalError,2,1,0,1,ST10_Alarm,0,,EXPORT/Program blocks/OP010/05_Alarm/ST10_GlobalError.xml,EXPORT/Program blocks/OP010/05_Alarm/ST10_Alarm.xml:ST10_Alarm:FlgNet
ST10_GlobalError.SafetyDoor.MaterialDoor.NotLock_3,ST10_GlobalError,2,1,0,1,ST10_Alarm,0,,EXPORT/Program blocks/OP010/05_Alarm/ST10_GlobalError.xml,EXPORT/Program blocks/OP010/05_Alarm/ST10_Alarm.xml:ST10_Alarm:FlgNet
ST10_GlobalError.SafetyDoor.MaterialDoor.NotLock_4,ST10_GlobalError,2,1,0,1,ST10_Alarm,0,,EXPORT/Program blocks/OP010/05_Alarm/ST10_GlobalError.xml,EXPORT/Program blocks/OP010/05_Alarm/ST10_Alarm.xml:ST10_Alarm:FlgNet
ST10_GlobalError.SafetyDoor.MaterialDoor.NotLock_5,ST10_GlobalError,2,1,0,1,ST10_Alarm,0,,EXPORT/Program blocks/OP010/05_Alarm/ST10_GlobalError.xml,EXPORT/Program blocks/OP010/05_Alarm/ST10_Alarm.xml:ST10_Alarm:FlgNet
ST10_GlobalError.SafetyDoor.MaterialDoor.NotLock_6,ST10_GlobalError,2,1,0,1,ST10_Alarm,0,,EXPORT/Program blocks/OP010/05_Alarm/ST10_GlobalError.xml,EXPORT/Program blocks/OP010/05_Alarm/ST10_Alarm.xml:ST10_Alarm:FlgNet
ST10_GlobalError.SafetyDoor.MaterialDoor.NotLock_7,ST10_GlobalError,2,1,0,1,ST10_Alarm,0,,EXPORT/Program blocks/OP010/05_Alarm/ST10_GlobalError.xml,EXPORT/Program blocks/OP010/05_Alarm/ST10_Alarm.xml:ST10_Alarm:FlgNet
ST10_GlobalError.SafetyDoor.No.NotClose,ST10_GlobalError,0,9,0,1,ST10_Alarm,0,,EXPORT/Program blocks/OP010/05_Alarm/ST10_GlobalError.xml,EXPORT/Program blocks/OP010/05_Alarm/ST10_Alarm.xml:ST10_Alarm:FlgNet
ST10_GlobalError.SafetyDoor.No.NotLock,ST10_GlobalError,0,9,0,1,ST10_Alarm,0,,EXPORT/Program blocks/OP010/05_Alarm/ST10_GlobalError.xml,EXPORT/Program blocks/OP010/05_Alarm/ST10_Alarm.xml:ST10_Alarm:FlgNet
ST10_GlobalError.SafetyDoor.No.Notlocked,ST10_GlobalError,0,5,0,1,ST10_Alarm,0,,EXPORT/Program blocks/OP010/05_Alarm/ST10_GlobalError.xml,EXPORT/Program blocks/OP010/05_Alarm/ST10_Alarm.xml:ST10_Alarm:FlgNet
ST10_MaterialGate1_DB.sSafetyGate LockRequest,ST10_MaterialGate1_DB,0,2,0,1,ST10_Output,0,,EXPORT/Program blocks/OP010/10_Device/03_SafetyGate/ST10_MaterialGate1_DB.xml,EXPORT/Program blocks/OP010/02_Output/ST10_Output.xml:ST10_Output:FlgNet
ST10_MaterialGate1_DB.sSafetyGate UnlockRequest,ST10_MaterialGate1_DB,0,2,0,1,ST10_Output,0,,EXPORT/Program blocks/OP010/10_Device/03_SafetyGate/ST10_MaterialGate1_DB.xml,EXPORT/Program blocks/OP010/02_Output/ST10_Output.xml:ST10_Output:FlgNet
ST10_MaterialGate2_DB.sSafetyGate LockRequest,ST10_MaterialGate2_DB,0,2,0,1,ST10_Output,0,,EXPORT/Program blocks/OP010/10_Device/03_SafetyGate/ST10_MaterialGate2_DB.xml,EXPORT/Program blocks/OP010/02_Output/ST10_Output.xml:ST10_Output:FlgNet
ST10_MaterialGate2_DB.sSafetyGate UnlockRequest,ST10_MaterialGate2_DB,0,2,0,1,ST10_Output,0,,EXPORT/Program blocks/OP010/10_Device/03_SafetyGate/ST10_MaterialGate2_DB.xml,EXPORT/Program blocks/OP010/02_Output/ST10_Output.xml:ST10_Output:FlgNet
ST10_MaterialGate3_DB.sSafetyGate LockRequest,ST10_MaterialGate3_DB,0,2,0,1,ST10_Output,0,,EXPORT/Program blocks/OP010/10_Device/03_SafetyGate/ST10_MaterialGate3_DB.xml,EXPORT/Program blocks/OP010/02_Output/ST10_Output.xml:ST10_Output:FlgNet
ST10_MaterialGate3_DB.sSafetyGate UnlockRequest,ST10_MaterialGate3_DB,0,2,0,1,ST10_Output,0,,EXPORT/Program blocks/OP010/10_Device/03_SafetyGate/ST10_MaterialGate3_DB.xml,EXPORT/Program blocks/OP010/02_Output/ST10_Output.xml:ST10_Output:FlgNet
ST10_MaterialGate4_DB.sSafetyGate LockRequest,ST10_MaterialGate4_DB,0,2,0,1,ST10_Output,0,,EXPORT/Program blocks/OP010/10_Device/03_SafetyGate/ST10_MaterialGate4_DB.xml,EXPORT/Program blocks/OP010/02_Output/ST10_Output.xml:ST10_Output:FlgNet
ST10_MaterialGate4_DB.sSafetyGate UnlockRequest,ST10_MaterialGate4_DB,0,2,0,1,ST10_Output,0,,EXPORT/Program blocks/OP010/10_Device/03_SafetyGate/ST10_MaterialGate4_DB.xml,EXPORT/Program blocks/OP010/02_Output/ST10_Output.xml:ST10_Output:FlgNet
ST10_MaterialGate5_DB.sSafetyGate LockRequest,ST10_MaterialGate5_DB,0,2,0,1,ST10_Output,0,,EXPORT/Program blocks/OP010/10_Device/03_SafetyGate/ST10_MaterialGate5_DB.xml,EXPORT/Program blocks/OP010/02_Output/ST10_Output.xml:ST10_Output:FlgNet
ST10_MaterialGate5_DB.sSafetyGate UnlockRequest,ST10_MaterialGate5_DB,0,2,0,1,ST10_Output,0,,EXPORT/Program blocks/OP010/10_Device/03_SafetyGate/ST10_MaterialGate5_DB.xml,EXPORT/Program blocks/OP010/02_Output/ST10_Output.xml:ST10_Output:FlgNet
ST10_MaterialGate6_DB.sSafetyGate LockRequest,ST10_MaterialGate6_DB,0,2,0,1,ST10_Output,0,,EXPORT/Program blocks/OP010/10_Device/03_SafetyGate/ST10_MaterialGate6_DB.xml,EXPORT/Program blocks/OP010/02_Output/ST10_Output.xml:ST10_Output:FlgNet
ST10_MaterialGate6_DB.sSafetyGate UnlockRequest,ST10_MaterialGate6_DB,0,2,0,1,ST10_Output,0,,EXPORT/Program blocks/OP010/10_Device/03_SafetyGate/ST10_MaterialGate6_DB.xml,EXPORT/Program blocks/OP010/02_Output/ST10_Output.xml:ST10_Output:FlgNet
ST10_MaterialGate7_DB.sSafetyGate LockRequest,ST10_MaterialGate7_DB,0,2,0,1,ST10_Output,0,,EXPORT/Program blocks/OP010/10_Device/03_SafetyGate/ST10_MaterialGate7_DB.xml,EXPORT/Program blocks/OP010/02_Output/ST10_Output.xml:ST10_Output:FlgNet
ST10_MaterialGate7_DB.sSafetyGate UnlockRequest,ST10_MaterialGate7_DB,0,2,0,1,ST10_Output,0,,EXPORT/Program blocks/OP010/10_Device/03_SafetyGate/ST10_MaterialGate7_DB.xml,EXPORT/Program blocks/OP010/02_Output/ST10_Output.xml:ST10_Output:FlgNet
ST10_NGGate1_DB.sSafetyGate LockRequest,ST10_NGGate1_DB,0,4,0,1,NG,0,,EXPORT/Program blocks/OP010/10_Device/03_SafetyGate/ST10_NGGate1_DB.xml,EXPORT/Program blocks/OP010/10_Device/29_NG/NG.xml:NG:FlgNet
ST10_NGGate1_DB.sSafetyGate UnlockRequest,ST10_NGGate1_DB,0,4,0,1,NG,0,,EXPORT/Program blocks/OP010/10_Device/03_SafetyGate/ST10_NGGate1_DB.xml,EXPORT/Program blocks/OP010/10_Device/29_NG/NG.xml:NG:FlgNet
ST10_NGGate2_DB.sSafetyGate LockRequest,ST10_NGGate2_DB,0,4,0,1,NG,0,,EXPORT/Program blocks/OP010/10_Device/03_SafetyGate/ST10_NGGate2_DB.xml,EXPORT/Program blocks/OP010/10_Device/29_NG/NG.xml:NG:FlgNet
ST10_NGGate2_DB.sSafetyGate UnlockRequest,ST10_NGGate2_DB,0,4,0,1,NG,0,,EXPORT/Program blocks/OP010/10_Device/03_SafetyGate/ST10_NGGate2_DB.xml,EXPORT/Program blocks/OP010/10_Device/29_NG/NG.xml:NG:FlgNet
ST10_PLC_GetDB.InData,ST10_PLC_GetDB,0,0,1,1,ST10_FB_S7connect,0,,EXPORT/Program blocks/OP010/10_Device/09_CuringOven/ST10_PLC_GetDB.xml,EXPORT/Program blocks/OP010/10_Device/09_CuringOven/ST10_FB_S7connect.xml:ST10_FB_S7connect:FlgNet
ST10_PLC_GetDB.InData.Control.AskPallet,ST10_PLC_GetDB,1,0,0,1,ST10_FB_S7connect,1,ST10_PLC_GetDB_InData_Control_AskPallet,EXPORT/Program blocks/OP010/10_Device/09_CuringOven/ST10_PLC_GetDB.xml,EXPORT/Program blocks/OP010/10_Device/09_CuringOven/ST10_FB_S7connect.xml:ST10_FB_S7connect:FlgNet
ST10_PLC_GetDB.InData.Global.Alarm,ST10_PLC_GetDB,2,0,0,1,ST10_Alarm,1,ST10_PLC_GetDB_InData_Global_Alarm,EXPORT/Program blocks/OP010/10_Device/09_CuringOven/ST10_PLC_GetDB.xml,EXPORT/Program blocks/OP010/05_Alarm/ST10_Alarm.xml:ST10_Alarm:FlgNet
ST10_PLC_GetDB.InData.Global.Spare_4,ST10_PLC_GetDB,1,0,0,1,ST10_Main,0,,EXPORT/Program blocks/OP010/10_Device/09_CuringOven/ST10_PLC_GetDB.xml,EXPORT/Program blocks/OP010/00_Main/ST10_Main.xml:ST10_Main:FlgNet
ST10_PLC_PutDB.OutData,ST10_PLC_PutDB,0,0,1,1,ST10_FB_S7connect,0,,EXPORT/Program blocks/OP010/10_Device/09_CuringOven/ST10_PLC_PutDB.xml,EXPORT/Program blocks/OP010/10_Device/09_CuringOven/ST10_FB_S7connect.xml:ST10_FB_S7connect:FlgNet
ST10_PLC_PutDB.OutData.Global.AutoRunning,ST10_PLC_PutDB,0,1,0,1,ST10_FB_S7connect,0,,EXPORT/Program blocks/OP010/10_Device/09_CuringOven/ST10_PLC_PutDB.xml,EXPORT/Program blocks/OP010/10_Device/09_CuringOven/ST10_FB_S7connect.xml:ST10_FB_S7connect:FlgNet
ST10_PLC_PutDB.OutData.Global.Beat,ST10_PLC_PutDB,0,1,0,1,ST10_FB_S7connect,0,,EXPORT/Program blocks/OP010/10_Device/09_CuringOven/ST10_PLC_PutDB.xml,EXPORT/Program blocks/OP010/10_Device/09_CuringOven/ST10_FB_S7connect.xml:ST10_FB_S7connect:FlgNet
ST10_PLC_PutDB.OutData.Global.Spare_1,ST10_PLC_PutDB,0,1,0,1,ST10_FB_S7connect,0,,EXPORT/Program blocks/OP010/10_Device/09_CuringOven/ST10_PLC_PutDB.xml,EXPORT/Program blocks/OP010/10_Device/09_CuringOven/ST10_FB_S7connect.xml:ST10_FB_S7connect:FlgNet
ST10_PM.Num,ST10_PM,0,0,20,1,ST10_Auto,0,,EXPORT/Program blocks/OP010/03_Auto/ST10_PM.xml,EXPORT/Program blocks/OP010/03_Auto/ST10_Auto.xml:ST10_Auto:FlgNet
ST10_PM.Num.ProcessComplete,ST10_PM,26,0,0,1,ST10_CountCycleTimeMain,0,,EXPORT/Program blocks/OP010/03_Auto/ST10_PM.xml,EXPORT/Program blocks/OP010/09_Count_CycleTime/ST10_CountCycleTimeMain.xml:ST10_CountCycleTimeMain:FlgNet
ST10_PM.Num.ProcessResult,ST10_PM,26,0,0,1,ST10_CountCycleTimeMain,0,,EXPORT/Program blocks/OP010/03_Auto/ST10_PM.xml,EXPORT/Program blocks/OP010/09_Count_CycleTime/ST10_CountCycleTimeMain.xml:ST10_CountCycleTimeMain:FlgNet
ST10_PM.Num.ProcessStart,ST10_PM,26,0,0,1,ST10_CountCycleTimeMain,0,,EXPORT/Program blocks/OP010/03_Auto/ST10_PM.xml,EXPORT/Program blocks/OP010/09_Count_CycleTime/ST10_CountCycleTimeMain.xml:ST10_CountCycleTimeMain:FlgNet
ST10_PM.Num.Running,ST10_PM,1,0,0,1,ST10_Main,0,,EXPORT/Program blocks/OP010/03_Auto/ST10_PM.xml,EXPORT/Program blocks/OP010/00_Main/ST10_Main.xml:ST10_Main:FlgNet
ST10_PM.Num.StepNum,ST10_PM,0,0,2,1,V90_Servo,0,,EXPORT/Program blocks/OP010/03_Auto/ST10_PM.xml,EXPORT/Program blocks/OP010/10_Device/25_V90/V90_Servo.xml:V90_Servo:FlgNet
ST10_PM.Status,ST10_PM,0,0,2,1,ST10_Auto,0,,EXPORT/Program blocks/OP010/03_Auto/ST10_PM.xml,EXPORT/Program blocks/OP010/03_Auto/ST10_Auto.xml:ST10_Auto:FlgNet
ST10_PMCountCycleTime.PM.Count,ST10_PMCountCycleTime,0,0,26,1,ST10_CountCycleTimeMain,0,,EXPORT/Program blocks/OP010/09_Count_CycleTime/ST10_PMCountCycleTime.xml,EXPORT/Program blocks/OP010/09_Count_CycleTime/ST10_CountCycleTimeMain.xml:ST10_CountCycleTimeMain:FlgNet
ST10_PMCountCycleTime.PM.MachineCycleTime,ST10_PMCountCycleTime,0,0,26,1,ST10_CountCycleTimeMain,0,,EXPORT/Program blocks/OP010/09_Count_CycleTime/ST10_PMCountCycleTime.xml,EXPORT/Program blocks/OP010/09_Count_CycleTime/ST10_CountCycleTimeMain.xml:ST10_CountCycleTimeMain:FlgNet
ST10_PMCountCycleTime.PM.TotalCycleTime,ST10_PMCountCycleTime,0,0,26,1,ST10_CountCycleTimeMain,0,,EXPORT/Program blocks/OP010/09_Count_CycleTime/ST10_PMCountCycleTime.xml,EXPORT/Program blocks/OP010/09_Count_CycleTime/ST10_CountCycleTimeMain.xml:ST10_CountCycleTimeMain:FlgNet
ST10_RecipeActiveDB.ParameterElement,ST10_RecipeActiveDB,0,0,1,1,ST10_ChangeOver,0,,EXPORT/Program blocks/OP010/08_ChangeOver/ST10_RecipeActiveDB.xml,EXPORT/Program blocks/OP010/08_ChangeOver/ST10_ChangeOver.xml:ST10_ChangeOver:FlgNet
ST10_RecipeDB,ST10_RecipeDB,0,0,1,1,ST10_ChangeOver,0,,EXPORT/Program blocks/OP010/08_ChangeOver/ST10_RecipeDB.xml,EXPORT/Program blocks/OP010/08_ChangeOver/ST10_ChangeOver.xml:ST10_ChangeOver:FlgNet
ST10_RecipeDB.ParameterElement,ST10_RecipeDB,0,0,1,1,ST10_ChangeOver,0,,EXPORT/Program blocks/OP010/08_ChangeOver/ST10_RecipeDB.xml,EXPORT/Program blocks/OP010/08_ChangeOver/ST10_ChangeOver.xml:ST10_ChangeOver:FlgNet
ST10_RecipeDB.ParameterElement.A1RingUnloadingFixtureCode,ST10_RecipeDB,0,0,1,1,ChangeOverProcess,1,ST10_RecipeDB_ParameterElement_A1RingUnloadingFixtureCode,EXPORT/Program blocks/OP010/08_ChangeOver/ST10_RecipeDB.xml,EXPORT/Program blocks/OP010/03_Auto/01ChangeOver/ChangeOverProcess.xml:ChangeOverProcess:FlgNet
ST10_RecipeDB.ParameterElement.A1_TableFixtureCode,ST10_RecipeDB,0,0,8,1,ChangeOverProcess,1,ST10_RecipeDB_ParameterElement_A1_TableFixtureCode,EXPORT/Program blocks/OP010/08_ChangeOver/ST10_RecipeDB.xml,EXPORT/Program blocks/OP010/03_Auto/01ChangeOver/ChangeOverProcess.xml:ChangeOverProcess:FlgNet
ST10_RecipeDB.ParameterElement.A2RingUnloadingFixtureCode,ST10_RecipeDB,0,0,1,1,ChangeOverProcess,1,ST10_RecipeDB_ParameterElement_A2RingUnloadingFixtureCode,EXPORT/Program blocks/OP010/08_ChangeOver/ST10_RecipeDB.xml,EXPORT/Program blocks/OP010/03_Auto/01ChangeOver/ChangeOverProcess.xml:ChangeOverProcess:FlgNet
ST10_RecipeDB.ParameterElement.A2_TableFixtureCode,ST10_RecipeDB,0,0,8,1,ChangeOverProcess,1,ST10_RecipeDB_ParameterElement_A2_TableFixtureCode,EXPORT/Program blocks/OP010/08_ChangeOver/ST10_RecipeDB.xml,EXPORT/Program blocks/OP010/03_Auto/01ChangeOver/ChangeOverProcess.xml:ChangeOverProcess:FlgNet
ST10_RecipeDB.ParameterElement.B1PressCylFixtureCode,ST10_RecipeDB,0,0,1,1,ChangeOverProcess,1,ST10_RecipeDB_ParameterElement_B1PressCylFixtureCode,EXPORT/Program blocks/OP010/08_ChangeOver/ST10_RecipeDB.xml,EXPORT/Program blocks/OP010/03_Auto/01ChangeOver/ChangeOverProcess.xml:ChangeOverProcess:FlgNet
ST10_RecipeDB.ParameterElement.B1PressFixtureCode,ST10_RecipeDB,0,0,1,1,ChangeOverProcess,1,ST10_RecipeDB_ParameterElement_B1PressFixtureCode,EXPORT/Program blocks/OP010/08_ChangeOver/ST10_RecipeDB.xml,EXPORT/Program blocks/OP010/03_Auto/01ChangeOver/ChangeOverProcess.xml:ChangeOverProcess:FlgNet
ST10_RecipeDB.ParameterElement.B2PressCylFixtureCode,ST10_RecipeDB,0,0,1,1,ChangeOverProcess,1,ST10_RecipeDB_ParameterElement_B2PressCylFixtureCode,EXPORT/Program blocks/OP010/08_ChangeOver/ST10_RecipeDB.xml,EXPORT/Program blocks/OP010/03_Auto/01ChangeOver/ChangeOverProcess.xml:ChangeOverProcess:FlgNet
ST10_RecipeDB.ParameterElement.B2PressFixtureCode,ST10_RecipeDB,0,0,1,1,ChangeOverProcess,1,ST10_RecipeDB_ParameterElement_B2PressFixtureCode,EXPORT/Program blocks/OP010/08_ChangeOver/ST10_RecipeDB.xml,EXPORT/Program blocks/OP010/03_Auto/01ChangeOver/ChangeOverProcess.xml:ChangeOverProcess:FlgNet
ST10_RecipeDB.ParameterElement.CGlueFixtureCode,ST10_RecipeDB,0,0,1,1,ChangeOverProcess,1,ST10_RecipeDB_ParameterElement_CGlueFixtureCode,EXPORT/Program blocks/OP010/08_ChangeOver/ST10_RecipeDB.xml,EXPORT/Program blocks/OP010/03_Auto/01ChangeOver/ChangeOverProcess.xml:ChangeOverProcess:FlgNet
ST10_RecipeDB.ParameterElement.CGlueMagnetIV3Program,ST10_RecipeDB,0,0,1,1,MES,1,ST10_RecipeDB_ParameterElement_CGlueMagnetIV3Program,EXPORT/Program blocks/OP010/08_ChangeOver/ST10_RecipeDB.xml,EXPORT/Program blocks/OP010/11_MES/MES.xml:MES:FlgNet
ST10_RecipeDB.ParameterElement.CGlueNGFixtureCode,ST10_RecipeDB,0,0,1,1,ChangeOverProcess,1,ST10_RecipeDB_ParameterElement_CGlueNGFixtureCode,EXPORT/Program blocks/OP010/08_ChangeOver/ST10_RecipeDB.xml,EXPORT/Program blocks/OP010/03_Auto/01ChangeOver/ChangeOverProcess.xml:ChangeOverProcess:FlgNet
ST10_RecipeDB.ParameterElement.CGlueShaftIV3Program_1,ST10_RecipeDB,0,0,1,1,MES,1,ST10_RecipeDB_ParameterElement_CGlueShaftIV3Program_1,EXPORT/Program blocks/OP010/08_ChangeOver/ST10_RecipeDB.xml,EXPORT/Program blocks/OP010/11_MES/MES.xml:MES:FlgNet
ST10_RecipeDB.ParameterElement.E1LoadingNGFixtureCode,ST10_RecipeDB,0,0,1,1,ChangeOverProcess,1,ST10_RecipeDB_ParameterElement_E1LoadingNGFixtureCode,EXPORT/Program blocks/OP010/08_ChangeOver/ST10_RecipeDB.xml,EXPORT/Program blocks/OP010/03_Auto/01ChangeOver/ChangeOverProcess.xml:ChangeOverProcess:FlgNet
ST10_RecipeDB.ParameterElement.E2UnloadingNGFixtureCode,ST10_RecipeDB,0,0,1,1,ChangeOverProcess,1,ST10_RecipeDB_ParameterElement_E2UnloadingNGFixtureCode,EXPORT/Program blocks/OP010/08_ChangeOver/ST10_RecipeDB.xml,EXPORT/Program blocks/OP010/03_Auto/01ChangeOver/ChangeOverProcess.xml:ChangeOverProcess:FlgNet
ST10_RecipeDB.ParameterElement.ShaftScanFixtureCode,ST10_RecipeDB,0,0,1,1,ChangeOverProcess,1,ST10_RecipeDB_ParameterElement_ShaftScanFixtureCode,EXPORT/Program blocks/OP010/08_ChangeOver/ST10_RecipeDB.xml,EXPORT/Program blocks/OP010/03_Auto/01ChangeOver/ChangeOverProcess.xml:ChangeOverProcess:FlgNet
ST10_RecipeDB.Recipe.PreConfigType,ST10_RecipeDB,0,0,1,1,ST10_ChangeOver,1,RecipeDB_Recipe_PreConfigType,EXPORT/Program blocks/OP010/08_ChangeOver/ST10_RecipeDB.xml,EXPORT/Program blocks/OP010/08_ChangeOver/ST10_ChangeOver.xml:ST10_ChangeOver:FlgNet
ST10_RecipeDB_HMI,ST10_RecipeDB_HMI,0,0,1,1,ST10_ChangeOver,0,,EXPORT/Program blocks/OP010/08_ChangeOver/ST10_RecipeDB_HMI.xml,EXPORT/Program blocks/OP010/08_ChangeOver/ST10_ChangeOver.xml:ST10_ChangeOver:FlgNet
ST10_SafetyGate1_DB.sSafetyGate LockRequest,ST10_SafetyGate1_DB,0,2,0,1,ST10_Output,0,,EXPORT/Program blocks/OP010/10_Device/03_SafetyGate/ST10_SafetyGate1_DB.xml,EXPORT/Program blocks/OP010/02_Output/ST10_Output.xml:ST10_Output:FlgNet
ST10_SafetyGate1_DB.sSafetyGate UnlockRequest,ST10_SafetyGate1_DB,0,2,0,1,ST10_Output,0,,EXPORT/Program blocks/OP010/10_Device/03_SafetyGate/ST10_SafetyGate1_DB.xml,EXPORT/Program blocks/OP010/02_Output/ST10_Output.xml:ST10_Output:FlgNet
ST10_SafetyGate2_DB.sSafetyGate LockRequest,ST10_SafetyGate2_DB,0,2,0,1,ST10_Output,0,,EXPORT/Program blocks/OP010/10_Device/03_SafetyGate/ST10_SafetyGate2_DB.xml,EXPORT/Program blocks/OP010/02_Output/ST10_Output.xml:ST10_Output:FlgNet
ST10_SafetyGate2_DB.sSafetyGate UnlockRequest,ST10_SafetyGate2_DB,0,2,0,1,ST10_Output,0,,EXPORT/Program blocks/OP010/10_Device/03_SafetyGate/ST10_SafetyGate2_DB.xml,EXPORT/Program blocks/OP010/02_Output/ST10_Output.xml:ST10_Output:FlgNet
ST10_SafetyGate3_DB.sSafetyGate LockRequest,ST10_SafetyGate3_DB,0,2,0,1,ST10_Output,0,,EXPORT/Program blocks/OP010/10_Device/03_SafetyGate/ST10_SafetyGate3_DB.xml,EXPORT/Program blocks/OP010/02_Output/ST10_Output.xml:ST10_Output:FlgNet
ST10_SafetyGate3_DB.sSafetyGate UnlockRequest,ST10_SafetyGate3_DB,0,2,0,1,ST10_Output,0,,EXPORT/Program blocks/OP010/10_Device/03_SafetyGate/ST10_SafetyGate3_DB.xml,EXPORT/Program blocks/OP010/02_Output/ST10_Output.xml:ST10_Output:FlgNet
ST10_SafetyGate4_DB.sSafetyGate LockRequest,ST10_SafetyGate4_DB,0,2,0,1,ST10_Output,0,,EXPORT/Program blocks/OP010/10_Device/03_SafetyGate/ST10_SafetyGate4_DB.xml,EXPORT/Program blocks/OP010/02_Output/ST10_Output.xml:ST10_Output:FlgNet
ST10_SafetyGate4_DB.sSafetyGate UnlockRequest,ST10_SafetyGate4_DB,0,2,0,1,ST10_Output,0,,EXPORT/Program blocks/OP010/10_Device/03_SafetyGate/ST10_SafetyGate4_DB.xml,EXPORT/Program blocks/OP010/02_Output/ST10_Output.xml:ST10_Output:FlgNet
ST10_SafetyGate5_DB.sSafetyGate LockRequest,ST10_SafetyGate5_DB,0,2,0,1,ST10_Output,0,,EXPORT/Program blocks/OP010/10_Device/03_SafetyGate/ST10_SafetyGate5_DB.xml,EXPORT/Program blocks/OP010/02_Output/ST10_Output.xml:ST10_Output:FlgNet
ST10_SafetyGate5_DB.sSafetyGate UnlockRequest,ST10_SafetyGate5_DB,0,2,0,1,ST10_Output,0,,EXPORT/Program blocks/OP010/10_Device/03_SafetyGate/ST10_SafetyGate5_DB.xml,EXPORT/Program blocks/OP010/02_Output/ST10_Output.xml:ST10_Output:FlgNet
ST10_SafetyGate6_DB.sSafetyGate LockRequest,ST10_SafetyGate6_DB,0,4,0,1,ST10_Output,0,,EXPORT/Program blocks/OP010/10_Device/03_SafetyGate/ST10_SafetyGate6_DB.xml,EXPORT/Program blocks/OP010/02_Output/ST10_Output.xml:ST10_Output:FlgNet
ST10_SafetyGate6_DB.sSafetyGate UnlockRequest,ST10_SafetyGate6_DB,0,4,0,1,ST10_Output,0,,EXPORT/Program blocks/OP010/10_Device/03_SafetyGate/ST10_SafetyGate6_DB.xml,EXPORT/Program blocks/OP010/02_Output/ST10_Output.xml:ST10_Output:FlgNet
ST10_SafetyGate7_DB.sSafetyGate LockRequest,ST10_SafetyGate7_DB,0,4,0,1,ST10_Output,0,,EXPORT/Program blocks/OP010/10_Device/03_SafetyGate/ST10_SafetyGate7_DB.xml,EXPORT/Program blocks/OP010/02_Output/ST10_Output.xml:ST10_Output:FlgNet
ST10_SafetyGate7_DB.sSafetyGate UnlockRequest,ST10_SafetyGate7_DB,0,4,0,1,ST10_Output,0,,EXPORT/Program blocks/OP010/10_Device/03_SafetyGate/ST10_SafetyGate7_DB.xml,EXPORT/Program blocks/OP010/02_Output/ST10_Output.xml:ST10_Output:FlgNet
ST10_SafetyGate8_DB.sSafetyGate LockRequest,ST10_SafetyGate8_DB,0,4,0,1,ST10_Output,0,,EXPORT/Program blocks/OP010/10_Device/03_SafetyGate/ST10_SafetyGate8_DB.xml,EXPORT/Program blocks/OP010/02_Output/ST10_Output.xml:ST10_Output:FlgNet
ST10_SafetyGate8_DB.sSafetyGate UnlockRequest,ST10_SafetyGate8_DB,0,4,0,1,ST10_Output,0,,EXPORT/Program blocks/OP010/10_Device/03_SafetyGate/ST10_SafetyGate8_DB.xml,EXPORT/Program blocks/OP010/02_Output/ST10_Output.xml:ST10_Output:FlgNet
ST10_SafetyGate9_DB.sSafetyGate LockRequest,ST10_SafetyGate9_DB,0,2,0,1,ST10_Output,0,,EXPORT/Program blocks/OP010/10_Device/03_SafetyGate/ST10_SafetyGate9_DB.xml,EXPORT/Program blocks/OP010/02_Output/ST10_Output.xml:ST10_Output:FlgNet
ST10_SafetyGate9_DB.sSafetyGate UnlockRequest,ST10_SafetyGate9_DB,0,2,0,1,ST10_Output,0,,EXPORT/Program blocks/OP010/10_Device/03_SafetyGate/ST10_SafetyGate9_DB.xml,EXPORT/Program blocks/OP010/02_Output/ST10_Output.xml:ST10_Output:FlgNet
ST10_SafetyGate_InterfaceDB.H.Status_1,ST10_SafetyGate_InterfaceDB,0,0,13,1,ST10_Output,0,,EXPORT/Program blocks/OP010/10_Device/03_SafetyGate/ST10_SafetyGate_InterfaceDB.xml,EXPORT/Program blocks/OP010/02_Output/ST10_Output.xml:ST10_Output:FlgNet
ST10_SafetyGate_InterfaceDB.H.Status_2,ST10_SafetyGate_InterfaceDB,0,0,13,1,ST10_Output,0,,EXPORT/Program blocks/OP010/10_Device/03_SafetyGate/ST10_SafetyGate_InterfaceDB.xml,EXPORT/Program blocks/OP010/02_Output/ST10_Output.xml:ST10_Output:FlgNet
ST10_SafetyGate_InterfaceDB.H.Status_3,ST10_SafetyGate_InterfaceDB,0,0,13,1,ST10_Output,0,,EXPORT/Program blocks/OP010/10_Device/03_SafetyGate/ST10_SafetyGate_InterfaceDB.xml,EXPORT/Program blocks/OP010/02_Output/ST10_Output.xml:ST10_Output:FlgNet
ST10_SafetyGate_InterfaceDB.H.p,ST10_SafetyGate_InterfaceDB,0,0,6,1,ST10_Output,0,,EXPORT/Program blocks/OP010/10_Device/03_SafetyGate/ST10_SafetyGate_InterfaceDB.xml,EXPORT/Program blocks/OP010/02_Output/ST10_Output.xml:ST10_Output:FlgNet
ST10_SafetyGate_InterfaceDB.J.Status_1,ST10_SafetyGate_InterfaceDB,0,0,13,1,ST10_Output,0,,EXPORT/Program blocks/OP010/10_Device/03_SafetyGate/ST10_SafetyGate_InterfaceDB.xml,EXPORT/Program blocks/OP010/02_Output/ST10_Output.xml:ST10_Output:FlgNet
ST10_SafetyGate_InterfaceDB.J.Status_2,ST10_SafetyGate_InterfaceDB,0,0,13,1,ST10_Output,0,,EXPORT/Program blocks/OP010/10_Device/03_SafetyGate/ST10_SafetyGate_InterfaceDB.xml,EXPORT/Program blocks/OP010/02_Output/ST10_Output.xml:ST10_Output:FlgNet
ST10_SafetyGate_InterfaceDB.J.Status_3,ST10_SafetyGate_InterfaceDB,0,0,13,1,ST10_Output,0,,EXPORT/Program blocks/OP010/10_Device/03_SafetyGate/ST10_SafetyGate_InterfaceDB.xml,EXPORT/Program blocks/OP010/02_Output/ST10_Output.xml:ST10_Output:FlgNet
ST10_SafetyGate_InterfaceDB.J.p,ST10_SafetyGate_InterfaceDB,0,0,6,1,ST10_Output,0,,EXPORT/Program blocks/OP010/10_Device/03_SafetyGate/ST10_SafetyGate_InterfaceDB.xml,EXPORT/Program blocks/OP010/02_Output/ST10_Output.xml:ST10_Output:FlgNet
ST10_SafetyGate_InterfaceDB.K.Status_1,ST10_SafetyGate_InterfaceDB,0,0,13,1,ST10_Output,0,,EXPORT/Program blocks/OP010/10_Device/03_SafetyGate/ST10_SafetyGate_InterfaceDB.xml,EXPORT/Program blocks/OP010/02_Output/ST10_Output.xml:ST10_Output:FlgNet
ST10_SafetyGate_InterfaceDB.K.Status_2,ST10_SafetyGate_InterfaceDB,0,0,13,1,ST10_Output,0,,EXPORT/Program blocks/OP010/10_Device/03_SafetyGate/ST10_SafetyGate_InterfaceDB.xml,EXPORT/Program blocks/OP010/02_Output/ST10_Output.xml:ST10_Output:FlgNet
ST10_SafetyGate_InterfaceDB.K.Status_3,ST10_SafetyGate_InterfaceDB,0,0,13,1,ST10_Output,0,,EXPORT/Program blocks/OP010/10_Device/03_SafetyGate/ST10_SafetyGate_InterfaceDB.xml,EXPORT/Program blocks/OP010/02_Output/ST10_Output.xml:ST10_Output:FlgNet
ST10_SafetyGate_InterfaceDB.K.p,ST10_SafetyGate_InterfaceDB,0,0,6,1,ST10_Output,0,,EXPORT/Program blocks/OP010/10_Device/03_SafetyGate/ST10_SafetyGate_InterfaceDB.xml,EXPORT/Program blocks/OP010/02_Output/ST10_Output.xml:ST10_Output:FlgNet
ST10_SafetyGate_InterfaceDB.L.Status_1,ST10_SafetyGate_InterfaceDB,0,0,13,1,ST10_Output,0,,EXPORT/Program blocks/OP010/10_Device/03_SafetyGate/ST10_SafetyGate_InterfaceDB.xml,EXPORT/Program blocks/OP010/02_Output/ST10_Output.xml:ST10_Output:FlgNet
ST10_SafetyGate_InterfaceDB.L.p,ST10_SafetyGate_InterfaceDB,0,0,2,1,ST10_Output,0,,EXPORT/Program blocks/OP010/10_Device/03_SafetyGate/ST10_SafetyGate_InterfaceDB.xml,EXPORT/Program blocks/OP010/02_Output/ST10_Output.xml:ST10_Output:FlgNet
ST10_SafetyGate_InterfaceDB.SafetyDoorLamp,ST10_SafetyGate_InterfaceDB,9,1,0,1,ST10_Output,0,,EXPORT/Program blocks/OP010/10_Device/03_SafetyGate/ST10_SafetyGate_InterfaceDB.xml,EXPORT/Program blocks/OP010/02_Output/ST10_Output.xml:ST10_Output:FlgNet
ST10_SafetyGate_InterfaceDB.aDev.Status.INT,ST10_SafetyGate_InterfaceDB,0,0,2,1,ST10_Output,0,,EXPORT/Program blocks/OP010/10_Device/03_SafetyGate/ST10_SafetyGate_InterfaceDB.xml,EXPORT/Program blocks/OP010/02_Output/ST10_Output.xml:ST10_Output:FlgNet
ST10_SafetyGate_InterfaceDB.aDev.Status.Lock/Unlock Indicator,ST10_SafetyGate_InterfaceDB,0,1,0,1,ST10_Output,0,,EXPORT/Program blocks/OP010/10_Device/03_SafetyGate/ST10_SafetyGate_InterfaceDB.xml,EXPORT/Program blocks/OP010/02_Output/ST10_Output.xml:ST10_Output:FlgNet
ST10_Stopper_InterfaceDB.Command.In.iNextSensor,ST10_Stopper_InterfaceDB,3,0,0,1,ST10_Stopper_FB,0,,EXPORT/Program blocks/OP010/10_Device/06_Stopper/ST10_Stopper_InterfaceDB.xml,EXPORT/Program blocks/OP010/10_Device/06_Stopper/ST10_Stopper_FB.xml:ST10_Stopper_FB:FlgNet
ST10_Stopper_InterfaceDB.Command.In.iNextValve,ST10_Stopper_InterfaceDB,4,0,0,1,ST10_Stopper_FB,0,,EXPORT/Program blocks/OP010/10_Device/06_Stopper/ST10_Stopper_InterfaceDB.xml,EXPORT/Program blocks/OP010/10_Device/06_Stopper/ST10_Stopper_FB.xml:ST10_Stopper_FB:FlgNet
ST10_Stopper_InterfaceDB.Command.In.iReleaseClear,ST10_Stopper_InterfaceDB,3,0,0,1,ST10_Stopper_FB,0,,EXPORT/Program blocks/OP010/10_Device/06_Stopper/ST10_Stopper_InterfaceDB.xml,EXPORT/Program blocks/OP010/10_Device/06_Stopper/ST10_Stopper_FB.xml:ST10_Stopper_FB:FlgNet
ST10_Stopper_InterfaceDB.Command.In.iSensor,ST10_Stopper_InterfaceDB,3,0,0,1,ST10_Stopper_FB,0,,EXPORT/Program blocks/OP010/10_Device/06_Stopper/ST10_Stopper_InterfaceDB.xml,EXPORT/Program blocks/OP010/10_Device/06_Stopper/ST10_Stopper_FB.xml:ST10_Stopper_FB:FlgNet
ST10_Stopper_InterfaceDB.Command.Out.oNotClear,ST10_Stopper_InterfaceDB,0,3,0,1,ST10_Stopper_FB,0,,EXPORT/Program blocks/OP010/10_Device/06_Stopper/ST10_Stopper_InterfaceDB.xml,EXPORT/Program blocks/OP010/10_Device/06_Stopper/ST10_Stopper_FB.xml:ST10_Stopper_FB:FlgNet
ST10_Stopper_InterfaceDB.Command.Out.oReachFault,ST10_Stopper_InterfaceDB,0,3,0,1,ST10_Stopper_FB,0,,EXPORT/Program blocks/OP010/10_Device/06_Stopper/ST10_Stopper_InterfaceDB.xml,EXPORT/Program blocks/OP010/10_Device/06_Stopper/ST10_Stopper_FB.xml:ST10_Stopper_FB:FlgNet
ST10_Stopper_InterfaceDB.Command.Out.oReleaseCompleted,ST10_Stopper_InterfaceDB,0,3,0,1,ST10_Stopper_FB,0,,EXPORT/Program blocks/OP010/10_Device/06_Stopper/ST10_Stopper_InterfaceDB.xml,EXPORT/Program blocks/OP010/10_Device/06_Stopper/ST10_Stopper_FB.xml:ST10_Stopper_FB:FlgNet
ST10_Stopper_InterfaceDB.Command.Out.oReleaseFault,ST10_Stopper_InterfaceDB,0,3,0,1,ST10_Stopper_FB,0,,EXPORT/Program blocks/OP010/10_Device/06_Stopper/ST10_Stopper_InterfaceDB.xml,EXPORT/Program blocks/OP010/10_Device/06_Stopper/ST10_Stopper_FB.xml:ST10_Stopper_FB:FlgNet
ST10_Stopper_InterfaceDB.Command.Out.oValve,ST10_Stopper_InterfaceDB,0,3,0,1,ST10_Stopper_FB,0,,EXPORT/Program blocks/OP010/10_Device/06_Stopper/ST10_Stopper_InterfaceDB.xml,EXPORT/Program blocks/OP010/10_Device/06_Stopper/ST10_Stopper_FB.xml:ST10_Stopper_FB:FlgNet
ST10_Stopper_InterfaceDB.aDev,ST10_Stopper_InterfaceDB,0,0,3,1,ST10_Stopper_FB,0,,EXPORT/Program blocks/OP010/10_Device/06_Stopper/ST10_Stopper_InterfaceDB.xml,EXPORT/Program blocks/OP010/10_Device/06_Stopper/ST10_Stopper_FB.xml:ST10_Stopper_FB:FlgNet
ST10_SysInput.HMI_Button.MachineStart,ST10_SysInput,0,1,0,1,ST10_Input,0,,EXPORT/Program blocks/OP010/01_Input/ST10_SysInput.xml,EXPORT/Program blocks/OP010/01_Input/ST10_Input.xml:ST10_Input:StructuredText
ST10_SysInput.HMI_Button.MachineStop,ST10_SysInput,0,1,0,1,ST10_Input,0,,EXPORT/Program blocks/OP010/01_Input/ST10_SysInput.xml,EXPORT/Program blocks/OP010/01_Input/ST10_Input.xml:ST10_Input:StructuredText
ST10_SysInput.HMI_Button.SafetyGateUnlock,ST10_SysInput,0,1,0,1,ST10_Input,0,,EXPORT/Program blocks/OP010/01_Input/ST10_SysInput.xml,EXPORT/Program blocks/OP010/01_Input/ST10_Input.xml:ST10_Input:StructuredText
ST10_SysInput.Sys.iCircuitBreakerOK2,ST10_SysInput,0,1,0,1,ST10_Input,0,,EXPORT/Program blocks/OP010/01_Input/ST10_SysInput.xml,EXPORT/Program blocks/OP010/01_Input/ST10_Input.xml:ST10_Input:StructuredText
ST10_SysOutput.MaterialDoorCoil,ST10_SysOutput,7,0,0,1,ST10_Alarm,0,,EXPORT/Program blocks/OP010/02_Output/ST10_SysOutput.xml,EXPORT/Program blocks/OP010/05_Alarm/ST10_Alarm.xml:ST10_Alarm:FlgNet
ST10_SysOutput.SafetyDoorCoil,ST10_SysOutput,9,0,0,1,ST10_Alarm,0,,EXPORT/Program blocks/OP010/02_Output/ST10_SysOutput.xml,EXPORT/Program blocks/OP010/05_Alarm/ST10_Alarm.xml:ST10_Alarm:FlgNet
ST10_TipDB.Global.1.AutoModeRunning,ST10_TipDB,0,1,0,1,ST10_Tip,0,,EXPORT/Program blocks/OP010/07_Tip/ST10_TipDB.xml,EXPORT/Program blocks/OP010/07_Tip/ST10_Tip.xml:ST10_Tip:FlgNet
ST10_TipDB.Global.1.ControlOn,ST10_TipDB,0,1,0,1,ST10_Tip,0,,EXPORT/Program blocks/OP010/07_Tip/ST10_TipDB.xml,EXPORT/Program blocks/OP010/07_Tip/ST10_Tip.xml:ST10_Tip:FlgNet
ST10_TipDB.Global.1.Reset,ST10_TipDB,4,1,0,1,ST10_Tip,0,,EXPORT/Program blocks/OP010/07_Tip/ST10_TipDB.xml,EXPORT/Program blocks/OP010/07_Tip/ST10_Tip.xml:ST10_Tip:FlgNet
ST10_TipDB.Global.1.SelectAutoMode,ST10_TipDB,0,1,0,1,ST10_Tip,0,,EXPORT/Program blocks/OP010/07_Tip/ST10_TipDB.xml,EXPORT/Program blocks/OP010/07_Tip/ST10_Tip.xml:ST10_Tip:FlgNet
ST10_TipDB.Global.2,ST10_TipDB,0,2,0,1,ST10_Tip,0,,EXPORT/Program blocks/OP010/07_Tip/ST10_TipDB.xml,EXPORT/Program blocks/OP010/07_Tip/ST10_Tip.xml:ST10_Tip:FlgNet
ST10_TipDB.Global.6,ST10_TipDB,0,7,0,1,ST10_Tip,0,,EXPORT/Program blocks/OP010/07_Tip/ST10_TipDB.xml,EXPORT/Program blocks/OP010/07_Tip/ST10_Tip.xml:ST10_Tip:FlgNet
ST10_TipDB.OP1.Take off product,ST10_TipDB,0,1,0,1,ST10_Tip,0,,EXPORT/Program blocks/OP010/07_Tip/ST10_TipDB.xml,EXPORT/Program blocks/OP010/07_Tip/ST10_Tip.xml:ST10_Tip:FlgNet
ST10_WarningDB.Global.10,ST10_WarningDB,0,1,0,1,ST10_Warning,0,,EXPORT/Program blocks/OP010/06_Warning/ST10_WarningDB.xml,EXPORT/Program blocks/OP010/06_Warning/ST10_Warning.xml:ST10_Warning:FlgNet
ST10_WarningDB.Global.2,ST10_WarningDB,0,8,0,1,ST10_Warning,0,,EXPORT/Program blocks/OP010/06_Warning/ST10_WarningDB.xml,EXPORT/Program blocks/OP010/06_Warning/ST10_Warning.xml:ST10_Warning:FlgNet
ST10_WarningDB.Global.6,ST10_WarningDB,0,6,0,1,ST10_Warning,0,,EXPORT/Program blocks/OP010/06_Warning/ST10_WarningDB.xml,EXPORT/Program blocks/OP010/06_Warning/ST10_Warning.xml:ST10_Warning:FlgNet
ST10_WarningDB.Global.7,ST10_WarningDB,0,3,0,1,ST10_Warning,0,,EXPORT/Program blocks/OP010/06_Warning/ST10_WarningDB.xml,EXPORT/Program blocks/OP010/06_Warning/ST10_Warning.xml:ST10_Warning:FlgNet
ServoV90_A1.Auto.Index,ServoV90_A1,1,1,0,1,V90_Servo,0,,EXPORT/Program blocks/OP010/10_Device/25_V90/ServoV90_A1.xml,EXPORT/Program blocks/OP010/10_Device/25_V90/V90_Servo.xml:V90_Servo:FlgNet | EXPORT/Program blocks/OP010/10_Device/25_V90/V90_Servo.xml:V90_Servo:StructuredText
ServoV90_A1.Auto.Pos.Pos,ServoV90_A1,1,0,0,1,V90_Servo,0,,EXPORT/Program blocks/OP010/10_Device/25_V90/ServoV90_A1.xml,EXPORT/Program blocks/OP010/10_Device/25_V90/V90_Servo.xml:V90_Servo:FlgNet
ServoV90_A1.Auto.Pos.Vel,ServoV90_A1,1,0,0,1,V90_Servo,0,,EXPORT/Program blocks/OP010/10_Device/25_V90/ServoV90_A1.xml,EXPORT/Program blocks/OP010/10_Device/25_V90/V90_Servo.xml:V90_Servo:FlgNet
ServoV90_A1.IO.ioAutoEnale,ServoV90_A1,0,1,1,1,V90_Servo,0,,EXPORT/Program blocks/OP010/10_Device/25_V90/ServoV90_A1.xml,EXPORT/Program blocks/OP010/10_Device/25_V90/V90_Servo.xml:V90_Servo:FlgNet
ServoV90_A1.IO.ioManEnale,ServoV90_A1,0,4,1,1,V90_Servo,0,,EXPORT/Program blocks/OP010/10_Device/25_V90/ServoV90_A1.xml,EXPORT/Program blocks/OP010/10_Device/25_V90/V90_Servo.xml:V90_Servo:FlgNet | EXPORT/Program blocks/OP010/10_Device/25_V90/V90_Servo.xml:V90_Servo:StructuredText
ServoV90_A1.In.iAutoStart,ServoV90_A1,1,2,0,1,V90_Servo,0,,EXPORT/Program blocks/OP010/10_Device/25_V90/ServoV90_A1.xml,EXPORT/Program blocks/OP010/10_Device/25_V90/V90_Servo.xml:V90_Servo:FlgNet | EXPORT/Program blocks/OP010/10_Device/25_V90/V90_Servo.xml:V90_Servo:StructuredText
ServoV90_A1.In.iInterlock,ServoV90_A1,2,1,0,1,V90_Servo,0,,EXPORT/Program blocks/OP010/10_Device/25_V90/ServoV90_A1.xml,EXPORT/Program blocks/OP010/10_Device/25_V90/V90_Servo.xml:V90_Servo:FlgNet | EXPORT/Program blocks/OP010/10_Device/25_V90/V90_Servo.xml:V90_Servo:StructuredText
ServoV90_A1.In.iManJog+,ServoV90_A1,1,0,0,1,V90_Servo,0,,EXPORT/Program blocks/OP010/10_Device/25_V90/ServoV90_A1.xml,EXPORT/Program blocks/OP010/10_Device/25_V90/V90_Servo.xml:V90_Servo:FlgNet
ServoV90_A1.In.iManJog-,ServoV90_A1,1,0,0,1,V90_Servo,0,,EXPORT/Program blocks/OP010/10_Device/25_V90/ServoV90_A1.xml,EXPORT/Program blocks/OP010/10_Device/25_V90/V90_Servo.xml:V90_Servo:FlgNet
ServoV90_A1.In.iManListStart,ServoV90_A1,1,0,0,1,V90_Servo,0,,EXPORT/Program blocks/OP010/10_Device/25_V90/ServoV90_A1.xml,EXPORT/Program blocks/OP010/10_Device/25_V90/V90_Servo.xml:V90_Servo:FlgNet
ServoV90_A1.In.iManListVelocity,ServoV90_A1,0,0,1,1,V90_Servo,0,,EXPORT/Program blocks/OP010/10_Device/25_V90/ServoV90_A1.xml,EXPORT/Program blocks/OP010/10_Device/25_V90/V90_Servo.xml:V90_Servo:FlgNet
ServoV90_A1.In.iManPosition,ServoV90_A1,1,0,0,1,V90_Servo,0,,EXPORT/Program blocks/OP010/10_Device/25_V90/ServoV90_A1.xml,EXPORT/Program blocks/OP010/10_Device/25_V90/V90_Servo.xml:V90_Servo:FlgNet
ServoV90_A1.In.iManStart,ServoV90_A1,1,0,0,1,V90_Servo,0,,EXPORT/Program blocks/OP010/10_Device/25_V90/ServoV90_A1.xml,EXPORT/Program blocks/OP010/10_Device/25_V90/V90_Servo.xml:V90_Servo:FlgNet
ServoV90_A1.In.iManVelocity,ServoV90_A1,1,0,1,1,V90_Servo,0,,EXPORT/Program blocks/OP010/10_Device/25_V90/ServoV90_A1.xml,EXPORT/Program blocks/OP010/10_Device/25_V90/V90_Servo.xml:V90_Servo:FlgNet
ServoV90_A1.Interlock.Case1,ServoV90_A1,1,1,0,1,V90_Servo,0,,EXPORT/Program blocks/OP010/10_Device/25_V90/ServoV90_A1.xml,EXPORT/Program blocks/OP010/10_Device/25_V90/V90_Servo.xml:V90_Servo:FlgNet
ServoV90_A1.Interlock.Case2,ServoV90_A1,1,1,0,1,V90_Servo,0,,EXPORT/Program blocks/OP010/10_Device/25_V90/ServoV90_A1.xml,EXPORT/Program blocks/OP010/10_Device/25_V90/V90_Servo.xml:V90_Servo:FlgNet
ServoV90_A1.Manual.Index,ServoV90_A1,1,0,0,1,V90_Servo,0,,EXPORT/Program blocks/OP010/10_Device/25_V90/ServoV90_A1.xml,EXPORT/Program blocks/OP010/10_Device/25_V90/V90_Servo.xml:V90_Servo:FlgNet
ServoV90_A1.Manual.Pos.Pos,ServoV90_A1,1,0,1,1,V90_Servo,0,,EXPORT/Program blocks/OP010/10_Device/25_V90/ServoV90_A1.xml,EXPORT/Program blocks/OP010/10_Device/25_V90/V90_Servo.xml:V90_Servo:FlgNet
ServoV90_A1.Manual.Pos.Vel,ServoV90_A1,1,0,0,1,V90_Servo,0,,EXPORT/Program blocks/OP010/10_Device/25_V90/ServoV90_A1.xml,EXPORT/Program blocks/OP010/10_Device/25_V90/V90_Servo.xml:V90_Servo:FlgNet
ServoV90_A1.Out.oActPosition,ServoV90_A1,1,1,0,1,V90_Servo,0,,EXPORT/Program blocks/OP010/10_Device/25_V90/ServoV90_A1.xml,EXPORT/Program blocks/OP010/10_Device/25_V90/V90_Servo.xml:V90_Servo:FlgNet | EXPORT/Program blocks/OP010/10_Device/25_V90/V90_Servo.xml:V90_Servo:StructuredText
ServoV90_A1.Out.oErrorCode,ServoV90_A1,0,1,0,1,V90_Servo,0,,EXPORT/Program blocks/OP010/10_Device/25_V90/ServoV90_A1.xml,EXPORT/Program blocks/OP010/10_Device/25_V90/V90_Servo.xml:V90_Servo:FlgNet
ServoV90_A1.Out.oHomeRef,ServoV90_A1,1,1,0,1,V90_Servo,0,,EXPORT/Program blocks/OP010/10_Device/25_V90/ServoV90_A1.xml,EXPORT/Program blocks/OP010/10_Device/25_V90/V90_Servo.xml:V90_Servo:FlgNet | EXPORT/Program blocks/OP010/10_Device/25_V90/V90_Servo.xml:V90_Servo:StructuredText
ServoV90_A1.Out.oHoming,ServoV90_A1,0,1,0,1,V90_Servo,0,,EXPORT/Program blocks/OP010/10_Device/25_V90/ServoV90_A1.xml,EXPORT/Program blocks/OP010/10_Device/25_V90/V90_Servo.xml:V90_Servo:FlgNet
ServoV90_A1.Out.oInterlock,ServoV90_A1,0,1,0,1,V90_Servo,0,,EXPORT/Program blocks/OP010/10_Device/25_V90/ServoV90_A1.xml,EXPORT/Program blocks/OP010/10_Device/25_V90/V90_Servo.xml:V90_Servo:FlgNet
ServoV90_A1.Out.oManualListPos,ServoV90_A1,0,0,1,1,V90_Servo,0,,EXPORT/Program blocks/OP010/10_Device/25_V90/ServoV90_A1.xml,EXPORT/Program blocks/OP010/10_Device/25_V90/V90_Servo.xml:V90_Servo:FlgNet
ServoV90_A1.Out.oServoEnable,ServoV90_A1,0,1,0,1,V90_Servo,0,,EXPORT/Program blocks/OP010/10_Device/25_V90/ServoV90_A1.xml,EXPORT/Program blocks/OP010/10_Device/25_V90/V90_Servo.xml:V90_Servo:FlgNet
ServoV90_A1.Out.oStatus,ServoV90_A1,0,1,0,1,V90_Servo,0,,EXPORT/Program blocks/OP010/10_Device/25_V90/ServoV90_A1.xml,EXPORT/Program blocks/OP010/10_Device/25_V90/V90_Servo.xml:V90_Servo:FlgNet
ServoV90_A1.Out.oWarning,ServoV90_A1,0,1,0,1,V90_Servo,0,,EXPORT/Program blocks/OP010/10_Device/25_V90/ServoV90_A1.xml,EXPORT/Program blocks/OP010/10_Device/25_V90/V90_Servo.xml:V90_Servo:FlgNet
ServoV90_A1.PositionOk,ServoV90_A1,0,1,0,1,V90_Servo,0,,EXPORT/Program blocks/OP010/10_Device/25_V90/ServoV90_A1.xml,EXPORT/Program blocks/OP010/10_Device/25_V90/V90_Servo.xml:V90_Servo:FlgNet
ServoV90_A2.Auto.Index,ServoV90_A2,1,1,0,1,V90_Servo,0,,EXPORT/Program blocks/OP010/10_Device/25_V90/ServoV90_A2.xml,EXPORT/Program blocks/OP010/10_Device/25_V90/V90_Servo.xml:V90_Servo:FlgNet | EXPORT/Program blocks/OP010/10_Device/25_V90/V90_Servo.xml:V90_Servo:StructuredText
ServoV90_A2.Auto.Pos.Pos,ServoV90_A2,1,0,0,1,V90_Servo,0,,EXPORT/Program blocks/OP010/10_Device/25_V90/ServoV90_A2.xml,EXPORT/Program blocks/OP010/10_Device/25_V90/V90_Servo.xml:V90_Servo:FlgNet
ServoV90_A2.Auto.Pos.Vel,ServoV90_A2,1,0,0,1,V90_Servo,0,,EXPORT/Program blocks/OP010/10_Device/25_V90/ServoV90_A2.xml,EXPORT/Program blocks/OP010/10_Device/25_V90/V90_Servo.xml:V90_Servo:FlgNet
ServoV90_A2.IO.ioAutoEnale,ServoV90_A2,0,1,1,1,V90_Servo,0,,EXPORT/Program blocks/OP010/10_Device/25_V90/ServoV90_A2.xml,EXPORT/Program blocks/OP010/10_Device/25_V90/V90_Servo.xml:V90_Servo:FlgNet
ServoV90_A2.IO.ioManEnale,ServoV90_A2,0,3,1,1,V90_Servo,0,,EXPORT/Program blocks/OP010/10_Device/25_V90/ServoV90_A2.xml,EXPORT/Program blocks/OP010/10_Device/25_V90/V90_Servo.xml:V90_Servo:FlgNet | EXPORT/Program blocks/OP010/10_Device/25_V90/V90_Servo.xml:V90_Servo:StructuredText
ServoV90_A2.In.iAutoStart,ServoV90_A2,1,2,0,1,V90_Servo,0,,EXPORT/Program blocks/OP010/10_Device/25_V90/ServoV90_A2.xml,EXPORT/Program blocks/OP010/10_Device/25_V90/V90_Servo.xml:V90_Servo:FlgNet | EXPORT/Program blocks/OP010/10_Device/25_V90/V90_Servo.xml:V90_Servo:StructuredText
ServoV90_A2.In.iInterlock,ServoV90_A2,2,1,0,1,V90_Servo,0,,EXPORT/Program blocks/OP010/10_Device/25_V90/ServoV90_A2.xml,EXPORT/Program blocks/OP010/10_Device/25_V90/V90_Servo.xml:V90_Servo:FlgNet | EXPORT/Program blocks/OP010/10_Device/25_V90/V90_Servo.xml:V90_Servo:StructuredText
ServoV90_A2.In.iManJog+,ServoV90_A2,1,0,0,1,V90_Servo,0,,EXPORT/Program blocks/OP010/10_Device/25_V90/ServoV90_A2.xml,EXPORT/Program blocks/OP010/10_Device/25_V90/V90_Servo.xml:V90_Servo:FlgNet
ServoV90_A2.In.iManJog-,ServoV90_A2,1,0,0,1,V90_Servo,0,,EXPORT/Program blocks/OP010/10_Device/25_V90/ServoV90_A2.xml,EXPORT/Program blocks/OP010/10_Device/25_V90/V90_Servo.xml:V90_Servo:FlgNet
ServoV90_A2.In.iManListStart,ServoV90_A2,1,0,0,1,V90_Servo,0,,EXPORT/Program blocks/OP010/10_Device/25_V90/ServoV90_A2.xml,EXPORT/Program blocks/OP010/10_Device/25_V90/V90_Servo.xml:V90_Servo:FlgNet
ServoV90_A2.In.iManListVelocity,ServoV90_A2,0,0,1,1,V90_Servo,0,,EXPORT/Program blocks/OP010/10_Device/25_V90/ServoV90_A2.xml,EXPORT/Program blocks/OP010/10_Device/25_V90/V90_Servo.xml:V90_Servo:FlgNet
ServoV90_A2.In.iManPosition,ServoV90_A2,1,0,0,1,V90_Servo,0,,EXPORT/Program blocks/OP010/10_Device/25_V90/ServoV90_A2.xml,EXPORT/Program blocks/OP010/10_Device/25_V90/V90_Servo.xml:V90_Servo:FlgNet
ServoV90_A2.In.iManStart,ServoV90_A2,1,0,0,1,V90_Servo,0,,EXPORT/Program blocks/OP010/10_Device/25_V90/ServoV90_A2.xml,EXPORT/Program blocks/OP010/10_Device/25_V90/V90_Servo.xml:V90_Servo:FlgNet
ServoV90_A2.In.iManVelocity,ServoV90_A2,1,0,1,1,V90_Servo,0,,EXPORT/Program blocks/OP010/10_Device/25_V90/ServoV90_A2.xml,EXPORT/Program blocks/OP010/10_Device/25_V90/V90_Servo.xml:V90_Servo:FlgNet
ServoV90_A2.Interlock.Case1,ServoV90_A2,1,1,0,1,V90_Servo,0,,EXPORT/Program blocks/OP010/10_Device/25_V90/ServoV90_A2.xml,EXPORT/Program blocks/OP010/10_Device/25_V90/V90_Servo.xml:V90_Servo:FlgNet
ServoV90_A2.Interlock.Case2,ServoV90_A2,1,1,0,1,V90_Servo,0,,EXPORT/Program blocks/OP010/10_Device/25_V90/ServoV90_A2.xml,EXPORT/Program blocks/OP010/10_Device/25_V90/V90_Servo.xml:V90_Servo:FlgNet
ServoV90_A2.Manual.Index,ServoV90_A2,1,0,0,1,V90_Servo,0,,EXPORT/Program blocks/OP010/10_Device/25_V90/ServoV90_A2.xml,EXPORT/Program blocks/OP010/10_Device/25_V90/V90_Servo.xml:V90_Servo:FlgNet
ServoV90_A2.Manual.Pos.Pos,ServoV90_A2,1,0,1,1,V90_Servo,0,,EXPORT/Program blocks/OP010/10_Device/25_V90/ServoV90_A2.xml,EXPORT/Program blocks/OP010/10_Device/25_V90/V90_Servo.xml:V90_Servo:FlgNet
ServoV90_A2.Manual.Pos.Vel,ServoV90_A2,1,0,0,1,V90_Servo,0,,EXPORT/Program blocks/OP010/10_Device/25_V90/ServoV90_A2.xml,EXPORT/Program blocks/OP010/10_Device/25_V90/V90_Servo.xml:V90_Servo:FlgNet
ServoV90_A2.Out.oActPosition,ServoV90_A2,1,1,0,1,V90_Servo,0,,EXPORT/Program blocks/OP010/10_Device/25_V90/ServoV90_A2.xml,EXPORT/Program blocks/OP010/10_Device/25_V90/V90_Servo.xml:V90_Servo:FlgNet | EXPORT/Program blocks/OP010/10_Device/25_V90/V90_Servo.xml:V90_Servo:StructuredText
ServoV90_A2.Out.oErrorCode,ServoV90_A2,0,1,0,1,V90_Servo,0,,EXPORT/Program blocks/OP010/10_Device/25_V90/ServoV90_A2.xml,EXPORT/Program blocks/OP010/10_Device/25_V90/V90_Servo.xml:V90_Servo:FlgNet
ServoV90_A2.Out.oHomeRef,ServoV90_A2,1,1,0,1,V90_Servo,0,,EXPORT/Program blocks/OP010/10_Device/25_V90/ServoV90_A2.xml,EXPORT/Program blocks/OP010/10_Device/25_V90/V90_Servo.xml:V90_Servo:FlgNet | EXPORT/Program blocks/OP010/10_Device/25_V90/V90_Servo.xml:V90_Servo:StructuredText
ServoV90_A2.Out.oHoming,ServoV90_A2,0,1,0,1,V90_Servo,0,,EXPORT/Program blocks/OP010/10_Device/25_V90/ServoV90_A2.xml,EXPORT/Program blocks/OP010/10_Device/25_V90/V90_Servo.xml:V90_Servo:FlgNet
ServoV90_A2.Out.oInterlock,ServoV90_A2,0,1,0,1,V90_Servo,0,,EXPORT/Program blocks/OP010/10_Device/25_V90/ServoV90_A2.xml,EXPORT/Program blocks/OP010/10_Device/25_V90/V90_Servo.xml:V90_Servo:FlgNet
ServoV90_A2.Out.oManualListPos,ServoV90_A2,0,0,1,1,V90_Servo,0,,EXPORT/Program blocks/OP010/10_Device/25_V90/ServoV90_A2.xml,EXPORT/Program blocks/OP010/10_Device/25_V90/V90_Servo.xml:V90_Servo:FlgNet
ServoV90_A2.Out.oServoEnable,ServoV90_A2,0,1,0,1,V90_Servo,0,,EXPORT/Program blocks/OP010/10_Device/25_V90/ServoV90_A2.xml,EXPORT/Program blocks/OP010/10_Device/25_V90/V90_Servo.xml:V90_Servo:FlgNet
ServoV90_A2.Out.oServoPosOK,ServoV90_A2,0,1,0,1,V90_Servo,0,,EXPORT/Program blocks/OP010/10_Device/25_V90/ServoV90_A2.xml,EXPORT/Program blocks/OP010/10_Device/25_V90/V90_Servo.xml:V90_Servo:FlgNet
ServoV90_A2.Out.oStatus,ServoV90_A2,0,1,0,1,V90_Servo,0,,EXPORT/Program blocks/OP010/10_Device/25_V90/ServoV90_A2.xml,EXPORT/Program blocks/OP010/10_Device/25_V90/V90_Servo.xml:V90_Servo:FlgNet
ServoV90_A2.Out.oWarning,ServoV90_A2,0,1,0,1,V90_Servo,0,,EXPORT/Program blocks/OP010/10_Device/25_V90/ServoV90_A2.xml,EXPORT/Program blocks/OP010/10_Device/25_V90/V90_Servo.xml:V90_Servo:FlgNet
ServoV90_A2.PositionOk,ServoV90_A2,0,1,0,1,V90_Servo,0,,EXPORT/Program blocks/OP010/10_Device/25_V90/ServoV90_A2.xml,EXPORT/Program blocks/OP010/10_Device/25_V90/V90_Servo.xml:V90_Servo:FlgNet
ServoV90_A3.Auto.Index,ServoV90_A3,1,1,0,1,V90_Servo,0,,EXPORT/Program blocks/OP010/10_Device/25_V90/ServoV90_A3.xml,EXPORT/Program blocks/OP010/10_Device/25_V90/V90_Servo.xml:V90_Servo:FlgNet | EXPORT/Program blocks/OP010/10_Device/25_V90/V90_Servo.xml:V90_Servo:StructuredText
ServoV90_A3.Auto.Pos.Pos,ServoV90_A3,1,0,0,1,V90_Servo,0,,EXPORT/Program blocks/OP010/10_Device/25_V90/ServoV90_A3.xml,EXPORT/Program blocks/OP010/10_Device/25_V90/V90_Servo.xml:V90_Servo:FlgNet
ServoV90_A3.Auto.Pos.Vel,ServoV90_A3,1,0,0,1,V90_Servo,0,,EXPORT/Program blocks/OP010/10_Device/25_V90/ServoV90_A3.xml,EXPORT/Program blocks/OP010/10_Device/25_V90/V90_Servo.xml:V90_Servo:FlgNet
ServoV90_A3.IO.ioAutoEnale,ServoV90_A3,0,1,1,1,V90_Servo,0,,EXPORT/Program blocks/OP010/10_Device/25_V90/ServoV90_A3.xml,EXPORT/Program blocks/OP010/10_Device/25_V90/V90_Servo.xml:V90_Servo:FlgNet
ServoV90_A3.IO.ioAutoHome,ServoV90_A3,0,0,1,1,V90_Servo,0,,EXPORT/Program blocks/OP010/10_Device/25_V90/ServoV90_A3.xml,EXPORT/Program blocks/OP010/10_Device/25_V90/V90_Servo.xml:V90_Servo:FlgNet
ServoV90_A3.IO.ioManEnale,ServoV90_A3,0,3,1,1,V90_Servo,0,,EXPORT/Program blocks/OP010/10_Device/25_V90/ServoV90_A3.xml,EXPORT/Program blocks/OP010/10_Device/25_V90/V90_Servo.xml:V90_Servo:FlgNet | EXPORT/Program blocks/OP010/10_Device/25_V90/V90_Servo.xml:V90_Servo:StructuredText
ServoV90_A3.In.iAutoStart,ServoV90_A3,1,2,0,1,V90_Servo,0,,EXPORT/Program blocks/OP010/10_Device/25_V90/ServoV90_A3.xml,EXPORT/Program blocks/OP010/10_Device/25_V90/V90_Servo.xml:V90_Servo:FlgNet | EXPORT/Program blocks/OP010/10_Device/25_V90/V90_Servo.xml:V90_Servo:StructuredText
ServoV90_A3.In.iInterlock,ServoV90_A3,2,1,0,1,V90_Servo,0,,EXPORT/Program blocks/OP010/10_Device/25_V90/ServoV90_A3.xml,EXPORT/Program blocks/OP010/10_Device/25_V90/V90_Servo.xml:V90_Servo:FlgNet | EXPORT/Program blocks/OP010/10_Device/25_V90/V90_Servo.xml:V90_Servo:StructuredText
ServoV90_A3.In.iManJog+,ServoV90_A3,1,0,0,1,V90_Servo,0,,EXPORT/Program blocks/OP010/10_Device/25_V90/ServoV90_A3.xml,EXPORT/Program blocks/OP010/10_Device/25_V90/V90_Servo.xml:V90_Servo:FlgNet
ServoV90_A3.In.iManJog-,ServoV90_A3,1,0,0,1,V90_Servo,0,,EXPORT/Program blocks/OP010/10_Device/25_V90/ServoV90_A3.xml,EXPORT/Program blocks/OP010/10_Device/25_V90/V90_Servo.xml:V90_Servo:FlgNet
ServoV90_A3.In.iManListVelocity,ServoV90_A3,0,0,1,1,V90_Servo,0,,EXPORT/Program blocks/OP010/10_Device/25_V90/ServoV90_A3.xml,EXPORT/Program blocks/OP010/10_Device/25_V90/V90_Servo.xml:V90_Servo:FlgNet
ServoV90_A3.In.iManPosition,ServoV90_A3,1,0,0,1,V90_Servo,0,,EXPORT/Program blocks/OP010/10_Device/25_V90/ServoV90_A3.xml,EXPORT/Program blocks/OP010/10_Device/25_V90/V90_Servo.xml:V90_Servo:FlgNet
ServoV90_A3.In.iManStart,ServoV90_A3,1,0,0,1,V90_Servo,0,,EXPORT/Program blocks/OP010/10_Device/25_V90/ServoV90_A3.xml,EXPORT/Program blocks/OP010/10_Device/25_V90/V90_Servo.xml:V90_Servo:FlgNet
ServoV90_A3.In.iManVelocity,ServoV90_A3,1,0,1,1,V90_Servo,0,,EXPORT/Program blocks/OP010/10_Device/25_V90/ServoV90_A3.xml,EXPORT/Program blocks/OP010/10_Device/25_V90/V90_Servo.xml:V90_Servo:FlgNet
ServoV90_A3.Interlock.Case1,ServoV90_A3,1,1,0,1,V90_Servo,0,,EXPORT/Program blocks/OP010/10_Device/25_V90/ServoV90_A3.xml,EXPORT/Program blocks/OP010/10_Device/25_V90/V90_Servo.xml:V90_Servo:FlgNet
ServoV90_A3.Interlock.Case2,ServoV90_A3,1,1,0,1,V90_Servo,0,,EXPORT/Program blocks/OP010/10_Device/25_V90/ServoV90_A3.xml,EXPORT/Program blocks/OP010/10_Device/25_V90/V90_Servo.xml:V90_Servo:FlgNet
ServoV90_A3.Manual.Index,ServoV90_A3,1,0,0,1,V90_Servo,0,,EXPORT/Program blocks/OP010/10_Device/25_V90/ServoV90_A3.xml,EXPORT/Program blocks/OP010/10_Device/25_V90/V90_Servo.xml:V90_Servo:FlgNet
ServoV90_A3.Manual.Pos.Pos,ServoV90_A3,1,0,1,1,V90_Servo,0,,EXPORT/Program blocks/OP010/10_Device/25_V90/ServoV90_A3.xml,EXPORT/Program blocks/OP010/10_Device/25_V90/V90_Servo.xml:V90_Servo:FlgNet
ServoV90_A3.Manual.Pos.Vel,ServoV90_A3,1,0,0,1,V90_Servo,0,,EXPORT/Program blocks/OP010/10_Device/25_V90/ServoV90_A3.xml,EXPORT/Program blocks/OP010/10_Device/25_V90/V90_Servo.xml:V90_Servo:FlgNet
ServoV90_A3.Out.oErrorCode,ServoV90_A3,0,1,0,1,V90_Servo,0,,EXPORT/Program blocks/OP010/10_Device/25_V90/ServoV90_A3.xml,EXPORT/Program blocks/OP010/10_Device/25_V90/V90_Servo.xml:V90_Servo:FlgNet
ServoV90_A3.Out.oHomeRef,ServoV90_A3,1,1,0,1,V90_Servo,0,,EXPORT/Program blocks/OP010/10_Device/25_V90/ServoV90_A3.xml,EXPORT/Program blocks/OP010/10_Device/25_V90/V90_Servo.xml:V90_Servo:FlgNet | EXPORT/Program blocks/OP010/10_Device/25_V90/V90_Servo.xml:V90_Servo:StructuredText
ServoV90_A3.Out.oHoming,ServoV90_A3,0,1,0,1,V90_Servo,0,,EXPORT/Program blocks/OP010/10_Device/25_V90/ServoV90_A3.xml,EXPORT/Program blocks/OP010/10_Device/25_V90/V90_Servo.xml:V90_Servo:FlgNet
ServoV90_A3.Out.oInterlock,ServoV90_A3,0,1,0,1,V90_Servo,0,,EXPORT/Program blocks/OP010/10_Device/25_V90/ServoV90_A3.xml,EXPORT/Program blocks/OP010/10_Device/25_V90/V90_Servo.xml:V90_Servo:FlgNet
ServoV90_A3.Out.oManualListPos,ServoV90_A3,0,0,1,1,V90_Servo,0,,EXPORT/Program blocks/OP010/10_Device/25_V90/ServoV90_A3.xml,EXPORT/Program blocks/OP010/10_Device/25_V90/V90_Servo.xml:V90_Servo:FlgNet
ServoV90_A3.Out.oServoEnable,ServoV90_A3,0,1,0,1,V90_Servo,0,,EXPORT/Program blocks/OP010/10_Device/25_V90/ServoV90_A3.xml,EXPORT/Program blocks/OP010/10_Device/25_V90/V90_Servo.xml:V90_Servo:FlgNet
ServoV90_A3.Out.oServoPosOK,ServoV90_A3,0,1,0,1,V90_Servo,0,,EXPORT/Program blocks/OP010/10_Device/25_V90/ServoV90_A3.xml,EXPORT/Program blocks/OP010/10_Device/25_V90/V90_Servo.xml:V90_Servo:FlgNet
ServoV90_A3.Out.oStatus,ServoV90_A3,0,1,0,1,V90_Servo,0,,EXPORT/Program blocks/OP010/10_Device/25_V90/ServoV90_A3.xml,EXPORT/Program blocks/OP010/10_Device/25_V90/V90_Servo.xml:V90_Servo:FlgNet
ServoV90_A3.Out.oWarning,ServoV90_A3,0,1,0,1,V90_Servo,0,,EXPORT/Program blocks/OP010/10_Device/25_V90/ServoV90_A3.xml,EXPORT/Program blocks/OP010/10_Device/25_V90/V90_Servo.xml:V90_Servo:FlgNet
ServoV90_A3.PositionOk,ServoV90_A3,0,1,0,1,V90_Servo,0,,EXPORT/Program blocks/OP010/10_Device/25_V90/ServoV90_A3.xml,EXPORT/Program blocks/OP010/10_Device/25_V90/V90_Servo.xml:V90_Servo:FlgNet
ServoV90_A4.Auto.Pos.Pos,ServoV90_A4,1,0,0,1,V90_Servo,0,,EXPORT/Program blocks/OP010/10_Device/25_V90/ServoV90_A4.xml,EXPORT/Program blocks/OP010/10_Device/25_V90/V90_Servo.xml:V90_Servo:FlgNet
ServoV90_A4.Auto.Pos.Vel,ServoV90_A4,1,0,0,1,V90_Servo,0,,EXPORT/Program blocks/OP010/10_Device/25_V90/ServoV90_A4.xml,EXPORT/Program blocks/OP010/10_Device/25_V90/V90_Servo.xml:V90_Servo:FlgNet
ServoV90_A4.IO.ioAutoEnale,ServoV90_A4,0,1,1,1,V90_Servo,0,,EXPORT/Program blocks/OP010/10_Device/25_V90/ServoV90_A4.xml,EXPORT/Program blocks/OP010/10_Device/25_V90/V90_Servo.xml:V90_Servo:FlgNet
ServoV90_A4.IO.ioManEnale,ServoV90_A4,0,4,1,1,V90_Servo,0,,EXPORT/Program blocks/OP010/10_Device/25_V90/ServoV90_A4.xml,EXPORT/Program blocks/OP010/10_Device/25_V90/V90_Servo.xml:V90_Servo:FlgNet | EXPORT/Program blocks/OP010/10_Device/25_V90/V90_Servo.xml:V90_Servo:StructuredText
ServoV90_A4.In.iAutoStart,ServoV90_A4,1,2,0,1,V90_Servo,0,,EXPORT/Program blocks/OP010/10_Device/25_V90/ServoV90_A4.xml,EXPORT/Program blocks/OP010/10_Device/25_V90/V90_Servo.xml:V90_Servo:FlgNet | EXPORT/Program blocks/OP010/10_Device/25_V90/V90_Servo.xml:V90_Servo:StructuredText
ServoV90_A4.In.iInterlock,ServoV90_A4,2,1,0,1,V90_Servo,0,,EXPORT/Program blocks/OP010/10_Device/25_V90/ServoV90_A4.xml,EXPORT/Program blocks/OP010/10_Device/25_V90/V90_Servo.xml:V90_Servo:FlgNet | EXPORT/Program blocks/OP010/10_Device/25_V90/V90_Servo.xml:V90_Servo:StructuredText
ServoV90_A4.In.iManJog+,ServoV90_A4,1,0,0,1,V90_Servo,0,,EXPORT/Program blocks/OP010/10_Device/25_V90/ServoV90_A4.xml,EXPORT/Program blocks/OP010/10_Device/25_V90/V90_Servo.xml:V90_Servo:FlgNet
ServoV90_A4.In.iManJog-,ServoV90_A4,1,0,0,1,V90_Servo,0,,EXPORT/Program blocks/OP010/10_Device/25_V90/ServoV90_A4.xml,EXPORT/Program blocks/OP010/10_Device/25_V90/V90_Servo.xml:V90_Servo:FlgNet
ServoV90_A4.In.iManListStart,ServoV90_A4,1,0,0,1,V90_Servo,0,,EXPORT/Program blocks/OP010/10_Device/25_V90/ServoV90_A4.xml,EXPORT/Program blocks/OP010/10_Device/25_V90/V90_Servo.xml:V90_Servo:FlgNet
ServoV90_A4.In.iManListVelocity,ServoV90_A4,0,0,1,1,V90_Servo,0,,EXPORT/Program blocks/OP010/10_Device/25_V90/ServoV90_A4.xml,EXPORT/Program blocks/OP010/10_Device/25_V90/V90_Servo.xml:V90_Servo:FlgNet
ServoV90_A4.In.iManPosition,ServoV90_A4,1,0,0,1,V90_Servo,0,,EXPORT/Program blocks/OP010/10_Device/25_V90/ServoV90_A4.xml,EXPORT/Program blocks/OP010/10_Device/25_V90/V90_Servo.xml:V90_Servo:FlgNet
ServoV90_A4.In.iManStart,ServoV90_A4,1,0,0,1,V90_Servo,0,,EXPORT/Program blocks/OP010/10_Device/25_V90/ServoV90_A4.xml,EXPORT/Program blocks/OP010/10_Device/25_V90/V90_Servo.xml:V90_Servo:FlgNet
ServoV90_A4.In.iManVelocity,ServoV90_A4,1,0,1,1,V90_Servo,0,,EXPORT/Program blocks/OP010/10_Device/25_V90/ServoV90_A4.xml,EXPORT/Program blocks/OP010/10_Device/25_V90/V90_Servo.xml:V90_Servo:FlgNet
ServoV90_A4.Interlock.Case1,ServoV90_A4,1,1,0,1,V90_Servo,0,,EXPORT/Program blocks/OP010/10_Device/25_V90/ServoV90_A4.xml,EXPORT/Program blocks/OP010/10_Device/25_V90/V90_Servo.xml:V90_Servo:FlgNet
ServoV90_A4.Interlock.Case2,ServoV90_A4,1,1,0,1,V90_Servo,0,,EXPORT/Program blocks/OP010/10_Device/25_V90/ServoV90_A4.xml,EXPORT/Program blocks/OP010/10_Device/25_V90/V90_Servo.xml:V90_Servo:FlgNet
ServoV90_A4.Manual.Index,ServoV90_A4,1,0,0,1,V90_Servo,0,,EXPORT/Program blocks/OP010/10_Device/25_V90/ServoV90_A4.xml,EXPORT/Program blocks/OP010/10_Device/25_V90/V90_Servo.xml:V90_Servo:FlgNet
ServoV90_A4.Manual.Pos.Pos,ServoV90_A4,1,0,1,1,V90_Servo,0,,EXPORT/Program blocks/OP010/10_Device/25_V90/ServoV90_A4.xml,EXPORT/Program blocks/OP010/10_Device/25_V90/V90_Servo.xml:V90_Servo:FlgNet
ServoV90_A4.Manual.Pos.Vel,ServoV90_A4,1,0,0,1,V90_Servo,0,,EXPORT/Program blocks/OP010/10_Device/25_V90/ServoV90_A4.xml,EXPORT/Program blocks/OP010/10_Device/25_V90/V90_Servo.xml:V90_Servo:FlgNet
ServoV90_A4.Out.oActPosition,ServoV90_A4,1,1,0,1,V90_Servo,0,,EXPORT/Program blocks/OP010/10_Device/25_V90/ServoV90_A4.xml,EXPORT/Program blocks/OP010/10_Device/25_V90/V90_Servo.xml:V90_Servo:FlgNet | EXPORT/Program blocks/OP010/10_Device/25_V90/V90_Servo.xml:V90_Servo:StructuredText
ServoV90_A4.Out.oError,ServoV90_A4,0,1,0,1,V90_Servo,0,,EXPORT/Program blocks/OP010/10_Device/25_V90/ServoV90_A4.xml,EXPORT/Program blocks/OP010/10_Device/25_V90/V90_Servo.xml:V90_Servo:FlgNet
ServoV90_A4.Out.oErrorCode,ServoV90_A4,0,1,0,1,V90_Servo,0,,EXPORT/Program blocks/OP010/10_Device/25_V90/ServoV90_A4.xml,EXPORT/Program blocks/OP010/10_Device/25_V90/V90_Servo.xml:V90_Servo:FlgNet
ServoV90_A4.Out.oHomeRef,ServoV90_A4,1,1,0,1,V90_Servo,0,,EXPORT/Program blocks/OP010/10_Device/25_V90/ServoV90_A4.xml,EXPORT/Program blocks/OP010/10_Device/25_V90/V90_Servo.xml:V90_Servo:FlgNet | EXPORT/Program blocks/OP010/10_Device/25_V90/V90_Servo.xml:V90_Servo:StructuredText
ServoV90_A4.Out.oHoming,ServoV90_A4,0,1,0,1,V90_Servo,0,,EXPORT/Program blocks/OP010/10_Device/25_V90/ServoV90_A4.xml,EXPORT/Program blocks/OP010/10_Device/25_V90/V90_Servo.xml:V90_Servo:FlgNet
ServoV90_A4.Out.oInterlock,ServoV90_A4,0,1,0,1,V90_Servo,0,,EXPORT/Program blocks/OP010/10_Device/25_V90/ServoV90_A4.xml,EXPORT/Program blocks/OP010/10_Device/25_V90/V90_Servo.xml:V90_Servo:FlgNet
ServoV90_A4.Out.oManualListPos,ServoV90_A4,0,0,1,1,V90_Servo,0,,EXPORT/Program blocks/OP010/10_Device/25_V90/ServoV90_A4.xml,EXPORT/Program blocks/OP010/10_Device/25_V90/V90_Servo.xml:V90_Servo:FlgNet
ServoV90_A4.Out.oServoEnable,ServoV90_A4,0,1,0,1,V90_Servo,0,,EXPORT/Program blocks/OP010/10_Device/25_V90/ServoV90_A4.xml,EXPORT/Program blocks/OP010/10_Device/25_V90/V90_Servo.xml:V90_Servo:FlgNet
ServoV90_A4.Out.oStatus,ServoV90_A4,0,1,0,1,V90_Servo,0,,EXPORT/Program blocks/OP010/10_Device/25_V90/ServoV90_A4.xml,EXPORT/Program blocks/OP010/10_Device/25_V90/V90_Servo.xml:V90_Servo:FlgNet
ServoV90_A4.Out.oWarning,ServoV90_A4,0,1,0,1,V90_Servo,0,,EXPORT/Program blocks/OP010/10_Device/25_V90/ServoV90_A4.xml,EXPORT/Program blocks/OP010/10_Device/25_V90/V90_Servo.xml:V90_Servo:FlgNet
ServoV90_A4.PositionOk,ServoV90_A4,0,1,0,1,V90_Servo,0,,EXPORT/Program blocks/OP010/10_Device/25_V90/ServoV90_A4.xml,EXPORT/Program blocks/OP010/10_Device/25_V90/V90_Servo.xml:V90_Servo:FlgNet
Station1LoadData.PLC.PartTypeID,Station1LoadData,0,0,1,1,MES,0,,EXPORT/Program blocks/OP010/11_MES/Station1LoadData.xml,EXPORT/Program blocks/OP010/11_MES/MES.xml:MES:FlgNet
Station1LoadData.PLC.Station1DMXCode,Station1LoadData,0,0,1,1,MES,0,,EXPORT/Program blocks/OP010/11_MES/Station1LoadData.xml,EXPORT/Program blocks/OP010/11_MES/MES.xml:MES:FlgNet
Station1LoadData.PLC.Station1RecipeNo,Station1LoadData,0,0,1,1,MES,0,,EXPORT/Program blocks/OP010/11_MES/Station1LoadData.xml,EXPORT/Program blocks/OP010/11_MES/MES.xml:MES:FlgNet
Station1LoadData.PLC.StationStatus,Station1LoadData,0,0,2,1,MES,0,,EXPORT/Program blocks/OP010/11_MES/Station1LoadData.xml,EXPORT/Program blocks/OP010/11_MES/MES.xml:MES:FlgNet
Station1UnLoadData.PLC.PartStatus,Station1UnLoadData,0,0,1,1,MES,0,,EXPORT/Program blocks/OP010/11_MES/Station1UnLoadData.xml,EXPORT/Program blocks/OP010/11_MES/MES.xml:MES:FlgNet
Station1UnLoadData.PLC.Station1DMXCode,Station1UnLoadData,0,0,1,1,MES,0,,EXPORT/Program blocks/OP010/11_MES/Station1UnLoadData.xml,EXPORT/Program blocks/OP010/11_MES/MES.xml:MES:FlgNet
Station1UnLoadData.PLC.TransferTime,Station1UnLoadData,0,0,1,1,MES,0,,EXPORT/Program blocks/OP010/11_MES/Station1UnLoadData.xml,EXPORT/Program blocks/OP010/11_MES/MES.xml:MES:FlgNet
Station2LoadData.PLC.PartTypeID,Station2LoadData,0,0,1,1,MES,0,,EXPORT/Program blocks/OP010/11_MES/Station2LoadData.xml,EXPORT/Program blocks/OP010/11_MES/MES.xml:MES:FlgNet
Station2LoadData.PLC.Station2DMXCode,Station2LoadData,0,0,1,1,MES,0,,EXPORT/Program blocks/OP010/11_MES/Station2LoadData.xml,EXPORT/Program blocks/OP010/11_MES/MES.xml:MES:FlgNet
Station2LoadData.PLC.Station2RecipeNo,Station2LoadData,0,0,1,1,MES,0,,EXPORT/Program blocks/OP010/11_MES/Station2LoadData.xml,EXPORT/Program blocks/OP010/11_MES/MES.xml:MES:FlgNet
Station2UnLoadData.PLC.PartStatus,Station2UnLoadData,0,0,1,1,MES,0,,EXPORT/Program blocks/OP010/11_MES/Station2UnLoadData.xml,EXPORT/Program blocks/OP010/11_MES/MES.xml:MES:FlgNet
Station2UnLoadData.PLC.Station2DMXCode,Station2UnLoadData,0,0,1,1,MES,0,,EXPORT/Program blocks/OP010/11_MES/Station2UnLoadData.xml,EXPORT/Program blocks/OP010/11_MES/MES.xml:MES:FlgNet
Station2UnLoadData.PLC.TransferTime,Station2UnLoadData,0,0,1,1,MES,0,,EXPORT/Program blocks/OP010/11_MES/Station2UnLoadData.xml,EXPORT/Program blocks/OP010/11_MES/MES.xml:MES:FlgNet
Station3LoadData.PLC.PartTypeID,Station3LoadData,0,0,1,1,MES,0,,EXPORT/Program blocks/OP010/11_MES/Station3LoadData.xml,EXPORT/Program blocks/OP010/11_MES/MES.xml:MES:FlgNet
Station3LoadData.PLC.Station3DMXCode,Station3LoadData,0,0,1,1,MES,0,,EXPORT/Program blocks/OP010/11_MES/Station3LoadData.xml,EXPORT/Program blocks/OP010/11_MES/MES.xml:MES:FlgNet
Station3LoadData.PLC.Station3RecipeNo,Station3LoadData,0,0,1,1,MES,0,,EXPORT/Program blocks/OP010/11_MES/Station3LoadData.xml,EXPORT/Program blocks/OP010/11_MES/MES.xml:MES:FlgNet
Station3UnLoadData.PLC.Displacement,Station3UnLoadData,0,0,1,1,MES,0,,EXPORT/Program blocks/OP010/11_MES/Station3UnLoadData.xml,EXPORT/Program blocks/OP010/11_MES/MES.xml:MES:FlgNet
Station3UnLoadData.PLC.NGCode,Station3UnLoadData,0,0,2,1,MES,0,,EXPORT/Program blocks/OP010/11_MES/Station3UnLoadData.xml,EXPORT/Program blocks/OP010/11_MES/MES.xml:MES:FlgNet
Station3UnLoadData.PLC.PartStatus,Station3UnLoadData,0,0,2,1,MES,0,,EXPORT/Program blocks/OP010/11_MES/Station3UnLoadData.xml,EXPORT/Program blocks/OP010/11_MES/MES.xml:MES:FlgNet
Station3UnLoadData.PLC.Power,Station3UnLoadData,0,0,1,1,MES,0,,EXPORT/Program blocks/OP010/11_MES/Station3UnLoadData.xml,EXPORT/Program blocks/OP010/11_MES/MES.xml:MES:FlgNet
Station3UnLoadData.PLC.Program,Station3UnLoadData,0,0,1,1,MES,0,,EXPORT/Program blocks/OP010/11_MES/Station3UnLoadData.xml,EXPORT/Program blocks/OP010/11_MES/MES.xml:MES:FlgNet
Station3UnLoadData.PLC.Station3DMXCode,Station3UnLoadData,0,0,1,1,MES,0,,EXPORT/Program blocks/OP010/11_MES/Station3UnLoadData.xml,EXPORT/Program blocks/OP010/11_MES/MES.xml:MES:FlgNet
Station3UnLoadData.PLC.SubPartSN1,Station3UnLoadData,0,0,1,1,MES,0,,EXPORT/Program blocks/OP010/11_MES/Station3UnLoadData.xml,EXPORT/Program blocks/OP010/11_MES/MES.xml:MES:FlgNet
Station3UnLoadData.PLC.TransferTime,Station3UnLoadData,0,0,1,1,MES,0,,EXPORT/Program blocks/OP010/11_MES/Station3UnLoadData.xml,EXPORT/Program blocks/OP010/11_MES/MES.xml:MES:FlgNet
Station4LoadData.PLC.PartTypeID,Station4LoadData,0,0,1,1,MES,0,,EXPORT/Program blocks/OP010/11_MES/Station4LoadData.xml,EXPORT/Program blocks/OP010/11_MES/MES.xml:MES:FlgNet
Station4LoadData.PLC.Station4DMXCode,Station4LoadData,0,0,1,1,MES,0,,EXPORT/Program blocks/OP010/11_MES/Station4LoadData.xml,EXPORT/Program blocks/OP010/11_MES/MES.xml:MES:FlgNet
Station4LoadData.PLC.Station4RecipeNo,Station4LoadData,0,0,1,1,MES,0,,EXPORT/Program blocks/OP010/11_MES/Station4LoadData.xml,EXPORT/Program blocks/OP010/11_MES/MES.xml:MES:FlgNet
Station4UnLoadData.PLC.PartStatus,Station4UnLoadData,0,0,1,1,MES,0,,EXPORT/Program blocks/OP010/11_MES/Station4UnLoadData.xml,EXPORT/Program blocks/OP010/11_MES/MES.xml:MES:FlgNet
Station4UnLoadData.PLC.Station4DMXCode,Station4UnLoadData,0,0,1,1,MES,0,,EXPORT/Program blocks/OP010/11_MES/Station4UnLoadData.xml,EXPORT/Program blocks/OP010/11_MES/MES.xml:MES:FlgNet
Station4UnLoadData.PLC.TransferTime,Station4UnLoadData,0,0,1,1,MES,0,,EXPORT/Program blocks/OP010/11_MES/Station4UnLoadData.xml,EXPORT/Program blocks/OP010/11_MES/MES.xml:MES:FlgNet
Station5LoadData.PLC.PartTypeID,Station5LoadData,0,0,1,1,MES,0,,EXPORT/Program blocks/OP010/11_MES/Station5LoadData.xml,EXPORT/Program blocks/OP010/11_MES/MES.xml:MES:FlgNet
Station5LoadData.PLC.Station5DMXCode,Station5LoadData,0,0,1,1,MES,0,,EXPORT/Program blocks/OP010/11_MES/Station5LoadData.xml,EXPORT/Program blocks/OP010/11_MES/MES.xml:MES:FlgNet
Station5LoadData.PLC.Station5RecipeNo,Station5LoadData,0,0,1,1,MES,0,,EXPORT/Program blocks/OP010/11_MES/Station5LoadData.xml,EXPORT/Program blocks/OP010/11_MES/MES.xml:MES:FlgNet
Station5UnLoadData.PLC.GluePro,Station5UnLoadData,0,0,1,1,MES,0,,EXPORT/Program blocks/OP010/11_MES/Station5UnLoadData.xml,EXPORT/Program blocks/OP010/11_MES/MES.xml:MES:FlgNet
Station5UnLoadData.PLC.MagnetGlueResult,Station5UnLoadData,0,0,2,1,MES,0,,EXPORT/Program blocks/OP010/11_MES/Station5UnLoadData.xml,EXPORT/Program blocks/OP010/11_MES/MES.xml:MES:FlgNet
Station5UnLoadData.PLC.NGCode,Station5UnLoadData,0,0,2,1,MES,0,,EXPORT/Program blocks/OP010/11_MES/Station5UnLoadData.xml,EXPORT/Program blocks/OP010/11_MES/MES.xml:MES:FlgNet
Station5UnLoadData.PLC.PartStatus,Station5UnLoadData,0,0,2,1,MES,0,,EXPORT/Program blocks/OP010/11_MES/Station5UnLoadData.xml,EXPORT/Program blocks/OP010/11_MES/MES.xml:MES:FlgNet
Station5UnLoadData.PLC.ShaftGlueIVPro,Station5UnLoadData,0,0,1,1,MES,0,,EXPORT/Program blocks/OP010/11_MES/Station5UnLoadData.xml,EXPORT/Program blocks/OP010/11_MES/MES.xml:MES:FlgNet
Station5UnLoadData.PLC.ShaftGlueResult,Station5UnLoadData,0,0,2,1,MES,0,,EXPORT/Program blocks/OP010/11_MES/Station5UnLoadData.xml,EXPORT/Program blocks/OP010/11_MES/MES.xml:MES:FlgNet
Station5UnLoadData.PLC.ShaftMagnetIVPro,Station5UnLoadData,0,0,1,1,MES,0,,EXPORT/Program blocks/OP010/11_MES/Station5UnLoadData.xml,EXPORT/Program blocks/OP010/11_MES/MES.xml:MES:FlgNet
Station5UnLoadData.PLC.Station5DMXCode,Station5UnLoadData,0,0,1,1,MES,0,,EXPORT/Program blocks/OP010/11_MES/Station5UnLoadData.xml,EXPORT/Program blocks/OP010/11_MES/MES.xml:MES:FlgNet
Station5UnLoadData.PLC.SubPartSN1,Station5UnLoadData,0,0,1,1,MES,0,,EXPORT/Program blocks/OP010/11_MES/Station5UnLoadData.xml,EXPORT/Program blocks/OP010/11_MES/MES.xml:MES:FlgNet
Station5UnLoadData.PLC.TransferTime,Station5UnLoadData,0,0,1,1,MES,0,,EXPORT/Program blocks/OP010/11_MES/Station5UnLoadData.xml,EXPORT/Program blocks/OP010/11_MES/MES.xml:MES:FlgNet
Station6LoadData.PLC.PartTypeID,Station6LoadData,0,0,1,1,MES,0,,EXPORT/Program blocks/OP010/11_MES/Station6LoadData.xml,EXPORT/Program blocks/OP010/11_MES/MES.xml:MES:FlgNet
Station6LoadData.PLC.Station6DMXCode,Station6LoadData,0,0,1,1,MES,0,,EXPORT/Program blocks/OP010/11_MES/Station6LoadData.xml,EXPORT/Program blocks/OP010/11_MES/MES.xml:MES:FlgNet
Station6LoadData.PLC.Station6RecipeNo,Station6LoadData,0,0,1,1,MES,0,,EXPORT/Program blocks/OP010/11_MES/Station6LoadData.xml,EXPORT/Program blocks/OP010/11_MES/MES.xml:MES:FlgNet
Station6UnLoadData.PLC.PartStatus,Station6UnLoadData,0,0,1,1,MES,0,,EXPORT/Program blocks/OP010/11_MES/Station6UnLoadData.xml,EXPORT/Program blocks/OP010/11_MES/MES.xml:MES:FlgNet
Station6UnLoadData.PLC.Station6DMXCode,Station6UnLoadData,0,0,1,1,MES,0,,EXPORT/Program blocks/OP010/11_MES/Station6UnLoadData.xml,EXPORT/Program blocks/OP010/11_MES/MES.xml:MES:FlgNet
Station6UnLoadData.PLC.TransferTime,Station6UnLoadData,0,0,1,1,MES,0,,EXPORT/Program blocks/OP010/11_MES/Station6UnLoadData.xml,EXPORT/Program blocks/OP010/11_MES/MES.xml:MES:FlgNet
Station7LoadData.PLC.PartTypeID,Station7LoadData,0,0,1,1,MES,0,,EXPORT/Program blocks/OP010/11_MES/Station7LoadData.xml,EXPORT/Program blocks/OP010/11_MES/MES.xml:MES:FlgNet
Station7LoadData.PLC.Station7DMXCode,Station7LoadData,0,0,1,1,MES,0,,EXPORT/Program blocks/OP010/11_MES/Station7LoadData.xml,EXPORT/Program blocks/OP010/11_MES/MES.xml:MES:FlgNet
Station7LoadData.PLC.Station7RecipeNo,Station7LoadData,0,0,1,1,MES,0,,EXPORT/Program blocks/OP010/11_MES/Station7LoadData.xml,EXPORT/Program blocks/OP010/11_MES/MES.xml:MES:FlgNet
Station7UnLoadData.PLC.Displacement,Station7UnLoadData,0,0,1,1,MES,0,,EXPORT/Program blocks/OP010/11_MES/Station7UnLoadData.xml,EXPORT/Program blocks/OP010/11_MES/MES.xml:MES:FlgNet
Station7UnLoadData.PLC.NGCode,Station7UnLoadData,0,0,2,1,MES,0,,EXPORT/Program blocks/OP010/11_MES/Station7UnLoadData.xml,EXPORT/Program blocks/OP010/11_MES/MES.xml:MES:FlgNet
Station7UnLoadData.PLC.PartStatus,Station7UnLoadData,0,0,2,1,MES,0,,EXPORT/Program blocks/OP010/11_MES/Station7UnLoadData.xml,EXPORT/Program blocks/OP010/11_MES/MES.xml:MES:FlgNet
Station7UnLoadData.PLC.Power,Station7UnLoadData,0,0,1,1,MES,0,,EXPORT/Program blocks/OP010/11_MES/Station7UnLoadData.xml,EXPORT/Program blocks/OP010/11_MES/MES.xml:MES:FlgNet
Station7UnLoadData.PLC.Program,Station7UnLoadData,0,0,1,1,MES,0,,EXPORT/Program blocks/OP010/11_MES/Station7UnLoadData.xml,EXPORT/Program blocks/OP010/11_MES/MES.xml:MES:FlgNet
Station7UnLoadData.PLC.Station7DMXCode,Station7UnLoadData,0,0,1,1,MES,0,,EXPORT/Program blocks/OP010/11_MES/Station7UnLoadData.xml,EXPORT/Program blocks/OP010/11_MES/MES.xml:MES:FlgNet
Station7UnLoadData.PLC.SubPartSN1,Station7UnLoadData,0,0,1,1,MES,0,,EXPORT/Program blocks/OP010/11_MES/Station7UnLoadData.xml,EXPORT/Program blocks/OP010/11_MES/MES.xml:MES:FlgNet
Station7UnLoadData.PLC.TransferTime,Station7UnLoadData,0,0,1,1,MES,0,,EXPORT/Program blocks/OP010/11_MES/Station7UnLoadData.xml,EXPORT/Program blocks/OP010/11_MES/MES.xml:MES:FlgNet
Station8LoadData.PLC.PartTypeID,Station8LoadData,0,0,1,1,MES,0,,EXPORT/Program blocks/OP010/11_MES/Station8LoadData.xml,EXPORT/Program blocks/OP010/11_MES/MES.xml:MES:FlgNet
Station8LoadData.PLC.Station8RecipeNo,Station8LoadData,0,0,1,1,MES,0,,EXPORT/Program blocks/OP010/11_MES/Station8LoadData.xml,EXPORT/Program blocks/OP010/11_MES/MES.xml:MES:FlgNet
Station_Sys.Alarm.Reset,Station_Sys,1,0,0,1,ST10_Main,0,,EXPORT/Program blocks/OP010/00_Main/Station_Sys.xml,EXPORT/Program blocks/OP010/00_Main/ST10_Main.xml:ST10_Main:FlgNet
Station_Sys.Auto,Station_Sys,1,0,0,1,ST10_Main,0,,EXPORT/Program blocks/OP010/00_Main/Station_Sys.xml,EXPORT/Program blocks/OP010/00_Main/ST10_Main.xml:ST10_Main:StructuredText
Station_Sys.Auto.OneCycleMode,Station_Sys,0,1,0,1,ST10_Main,0,,EXPORT/Program blocks/OP010/00_Main/Station_Sys.xml,EXPORT/Program blocks/OP010/00_Main/ST10_Main.xml:ST10_Main:FlgNet
Station_Sys.Auto.StartAuto,Station_Sys,0,1,0,1,ST10_Main,0,,EXPORT/Program blocks/OP010/00_Main/Station_Sys.xml,EXPORT/Program blocks/OP010/00_Main/ST10_Main.xml:ST10_Main:FlgNet
Station_Sys.Auto.Status,Station_Sys,0,1,0,1,ST10_Main,0,,EXPORT/Program blocks/OP010/00_Main/Station_Sys.xml,EXPORT/Program blocks/OP010/00_Main/ST10_Main.xml:ST10_Main:FlgNet
Station_Sys.Cmd.BuzzerOn,Station_Sys,0,0,1,1,ST10_Output,0,,EXPORT/Program blocks/OP010/00_Main/Station_Sys.xml,EXPORT/Program blocks/OP010/02_Output/ST10_Output.xml:ST10_Output:FlgNet
Station_Sys.Cmd.Calibration,Station_Sys,1,0,0,1,ST10_Warning,0,,EXPORT/Program blocks/OP010/00_Main/Station_Sys.xml,EXPORT/Program blocks/OP010/06_Warning/ST10_Warning.xml:ST10_Warning:FlgNet
Station_Sys.Cmd.TestLamp,Station_Sys,16,0,0,1,ST10_Output,0,,EXPORT/Program blocks/OP010/00_Main/Station_Sys.xml,EXPORT/Program blocks/OP010/02_Output/ST10_Output.xml:ST10_Output:FlgNet
Station_Sys.Count,Station_Sys,0,0,1,1,ST10_CountCycleTimeMain,0,,EXPORT/Program blocks/OP010/00_Main/Station_Sys.xml,EXPORT/Program blocks/OP010/09_Count_CycleTime/ST10_CountCycleTimeMain.xml:ST10_CountCycleTimeMain:FlgNet
Station_Sys.Flag.PeocessComplete,Station_Sys,1,0,0,1,ST10_CountCycleTimeMain,0,,EXPORT/Program blocks/OP010/00_Main/Station_Sys.xml,EXPORT/Program blocks/OP010/09_Count_CycleTime/ST10_CountCycleTimeMain.xml:ST10_CountCycleTimeMain:FlgNet
Station_Sys.Flag.Processstart,Station_Sys,1,0,0,1,ST10_CountCycleTimeMain,0,,EXPORT/Program blocks/OP010/00_Main/Station_Sys.xml,EXPORT/Program blocks/OP010/09_Count_CycleTime/ST10_CountCycleTimeMain.xml:ST10_CountCycleTimeMain:FlgNet
Station_Sys.Initial.Set,Station_Sys,1,0,0,1,ST10_Main,0,,EXPORT/Program blocks/OP010/00_Main/Station_Sys.xml,EXPORT/Program blocks/OP010/00_Main/ST10_Main.xml:ST10_Main:StructuredText
Station_Sys.Interface.Auto,Station_Sys,0,1,0,1,ST10_Main,0,,EXPORT/Program blocks/OP010/00_Main/Station_Sys.xml,EXPORT/Program blocks/OP010/00_Main/ST10_Main.xml:ST10_Main:StructuredText
Station_Sys.Interface.Auto.AllRun,Station_Sys,1,0,0,1,ST10_Tip,0,,EXPORT/Program blocks/OP010/00_Main/Station_Sys.xml,EXPORT/Program blocks/OP010/07_Tip/ST10_Tip.xml:ST10_Tip:FlgNet
Station_Sys.Interface.Auto.Running,Station_Sys,1,0,0,1,ST10_Tip,0,,EXPORT/Program blocks/OP010/00_Main/Station_Sys.xml,EXPORT/Program blocks/OP010/07_Tip/ST10_Tip.xml:ST10_Tip:FlgNet
Station_Sys.Interface.CPUFristCycle,Station_Sys,0,1,0,1,ST10_Main,0,,EXPORT/Program blocks/OP010/00_Main/Station_Sys.xml,EXPORT/Program blocks/OP010/00_Main/ST10_Main.xml:ST10_Main:StructuredText
Station_Sys.Interface.EstopOK,Station_Sys,0,1,0,1,ST10_Main,0,,EXPORT/Program blocks/OP010/00_Main/Station_Sys.xml,EXPORT/Program blocks/OP010/00_Main/ST10_Main.xml:ST10_Main:StructuredText
Station_Sys.Interface.InitialRun,Station_Sys,0,1,0,1,ST10_Main,0,,EXPORT/Program blocks/OP010/00_Main/Station_Sys.xml,EXPORT/Program blocks/OP010/00_Main/ST10_Main.xml:ST10_Main:StructuredText
Station_Sys.Interface.LightCurtainOK,Station_Sys,0,1,0,1,ST10_Main,0,,EXPORT/Program blocks/OP010/00_Main/Station_Sys.xml,EXPORT/Program blocks/OP010/00_Main/ST10_Main.xml:ST10_Main:StructuredText
Station_Sys.Interface.ManualMode,Station_Sys,0,1,0,1,ST10_Main,0,,EXPORT/Program blocks/OP010/00_Main/Station_Sys.xml,EXPORT/Program blocks/OP010/00_Main/ST10_Main.xml:ST10_Main:StructuredText
Station_Sys.Interface.Ready,Station_Sys,0,1,0,1,ST10_Main,0,,EXPORT/Program blocks/OP010/00_Main/Station_Sys.xml,EXPORT/Program blocks/OP010/00_Main/ST10_Main.xml:ST10_Main:StructuredText
Station_Sys.Interface.SafetyDoorOK,Station_Sys,0,1,0,1,ST10_Main,0,,EXPORT/Program blocks/OP010/00_Main/Station_Sys.xml,EXPORT/Program blocks/OP010/00_Main/ST10_Main.xml:ST10_Main:StructuredText
Station_Sys.Interface.SetInitial,Station_Sys,0,1,0,1,ST10_Main,0,,EXPORT/Program blocks/OP010/00_Main/Station_Sys.xml,EXPORT/Program blocks/OP010/00_Main/ST10_Main.xml:ST10_Main:StructuredText
Station_Sys.Interface.SysRun,Station_Sys,0,1,0,1,ST10_Main,0,,EXPORT/Program blocks/OP010/00_Main/Station_Sys.xml,EXPORT/Program blocks/OP010/00_Main/ST10_Main.xml:ST10_Main:StructuredText
Station_Sys.MachineCycleTime,Station_Sys,0,0,1,1,ST10_CountCycleTimeMain,0,,EXPORT/Program blocks/OP010/00_Main/Station_Sys.xml,EXPORT/Program blocks/OP010/09_Count_CycleTime/ST10_CountCycleTimeMain.xml:ST10_CountCycleTimeMain:FlgNet
Station_Sys.Safety.LightCurtainOK,Station_Sys,0,1,0,1,ST10_Main,0,,EXPORT/Program blocks/OP010/00_Main/Station_Sys.xml,EXPORT/Program blocks/OP010/00_Main/ST10_Main.xml:ST10_Main:FlgNet
Station_Sys.Status.FinishProduct,Station_Sys,1,0,0,1,ST10_CountCycleTimeMain,0,,EXPORT/Program blocks/OP010/00_Main/Station_Sys.xml,EXPORT/Program blocks/OP010/09_Count_CycleTime/ST10_CountCycleTimeMain.xml:ST10_CountCycleTimeMain:FlgNet
Station_Sys.Status.ModePV,Station_Sys,0,1,0,1,ST10_Main,0,,EXPORT/Program blocks/OP010/00_Main/Station_Sys.xml,EXPORT/Program blocks/OP010/00_Main/ST10_Main.xml:ST10_Main:FlgNet
Station_Sys.TotalCycleTime,Station_Sys,0,0,1,1,ST10_CountCycleTimeMain,0,,EXPORT/Program blocks/OP010/00_Main/Station_Sys.xml,EXPORT/Program blocks/OP010/09_Count_CycleTime/ST10_CountCycleTimeMain.xml:ST10_CountCycleTimeMain:FlgNet
Station_Sys.Warning.CycleStop,Station_Sys,0,1,0,1,ST10_Alarm,0,,EXPORT/Program blocks/OP010/00_Main/Station_Sys.xml,EXPORT/Program blocks/OP010/05_Alarm/ST10_Alarm.xml:ST10_Alarm:FlgNet
Sys.COM.AlwaysOFF,Sys,1,1,0,1,01_OB1,0,,EXPORT/Program blocks/02_Comm/06_SysDataBlock&Function/Sys.xml,EXPORT/Program blocks/01_OB/01_OB1.xml:01_OB1:FlgNet
Sys.COM.FlashTime100mS,Sys,0,1,0,1,01_OB1,2,SysComFlashTime100mS;Sys_COM_FlashTime100mS,EXPORT/Program blocks/02_Comm/06_SysDataBlock&Function/Sys.xml,EXPORT/Program blocks/01_OB/01_OB1.xml:01_OB1:FlgNet
Sys.COM.FlashTime1S,Sys,0,1,0,1,01_OB1,2,SysComFlashTime1S;Sys_COM_FlashTime1S,EXPORT/Program blocks/02_Comm/06_SysDataBlock&Function/Sys.xml,EXPORT/Program blocks/01_OB/01_OB1.xml:01_OB1:FlgNet
Sys.COM.FlashTime200mS,Sys,0,1,0,1,01_OB1,2,SysComFlashTime200mS;Sys_COM_FlashTime200mS,EXPORT/Program blocks/02_Comm/06_SysDataBlock&Function/Sys.xml,EXPORT/Program blocks/01_OB/01_OB1.xml:01_OB1:FlgNet
Sys.COM.FlashTime2S,Sys,0,1,0,1,01_OB1,2,SysComFlashTime2S;Sys_COM_FlashTime2S,EXPORT/Program blocks/02_Comm/06_SysDataBlock&Function/Sys.xml,EXPORT/Program blocks/01_OB/01_OB1.xml:01_OB1:FlgNet
Sys.COM.FlashTime500mS,Sys,0,1,0,1,01_OB1,2,SysComFlashTime500mS;Sys_COM_FlashTime500mS,EXPORT/Program blocks/02_Comm/06_SysDataBlock&Function/Sys.xml,EXPORT/Program blocks/01_OB/01_OB1.xml:01_OB1:FlgNet
Sys.DateTime.Read,Sys,0,0,2,1,03_CYC_INT2,2,SysDateTimeRead;Sys_DateTime_Read,EXPORT/Program blocks/02_Comm/06_SysDataBlock&Function/Sys.xml,EXPORT/Program blocks/01_OB/03_CYC_INT2.xml:03_CYC_INT2:FlgNet
Sys.DateTime.Set,Sys,0,0,1,1,01_OB1,2,SysDateTimeSet;Sys_DateTime_Set,EXPORT/Program blocks/02_Comm/06_SysDataBlock&Function/Sys.xml,EXPORT/Program blocks/01_OB/01_OB1.xml:01_OB1:FlgNet
Sys.DateTime.Trigger,Sys,1,1,0,1,01_OB1,2,SysDateTimeTrigger;Sys_DateTime_Trigger,EXPORT/Program blocks/02_Comm/06_SysDataBlock&Function/Sys.xml,EXPORT/Program blocks/01_OB/01_OB1.xml:01_OB1:FlgNet
Sys.ScanTime.CycleMax,Sys,0,1,0,1,01_OB1,2,SysScanTimeCycleMax;Sys_ScanTime_CycleMax,EXPORT/Program blocks/02_Comm/06_SysDataBlock&Function/Sys.xml,EXPORT/Program blocks/01_OB/01_OB1.xml:01_OB1:StructuredText
Sys.ScanTime.CycleMin,Sys,0,1,0,1,01_OB1,2,SysScanTimeCycleMin;Sys_ScanTime_CycleMin,EXPORT/Program blocks/02_Comm/06_SysDataBlock&Function/Sys.xml,EXPORT/Program blocks/01_OB/01_OB1.xml:01_OB1:StructuredText
Sys.ScanTime.CyclePrevious,Sys,0,1,0,1,01_OB1,2,SysScanTimeCyclePrevious;Sys_ScanTime_CyclePrevious,EXPORT/Program blocks/02_Comm/06_SysDataBlock&Function/Sys.xml,EXPORT/Program blocks/01_OB/01_OB1.xml:01_OB1:StructuredText
TON.CTU.CV,TON,0,0,2,1,ST10_Alarm,0,,EXPORT/Program blocks/OP010/03_Auto/TON.xml,EXPORT/Program blocks/OP010/05_Alarm/ST10_Alarm.xml:ST10_Alarm:FlgNet
TON.P,TON,0,0,2,1,ST10_Alarm,0,,EXPORT/Program blocks/OP010/03_Auto/TON.xml,EXPORT/Program blocks/OP010/05_Alarm/ST10_Alarm.xml:ST10_Alarm:FlgNet
Tag_19,Tag_19,1,0,0,1,ST10_Flow24_LUnloadingTrans,0,,EXPORT/PLC tags/默认变量表.xml,EXPORT/Program blocks/OP010/03_Auto/L_Unload/ST10_Flow24_LUnloadingTrans.xml:ST10_Flow24_LUnloadingTrans:FlgNet
Tag_2,Tag_2,1,0,0,1,ST10_Flow7_CGlueing,0,,EXPORT/PLC tags/默认变量表.xml,EXPORT/Program blocks/OP010/03_Auto/C_Glue/ST10_Flow7_CGlueing.xml:ST10_Flow7_CGlueing:FlgNet
Tag_23,Tag_23,1,0,0,1,ST10_Flow7_CGlueing,0,,EXPORT/PLC tags/默认变量表.xml,EXPORT/Program blocks/OP010/03_Auto/C_Glue/ST10_Flow7_CGlueing.xml:ST10_Flow7_CGlueing:FlgNet
Tag_34,Tag_34,1,0,0,1,ST10_Flow14_B2Press,0,,EXPORT/PLC tags/默认变量表.xml,EXPORT/Program blocks/OP010/03_Auto/B_Press/ST10_Flow14_B2Press.xml:ST10_Flow14_B2Press:FlgNet
V90Servo_DB.Servo_382A1.sErrorCode,V90Servo_DB,1,0,0,1,块_1,0,,EXPORT/Program blocks/OP010/10_Device/25_V90/V90Servo_DB.xml,EXPORT/Program blocks/OP010/10_Device/25_V90/Patch/块_1.xml:块_1:StructuredText
iA-Loading-01HorizontalCylinderInHP,iA-Loading-01HorizontalCylinderInHP,1,0,0,1,ST10Cyl_interface1-10,0,,EXPORT/PLC tags/IO/RemoteIO_DI_1.xml,EXPORT/Program blocks/OP010/10_Device/01_Cylinder/ST10Cyl_interface1-10.xml:ST10Cyl_interface1-10:StructuredText
iA-Loading-01HorizontalCylinderInWP,iA-Loading-01HorizontalCylinderInWP,1,0,0,1,ST10Cyl_interface1-10,0,,EXPORT/PLC tags/IO/RemoteIO_DI_1.xml,EXPORT/Program blocks/OP010/10_Device/01_Cylinder/ST10Cyl_interface1-10.xml:ST10Cyl_interface1-10:StructuredText
iA-Loading-01UpDownTakeCylinderInHP,iA-Loading-01UpDownTakeCylinderInHP,1,0,0,1,ST10Cyl_interface1-10,0,,EXPORT/PLC tags/IO/RemoteIO_DI_1.xml,EXPORT/Program blocks/OP010/10_Device/01_Cylinder/ST10Cyl_interface1-10.xml:ST10Cyl_interface1-10:StructuredText
iA-Loading-01UpDownTakeCylinderInWP,iA-Loading-01UpDownTakeCylinderInWP,1,0,0,1,ST10Cyl_interface1-10,0,,EXPORT/PLC tags/IO/RemoteIO_DI_1.xml,EXPORT/Program blocks/OP010/10_Device/01_Cylinder/ST10Cyl_interface1-10.xml:ST10Cyl_interface1-10:StructuredText
iA-Loading-02Detection,iA-Loading-02Detection,3,0,0,1,ST10_Flow12_A2TableUnloading,0,,EXPORT/PLC tags/IO/RemoteIO_DI_1.xml,EXPORT/Program blocks/OP010/03_Auto/A2_TableLoad&Scan/ST10_Flow12_A2TableUnloading.xml:ST10_Flow12_A2TableUnloading:FlgNet
iA-Loading-02HorizontalCylinderInHP,iA-Loading-02HorizontalCylinderInHP,1,0,0,1,ST10Cyl_interface1-10,0,,EXPORT/PLC tags/IO/RemoteIO_DI_1.xml,EXPORT/Program blocks/OP010/10_Device/01_Cylinder/ST10Cyl_interface1-10.xml:ST10Cyl_interface1-10:StructuredText
iA-Loading-02HorizontalCylinderInWP,iA-Loading-02HorizontalCylinderInWP,1,0,0,1,ST10Cyl_interface1-10,0,,EXPORT/PLC tags/IO/RemoteIO_DI_1.xml,EXPORT/Program blocks/OP010/10_Device/01_Cylinder/ST10Cyl_interface1-10.xml:ST10Cyl_interface1-10:StructuredText
iA-Loading-02PipeDetection,iA-Loading-02PipeDetection,3,0,0,1,ST10_Flow12_A2TableUnloading,0,,EXPORT/PLC tags/IO/RemoteIO_DI_1.xml,EXPORT/Program blocks/OP010/03_Auto/A2_TableLoad&Scan/ST10_Flow12_A2TableUnloading.xml:ST10_Flow12_A2TableUnloading:FlgNet
iA-Loading-02UpDownTakeCylinderInHP,iA-Loading-02UpDownTakeCylinderInHP,1,0,0,1,ST10Cyl_interface1-10,0,,EXPORT/PLC tags/IO/RemoteIO_DI_1.xml,EXPORT/Program blocks/OP010/10_Device/01_Cylinder/ST10Cyl_interface1-10.xml:ST10Cyl_interface1-10:StructuredText
iA-Loading-02UpDownTakeCylinderInWP,iA-Loading-02UpDownTakeCylinderInWP,1,0,0,1,ST10Cyl_interface1-10,0,,EXPORT/PLC tags/IO/RemoteIO_DI_1.xml,EXPORT/Program blocks/OP010/10_Device/01_Cylinder/ST10Cyl_interface1-10.xml:ST10Cyl_interface1-10:StructuredText
iB-PressFitting-01CylinderInHP,iB-PressFitting-01CylinderInHP,1,0,0,1,ST10Cyl_interface1-10,0,,EXPORT/PLC tags/IO/RemoteIO_DI_1.xml,EXPORT/Program blocks/OP010/10_Device/01_Cylinder/ST10Cyl_interface1-10.xml:ST10Cyl_interface1-10:StructuredText
iB-PressFitting-01CylinderInWP,iB-PressFitting-01CylinderInWP,1,0,0,1,ST10Cyl_interface1-10,0,,EXPORT/PLC tags/IO/RemoteIO_DI_1.xml,EXPORT/Program blocks/OP010/10_Device/01_Cylinder/ST10Cyl_interface1-10.xml:ST10Cyl_interface1-10:StructuredText
iB-PressFitting-01DownRingDetection,iB-PressFitting-01DownRingDetection,6,0,0,1,ST10_Flow4_B1Press,0,,EXPORT/PLC tags/IO/RemoteIO_DI_1.xml,EXPORT/Program blocks/OP010/03_Auto/B_Press/ST10_Flow4_B1Press.xml:ST10_Flow4_B1Press:FlgNet
iB-PressFitting-01GripperCylinderInHP,iB-PressFitting-01GripperCylinderInHP,1,0,0,1,ST10Cyl_interface1-10,0,,EXPORT/PLC tags/IO/RemoteIO_DI_1.xml,EXPORT/Program blocks/OP010/10_Device/01_Cylinder/ST10Cyl_interface1-10.xml:ST10Cyl_interface1-10:StructuredText
iB-PressFitting-01GripperCylinderInWP,iB-PressFitting-01GripperCylinderInWP,1,0,0,1,ST10Cyl_interface1-10,0,,EXPORT/PLC tags/IO/RemoteIO_DI_1.xml,EXPORT/Program blocks/OP010/10_Device/01_Cylinder/ST10Cyl_interface1-10.xml:ST10Cyl_interface1-10:StructuredText
iB-PressFitting-01UpRingDetection,iB-PressFitting-01UpRingDetection,6,0,0,1,ST10_Flow4_B1Press,0,,EXPORT/PLC tags/IO/RemoteIO_DI_1.xml,EXPORT/Program blocks/OP010/03_Auto/B_Press/ST10_Flow4_B1Press.xml:ST10_Flow4_B1Press:FlgNet
iB-PressFitting-02CylinderInHP,iB-PressFitting-02CylinderInHP,1,0,0,1,ST10Cyl_interface1-10,0,,EXPORT/PLC tags/IO/RemoteIO_DI_1.xml,EXPORT/Program blocks/OP010/10_Device/01_Cylinder/ST10Cyl_interface1-10.xml:ST10Cyl_interface1-10:StructuredText
iB-PressFitting-02CylinderInWP,iB-PressFitting-02CylinderInWP,1,0,0,1,ST10Cyl_interface1-10,0,,EXPORT/PLC tags/IO/RemoteIO_DI_1.xml,EXPORT/Program blocks/OP010/10_Device/01_Cylinder/ST10Cyl_interface1-10.xml:ST10Cyl_interface1-10:StructuredText
iB-PressFitting-02DownRingDetection,iB-PressFitting-02DownRingDetection,4,0,0,1,ST10_Flow14_B2Press,0,,EXPORT/PLC tags/IO/RemoteIO_DI_1.xml,EXPORT/Program blocks/OP010/03_Auto/B_Press/ST10_Flow14_B2Press.xml:ST10_Flow14_B2Press:FlgNet
iB-PressFitting-02GripperCylinderInHP,iB-PressFitting-02GripperCylinderInHP,1,0,0,1,ST10Cyl_interface1-10,0,,EXPORT/PLC tags/IO/RemoteIO_DI_1.xml,EXPORT/Program blocks/OP010/10_Device/01_Cylinder/ST10Cyl_interface1-10.xml:ST10Cyl_interface1-10:StructuredText
iB-PressFitting-02GripperCylinderInWP,iB-PressFitting-02GripperCylinderInWP,1,0,0,1,ST10Cyl_interface1-10,0,,EXPORT/PLC tags/IO/RemoteIO_DI_1.xml,EXPORT/Program blocks/OP010/10_Device/01_Cylinder/ST10Cyl_interface1-10.xml:ST10Cyl_interface1-10:StructuredText
iB-PressFitting-02UpRingDetection,iB-PressFitting-02UpRingDetection,6,0,0,1,ST10_Flow14_B2Press,0,,EXPORT/PLC tags/IO/RemoteIO_DI_1.xml,EXPORT/Program blocks/OP010/03_Auto/B_Press/ST10_Flow14_B2Press.xml:ST10_Flow14_B2Press:FlgNet
iC- GluingDeviceReady,iC- GluingDeviceReady,1,0,0,1,Gluing,0,,EXPORT/PLC tags/IO/PLCIO_DI.xml,EXPORT/Program blocks/OP010/10_Device/28_Gluing/Gluing.xml:Gluing:StructuredText
iC- GluingFault,iC- GluingFault,1,0,0,1,Gluing,0,,EXPORT/PLC tags/IO/PLCIO_DI.xml,EXPORT/Program blocks/OP010/10_Device/28_Gluing/Gluing.xml:Gluing:StructuredText
iC- GluingRefillTank,iC- GluingRefillTank,1,0,0,1,Gluing,0,,EXPORT/PLC tags/IO/PLCIO_DI.xml,EXPORT/Program blocks/OP010/10_Device/28_Gluing/Gluing.xml:Gluing:StructuredText
iC- GluingTankEmpty,iC- GluingTankEmpty,1,0,0,1,Gluing,0,,EXPORT/PLC tags/IO/PLCIO_DI.xml,EXPORT/Program blocks/OP010/10_Device/28_Gluing/Gluing.xml:Gluing:StructuredText
iC-LocationCylinderInHP,iC-LocationCylinderInHP,1,0,0,1,ST10Cyl_interface1-10,0,,EXPORT/PLC tags/IO/RemoteIO_DI_1.xml,EXPORT/Program blocks/OP010/10_Device/01_Cylinder/ST10Cyl_interface1-10.xml:ST10Cyl_interface1-10:StructuredText
iC-LocationCylinderInWP,iC-LocationCylinderInWP,1,0,0,1,ST10Cyl_interface1-10,0,,EXPORT/PLC tags/IO/RemoteIO_DI_1.xml,EXPORT/Program blocks/OP010/10_Device/01_Cylinder/ST10Cyl_interface1-10.xml:ST10Cyl_interface1-10:StructuredText
iCircuit Breaker OK_1,iCircuit Breaker OK_1,1,0,0,1,ST10_Input,0,,EXPORT/PLC tags/IO/PLCIO_DI.xml,EXPORT/Program blocks/OP010/01_Input/ST10_Input.xml:ST10_Input:StructuredText
iCircuit Breaker OK_2,iCircuit Breaker OK_2,1,0,0,1,ST10_Input,0,,EXPORT/PLC tags/IO/PLCIO_DI.xml,EXPORT/Program blocks/OP010/01_Input/ST10_Input.xml:ST10_Input:StructuredText
iE-NG-01Detection,iE-NG-01Detection,1,0,0,1,NG,0,,EXPORT/PLC tags/IO/RemoteIO_DI_1.xml,EXPORT/Program blocks/OP010/10_Device/29_NG/NG.xml:NG:FlgNet
iE-NG-01NGLocationCylinderInHP,iE-NG-01NGLocationCylinderInHP,1,0,0,1,ST10Cyl_interface11-20,0,,EXPORT/PLC tags/IO/RemoteIO_DI_1.xml,EXPORT/Program blocks/OP010/10_Device/01_Cylinder/ST10Cyl_interface11-20.xml:ST10Cyl_interface11-20:StructuredText
iE-NG-01NGLocationCylinderInWP,iE-NG-01NGLocationCylinderInWP,1,0,0,1,ST10Cyl_interface11-20,0,,EXPORT/PLC tags/IO/RemoteIO_DI_1.xml,EXPORT/Program blocks/OP010/10_Device/01_Cylinder/ST10Cyl_interface11-20.xml:ST10Cyl_interface11-20:StructuredText
iE-NG-02Detection,iE-NG-02Detection,1,0,0,1,NG,0,,EXPORT/PLC tags/IO/RemoteIO_DI_1.xml,EXPORT/Program blocks/OP010/10_Device/29_NG/NG.xml:NG:FlgNet
iE-NG-02NGLocationCylinderInHP,iE-NG-02NGLocationCylinderInHP,1,0,0,1,ST10Cyl_interface11-20,0,,EXPORT/PLC tags/IO/RemoteIO_DI_1.xml,EXPORT/Program blocks/OP010/10_Device/01_Cylinder/ST10Cyl_interface11-20.xml:ST10Cyl_interface11-20:StructuredText
iE-NG-02NGLocationCylinderInWP,iE-NG-02NGLocationCylinderInWP,1,0,0,1,ST10Cyl_interface11-20,0,,EXPORT/PLC tags/IO/RemoteIO_DI_1.xml,EXPORT/Program blocks/OP010/10_Device/01_Cylinder/ST10Cyl_interface11-20.xml:ST10Cyl_interface11-20:StructuredText
iE_StopButton3_A02,iE_StopButton3_A02,1,0,0,1,ST10_Input,0,,EXPORT/PLC tags/IO/PLCIO_DI.xml,EXPORT/Program blocks/OP010/01_Input/ST10_Input.xml:ST10_Input:StructuredText
iE_StopButton4_H,iE_StopButton4_H,1,0,0,1,ST10_Input,0,,EXPORT/PLC tags/IO/PLCIO_DI.xml,EXPORT/Program blocks/OP010/01_Input/ST10_Input.xml:ST10_Input:StructuredText
iE_StopButton5_J,iE_StopButton5_J,1,0,0,1,ST10_Input,0,,EXPORT/PLC tags/IO/PLCIO_DI.xml,EXPORT/Program blocks/OP010/01_Input/ST10_Input.xml:ST10_Input:StructuredText
iE_StopButton6_K,iE_StopButton6_K,1,0,0,1,ST10_Input,0,,EXPORT/PLC tags/IO/PLCIO_DI.xml,EXPORT/Program blocks/OP010/01_Input/ST10_Input.xml:ST10_Input:StructuredText
iE_StopButton7_L,iE_StopButton7_L,1,0,0,1,ST10_Input,0,,EXPORT/PLC tags/IO/PLCIO_DI.xml,EXPORT/Program blocks/OP010/01_Input/ST10_Input.xml:ST10_Input:StructuredText
iF-ROOBT1Gripper2CylinderInHP,iF-ROOBT1Gripper2CylinderInHP,1,0,0,1,ST10Cyl_interface11-20,0,,EXPORT/PLC tags/IO/RemoteIO_DI_1.xml,EXPORT/Program blocks/OP010/10_Device/01_Cylinder/ST10Cyl_interface11-20.xml:ST10Cyl_interface11-20:StructuredText
iF-ROOBT1Gripper2CylinderInWP,iF-ROOBT1Gripper2CylinderInWP,1,0,0,1,ST10Cyl_interface11-20,0,,EXPORT/PLC tags/IO/RemoteIO_DI_1.xml,EXPORT/Program blocks/OP010/10_Device/01_Cylinder/ST10Cyl_interface11-20.xml:ST10Cyl_interface11-20:StructuredText
iF-ROOBT1Gripper2Detection,iF-ROOBT1Gripper2Detection,6,0,0,1,ST10_Flow5_FRobot_1,0,,EXPORT/PLC tags/IO/RemoteIO_DI_1.xml,EXPORT/Program blocks/OP010/03_Auto/F_Robot/ST10_Flow5_FRobot_1.xml:ST10_Flow5_FRobot_1:FlgNet | EXPORT/Program blocks/OP010/03_Auto/F_Robot/ST10_Flow5_FRobot_1_01092026_152002.xml:ST10_Flow5_FRobot_1:FlgNet | EXPORT/Program blocks/OP010/03_Auto/F_Robot/ST10_Flow5_FRobot_1_01092026_152004.xml:ST10_Flow5_FRobot_1:FlgNet
iF-ROOBT2Gripper1CylinderInHP,iF-ROOBT2Gripper1CylinderInHP,1,0,0,1,ST10Cyl_interface11-20,0,,EXPORT/PLC tags/IO/RemoteIO_DI_1.xml,EXPORT/Program blocks/OP010/10_Device/01_Cylinder/ST10Cyl_interface11-20.xml:ST10Cyl_interface11-20:StructuredText
iF-ROOBT2Gripper1CylinderInWP,iF-ROOBT2Gripper1CylinderInWP,1,0,0,1,ST10Cyl_interface11-20,0,,EXPORT/PLC tags/IO/RemoteIO_DI_1.xml,EXPORT/Program blocks/OP010/10_Device/01_Cylinder/ST10Cyl_interface11-20.xml:ST10Cyl_interface11-20:StructuredText
iF-ROOBT2Gripper1Detection,iF-ROOBT2Gripper1Detection,8,0,0,1,ST10_Flow8_FRobot_2,0,,EXPORT/PLC tags/IO/RemoteIO_DI_1.xml,EXPORT/Program blocks/OP010/03_Auto/F_Robot/ST10_Flow8_FRobot_2.xml:ST10_Flow8_FRobot_2:FlgNet
iF-ROOBT3Gripper1CylinderInHP,iF-ROOBT3Gripper1CylinderInHP,1,0,0,1,ST10Cyl_interface11-20,0,,EXPORT/PLC tags/IO/RemoteIO_DI_1.xml,EXPORT/Program blocks/OP010/10_Device/01_Cylinder/ST10Cyl_interface11-20.xml:ST10Cyl_interface11-20:StructuredText
iF-ROOBT3Gripper1CylinderInWP,iF-ROOBT3Gripper1CylinderInWP,1,0,0,1,ST10Cyl_interface11-20,0,,EXPORT/PLC tags/IO/RemoteIO_DI_1.xml,EXPORT/Program blocks/OP010/10_Device/01_Cylinder/ST10Cyl_interface11-20.xml:ST10Cyl_interface11-20:StructuredText
iF-ROOBT3Gripper2CylinderInHP,iF-ROOBT3Gripper2CylinderInHP,1,0,0,1,ST10Cyl_interface11-20,0,,EXPORT/PLC tags/IO/RemoteIO_DI_1.xml,EXPORT/Program blocks/OP010/10_Device/01_Cylinder/ST10Cyl_interface11-20.xml:ST10Cyl_interface11-20:StructuredText
iF-ROOBT3Gripper2CylinderInWP,iF-ROOBT3Gripper2CylinderInWP,2,0,0,1,ST10Cyl_interface11-20,0,,EXPORT/PLC tags/IO/RemoteIO_DI_1.xml,EXPORT/Program blocks/OP010/10_Device/01_Cylinder/ST10Cyl_interface11-20.xml:ST10Cyl_interface11-20:StructuredText
iH-shaftLiftingLiftingCylinderInHP,iH-shaftLiftingLiftingCylinderInHP,1,0,0,1,ST10Cyl_interface21-30,0,,EXPORT/PLC tags/IO/RemoteIO_DI_2.xml,EXPORT/Program blocks/OP010/10_Device/01_Cylinder/ST10Cyl_interface21-30.xml:ST10Cyl_interface21-30:StructuredText
iH-shaftLiftingLiftingCylinderInWP,iH-shaftLiftingLiftingCylinderInWP,1,0,0,1,ST10Cyl_interface21-30,0,,EXPORT/PLC tags/IO/RemoteIO_DI_2.xml,EXPORT/Program blocks/OP010/10_Device/01_Cylinder/ST10Cyl_interface21-30.xml:ST10Cyl_interface21-30:StructuredText
iH-shaftLiftingPalletLocationCylinderInHP,iH-shaftLiftingPalletLocationCylinderInHP,1,0,0,1,ST10Cyl_interface21-30,0,,EXPORT/PLC tags/IO/RemoteIO_DI_2.xml,EXPORT/Program blocks/OP010/10_Device/01_Cylinder/ST10Cyl_interface21-30.xml:ST10Cyl_interface21-30:StructuredText
iH-shaftLiftingPalletLocationCylinderInWP,iH-shaftLiftingPalletLocationCylinderInWP,1,0,0,1,ST10Cyl_interface21-30,0,,EXPORT/PLC tags/IO/RemoteIO_DI_2.xml,EXPORT/Program blocks/OP010/10_Device/01_Cylinder/ST10Cyl_interface21-30.xml:ST10Cyl_interface21-30:StructuredText
iHMI Control On,iHMI Control On,1,0,0,1,ST10_Input,0,,EXPORT/PLC tags/IO/PLCIO_DI.xml,EXPORT/Program blocks/OP010/01_Input/ST10_Input.xml:ST10_Input:StructuredText
iHMI E-Stop,iHMI E-Stop,1,0,0,1,ST10_Input,0,,EXPORT/PLC tags/IO/PLCIO_DI.xml,EXPORT/Program blocks/OP010/01_Input/ST10_Input.xml:ST10_Input:StructuredText
iHMI Machine Stop,iHMI Machine Stop,1,0,0,1,ST10_Input,0,,EXPORT/PLC tags/IO/PLCIO_DI.xml,EXPORT/Program blocks/OP010/01_Input/ST10_Input.xml:ST10_Input:StructuredText
iHMI Manual/Auto,iHMI Manual/Auto,1,0,0,1,ST10_Input,0,,EXPORT/PLC tags/IO/PLCIO_DI.xml,EXPORT/Program blocks/OP010/01_Input/ST10_Input.xml:ST10_Input:StructuredText
iH_StopButton,iH_StopButton,1,0,0,1,ST10_Input,0,,EXPORT/PLC tags/IO/PLCIO_DI.xml,EXPORT/Program blocks/OP010/01_Input/ST10_Input.xml:ST10_Input:StructuredText
iJ-magnetLiftingLiftingCylinderInHP,iJ-magnetLiftingLiftingCylinderInHP,1,0,0,1,ST10Cyl_interface31-40,0,,EXPORT/PLC tags/IO/RemoteIO_DI_2.xml,EXPORT/Program blocks/OP010/10_Device/01_Cylinder/ST10Cyl_interface31-40.xml:ST10Cyl_interface31-40:StructuredText
iJ-magnetLiftingLiftingCylinderInWP,iJ-magnetLiftingLiftingCylinderInWP,1,0,0,1,ST10Cyl_interface31-40,0,,EXPORT/PLC tags/IO/RemoteIO_DI_2.xml,EXPORT/Program blocks/OP010/10_Device/01_Cylinder/ST10Cyl_interface31-40.xml:ST10Cyl_interface31-40:StructuredText
iJ-magnetLiftingPalletLocationCylinderInHP,iJ-magnetLiftingPalletLocationCylinderInHP,1,0,0,1,ST10Cyl_interface31-40,0,,EXPORT/PLC tags/IO/RemoteIO_DI_2.xml,EXPORT/Program blocks/OP010/10_Device/01_Cylinder/ST10Cyl_interface31-40.xml:ST10Cyl_interface31-40:StructuredText
iJ-magnetLiftingPalletLocationCylinderInWP,iJ-magnetLiftingPalletLocationCylinderInWP,1,0,0,1,ST10Cyl_interface31-40,0,,EXPORT/PLC tags/IO/RemoteIO_DI_2.xml,EXPORT/Program blocks/OP010/10_Device/01_Cylinder/ST10Cyl_interface31-40.xml:ST10Cyl_interface31-40:StructuredText
iJ_StopButton,iJ_StopButton,1,0,0,1,ST10_Input,0,,EXPORT/PLC tags/IO/PLCIO_DI.xml,EXPORT/Program blocks/OP010/01_Input/ST10_Input.xml:ST10_Input:StructuredText
iK-reserveLifting3LiftingCylinderInHP,iK-reserveLifting3LiftingCylinderInHP,1,0,0,1,ST10Cyl_interface41-50,0,,EXPORT/PLC tags/IO/RemoteIO_DI_2.xml,EXPORT/Program blocks/OP010/10_Device/01_Cylinder/ST10Cyl_interface41-50.xml:ST10Cyl_interface41-50:StructuredText
iK-reserveLifting3LiftingCylinderInWP,iK-reserveLifting3LiftingCylinderInWP,1,0,0,1,ST10Cyl_interface41-50,0,,EXPORT/PLC tags/IO/RemoteIO_DI_2.xml,EXPORT/Program blocks/OP010/10_Device/01_Cylinder/ST10Cyl_interface41-50.xml:ST10Cyl_interface41-50:StructuredText
iK-reserveLifting3PalletLocationCylinderInHP,iK-reserveLifting3PalletLocationCylinderInHP,1,0,0,1,ST10Cyl_interface41-50,0,,EXPORT/PLC tags/IO/RemoteIO_DI_2.xml,EXPORT/Program blocks/OP010/10_Device/01_Cylinder/ST10Cyl_interface41-50.xml:ST10Cyl_interface41-50:StructuredText
iK-reserveLifting3PalletLocationCylinderInWP,iK-reserveLifting3PalletLocationCylinderInWP,1,0,0,1,ST10Cyl_interface41-50,0,,EXPORT/PLC tags/IO/RemoteIO_DI_2.xml,EXPORT/Program blocks/OP010/10_Device/01_Cylinder/ST10Cyl_interface41-50.xml:ST10Cyl_interface41-50:StructuredText
iK_StopButton,iK_StopButton,1,0,0,1,ST10_Input,0,,EXPORT/PLC tags/IO/PLCIO_DI.xml,EXPORT/Program blocks/OP010/01_Input/ST10_Input.xml:ST10_Input:StructuredText
iL-UnloadingTransCylinderInHP,iL-UnloadingTransCylinderInHP,1,0,0,1,ST10Cyl_interface51-60,0,,EXPORT/PLC tags/IO/RemoteIO_DI_2.xml,EXPORT/Program blocks/OP010/10_Device/01_Cylinder/ST10Cyl_interface51-60.xml:ST10Cyl_interface51-60:StructuredText
iL-UnloadingTransCylinderInWP,iL-UnloadingTransCylinderInWP,1,0,0,1,ST10Cyl_interface51-60,0,,EXPORT/PLC tags/IO/RemoteIO_DI_2.xml,EXPORT/Program blocks/OP010/10_Device/01_Cylinder/ST10Cyl_interface51-60.xml:ST10Cyl_interface51-60:StructuredText
iL-UnloadingTransPalletLocationCylinderInHP,iL-UnloadingTransPalletLocationCylinderInHP,1,0,0,1,ST10Cyl_interface51-60,0,,EXPORT/PLC tags/IO/RemoteIO_DI_2.xml,EXPORT/Program blocks/OP010/10_Device/01_Cylinder/ST10Cyl_interface51-60.xml:ST10Cyl_interface51-60:StructuredText
iL-UnloadingTransPalletLocationCylinderInWP,iL-UnloadingTransPalletLocationCylinderInWP,1,0,0,1,ST10Cyl_interface51-60,0,,EXPORT/PLC tags/IO/RemoteIO_DI_2.xml,EXPORT/Program blocks/OP010/10_Device/01_Cylinder/ST10Cyl_interface51-60.xml:ST10Cyl_interface51-60:StructuredText
iMagnet_Button,iMagnet_Button,3,0,0,1,ST10_Output,0,,EXPORT/PLC tags/IO/PLCIO_DI.xml,EXPORT/Program blocks/OP010/02_Output/ST10_Output.xml:ST10_Output:FlgNet
iMagnet_EmptyButton,iMagnet_EmptyButton,3,0,0,1,ST10_Output,0,,EXPORT/PLC tags/IO/PLCIO_DI.xml,EXPORT/Program blocks/OP010/02_Output/ST10_Output.xml:ST10_Output:FlgNet
iMagnet_UnlockButton,iMagnet_UnlockButton,3,0,0,1,ST10_Output,0,,EXPORT/PLC tags/IO/PLCIO_DI.xml,EXPORT/Program blocks/OP010/02_Output/ST10_Output.xml:ST10_Output:FlgNet
iNG_Button1,iNG_Button1,4,0,0,1,NG,0,,EXPORT/PLC tags/IO/PLCIO_DI.xml,EXPORT/Program blocks/OP010/10_Device/29_NG/NG.xml:NG:FlgNet
iNG_Button2,iNG_Button2,4,0,0,1,NG,0,,EXPORT/PLC tags/IO/PLCIO_DI.xml,EXPORT/Program blocks/OP010/10_Device/29_NG/NG.xml:NG:FlgNet
iPressure,iPressure,1,0,0,1,ST10_Input,0,,EXPORT/PLC tags/IO/PLCIO_DI.xml,EXPORT/Program blocks/OP010/01_Input/ST10_Input.xml:ST10_Input:StructuredText
iReserved_Button,iReserved_Button,3,0,0,1,ST10_Output,0,,EXPORT/PLC tags/IO/PLCIO_DI.xml,EXPORT/Program blocks/OP010/02_Output/ST10_Output.xml:ST10_Output:FlgNet
iReserved_EmptyButton,iReserved_EmptyButton,3,0,0,1,ST10_Output,0,,EXPORT/PLC tags/IO/PLCIO_DI.xml,EXPORT/Program blocks/OP010/02_Output/ST10_Output.xml:ST10_Output:FlgNet
iReserved_UnlockButton,iReserved_UnlockButton,3,0,0,1,ST10_Output,0,,EXPORT/PLC tags/IO/PLCIO_DI.xml,EXPORT/Program blocks/OP010/02_Output/ST10_Output.xml:ST10_Output:FlgNet
iShaft_Button,iShaft_Button,3,0,0,1,ST10_Output,0,,EXPORT/PLC tags/IO/PLCIO_DI.xml,EXPORT/Program blocks/OP010/02_Output/ST10_Output.xml:ST10_Output:FlgNet
iShaft_EmptyButton,iShaft_EmptyButton,3,0,0,1,ST10_Output,0,,EXPORT/PLC tags/IO/PLCIO_DI.xml,EXPORT/Program blocks/OP010/02_Output/ST10_Output.xml:ST10_Output:FlgNet
iUnloading_Button,iUnloading_Button,3,0,0,1,ST10_Output,0,,EXPORT/PLC tags/IO/PLCIO_DI.xml,EXPORT/Program blocks/OP010/02_Output/ST10_Output.xml:ST10_Output:FlgNet
iUnloading_UnlockButton,iUnloading_UnlockButton,3,0,0,1,ST10_Output,0,,EXPORT/PLC tags/IO/PLCIO_DI.xml,EXPORT/Program blocks/OP010/02_Output/ST10_Output.xml:ST10_Output:FlgNet
oA-Loading-01HorizontalCylinderToHP,oA-Loading-01HorizontalCylinderToHP,0,1,0,1,ST10Cyl_interface1-10,0,,EXPORT/PLC tags/IO/RemoteIO_DO_1.xml,EXPORT/Program blocks/OP010/10_Device/01_Cylinder/ST10Cyl_interface1-10.xml:ST10Cyl_interface1-10:StructuredText
oA-Loading-01HorizontalCylinderToWP,oA-Loading-01HorizontalCylinderToWP,0,1,0,1,ST10Cyl_interface1-10,0,,EXPORT/PLC tags/IO/RemoteIO_DO_1.xml,EXPORT/Program blocks/OP010/10_Device/01_Cylinder/ST10Cyl_interface1-10.xml:ST10Cyl_interface1-10:StructuredText
oA-Loading-01UpDownTakeCylinderToHP,oA-Loading-01UpDownTakeCylinderToHP,0,1,0,1,ST10Cyl_interface1-10,0,,EXPORT/PLC tags/IO/RemoteIO_DO_1.xml,EXPORT/Program blocks/OP010/10_Device/01_Cylinder/ST10Cyl_interface1-10.xml:ST10Cyl_interface1-10:StructuredText
oA-Loading-01UpDownTakeCylinderToWP,oA-Loading-01UpDownTakeCylinderToWP,0,1,0,1,ST10Cyl_interface1-10,0,,EXPORT/PLC tags/IO/RemoteIO_DO_1.xml,EXPORT/Program blocks/OP010/10_Device/01_Cylinder/ST10Cyl_interface1-10.xml:ST10Cyl_interface1-10:StructuredText
oA-Loading-02HorizontalCylinderToHP,oA-Loading-02HorizontalCylinderToHP,0,1,0,1,ST10Cyl_interface1-10,0,,EXPORT/PLC tags/IO/RemoteIO_DO_1.xml,EXPORT/Program blocks/OP010/10_Device/01_Cylinder/ST10Cyl_interface1-10.xml:ST10Cyl_interface1-10:StructuredText
oA-Loading-02HorizontalCylinderToWP,oA-Loading-02HorizontalCylinderToWP,0,1,0,1,ST10Cyl_interface1-10,0,,EXPORT/PLC tags/IO/RemoteIO_DO_1.xml,EXPORT/Program blocks/OP010/10_Device/01_Cylinder/ST10Cyl_interface1-10.xml:ST10Cyl_interface1-10:StructuredText
oA-Loading-02UpDownTakeCylinderToHP,oA-Loading-02UpDownTakeCylinderToHP,0,1,0,1,ST10Cyl_interface1-10,0,,EXPORT/PLC tags/IO/RemoteIO_DO_1.xml,EXPORT/Program blocks/OP010/10_Device/01_Cylinder/ST10Cyl_interface1-10.xml:ST10Cyl_interface1-10:StructuredText
oA-Loading-02UpDownTakeCylinderToWP,oA-Loading-02UpDownTakeCylinderToWP,0,1,0,1,ST10Cyl_interface1-10,0,,EXPORT/PLC tags/IO/RemoteIO_DO_1.xml,EXPORT/Program blocks/OP010/10_Device/01_Cylinder/ST10Cyl_interface1-10.xml:ST10Cyl_interface1-10:StructuredText
oB-PressFitting-01CylinderToHP,oB-PressFitting-01CylinderToHP,0,1,0,1,ST10Cyl_interface1-10,0,,EXPORT/PLC tags/IO/RemoteIO_DO_1.xml,EXPORT/Program blocks/OP010/10_Device/01_Cylinder/ST10Cyl_interface1-10.xml:ST10Cyl_interface1-10:StructuredText
oB-PressFitting-01CylinderToWP,oB-PressFitting-01CylinderToWP,0,1,0,1,ST10Cyl_interface1-10,0,,EXPORT/PLC tags/IO/RemoteIO_DO_1.xml,EXPORT/Program blocks/OP010/10_Device/01_Cylinder/ST10Cyl_interface1-10.xml:ST10Cyl_interface1-10:StructuredText
oB-PressFitting-01GripperCylinderToHP,oB-PressFitting-01GripperCylinderToHP,0,1,0,1,ST10Cyl_interface1-10,0,,EXPORT/PLC tags/IO/RemoteIO_DO_1.xml,EXPORT/Program blocks/OP010/10_Device/01_Cylinder/ST10Cyl_interface1-10.xml:ST10Cyl_interface1-10:StructuredText
oB-PressFitting-01GripperCylinderToWP,oB-PressFitting-01GripperCylinderToWP,0,1,0,1,ST10Cyl_interface1-10,0,,EXPORT/PLC tags/IO/RemoteIO_DO_1.xml,EXPORT/Program blocks/OP010/10_Device/01_Cylinder/ST10Cyl_interface1-10.xml:ST10Cyl_interface1-10:StructuredText
oB-PressFitting-02CylinderToHP,oB-PressFitting-02CylinderToHP,0,1,0,1,ST10Cyl_interface1-10,0,,EXPORT/PLC tags/IO/RemoteIO_DO_1.xml,EXPORT/Program blocks/OP010/10_Device/01_Cylinder/ST10Cyl_interface1-10.xml:ST10Cyl_interface1-10:StructuredText
oB-PressFitting-02CylinderToWP,oB-PressFitting-02CylinderToWP,0,1,0,1,ST10Cyl_interface1-10,0,,EXPORT/PLC tags/IO/RemoteIO_DO_1.xml,EXPORT/Program blocks/OP010/10_Device/01_Cylinder/ST10Cyl_interface1-10.xml:ST10Cyl_interface1-10:StructuredText
oB-PressFitting-02GripperCylinderToHP,oB-PressFitting-02GripperCylinderToHP,0,1,0,1,ST10Cyl_interface1-10,0,,EXPORT/PLC tags/IO/RemoteIO_DO_1.xml,EXPORT/Program blocks/OP010/10_Device/01_Cylinder/ST10Cyl_interface1-10.xml:ST10Cyl_interface1-10:StructuredText
oB-PressFitting-02GripperCylinderToWP,oB-PressFitting-02GripperCylinderToWP,0,1,0,1,ST10Cyl_interface1-10,0,,EXPORT/PLC tags/IO/RemoteIO_DO_1.xml,EXPORT/Program blocks/OP010/10_Device/01_Cylinder/ST10Cyl_interface1-10.xml:ST10Cyl_interface1-10:StructuredText
oC-GluingPro_X,oC-GluingPro_X,0,1,0,1,Gluing,0,,EXPORT/PLC tags/IO/PLCIO_DQ.xml,EXPORT/Program blocks/OP010/10_Device/28_Gluing/Gluing.xml:Gluing:StructuredText
oC-GluingPro_Y,oC-GluingPro_Y,0,1,0,1,Gluing,0,,EXPORT/PLC tags/IO/PLCIO_DQ.xml,EXPORT/Program blocks/OP010/10_Device/28_Gluing/Gluing.xml:Gluing:StructuredText
oC-GluingPro_Z,oC-GluingPro_Z,0,1,0,1,Gluing,0,,EXPORT/PLC tags/IO/PLCIO_DQ.xml,EXPORT/Program blocks/OP010/10_Device/28_Gluing/Gluing.xml:Gluing:StructuredText
oC-GluingReset,oC-GluingReset,0,1,0,1,Gluing,0,,EXPORT/PLC tags/IO/PLCIO_DQ.xml,EXPORT/Program blocks/OP010/10_Device/28_Gluing/Gluing.xml:Gluing:StructuredText
oC-LocationCylinderToHP,oC-LocationCylinderToHP,0,1,0,1,ST10Cyl_interface1-10,0,,EXPORT/PLC tags/IO/RemoteIO_DO_1.xml,EXPORT/Program blocks/OP010/10_Device/01_Cylinder/ST10Cyl_interface1-10.xml:ST10Cyl_interface1-10:StructuredText
oC-LocationCylinderToWP,oC-LocationCylinderToWP,0,1,0,1,ST10Cyl_interface1-10,0,,EXPORT/PLC tags/IO/RemoteIO_DO_1.xml,EXPORT/Program blocks/OP010/10_Device/01_Cylinder/ST10Cyl_interface1-10.xml:ST10Cyl_interface1-10:StructuredText
oE-NG-01NGLocationCylinderToHP,oE-NG-01NGLocationCylinderToHP,0,1,0,1,ST10Cyl_interface11-20,0,,EXPORT/PLC tags/IO/RemoteIO_DO_1.xml,EXPORT/Program blocks/OP010/10_Device/01_Cylinder/ST10Cyl_interface11-20.xml:ST10Cyl_interface11-20:StructuredText
oE-NG-01NGLocationCylinderToWP,oE-NG-01NGLocationCylinderToWP,0,1,0,1,ST10Cyl_interface11-20,0,,EXPORT/PLC tags/IO/RemoteIO_DO_1.xml,EXPORT/Program blocks/OP010/10_Device/01_Cylinder/ST10Cyl_interface11-20.xml:ST10Cyl_interface11-20:StructuredText
oE-NG-02NGLocationCylinderToHP,oE-NG-02NGLocationCylinderToHP,0,1,0,1,ST10Cyl_interface11-20,0,,EXPORT/PLC tags/IO/RemoteIO_DO_1.xml,EXPORT/Program blocks/OP010/10_Device/01_Cylinder/ST10Cyl_interface11-20.xml:ST10Cyl_interface11-20:StructuredText
oE-NG-02NGLocationCylinderToWP,oE-NG-02NGLocationCylinderToWP,0,1,0,1,ST10Cyl_interface11-20,0,,EXPORT/PLC tags/IO/RemoteIO_DO_1.xml,EXPORT/Program blocks/OP010/10_Device/01_Cylinder/ST10Cyl_interface11-20.xml:ST10Cyl_interface11-20:StructuredText
oF-ROOBT1Gripper1CylinderToHP,oF-ROOBT1Gripper1CylinderToHP,1,2,0,1,ST10Cyl_interface11-20,0,,EXPORT/PLC tags/IO/RemoteIO_DO_1.xml,EXPORT/Program blocks/OP010/10_Device/01_Cylinder/ST10Cyl_interface11-20.xml:ST10Cyl_interface11-20:StructuredText
oF-ROOBT1Gripper1CylinderToWP,oF-ROOBT1Gripper1CylinderToWP,0,2,0,1,ST10Cyl_interface11-20,0,,EXPORT/PLC tags/IO/RemoteIO_DO_1.xml,EXPORT/Program blocks/OP010/10_Device/01_Cylinder/ST10Cyl_interface11-20.xml:ST10Cyl_interface11-20:StructuredText
oF-ROOBT1Gripper2CylinderToHP,oF-ROOBT1Gripper2CylinderToHP,0,2,0,1,ST10Cyl_interface11-20,0,,EXPORT/PLC tags/IO/RemoteIO_DO_1.xml,EXPORT/Program blocks/OP010/10_Device/01_Cylinder/ST10Cyl_interface11-20.xml:ST10Cyl_interface11-20:StructuredText
oF-ROOBT1Gripper2CylinderToWP,oF-ROOBT1Gripper2CylinderToWP,0,2,0,1,ST10Cyl_interface11-20,0,,EXPORT/PLC tags/IO/RemoteIO_DO_1.xml,EXPORT/Program blocks/OP010/10_Device/01_Cylinder/ST10Cyl_interface11-20.xml:ST10Cyl_interface11-20:StructuredText
oF-ROOBT2Gripper1CylinderToHP,oF-ROOBT2Gripper1CylinderToHP,0,2,0,1,ST10Cyl_interface11-20,0,,EXPORT/PLC tags/IO/RemoteIO_DO_1.xml,EXPORT/Program blocks/OP010/10_Device/01_Cylinder/ST10Cyl_interface11-20.xml:ST10Cyl_interface11-20:StructuredText
oF-ROOBT2Gripper1CylinderToWP,oF-ROOBT2Gripper1CylinderToWP,0,2,0,1,ST10Cyl_interface11-20,0,,EXPORT/PLC tags/IO/RemoteIO_DO_1.xml,EXPORT/Program blocks/OP010/10_Device/01_Cylinder/ST10Cyl_interface11-20.xml:ST10Cyl_interface11-20:StructuredText
oF-ROOBT2Gripper2CylinderToHP,oF-ROOBT2Gripper2CylinderToHP,0,2,0,1,ST10Cyl_interface11-20,0,,EXPORT/PLC tags/IO/RemoteIO_DO_1.xml,EXPORT/Program blocks/OP010/10_Device/01_Cylinder/ST10Cyl_interface11-20.xml:ST10Cyl_interface11-20:StructuredText
oF-ROOBT2Gripper2CylinderToWP,oF-ROOBT2Gripper2CylinderToWP,0,2,0,1,ST10Cyl_interface11-20,0,,EXPORT/PLC tags/IO/RemoteIO_DO_1.xml,EXPORT/Program blocks/OP010/10_Device/01_Cylinder/ST10Cyl_interface11-20.xml:ST10Cyl_interface11-20:StructuredText
oF-ROOBT3Gripper1CylinderToHP,oF-ROOBT3Gripper1CylinderToHP,0,2,0,1,ST10Cyl_interface11-20,0,,EXPORT/PLC tags/IO/RemoteIO_DO_1.xml,EXPORT/Program blocks/OP010/10_Device/01_Cylinder/ST10Cyl_interface11-20.xml:ST10Cyl_interface11-20:StructuredText
oF-ROOBT3Gripper1CylinderToWP,oF-ROOBT3Gripper1CylinderToWP,0,2,0,1,ST10Cyl_interface11-20,0,,EXPORT/PLC tags/IO/RemoteIO_DO_1.xml,EXPORT/Program blocks/OP010/10_Device/01_Cylinder/ST10Cyl_interface11-20.xml:ST10Cyl_interface11-20:StructuredText
oF-ROOBT3Gripper2CylinderToHP,oF-ROOBT3Gripper2CylinderToHP,1,2,0,1,ST10Cyl_interface11-20,0,,EXPORT/PLC tags/IO/RemoteIO_DO_1.xml,EXPORT/Program blocks/OP010/10_Device/01_Cylinder/ST10Cyl_interface11-20.xml:ST10Cyl_interface11-20:StructuredText
oF-ROOBT3Gripper2CylinderToWP,oF-ROOBT3Gripper2CylinderToWP,0,2,0,1,ST10Cyl_interface11-20,0,,EXPORT/PLC tags/IO/RemoteIO_DO_1.xml,EXPORT/Program blocks/OP010/10_Device/01_Cylinder/ST10Cyl_interface11-20.xml:ST10Cyl_interface11-20:StructuredText
oH-shaftLiftingLiftingCylinderToHP,oH-shaftLiftingLiftingCylinderToHP,0,1,0,1,ST10Cyl_interface21-30,0,,EXPORT/PLC tags/IO/RemoteIO_DO_1.xml,EXPORT/Program blocks/OP010/10_Device/01_Cylinder/ST10Cyl_interface21-30.xml:ST10Cyl_interface21-30:StructuredText
oH-shaftLiftingLiftingCylinderToWP,oH-shaftLiftingLiftingCylinderToWP,0,1,0,1,ST10Cyl_interface21-30,0,,EXPORT/PLC tags/IO/RemoteIO_DO_1.xml,EXPORT/Program blocks/OP010/10_Device/01_Cylinder/ST10Cyl_interface21-30.xml:ST10Cyl_interface21-30:StructuredText
oH-shaftLiftingPalletLocationCylinderToHP,oH-shaftLiftingPalletLocationCylinderToHP,0,1,0,1,ST10Cyl_interface21-30,0,,EXPORT/PLC tags/IO/RemoteIO_DO_1.xml,EXPORT/Program blocks/OP010/10_Device/01_Cylinder/ST10Cyl_interface21-30.xml:ST10Cyl_interface21-30:StructuredText
oH-shaftLiftingPalletLocationCylinderToWP,oH-shaftLiftingPalletLocationCylinderToWP,0,1,0,1,ST10Cyl_interface21-30,0,,EXPORT/PLC tags/IO/RemoteIO_DO_1.xml,EXPORT/Program blocks/OP010/10_Device/01_Cylinder/ST10Cyl_interface21-30.xml:ST10Cyl_interface21-30:StructuredText
oH-shaftLifting_CCWStart,oH-shaftLifting_CCWStart,0,1,0,1,Motorr,0,,EXPORT/PLC tags/IO/PLCIO_DQ.xml,EXPORT/Program blocks/OP010/10_Device/31_Motor_1/Motorr.xml:Motorr:StructuredText
oH-shaftLifting_SpeedChange,oH-shaftLifting_SpeedChange,0,1,0,1,Motorr,0,,EXPORT/PLC tags/IO/PLCIO_DQ.xml,EXPORT/Program blocks/OP010/10_Device/31_Motor_1/Motorr.xml:Motorr:StructuredText
oH-shaftLifting_Start,oH-shaftLifting_Start,0,1,0,1,Motorr,0,,EXPORT/PLC tags/IO/PLCIO_DQ.xml,EXPORT/Program blocks/OP010/10_Device/31_Motor_1/Motorr.xml:Motorr:StructuredText
oH-shaftLoadingStopperCylinder1_ToHP,oH-shaftLoadingStopperCylinder1_ToHP,1,1,0,1,ST10Cyl_interface21-30,0,,EXPORT/PLC tags/IO/RemoteIO_DO_2.xml,EXPORT/Program blocks/OP010/10_Device/01_Cylinder/ST10Cyl_interface21-30.xml:ST10Cyl_interface21-30:StructuredText
oH-shaftLoadingStopperCylinder1_ToWP,oH-shaftLoadingStopperCylinder1_ToWP,1,1,0,1,ST10Cyl_interface21-30,0,,EXPORT/PLC tags/IO/RemoteIO_DO_2.xml,EXPORT/Program blocks/OP010/10_Device/01_Cylinder/ST10Cyl_interface21-30.xml:ST10Cyl_interface21-30:StructuredText
oH-shaftLoadingStopperCylinder2_ToHP,oH-shaftLoadingStopperCylinder2_ToHP,1,1,0,1,ST10Cyl_interface21-30,0,,EXPORT/PLC tags/IO/RemoteIO_DO_2.xml,EXPORT/Program blocks/OP010/10_Device/01_Cylinder/ST10Cyl_interface21-30.xml:ST10Cyl_interface21-30:StructuredText
oH-shaftLoadingStopperCylinder2_ToWP,oH-shaftLoadingStopperCylinder2_ToWP,1,1,0,1,ST10Cyl_interface21-30,0,,EXPORT/PLC tags/IO/RemoteIO_DO_2.xml,EXPORT/Program blocks/OP010/10_Device/01_Cylinder/ST10Cyl_interface21-30.xml:ST10Cyl_interface21-30:StructuredText
oH-shaftLoadingStopperCylinder3_ToHP,oH-shaftLoadingStopperCylinder3_ToHP,1,1,0,1,ST10Cyl_interface21-30,0,,EXPORT/PLC tags/IO/RemoteIO_DO_2.xml,EXPORT/Program blocks/OP010/10_Device/01_Cylinder/ST10Cyl_interface21-30.xml:ST10Cyl_interface21-30:StructuredText
oH-shaftLoadingStopperCylinder3_ToWP,oH-shaftLoadingStopperCylinder3_ToWP,1,1,0,1,ST10Cyl_interface21-30,0,,EXPORT/PLC tags/IO/RemoteIO_DO_2.xml,EXPORT/Program blocks/OP010/10_Device/01_Cylinder/ST10Cyl_interface21-30.xml:ST10Cyl_interface21-30:StructuredText
oH-shaftLoadingStopperCylinder4_ToHP,oH-shaftLoadingStopperCylinder4_ToHP,1,1,0,1,ST10Cyl_interface21-30,0,,EXPORT/PLC tags/IO/RemoteIO_DO_2.xml,EXPORT/Program blocks/OP010/10_Device/01_Cylinder/ST10Cyl_interface21-30.xml:ST10Cyl_interface21-30:StructuredText
oH-shaftLoadingStopperCylinder4_ToWP,oH-shaftLoadingStopperCylinder4_ToWP,1,1,0,1,ST10Cyl_interface21-30,0,,EXPORT/PLC tags/IO/RemoteIO_DO_2.xml,EXPORT/Program blocks/OP010/10_Device/01_Cylinder/ST10Cyl_interface21-30.xml:ST10Cyl_interface21-30:StructuredText
oH-shaftLoading_CCW,oH-shaftLoading_CCW,0,1,0,1,Motorr,0,,EXPORT/PLC tags/IO/PLCIO_DQ.xml,EXPORT/Program blocks/OP010/10_Device/31_Motor_1/Motorr.xml:Motorr:StructuredText
oH-shaftLoading_CW,oH-shaftLoading_CW,0,1,0,1,Motorr,0,,EXPORT/PLC tags/IO/PLCIO_DQ.xml,EXPORT/Program blocks/OP010/10_Device/31_Motor_1/Motorr.xml:Motorr:StructuredText
oH-shaftTakeStopperCylinder1_ToHP,oH-shaftTakeStopperCylinder1_ToHP,1,1,0,1,ST10Cyl_interface21-30,0,,EXPORT/PLC tags/IO/RemoteIO_DO_2.xml,EXPORT/Program blocks/OP010/10_Device/01_Cylinder/ST10Cyl_interface21-30.xml:ST10Cyl_interface21-30:StructuredText
oH-shaftTakeStopperCylinder1_ToWP,oH-shaftTakeStopperCylinder1_ToWP,1,1,0,1,ST10Cyl_interface21-30,0,,EXPORT/PLC tags/IO/RemoteIO_DO_2.xml,EXPORT/Program blocks/OP010/10_Device/01_Cylinder/ST10Cyl_interface21-30.xml:ST10Cyl_interface21-30:StructuredText
oH-shaftTakeStopperCylinder2_ToHP,oH-shaftTakeStopperCylinder2_ToHP,1,1,0,1,ST10Cyl_interface21-30,0,,EXPORT/PLC tags/IO/RemoteIO_DO_2.xml,EXPORT/Program blocks/OP010/10_Device/01_Cylinder/ST10Cyl_interface21-30.xml:ST10Cyl_interface21-30:StructuredText
oH-shaftTakeStopperCylinder2_ToWP,oH-shaftTakeStopperCylinder2_ToWP,1,1,0,1,ST10Cyl_interface21-30,0,,EXPORT/PLC tags/IO/RemoteIO_DO_2.xml,EXPORT/Program blocks/OP010/10_Device/01_Cylinder/ST10Cyl_interface21-30.xml:ST10Cyl_interface21-30:StructuredText
oH-shaftTakeStopperCylinder3_ToHP,oH-shaftTakeStopperCylinder3_ToHP,1,1,0,1,ST10Cyl_interface21-30,0,,EXPORT/PLC tags/IO/RemoteIO_DO_2.xml,EXPORT/Program blocks/OP010/10_Device/01_Cylinder/ST10Cyl_interface21-30.xml:ST10Cyl_interface21-30:StructuredText
oH-shaftTakeStopperCylinder3_ToWP,oH-shaftTakeStopperCylinder3_ToWP,1,1,0,1,ST10Cyl_interface21-30,0,,EXPORT/PLC tags/IO/RemoteIO_DO_2.xml,EXPORT/Program blocks/OP010/10_Device/01_Cylinder/ST10Cyl_interface21-30.xml:ST10Cyl_interface21-30:StructuredText
oH-shaftTake_CW,oH-shaftTake_CW,0,1,0,1,Motorr,0,,EXPORT/PLC tags/IO/PLCIO_DQ.xml,EXPORT/Program blocks/OP010/10_Device/31_Motor_1/Motorr.xml:Motorr:StructuredText
oHMIControlOn,oHMIControlOn,0,1,0,1,ST10_Output,0,,EXPORT/PLC tags/IO/PLCIO_DQ.xml,EXPORT/Program blocks/OP010/02_Output/ST10_Output.xml:ST10_Output:FlgNet
oHMIMachineStart,oHMIMachineStart,0,1,0,1,ST10_Output,0,,EXPORT/PLC tags/IO/PLCIO_DQ.xml,EXPORT/Program blocks/OP010/02_Output/ST10_Output.xml:ST10_Output:FlgNet
oHMIMachineStop,oHMIMachineStop,0,1,0,1,ST10_Output,0,,EXPORT/PLC tags/IO/PLCIO_DQ.xml,EXPORT/Program blocks/OP010/02_Output/ST10_Output.xml:ST10_Output:FlgNet
oHMIResetButton,oHMIResetButton,0,1,0,1,ST10_Output,0,,EXPORT/PLC tags/IO/PLCIO_DQ.xml,EXPORT/Program blocks/OP010/02_Output/ST10_Output.xml:ST10_Output:FlgNet
oHMISafetyGateUnlock,oHMISafetyGateUnlock,0,1,0,1,ST10_Output,0,,EXPORT/PLC tags/IO/PLCIO_DQ.xml,EXPORT/Program blocks/OP010/02_Output/ST10_Output.xml:ST10_Output:FlgNet
oJ-magnetLiftingLiftingCylinderToHP,oJ-magnetLiftingLiftingCylinderToHP,0,1,0,1,ST10Cyl_interface31-40,0,,EXPORT/PLC tags/IO/RemoteIO_DO_1.xml,EXPORT/Program blocks/OP010/10_Device/01_Cylinder/ST10Cyl_interface31-40.xml:ST10Cyl_interface31-40:StructuredText
oJ-magnetLiftingLiftingCylinderToWP,oJ-magnetLiftingLiftingCylinderToWP,0,1,0,1,ST10Cyl_interface31-40,0,,EXPORT/PLC tags/IO/RemoteIO_DO_1.xml,EXPORT/Program blocks/OP010/10_Device/01_Cylinder/ST10Cyl_interface31-40.xml:ST10Cyl_interface31-40:StructuredText
oJ-magnetLiftingPalletLocationCylinderToHP,oJ-magnetLiftingPalletLocationCylinderToHP,0,1,0,1,ST10Cyl_interface31-40,0,,EXPORT/PLC tags/IO/RemoteIO_DO_1.xml,EXPORT/Program blocks/OP010/10_Device/01_Cylinder/ST10Cyl_interface31-40.xml:ST10Cyl_interface31-40:StructuredText
oJ-magnetLiftingPalletLocationCylinderToWP,oJ-magnetLiftingPalletLocationCylinderToWP,0,1,0,1,ST10Cyl_interface31-40,0,,EXPORT/PLC tags/IO/RemoteIO_DO_1.xml,EXPORT/Program blocks/OP010/10_Device/01_Cylinder/ST10Cyl_interface31-40.xml:ST10Cyl_interface31-40:StructuredText
oJ-magnetLifting_CCWStart,oJ-magnetLifting_CCWStart,0,1,0,1,Motorr,0,,EXPORT/PLC tags/IO/PLCIO_DQ.xml,EXPORT/Program blocks/OP010/10_Device/31_Motor_1/Motorr.xml:Motorr:StructuredText
oJ-magnetLifting_SpeedChange,oJ-magnetLifting_SpeedChange,0,1,0,1,Motorr,0,,EXPORT/PLC tags/IO/PLCIO_DQ.xml,EXPORT/Program blocks/OP010/10_Device/31_Motor_1/Motorr.xml:Motorr:StructuredText
oJ-magnetLifting_Start,oJ-magnetLifting_Start,0,1,0,1,Motorr,0,,EXPORT/PLC tags/IO/PLCIO_DQ.xml,EXPORT/Program blocks/OP010/10_Device/31_Motor_1/Motorr.xml:Motorr:StructuredText
oJ-magnetLoadingStopperCylinder1_ToHP,oJ-magnetLoadingStopperCylinder1_ToHP,1,1,0,1,ST10Cyl_interface31-40,0,,EXPORT/PLC tags/IO/RemoteIO_DO_2.xml,EXPORT/Program blocks/OP010/10_Device/01_Cylinder/ST10Cyl_interface31-40.xml:ST10Cyl_interface31-40:StructuredText
oJ-magnetLoadingStopperCylinder1_ToWP,oJ-magnetLoadingStopperCylinder1_ToWP,1,1,0,1,ST10Cyl_interface31-40,0,,EXPORT/PLC tags/IO/RemoteIO_DO_2.xml,EXPORT/Program blocks/OP010/10_Device/01_Cylinder/ST10Cyl_interface31-40.xml:ST10Cyl_interface31-40:StructuredText
oJ-magnetLoadingStopperCylinder2_ToHP,oJ-magnetLoadingStopperCylinder2_ToHP,1,1,0,1,ST10Cyl_interface31-40,0,,EXPORT/PLC tags/IO/RemoteIO_DO_2.xml,EXPORT/Program blocks/OP010/10_Device/01_Cylinder/ST10Cyl_interface31-40.xml:ST10Cyl_interface31-40:StructuredText
oJ-magnetLoadingStopperCylinder2_ToWP,oJ-magnetLoadingStopperCylinder2_ToWP,1,1,0,1,ST10Cyl_interface31-40,0,,EXPORT/PLC tags/IO/RemoteIO_DO_2.xml,EXPORT/Program blocks/OP010/10_Device/01_Cylinder/ST10Cyl_interface31-40.xml:ST10Cyl_interface31-40:StructuredText
oJ-magnetLoadingStopperCylinder3_ToHP,oJ-magnetLoadingStopperCylinder3_ToHP,1,1,0,1,ST10Cyl_interface31-40,0,,EXPORT/PLC tags/IO/RemoteIO_DO_2.xml,EXPORT/Program blocks/OP010/10_Device/01_Cylinder/ST10Cyl_interface31-40.xml:ST10Cyl_interface31-40:StructuredText
oJ-magnetLoadingStopperCylinder3_ToWP,oJ-magnetLoadingStopperCylinder3_ToWP,1,1,0,1,ST10Cyl_interface31-40,0,,EXPORT/PLC tags/IO/RemoteIO_DO_2.xml,EXPORT/Program blocks/OP010/10_Device/01_Cylinder/ST10Cyl_interface31-40.xml:ST10Cyl_interface31-40:StructuredText
oJ-magnetLoadingStopperCylinder4_ToHP,oJ-magnetLoadingStopperCylinder4_ToHP,1,1,0,1,ST10Cyl_interface31-40,0,,EXPORT/PLC tags/IO/RemoteIO_DO_2.xml,EXPORT/Program blocks/OP010/10_Device/01_Cylinder/ST10Cyl_interface31-40.xml:ST10Cyl_interface31-40:StructuredText
oJ-magnetLoadingStopperCylinder4_ToWP,oJ-magnetLoadingStopperCylinder4_ToWP,1,1,0,1,ST10Cyl_interface31-40,0,,EXPORT/PLC tags/IO/RemoteIO_DO_2.xml,EXPORT/Program blocks/OP010/10_Device/01_Cylinder/ST10Cyl_interface31-40.xml:ST10Cyl_interface31-40:StructuredText
oJ-magnetTakeStopperCylinder1_ToHP,oJ-magnetTakeStopperCylinder1_ToHP,1,1,0,1,ST10Cyl_interface31-40,0,,EXPORT/PLC tags/IO/RemoteIO_DO_2.xml,EXPORT/Program blocks/OP010/10_Device/01_Cylinder/ST10Cyl_interface31-40.xml:ST10Cyl_interface31-40:StructuredText
oJ-magnetTakeStopperCylinder1_ToWP,oJ-magnetTakeStopperCylinder1_ToWP,1,1,0,1,ST10Cyl_interface31-40,0,,EXPORT/PLC tags/IO/RemoteIO_DO_2.xml,EXPORT/Program blocks/OP010/10_Device/01_Cylinder/ST10Cyl_interface31-40.xml:ST10Cyl_interface31-40:StructuredText
oJ-magnetTakeStopperCylinder2_ToHP,oJ-magnetTakeStopperCylinder2_ToHP,1,1,0,1,ST10Cyl_interface31-40,0,,EXPORT/PLC tags/IO/RemoteIO_DO_2.xml,EXPORT/Program blocks/OP010/10_Device/01_Cylinder/ST10Cyl_interface31-40.xml:ST10Cyl_interface31-40:StructuredText
oJ-magnetTakeStopperCylinder2_ToWP,oJ-magnetTakeStopperCylinder2_ToWP,1,1,0,1,ST10Cyl_interface31-40,0,,EXPORT/PLC tags/IO/RemoteIO_DO_2.xml,EXPORT/Program blocks/OP010/10_Device/01_Cylinder/ST10Cyl_interface31-40.xml:ST10Cyl_interface31-40:StructuredText
oJ-magnetTakeStopperCylinder3_ToHP,oJ-magnetTakeStopperCylinder3_ToHP,1,1,0,1,ST10Cyl_interface31-40,0,,EXPORT/PLC tags/IO/RemoteIO_DO_2.xml,EXPORT/Program blocks/OP010/10_Device/01_Cylinder/ST10Cyl_interface31-40.xml:ST10Cyl_interface31-40:StructuredText
oJ-magnetTakeStopperCylinder3_ToWP,oJ-magnetTakeStopperCylinder3_ToWP,1,1,0,1,ST10Cyl_interface31-40,0,,EXPORT/PLC tags/IO/RemoteIO_DO_2.xml,EXPORT/Program blocks/OP010/10_Device/01_Cylinder/ST10Cyl_interface31-40.xml:ST10Cyl_interface31-40:StructuredText
oK-Lifting3_CCWStart,oK-Lifting3_CCWStart,0,1,0,1,Motorr,0,,EXPORT/PLC tags/IO/PLCIO_DQ.xml,EXPORT/Program blocks/OP010/10_Device/31_Motor_1/Motorr.xml:Motorr:StructuredText
oK-Lifting3_SpeedChange,oK-Lifting3_SpeedChange,0,1,0,1,Motorr,0,,EXPORT/PLC tags/IO/PLCIO_DQ.xml,EXPORT/Program blocks/OP010/10_Device/31_Motor_1/Motorr.xml:Motorr:StructuredText
oK-Lifting3_Start,oK-Lifting3_Start,0,1,0,1,Motorr,0,,EXPORT/PLC tags/IO/PLCIO_DQ.xml,EXPORT/Program blocks/OP010/10_Device/31_Motor_1/Motorr.xml:Motorr:StructuredText
oK-reserveLifting3LiftingCylinderToHP,oK-reserveLifting3LiftingCylinderToHP,0,1,0,1,ST10Cyl_interface41-50,0,,EXPORT/PLC tags/IO/RemoteIO_DO_1.xml,EXPORT/Program blocks/OP010/10_Device/01_Cylinder/ST10Cyl_interface41-50.xml:ST10Cyl_interface41-50:StructuredText
oK-reserveLifting3LiftingCylinderToWP,oK-reserveLifting3LiftingCylinderToWP,0,1,0,1,ST10Cyl_interface41-50,0,,EXPORT/PLC tags/IO/RemoteIO_DO_1.xml,EXPORT/Program blocks/OP010/10_Device/01_Cylinder/ST10Cyl_interface41-50.xml:ST10Cyl_interface41-50:StructuredText
oK-reserveLifting3PalletLocationCylinderToHP,oK-reserveLifting3PalletLocationCylinderToHP,0,1,0,1,ST10Cyl_interface41-50,0,,EXPORT/PLC tags/IO/RemoteIO_DO_1.xml,EXPORT/Program blocks/OP010/10_Device/01_Cylinder/ST10Cyl_interface41-50.xml:ST10Cyl_interface41-50:StructuredText
oK-reserveLifting3PalletLocationCylinderToWP,oK-reserveLifting3PalletLocationCylinderToWP,0,1,0,1,ST10Cyl_interface41-50,0,,EXPORT/PLC tags/IO/RemoteIO_DO_1.xml,EXPORT/Program blocks/OP010/10_Device/01_Cylinder/ST10Cyl_interface41-50.xml:ST10Cyl_interface41-50:StructuredText
oK-reserveLoadingStopperCylinder1_ToHP,oK-reserveLoadingStopperCylinder1_ToHP,1,1,0,1,ST10Cyl_interface41-50,0,,EXPORT/PLC tags/IO/RemoteIO_DO_2.xml,EXPORT/Program blocks/OP010/10_Device/01_Cylinder/ST10Cyl_interface41-50.xml:ST10Cyl_interface41-50:StructuredText
oK-reserveLoadingStopperCylinder1_ToWP,oK-reserveLoadingStopperCylinder1_ToWP,1,1,0,1,ST10Cyl_interface41-50,0,,EXPORT/PLC tags/IO/RemoteIO_DO_2.xml,EXPORT/Program blocks/OP010/10_Device/01_Cylinder/ST10Cyl_interface41-50.xml:ST10Cyl_interface41-50:StructuredText
oK-reserveLoadingStopperCylinder2_ToHP,oK-reserveLoadingStopperCylinder2_ToHP,1,1,0,1,ST10Cyl_interface41-50,0,,EXPORT/PLC tags/IO/RemoteIO_DO_2.xml,EXPORT/Program blocks/OP010/10_Device/01_Cylinder/ST10Cyl_interface41-50.xml:ST10Cyl_interface41-50:StructuredText
oK-reserveLoadingStopperCylinder2_ToWP,oK-reserveLoadingStopperCylinder2_ToWP,1,1,0,1,ST10Cyl_interface41-50,0,,EXPORT/PLC tags/IO/RemoteIO_DO_2.xml,EXPORT/Program blocks/OP010/10_Device/01_Cylinder/ST10Cyl_interface41-50.xml:ST10Cyl_interface41-50:StructuredText
oK-reserveLoadingStopperCylinder3_ToHP,oK-reserveLoadingStopperCylinder3_ToHP,1,1,0,1,ST10Cyl_interface41-50,0,,EXPORT/PLC tags/IO/RemoteIO_DO_2.xml,EXPORT/Program blocks/OP010/10_Device/01_Cylinder/ST10Cyl_interface41-50.xml:ST10Cyl_interface41-50:StructuredText
oK-reserveLoadingStopperCylinder3_ToWP,oK-reserveLoadingStopperCylinder3_ToWP,1,1,0,1,ST10Cyl_interface41-50,0,,EXPORT/PLC tags/IO/RemoteIO_DO_2.xml,EXPORT/Program blocks/OP010/10_Device/01_Cylinder/ST10Cyl_interface41-50.xml:ST10Cyl_interface41-50:StructuredText
oK-reserveLoadingStopperCylinder4_ToHP,oK-reserveLoadingStopperCylinder4_ToHP,1,1,0,1,ST10Cyl_interface41-50,0,,EXPORT/PLC tags/IO/RemoteIO_DO_2.xml,EXPORT/Program blocks/OP010/10_Device/01_Cylinder/ST10Cyl_interface41-50.xml:ST10Cyl_interface41-50:StructuredText
oK-reserveLoadingStopperCylinder4_ToWP,oK-reserveLoadingStopperCylinder4_ToWP,1,1,0,1,ST10Cyl_interface41-50,0,,EXPORT/PLC tags/IO/RemoteIO_DO_2.xml,EXPORT/Program blocks/OP010/10_Device/01_Cylinder/ST10Cyl_interface41-50.xml:ST10Cyl_interface41-50:StructuredText
oK-reserveTakeStopperCylinder1_ToHP,oK-reserveTakeStopperCylinder1_ToHP,1,1,0,1,ST10Cyl_interface41-50,0,,EXPORT/PLC tags/IO/RemoteIO_DO_2.xml,EXPORT/Program blocks/OP010/10_Device/01_Cylinder/ST10Cyl_interface41-50.xml:ST10Cyl_interface41-50:StructuredText
oK-reserveTakeStopperCylinder1_ToWP,oK-reserveTakeStopperCylinder1_ToWP,1,1,0,1,ST10Cyl_interface41-50,0,,EXPORT/PLC tags/IO/RemoteIO_DO_2.xml,EXPORT/Program blocks/OP010/10_Device/01_Cylinder/ST10Cyl_interface41-50.xml:ST10Cyl_interface41-50:StructuredText
oK-reserveTakeStopperCylinder2_ToHP,oK-reserveTakeStopperCylinder2_ToHP,1,1,0,1,ST10Cyl_interface41-50,0,,EXPORT/PLC tags/IO/RemoteIO_DO_2.xml,EXPORT/Program blocks/OP010/10_Device/01_Cylinder/ST10Cyl_interface41-50.xml:ST10Cyl_interface41-50:StructuredText
oK-reserveTakeStopperCylinder2_ToWP,oK-reserveTakeStopperCylinder2_ToWP,1,1,0,1,ST10Cyl_interface41-50,0,,EXPORT/PLC tags/IO/RemoteIO_DO_2.xml,EXPORT/Program blocks/OP010/10_Device/01_Cylinder/ST10Cyl_interface41-50.xml:ST10Cyl_interface41-50:StructuredText
oK-reserveTakeStopperCylinder3_ToHP,oK-reserveTakeStopperCylinder3_ToHP,1,1,0,1,ST10Cyl_interface41-50,0,,EXPORT/PLC tags/IO/RemoteIO_DO_2.xml,EXPORT/Program blocks/OP010/10_Device/01_Cylinder/ST10Cyl_interface41-50.xml:ST10Cyl_interface41-50:StructuredText
oK-reserveTakeStopperCylinder3_ToWP,oK-reserveTakeStopperCylinder3_ToWP,1,1,0,1,ST10Cyl_interface41-50,0,,EXPORT/PLC tags/IO/RemoteIO_DO_2.xml,EXPORT/Program blocks/OP010/10_Device/01_Cylinder/ST10Cyl_interface41-50.xml:ST10Cyl_interface41-50:StructuredText
oL-UnloadingStopperCylinder1_ToHP,oL-UnloadingStopperCylinder1_ToHP,1,1,0,1,ST10Cyl_interface51-60,0,,EXPORT/PLC tags/IO/RemoteIO_DO_2.xml,EXPORT/Program blocks/OP010/10_Device/01_Cylinder/ST10Cyl_interface51-60.xml:ST10Cyl_interface51-60:StructuredText
oL-UnloadingStopperCylinder1_ToWP,oL-UnloadingStopperCylinder1_ToWP,1,1,0,1,ST10Cyl_interface51-60,0,,EXPORT/PLC tags/IO/RemoteIO_DO_2.xml,EXPORT/Program blocks/OP010/10_Device/01_Cylinder/ST10Cyl_interface51-60.xml:ST10Cyl_interface51-60:StructuredText
oL-UnloadingStopperCylinder2_ToHP,oL-UnloadingStopperCylinder2_ToHP,1,1,0,1,ST10Cyl_interface51-60,0,,EXPORT/PLC tags/IO/RemoteIO_DO_2.xml,EXPORT/Program blocks/OP010/10_Device/01_Cylinder/ST10Cyl_interface51-60.xml:ST10Cyl_interface51-60:StructuredText
oL-UnloadingStopperCylinder2_ToWP,oL-UnloadingStopperCylinder2_ToWP,1,1,0,1,ST10Cyl_interface51-60,0,,EXPORT/PLC tags/IO/RemoteIO_DO_2.xml,EXPORT/Program blocks/OP010/10_Device/01_Cylinder/ST10Cyl_interface51-60.xml:ST10Cyl_interface51-60:StructuredText
oL-UnloadingStopperCylinder3_ToHP,oL-UnloadingStopperCylinder3_ToHP,1,1,0,1,ST10Cyl_interface51-60,0,,EXPORT/PLC tags/IO/RemoteIO_DO_2.xml,EXPORT/Program blocks/OP010/10_Device/01_Cylinder/ST10Cyl_interface51-60.xml:ST10Cyl_interface51-60:StructuredText
oL-UnloadingStopperCylinder3_ToWP,oL-UnloadingStopperCylinder3_ToWP,1,1,0,1,ST10Cyl_interface51-60,0,,EXPORT/PLC tags/IO/RemoteIO_DO_2.xml,EXPORT/Program blocks/OP010/10_Device/01_Cylinder/ST10Cyl_interface51-60.xml:ST10Cyl_interface51-60:StructuredText
oL-UnloadingTransCylinderToHP,oL-UnloadingTransCylinderToHP,0,1,0,1,ST10Cyl_interface51-60,0,,EXPORT/PLC tags/IO/RemoteIO_DO_1.xml,EXPORT/Program blocks/OP010/10_Device/01_Cylinder/ST10Cyl_interface51-60.xml:ST10Cyl_interface51-60:StructuredText
oL-UnloadingTransCylinderToWP,oL-UnloadingTransCylinderToWP,0,1,0,1,ST10Cyl_interface51-60,0,,EXPORT/PLC tags/IO/RemoteIO_DO_1.xml,EXPORT/Program blocks/OP010/10_Device/01_Cylinder/ST10Cyl_interface51-60.xml:ST10Cyl_interface51-60:StructuredText
oL-UnloadingTransPalletLocationCylinderToHP,oL-UnloadingTransPalletLocationCylinderToHP,0,1,0,1,ST10Cyl_interface51-60,0,,EXPORT/PLC tags/IO/RemoteIO_DO_1.xml,EXPORT/Program blocks/OP010/10_Device/01_Cylinder/ST10Cyl_interface51-60.xml:ST10Cyl_interface51-60:StructuredText
oL-UnloadingTransPalletLocationCylinderToWP,oL-UnloadingTransPalletLocationCylinderToWP,0,1,0,1,ST10Cyl_interface51-60,0,,EXPORT/PLC tags/IO/RemoteIO_DO_1.xml,EXPORT/Program blocks/OP010/10_Device/01_Cylinder/ST10Cyl_interface51-60.xml:ST10Cyl_interface51-60:StructuredText
oL-Unloading_CCW,oL-Unloading_CCW,0,1,0,1,Motorr,0,,EXPORT/PLC tags/IO/PLCIO_DQ.xml,EXPORT/Program blocks/OP010/10_Device/31_Motor_1/Motorr.xml:Motorr:StructuredText
oL-Unloading_CW,oL-Unloading_CW,0,1,0,1,Motorr,0,,EXPORT/PLC tags/IO/PLCIO_DQ.xml,EXPORT/Program blocks/OP010/10_Device/31_Motor_1/Motorr.xml:Motorr:StructuredText
oLED_lamp_1,oLED_lamp_1,0,1,0,1,ST10_Output,0,,EXPORT/PLC tags/IO/PLCIO_DQ.xml,EXPORT/Program blocks/OP010/02_Output/ST10_Output.xml:ST10_Output:FlgNet
oLED_lamp_2,oLED_lamp_2,0,1,0,1,ST10_Output,0,,EXPORT/PLC tags/IO/PLCIO_DQ.xml,EXPORT/Program blocks/OP010/02_Output/ST10_Output.xml:ST10_Output:FlgNet
oMagnet_Button,oMagnet_Button,0,1,0,1,ST10_Output,0,,EXPORT/PLC tags/IO/PLCIO_DQ.xml,EXPORT/Program blocks/OP010/02_Output/ST10_Output.xml:ST10_Output:FlgNet
oMagnet_EmptyButton,oMagnet_EmptyButton,0,1,0,1,ST10_Output,0,,EXPORT/PLC tags/IO/PLCIO_DQ.xml,EXPORT/Program blocks/OP010/02_Output/ST10_Output.xml:ST10_Output:FlgNet
oMagnet_UnlockButton,oMagnet_UnlockButton,0,1,0,1,ST10_Output,0,,EXPORT/PLC tags/IO/PLCIO_DQ.xml,EXPORT/Program blocks/OP010/02_Output/ST10_Output.xml:ST10_Output:FlgNet
oMaterielDoorLocked_H1,oMaterielDoorLocked_H1,1,1,0,1,ST10_Output,0,,EXPORT/PLC tags/IO/PLCIO_DQ.xml,EXPORT/Program blocks/OP010/02_Output/ST10_Output.xml:ST10_Output:StructuredText | EXPORT/Program blocks/OP010/02_Output/ST10_Output.xml:ST10_Output:FlgNet
oMaterielDoorLocked_H2,oMaterielDoorLocked_H2,1,1,0,1,ST10_Output,0,,EXPORT/PLC tags/IO/PLCIO_DQ.xml,EXPORT/Program blocks/OP010/02_Output/ST10_Output.xml:ST10_Output:StructuredText | EXPORT/Program blocks/OP010/02_Output/ST10_Output.xml:ST10_Output:FlgNet
oMaterielDoorLocked_J1,oMaterielDoorLocked_J1,1,1,0,1,ST10_Output,0,,EXPORT/PLC tags/IO/PLCIO_DQ.xml,EXPORT/Program blocks/OP010/02_Output/ST10_Output.xml:ST10_Output:StructuredText | EXPORT/Program blocks/OP010/02_Output/ST10_Output.xml:ST10_Output:FlgNet
oMaterielDoorLocked_J2,oMaterielDoorLocked_J2,1,1,0,1,ST10_Output,0,,EXPORT/PLC tags/IO/PLCIO_DQ.xml,EXPORT/Program blocks/OP010/02_Output/ST10_Output.xml:ST10_Output:StructuredText | EXPORT/Program blocks/OP010/02_Output/ST10_Output.xml:ST10_Output:FlgNet
oMaterielDoorLocked_K1,oMaterielDoorLocked_K1,1,1,0,1,ST10_Output,0,,EXPORT/PLC tags/IO/PLCIO_DQ.xml,EXPORT/Program blocks/OP010/02_Output/ST10_Output.xml:ST10_Output:StructuredText | EXPORT/Program blocks/OP010/02_Output/ST10_Output.xml:ST10_Output:FlgNet
oMaterielDoorLocked_K2,oMaterielDoorLocked_K2,1,1,0,1,ST10_Output,0,,EXPORT/PLC tags/IO/PLCIO_DQ.xml,EXPORT/Program blocks/OP010/02_Output/ST10_Output.xml:ST10_Output:StructuredText | EXPORT/Program blocks/OP010/02_Output/ST10_Output.xml:ST10_Output:FlgNet
oMaterielDoorLocked_L1,oMaterielDoorLocked_L1,1,1,0,1,ST10_Output,0,,EXPORT/PLC tags/IO/PLCIO_DQ.xml,EXPORT/Program blocks/OP010/02_Output/ST10_Output.xml:ST10_Output:StructuredText | EXPORT/Program blocks/OP010/02_Output/ST10_Output.xml:ST10_Output:FlgNet
oNG_Button1,oNG_Button1,0,1,0,1,ST10_Output,0,,EXPORT/PLC tags/IO/PLCIO_DQ.xml,EXPORT/Program blocks/OP010/02_Output/ST10_Output.xml:ST10_Output:FlgNet
oNG_Button2,oNG_Button2,0,1,0,1,ST10_Output,0,,EXPORT/PLC tags/IO/PLCIO_DQ.xml,EXPORT/Program blocks/OP010/02_Output/ST10_Output.xml:ST10_Output:FlgNet
oReserved_Button,oReserved_Button,0,1,0,1,ST10_Output,0,,EXPORT/PLC tags/IO/PLCIO_DQ.xml,EXPORT/Program blocks/OP010/02_Output/ST10_Output.xml:ST10_Output:FlgNet
oReserved_EmptyButton,oReserved_EmptyButton,0,1,0,1,ST10_Output,0,,EXPORT/PLC tags/IO/PLCIO_DQ.xml,EXPORT/Program blocks/OP010/02_Output/ST10_Output.xml:ST10_Output:FlgNet
oReserved_UnlockButton,oReserved_UnlockButton,0,1,0,1,ST10_Output,0,,EXPORT/PLC tags/IO/PLCIO_DQ.xml,EXPORT/Program blocks/OP010/02_Output/ST10_Output.xml:ST10_Output:FlgNet
oSafetyDoorLocked,oSafetyDoorLocked,0,1,0,1,ST10_Output,0,,EXPORT/PLC tags/IO/PLCIO_DQ.xml,EXPORT/Program blocks/OP010/02_Output/ST10_Output.xml:ST10_Output:StructuredText
oSafetyDoorLocked_1,oSafetyDoorLocked_1,1,1,0,1,ST10_Output,0,,EXPORT/PLC tags/IO/PLCIO_DQ.xml,EXPORT/Program blocks/OP010/02_Output/ST10_Output.xml:ST10_Output:StructuredText | EXPORT/Program blocks/OP010/02_Output/ST10_Output.xml:ST10_Output:FlgNet
oSafetyDoorLocked_2,oSafetyDoorLocked_2,1,1,0,1,ST10_Output,0,,EXPORT/PLC tags/IO/PLCIO_DQ.xml,EXPORT/Program blocks/OP010/02_Output/ST10_Output.xml:ST10_Output:StructuredText | EXPORT/Program blocks/OP010/02_Output/ST10_Output.xml:ST10_Output:FlgNet
oSafetyDoorLocked_3,oSafetyDoorLocked_3,1,1,0,1,ST10_Output,0,,EXPORT/PLC tags/IO/PLCIO_DQ.xml,EXPORT/Program blocks/OP010/02_Output/ST10_Output.xml:ST10_Output:StructuredText | EXPORT/Program blocks/OP010/02_Output/ST10_Output.xml:ST10_Output:FlgNet
oSafetyDoorLocked_4,oSafetyDoorLocked_4,1,1,0,1,ST10_Output,0,,EXPORT/PLC tags/IO/PLCIO_DQ.xml,EXPORT/Program blocks/OP010/02_Output/ST10_Output.xml:ST10_Output:StructuredText | EXPORT/Program blocks/OP010/02_Output/ST10_Output.xml:ST10_Output:FlgNet
oSafetyDoorLocked_5,oSafetyDoorLocked_5,1,1,0,1,ST10_Output,0,,EXPORT/PLC tags/IO/PLCIO_DQ.xml,EXPORT/Program blocks/OP010/02_Output/ST10_Output.xml:ST10_Output:StructuredText | EXPORT/Program blocks/OP010/02_Output/ST10_Output.xml:ST10_Output:FlgNet
oSafetyDoorLocked_6,oSafetyDoorLocked_6,2,1,0,1,ST10_Output,0,,EXPORT/PLC tags/IO/PLCIO_DQ.xml,EXPORT/Program blocks/OP010/02_Output/ST10_Output.xml:ST10_Output:StructuredText | EXPORT/Program blocks/OP010/02_Output/ST10_Output.xml:ST10_Output:FlgNet
oSafetyDoorLocked_7,oSafetyDoorLocked_7,2,1,0,1,ST10_Output,0,,EXPORT/PLC tags/IO/PLCIO_DQ.xml,EXPORT/Program blocks/OP010/02_Output/ST10_Output.xml:ST10_Output:StructuredText | EXPORT/Program blocks/OP010/02_Output/ST10_Output.xml:ST10_Output:FlgNet
oSafetyDoorLocked_8,oSafetyDoorLocked_8,2,1,0,1,ST10_Output,0,,EXPORT/PLC tags/IO/PLCIO_DQ.xml,EXPORT/Program blocks/OP010/02_Output/ST10_Output.xml:ST10_Output:StructuredText | EXPORT/Program blocks/OP010/02_Output/ST10_Output.xml:ST10_Output:FlgNet
oShaft_Button,oShaft_Button,0,1,0,1,ST10_Output,0,,EXPORT/PLC tags/IO/PLCIO_DQ.xml,EXPORT/Program blocks/OP010/02_Output/ST10_Output.xml:ST10_Output:FlgNet
oShaft_EmptyButton,oShaft_EmptyButton,0,1,0,1,ST10_Output,0,,EXPORT/PLC tags/IO/PLCIO_DQ.xml,EXPORT/Program blocks/OP010/02_Output/ST10_Output.xml:ST10_Output:FlgNet
oTowerLight-Blue,oTowerLight-Blue,0,1,0,1,ST10_Output,0,,EXPORT/PLC tags/IO/PLCIO_DQ.xml,EXPORT/Program blocks/OP010/02_Output/ST10_Output.xml:ST10_Output:FlgNet
oTowerLight-Buzzer,oTowerLight-Buzzer,0,1,0,1,ST10_Output,0,,EXPORT/PLC tags/IO/PLCIO_DQ.xml,EXPORT/Program blocks/OP010/02_Output/ST10_Output.xml:ST10_Output:FlgNet
oTowerLight-Green,oTowerLight-Green,0,1,0,1,ST10_Output,0,,EXPORT/PLC tags/IO/PLCIO_DQ.xml,EXPORT/Program blocks/OP010/02_Output/ST10_Output.xml:ST10_Output:FlgNet
oTowerLight-Red,oTowerLight-Red,0,1,0,1,ST10_Output,0,,EXPORT/PLC tags/IO/PLCIO_DQ.xml,EXPORT/Program blocks/OP010/02_Output/ST10_Output.xml:ST10_Output:FlgNet
oTowerLight-yellow,oTowerLight-yellow,0,1,0,1,ST10_Output,0,,EXPORT/PLC tags/IO/PLCIO_DQ.xml,EXPORT/Program blocks/OP010/02_Output/ST10_Output.xml:ST10_Output:FlgNet
oUnloading_Button,oUnloading_Button,0,1,0,1,ST10_Output,0,,EXPORT/PLC tags/IO/PLCIO_DQ.xml,EXPORT/Program blocks/OP010/02_Output/ST10_Output.xml:ST10_Output:FlgNet
oUnloading_UnlockButton,oUnloading_UnlockButton,0,1,0,1,ST10_Output,0,,EXPORT/PLC tags/IO/PLCIO_DQ.xml,EXPORT/Program blocks/OP010/02_Output/ST10_Output.xml:ST10_Output:FlgNet
AutoProcessData.A_Table_1[1].Code,AutoProcessData,0,0,0,0,,1,AutoProcessData.A_Table1_Code1,EXPORT/Program blocks/OP010/03_Auto/AutoProcessData.xml,
AutoProcessData.A_Table_1[1].PartStatus,AutoProcessData,0,0,0,0,,1,AutoProcessData_A_Table_1{1}_PartStatus,EXPORT/Program blocks/OP010/03_Auto/AutoProcessData.xml,
AutoProcessData.A_Table_1[2].Code,AutoProcessData,0,0,0,0,,1,AutoProcessData.A_Table1_Code2,EXPORT/Program blocks/OP010/03_Auto/AutoProcessData.xml,
AutoProcessData.A_Table_1[2].PartStatus,AutoProcessData,0,0,0,0,,1,AutoProcessData_A_Table_1{2}_PartStatus,EXPORT/Program blocks/OP010/03_Auto/AutoProcessData.xml,
AutoProcessData.A_Table_1[3].Code,AutoProcessData,0,0,0,0,,1,AutoProcessData.A_Table1_Code3,EXPORT/Program blocks/OP010/03_Auto/AutoProcessData.xml,
AutoProcessData.A_Table_1[3].PartStatus,AutoProcessData,0,0,0,0,,1,AutoProcessData_A_Table_1{3}_PartStatus,EXPORT/Program blocks/OP010/03_Auto/AutoProcessData.xml,
AutoProcessData.A_Table_1[4].Code,AutoProcessData,0,0,0,0,,1,AutoProcessData.A_Table1_Code4,EXPORT/Program blocks/OP010/03_Auto/AutoProcessData.xml,
AutoProcessData.A_Table_1[4].PartStatus,AutoProcessData,0,0,0,0,,1,AutoProcessData_A_Table_1{4}_PartStatus,EXPORT/Program blocks/OP010/03_Auto/AutoProcessData.xml,
AutoProcessData.A_Table_1[5].Code,AutoProcessData,0,0,0,0,,1,AutoProcessData.A_Table1_Code5,EXPORT/Program blocks/OP010/03_Auto/AutoProcessData.xml,
AutoProcessData.A_Table_1[5].PartStatus,AutoProcessData,0,0,0,0,,1,AutoProcessData_A_Table_1{5}_PartStatus,EXPORT/Program blocks/OP010/03_Auto/AutoProcessData.xml,
AutoProcessData.A_Table_1[6].Code,AutoProcessData,0,0,0,0,,1,AutoProcessData.A_Table1_Code6,EXPORT/Program blocks/OP010/03_Auto/AutoProcessData.xml,
AutoProcessData.A_Table_1[6].PartStatus,AutoProcessData,0,0,0,0,,1,AutoProcessData_A_Table_1{6}_PartStatus,EXPORT/Program blocks/OP010/03_Auto/AutoProcessData.xml,
AutoProcessData.A_Table_1[7].Code,AutoProcessData,0,0,0,0,,1,AutoProcessData.A_Table1_Code7,EXPORT/Program blocks/OP010/03_Auto/AutoProcessData.xml,
AutoProcessData.A_Table_1[7].PartStatus,AutoProcessData,0,0,0,0,,1,AutoProcessData_A_Table_1{7}_PartStatus,EXPORT/Program blocks/OP010/03_Auto/AutoProcessData.xml,
AutoProcessData.A_Table_1[8].Code,AutoProcessData,0,0,0,0,,1,AutoProcessData.A_Table1_Code8,EXPORT/Program blocks/OP010/03_Auto/AutoProcessData.xml,
AutoProcessData.A_Table_1[8].PartStatus,AutoProcessData,0,0,0,0,,1,AutoProcessData_A_Table_1{8}_PartStatus,EXPORT/Program blocks/OP010/03_Auto/AutoProcessData.xml,
AutoProcessData.A_Table_2[1].Code,AutoProcessData,0,0,0,0,,1,AutoProcessData.A_Table2_Code1,EXPORT/Program blocks/OP010/03_Auto/AutoProcessData.xml,
AutoProcessData.A_Table_2[1].PartStatus,AutoProcessData,0,0,0,0,,1,AutoProcessData_A_Table_2{1}_PartStatus,EXPORT/Program blocks/OP010/03_Auto/AutoProcessData.xml,
AutoProcessData.A_Table_2[2].Code,AutoProcessData,0,0,0,0,,1,AutoProcessData.A_Table2_Code2,EXPORT/Program blocks/OP010/03_Auto/AutoProcessData.xml,
AutoProcessData.A_Table_2[2].PartStatus,AutoProcessData,0,0,0,0,,1,AutoProcessData_A_Table_2{2}_PartStatus,EXPORT/Program blocks/OP010/03_Auto/AutoProcessData.xml,
AutoProcessData.A_Table_2[3].Code,AutoProcessData,0,0,0,0,,1,AutoProcessData.A_Table2_Code3,EXPORT/Program blocks/OP010/03_Auto/AutoProcessData.xml,
AutoProcessData.A_Table_2[3].PartStatus,AutoProcessData,0,0,0,0,,1,AutoProcessData_A_Table_2{3}_PartStatus,EXPORT/Program blocks/OP010/03_Auto/AutoProcessData.xml,
AutoProcessData.A_Table_2[4].Code,AutoProcessData,0,0,0,0,,1,AutoProcessData.A_Table2_Code4,EXPORT/Program blocks/OP010/03_Auto/AutoProcessData.xml,
AutoProcessData.A_Table_2[4].PartStatus,AutoProcessData,0,0,0,0,,1,AutoProcessData_A_Table_2{4}_PartStatus,EXPORT/Program blocks/OP010/03_Auto/AutoProcessData.xml,
AutoProcessData.A_Table_2[5].Code,AutoProcessData,0,0,0,0,,1,AutoProcessData.A_Table2_Code5,EXPORT/Program blocks/OP010/03_Auto/AutoProcessData.xml,
AutoProcessData.A_Table_2[5].PartStatus,AutoProcessData,0,0,0,0,,1,AutoProcessData_A_Table_2{5}_PartStatus,EXPORT/Program blocks/OP010/03_Auto/AutoProcessData.xml,
AutoProcessData.A_Table_2[6].Code,AutoProcessData,0,0,0,0,,1,AutoProcessData.A_Table2_Code6,EXPORT/Program blocks/OP010/03_Auto/AutoProcessData.xml,
AutoProcessData.A_Table_2[6].PartStatus,AutoProcessData,0,0,0,0,,1,AutoProcessData_A_Table_2{6}_PartStatus,EXPORT/Program blocks/OP010/03_Auto/AutoProcessData.xml,
AutoProcessData.A_Table_2[7].Code,AutoProcessData,0,0,0,0,,1,AutoProcessData.A_Table2_Code7,EXPORT/Program blocks/OP010/03_Auto/AutoProcessData.xml,
AutoProcessData.A_Table_2[7].PartStatus,AutoProcessData,0,0,0,0,,1,AutoProcessData_A_Table_2{7}_PartStatus,EXPORT/Program blocks/OP010/03_Auto/AutoProcessData.xml,
AutoProcessData.A_Table_2[8].Code,AutoProcessData,0,0,0,0,,1,AutoProcessData.A_Table2_Code8,EXPORT/Program blocks/OP010/03_Auto/AutoProcessData.xml,
AutoProcessData.A_Table_2[8].PartStatus,AutoProcessData,0,0,0,0,,1,AutoProcessData_A_Table_2{8}_PartStatus,EXPORT/Program blocks/OP010/03_Auto/AutoProcessData.xml,
AutoProcessData.FixtureCode_A1[1],AutoProcessData,0,0,0,0,,1,AutoProcessData.FixtureCode_A1_1,EXPORT/Program blocks/OP010/03_Auto/AutoProcessData.xml,
AutoProcessData.FixtureCode_A1[2],AutoProcessData,0,0,0,0,,1,AutoProcessData.FixtureCode_A1_2,EXPORT/Program blocks/OP010/03_Auto/AutoProcessData.xml,
AutoProcessData.FixtureCode_A1[3],AutoProcessData,0,0,0,0,,1,AutoProcessData.FixtureCode_A1_3,EXPORT/Program blocks/OP010/03_Auto/AutoProcessData.xml,
AutoProcessData.FixtureCode_A1[4],AutoProcessData,0,0,0,0,,1,AutoProcessData.FixtureCode_A1_4,EXPORT/Program blocks/OP010/03_Auto/AutoProcessData.xml,
AutoProcessData.FixtureCode_A1[5],AutoProcessData,0,0,0,0,,1,AutoProcessData.FixtureCode_A1_5,EXPORT/Program blocks/OP010/03_Auto/AutoProcessData.xml,
AutoProcessData.FixtureCode_A1[6],AutoProcessData,0,0,0,0,,1,AutoProcessData.FixtureCode_A1_6,EXPORT/Program blocks/OP010/03_Auto/AutoProcessData.xml,
AutoProcessData.FixtureCode_A1[7],AutoProcessData,0,0,0,0,,1,AutoProcessData.FixtureCode_A1_7,EXPORT/Program blocks/OP010/03_Auto/AutoProcessData.xml,
AutoProcessData.FixtureCode_A2[1],AutoProcessData,0,0,0,0,,1,AutoProcessData.FixtureCode_A2_1,EXPORT/Program blocks/OP010/03_Auto/AutoProcessData.xml,
AutoProcessData.FixtureCode_A2[2],AutoProcessData,0,0,0,0,,1,AutoProcessData.FixtureCode_A2_2,EXPORT/Program blocks/OP010/03_Auto/AutoProcessData.xml,
AutoProcessData.FixtureCode_A2[3],AutoProcessData,0,0,0,0,,1,AutoProcessData.FixtureCode_A2_3,EXPORT/Program blocks/OP010/03_Auto/AutoProcessData.xml,
AutoProcessData.FixtureCode_A2[4],AutoProcessData,0,0,0,0,,1,AutoProcessData.FixtureCode_A2_4,EXPORT/Program blocks/OP010/03_Auto/AutoProcessData.xml,
AutoProcessData.FixtureCode_A2[5],AutoProcessData,0,0,0,0,,1,AutoProcessData.FixtureCode_A2_5,EXPORT/Program blocks/OP010/03_Auto/AutoProcessData.xml,
AutoProcessData.FixtureCode_A2[6],AutoProcessData,0,0,0,0,,1,AutoProcessData.FixtureCode_A2_6,EXPORT/Program blocks/OP010/03_Auto/AutoProcessData.xml,
AutoProcessData.FixtureCode_A2[7],AutoProcessData,0,0,0,0,,1,AutoProcessData.FixtureCode_A2_7,EXPORT/Program blocks/OP010/03_Auto/AutoProcessData.xml,
AutoProcessData.FixtureCode_A2[8],AutoProcessData,0,0,0,0,,1,AutoProcessData.FixtureCode_A2_8,EXPORT/Program blocks/OP010/03_Auto/AutoProcessData.xml,
AutoProcessData.GlobalData.FixtureCode_A1Status10,AutoProcessData,0,0,0,0,,1,AutoProcessData_GlobalData_FixtureCode_A1Status10,EXPORT/Program blocks/OP010/03_Auto/AutoProcessData.xml,
AutoProcessData.GlobalData.FixtureCode_A1Status7,AutoProcessData,0,0,0,0,,1,AutoProcessData_GlobalData_FixtureCode_A1Status7,EXPORT/Program blocks/OP010/03_Auto/AutoProcessData.xml,
AutoProcessData.GlobalData.FixtureCode_A1Status8,AutoProcessData,0,0,0,0,,1,AutoProcessData_GlobalData_FixtureCode_A1Status8,EXPORT/Program blocks/OP010/03_Auto/AutoProcessData.xml,
AutoProcessData.GlobalData.FixtureCode_A1Status9,AutoProcessData,0,0,0,0,,1,AutoProcessData_GlobalData_FixtureCode_A1Status9,EXPORT/Program blocks/OP010/03_Auto/AutoProcessData.xml,
AutoProcessData.GlobalData.FixtureCode_A2Status10,AutoProcessData,0,0,0,0,,1,AutoProcessData_GlobalData_FixtureCode_A2Status10,EXPORT/Program blocks/OP010/03_Auto/AutoProcessData.xml,
AutoProcessData.GlobalData.FixtureCode_A2Status6,AutoProcessData,0,0,0,0,,1,AutoProcessData_GlobalData_FixtureCode_A2Status6,EXPORT/Program blocks/OP010/03_Auto/AutoProcessData.xml,
AutoProcessData.GlobalData.FixtureCode_A2Status7,AutoProcessData,0,0,0,0,,1,AutoProcessData_GlobalData_FixtureCode_A2Status7,EXPORT/Program blocks/OP010/03_Auto/AutoProcessData.xml,
AutoProcessData.GlobalData.FixtureCode_A2Status8,AutoProcessData,0,0,0,0,,1,AutoProcessData_GlobalData_FixtureCode_A2Status8,EXPORT/Program blocks/OP010/03_Auto/AutoProcessData.xml,
AutoProcessData.GlobalData.FixtureCode_A2Status9,AutoProcessData,0,0,0,0,,1,AutoProcessData_GlobalData_FixtureCode_A2Status9,EXPORT/Program blocks/OP010/03_Auto/AutoProcessData.xml,
AutoProcessData.GripperCode_R1[1],AutoProcessData,0,0,0,0,,2,AutoProcessData.GripperCode_R1[1];AutoProcessData_Gripper1_LCode_R1[1],EXPORT/Program blocks/OP010/03_Auto/AutoProcessData.xml,
AutoProcessData.GripperCode_R1[2],AutoProcessData,0,0,0,0,,2,AutoProcessData.GripperCode_R1[2];AutoProcessData_Gripper1_RCode_R1[2],EXPORT/Program blocks/OP010/03_Auto/AutoProcessData.xml,
AutoProcessData.GripperCode_R1[3],AutoProcessData,0,0,0,0,,2,AutoProcessData.GripperCode_R1[3];AutoProcessData_Gripper2_LCode_R1[3],EXPORT/Program blocks/OP010/03_Auto/AutoProcessData.xml,
AutoProcessData.GripperCode_R1[4],AutoProcessData,0,0,0,0,,2,AutoProcessData.GripperCode_R1[4];AutoProcessData_Gripper2_RCode_R1[4],EXPORT/Program blocks/OP010/03_Auto/AutoProcessData.xml,
AutoProcessData.GripperCode_R2[1],AutoProcessData,0,0,0,0,,2,AutoProcessData.GripperCode_R2[1];AutoProcessData_Gripper1_LCode_R2[1],EXPORT/Program blocks/OP010/03_Auto/AutoProcessData.xml,
AutoProcessData.GripperCode_R2[2],AutoProcessData,0,0,0,0,,2,AutoProcessData.GripperCode_R2[2];AutoProcessData_Gripper1_RCode_R2[2],EXPORT/Program blocks/OP010/03_Auto/AutoProcessData.xml,
AutoProcessData.GripperCode_R2[3],AutoProcessData,0,0,0,0,,2,AutoProcessData.GripperCode_R2[3];AutoProcessData_Gripper2_LCode_R2[3],EXPORT/Program blocks/OP010/03_Auto/AutoProcessData.xml,
AutoProcessData.GripperCode_R2[4],AutoProcessData,0,0,0,0,,2,AutoProcessData.GripperCode_R2[4];AutoProcessData_Gripper2_RCode_R2[4],EXPORT/Program blocks/OP010/03_Auto/AutoProcessData.xml,
AutoProcessData.GripperCode_R3[1],AutoProcessData,0,0,0,0,,2,AutoProcessData.GripperCode_R3[1];AutoProcessData_Gripper1_LCode_R3[1],EXPORT/Program blocks/OP010/03_Auto/AutoProcessData.xml,
AutoProcessData.GripperCode_R3[2],AutoProcessData,0,0,0,0,,2,AutoProcessData.GripperCode_R3[2];AutoProcessData_Gripper1_RCode_R3[2],EXPORT/Program blocks/OP010/03_Auto/AutoProcessData.xml,
AutoProcessData.GripperCode_R3[3],AutoProcessData,0,0,0,0,,2,AutoProcessData.GripperCode_R3[3];AutoProcessData_Gripper2_LCode_R3[3],EXPORT/Program blocks/OP010/03_Auto/AutoProcessData.xml,
AutoProcessData.GripperCode_R3[4],AutoProcessData,0,0,0,0,,2,AutoProcessData.GripperCode_R3[4];AutoProcessData_Gripper2_RCode_R3[4],EXPORT/Program blocks/OP010/03_Auto/AutoProcessData.xml,
ChangeOver_DB.Robot1.MagnetWeight,ChangeOver_DB,0,0,0,0,,1,ST10_RecipeDB_ParameterElement_Robot1_MagnetWeight,EXPORT/Program blocks/OP010/03_Auto/01ChangeOver/ChangeOver_DB.xml,
ChangeOver_DB.Robot1.Ring1Weight,ChangeOver_DB,0,0,0,0,,1,ST10_RecipeDB_ParameterElement_Robot1_Ring1Weight,EXPORT/Program blocks/OP010/03_Auto/01ChangeOver/ChangeOver_DB.xml,
ChangeOver_DB.Robot1.Ring2Weight,ChangeOver_DB,0,0,0,0,,1,ST10_RecipeDB_ParameterElement_Robot1_Ring2Weight,EXPORT/Program blocks/OP010/03_Auto/01ChangeOver/ChangeOver_DB.xml,
ChangeOver_DB.Robot1.ShaftWeight,ChangeOver_DB,0,0,0,0,,1,ST10_RecipeDB_ParameterElement_Robot1_ShaftWeight,EXPORT/Program blocks/OP010/03_Auto/01ChangeOver/ChangeOver_DB.xml,
ChangeOver_DB.Robot2.MagnetWeight,ChangeOver_DB,0,0,0,0,,1,ST10_RecipeDB_ParameterElement_Robot2_MagnetWeight,EXPORT/Program blocks/OP010/03_Auto/01ChangeOver/ChangeOver_DB.xml,
ChangeOver_DB.Robot2.Ring1Weight,ChangeOver_DB,0,0,0,0,,1,ST10_RecipeDB_ParameterElement_Robot2_Ring1Weight,EXPORT/Program blocks/OP010/03_Auto/01ChangeOver/ChangeOver_DB.xml,
ChangeOver_DB.Robot2.Ring2Weight,ChangeOver_DB,0,0,0,0,,1,ST10_RecipeDB_ParameterElement_Robot2_Ring2Weight,EXPORT/Program blocks/OP010/03_Auto/01ChangeOver/ChangeOver_DB.xml,
ChangeOver_DB.Robot2.ShaftWeight,ChangeOver_DB,0,0,0,0,,1,ST10_RecipeDB_ParameterElement_Robot2_ShaftWeight,EXPORT/Program blocks/OP010/03_Auto/01ChangeOver/ChangeOver_DB.xml,
ChangeOver_DB.Robot3.MagnetWeight,ChangeOver_DB,0,0,0,0,,1,ST10_RecipeDB_ParameterElement_Robot3_MagnetWeight,EXPORT/Program blocks/OP010/03_Auto/01ChangeOver/ChangeOver_DB.xml,
ChangeOver_DB.Robot3.Ring1Weight,ChangeOver_DB,0,0,0,0,,1,ST10_RecipeDB_ParameterElement_Robot3_Ring1Weight,EXPORT/Program blocks/OP010/03_Auto/01ChangeOver/ChangeOver_DB.xml,
ChangeOver_DB.Robot3.Ring2Weight,ChangeOver_DB,0,0,0,0,,1,ST10_RecipeDB_ParameterElement_Robot3_Ring2Weight,EXPORT/Program blocks/OP010/03_Auto/01ChangeOver/ChangeOver_DB.xml,
ChangeOver_DB.Robot3.ShaftWeight,ChangeOver_DB,0,0,0,0,,1,ST10_RecipeDB_ParameterElement_Robot3_ShaftWeight,EXPORT/Program blocks/OP010/03_Auto/01ChangeOver/ChangeOver_DB.xml,
DB_KeyenceCheckerIV3.aDev[1],DB_KeyenceCheckerIV3,0,0,0,0,,1,DB_KeyenceCheckerIV3_aDev{1},EXPORT/Program blocks/OP010/10_Device/21_IV3/DB_KeyenceCheckerIV3.xml,
DB_KeyenceCheckerIV3.aDev[2],DB_KeyenceCheckerIV3,0,0,0,0,,1,DB_KeyenceCheckerIV3_aDev{2},EXPORT/Program blocks/OP010/10_Device/21_IV3/DB_KeyenceCheckerIV3.xml,
DB_KeyenceCheckerIV3.aDev[3],DB_KeyenceCheckerIV3,0,0,0,0,,1,DB_KeyenceCheckerIV3_aDev{3},EXPORT/Program blocks/OP010/10_Device/21_IV3/DB_KeyenceCheckerIV3.xml,
DB_KeyenceCheckerIV3.aDev[4],DB_KeyenceCheckerIV3,0,0,0,0,,1,DB_KeyenceCheckerIV3_aDev{4},EXPORT/Program blocks/OP010/10_Device/21_IV3/DB_KeyenceCheckerIV3.xml,
HMISystemDB.HMI_Axis,HMISystemDB,0,0,0,0,,1,HMISystemDB_HMI_Axis,EXPORT/Program blocks/OP010/10_Device/22_IAI/HMISystemDB.xml,
KeyenceSR1000Ctrl_800A1DB.sHMI,KeyenceSR1000Ctrl_800A1DB,0,0,0,0,,1,KeyenceSR1000Ctrl_800A1DB_sHMI,EXPORT/Program blocks/OP010/10_Device/18_SR1000 Scan/KeyenceSR1000Ctrl_800A1DB.xml,
KeyenceSR1000Ctrl_801A1DB.sHMI,KeyenceSR1000Ctrl_801A1DB,0,0,0,0,,1,KeyenceSR1000Ctrl_801A1DB_sHMI,EXPORT/Program blocks/OP010/10_Device/18_SR1000 Scan/KeyenceSR1000Ctrl_801A1DB.xml,
KeyenceSR1000Ctrl_802A1DB.sHMI,KeyenceSR1000Ctrl_802A1DB,0,0,0,0,,1,KeyenceSR1000Ctrl_802A1DB_sHMI,EXPORT/Program blocks/OP010/10_Device/18_SR1000 Scan/KeyenceSR1000Ctrl_802A1DB.xml,
KeyenceSR1000Ctrl_803A1DB.sHMI,KeyenceSR1000Ctrl_803A1DB,0,0,0,0,,1,KeyenceSR1000Ctrl_803A1DB_sHMI,EXPORT/Program blocks/OP010/10_Device/18_SR1000 Scan/KeyenceSR1000Ctrl_803A1DB.xml,
KeyenceSR1000Ctrl_804A1DB.sHMI,KeyenceSR1000Ctrl_804A1DB,0,0,0,0,,1,KeyenceSR1000Ctrl_804A1DB_sHMI,EXPORT/Program blocks/OP010/10_Device/18_SR1000 Scan/KeyenceSR1000Ctrl_804A1DB.xml,
KeyenceSR1000Ctrl_805A1DB.sHMI,KeyenceSR1000Ctrl_805A1DB,0,0,0,0,,1,KeyenceSR1000Ctrl_805A1DB_sHMI,EXPORT/Program blocks/OP010/10_Device/18_SR1000 Scan/KeyenceSR1000Ctrl_805A1DB.xml,
KeyenceSR1000Ctrl_806A1DB.sHMI,KeyenceSR1000Ctrl_806A1DB,0,0,0,0,,1,KeyenceSR1000Ctrl_806A1DB_sHMI,EXPORT/Program blocks/OP010/10_Device/18_SR1000 Scan/KeyenceSR1000Ctrl_806A1DB.xml,
KeyenceSR1000Ctrl_807A1DB.sHMI,KeyenceSR1000Ctrl_807A1DB,0,0,0,0,,1,KeyenceSR1000Ctrl_807A1DB_sHMI,EXPORT/Program blocks/OP010/10_Device/18_SR1000 Scan/KeyenceSR1000Ctrl_807A1DB.xml,
KukaRobot1_CtrlDB.sHMI,KukaRobot1_CtrlDB,0,0,0,0,,1,KukaRobot1_CtrlDB_sHMI,EXPORT/Program blocks/OP010/10_Device/24_Robot/KukaRobot1_CtrlDB.xml,
KukaRobot2_CtrlDB.sHMI,KukaRobot2_CtrlDB,0,0,0,0,,1,KukaRobot2_CtrlDB_sHMI,EXPORT/Program blocks/OP010/10_Device/24_Robot/KukaRobot2_CtrlDB.xml,
KukaRobot3_CtrlDB.sHMI,KukaRobot3_CtrlDB,0,0,0,0,,1,KukaRobot3_CtrlDB_sHMI,EXPORT/Program blocks/OP010/10_Device/24_Robot/KukaRobot3_CtrlDB.xml,
"MEStoPLC.""MES.HeartbeatSignal""",MEStoPLC,0,0,0,0,,1,MEStoPLC_Load_ResultsStored2ReqMesDone,EXPORT/Program blocks/OP010/11_MES/MEStoPLC.xml,
"MEStoPLC.""MES.Load_ResultsStored1OK""",MEStoPLC,0,0,0,0,,1,MEStoPLC_Load_SubPart1ReqMesDone,EXPORT/Program blocks/OP010/11_MES/MEStoPLC.xml,
"MEStoPLC.""MES.Load_ResultsStored2ReqMesDone""",MEStoPLC,0,0,0,0,,1,MEStoPLC_Load_SubPart2OK,EXPORT/Program blocks/OP010/11_MES/MEStoPLC.xml,
"MEStoPLC.""MES.Load_ResultsStored3OK""",MEStoPLC,0,0,0,0,,1,MEStoPLC_Load_SubPart2ReqMesDone,EXPORT/Program blocks/OP010/11_MES/MEStoPLC.xml,
"MEStoPLC.""MES.Load_ResultsStored4ReqMesDone""",MEStoPLC,0,0,0,0,,1,MEStoPLC_Load_SubPart3OK,EXPORT/Program blocks/OP010/11_MES/MEStoPLC.xml,
"MEStoPLC.""MES.Load_ResultsStored5OK""",MEStoPLC,0,0,0,0,,1,MEStoPLC_Load_SubPart3ReqMesDone,EXPORT/Program blocks/OP010/11_MES/MEStoPLC.xml,
"MEStoPLC.""MES.Load_ResultsStored6ReqMesDone""",MEStoPLC,0,0,0,0,,1,MEStoPLC_Load_SubPart4OK,EXPORT/Program blocks/OP010/11_MES/MEStoPLC.xml,
"MEStoPLC.""MES.Load_ResultsStored7OK""",MEStoPLC,0,0,0,0,,1,MEStoPLC_Load_SubPart4ReqMesDone,EXPORT/Program blocks/OP010/11_MES/MEStoPLC.xml,
"MEStoPLC.""MES.Load_ResultsStored8ReqMesDone""",MEStoPLC,0,0,0,0,,1,MEStoPLC_Load_SubPart5OK,EXPORT/Program blocks/OP010/11_MES/MEStoPLC.xml,
"MEStoPLC.""MES.Load_Station1PartNG""",MEStoPLC,0,0,0,0,,1,MEStoPLC_Load_Station1PartNG,EXPORT/Program blocks/OP010/11_MES/MEStoPLC.xml,
"MEStoPLC.""MES.Load_Station1PartOK""",MEStoPLC,0,0,0,0,,1,MEStoPLC_Load_Station1PartOK,EXPORT/Program blocks/OP010/11_MES/MEStoPLC.xml,
"MEStoPLC.""MES.Load_Station1ReqMesDone""",MEStoPLC,0,0,0,0,,1,MEStoPLC_Load_Station1ReqMesDone,EXPORT/Program blocks/OP010/11_MES/MEStoPLC.xml,
"MEStoPLC.""MES.Load_Station2PartNG""",MEStoPLC,0,0,0,0,,1,MEStoPLC_Load_Station1Spare2,EXPORT/Program blocks/OP010/11_MES/MEStoPLC.xml,
"MEStoPLC.""MES.Load_Station2PartOK""",MEStoPLC,0,0,0,0,,1,MEStoPLC_Load_Station1Spare1,EXPORT/Program blocks/OP010/11_MES/MEStoPLC.xml,
"MEStoPLC.""MES.Load_Station2ReqMesDone""",MEStoPLC,0,0,0,0,,1,MEStoPLC_Load_Station1Spare3,EXPORT/Program blocks/OP010/11_MES/MEStoPLC.xml,
"MEStoPLC.""MES.Load_Station3PartNG""",MEStoPLC,0,0,0,0,,1,MEStoPLC_Load_Station2PartNG,EXPORT/Program blocks/OP010/11_MES/MEStoPLC.xml,
"MEStoPLC.""MES.Load_Station3PartOK""",MEStoPLC,0,0,0,0,,1,MEStoPLC_Load_Station2PartOK,EXPORT/Program blocks/OP010/11_MES/MEStoPLC.xml,
"MEStoPLC.""MES.Load_Station3ReqMesDone""",MEStoPLC,0,0,0,0,,1,MEStoPLC_Load_Station2ReqMesDone,EXPORT/Program blocks/OP010/11_MES/MEStoPLC.xml,
"MEStoPLC.""MES.Load_Station4PartNG""",MEStoPLC,0,0,0,0,,1,MEStoPLC_Load_Station2Spare2,EXPORT/Program blocks/OP010/11_MES/MEStoPLC.xml,
"MEStoPLC.""MES.Load_Station4PartOK""",MEStoPLC,0,0,0,0,,1,MEStoPLC_Load_Station2Spare1,EXPORT/Program blocks/OP010/11_MES/MEStoPLC.xml,
"MEStoPLC.""MES.Load_Station4ReqMesDone""",MEStoPLC,0,0,0,0,,1,MEStoPLC_Load_Station2Spare3,EXPORT/Program blocks/OP010/11_MES/MEStoPLC.xml,
"MEStoPLC.""MES.Load_Station5PartNG""",MEStoPLC,0,0,0,0,,1,MEStoPLC_Load_Station3PartNG,EXPORT/Program blocks/OP010/11_MES/MEStoPLC.xml,
"MEStoPLC.""MES.Load_Station5PartOK""",MEStoPLC,0,0,0,0,,1,MEStoPLC_Load_Station3PartOK,EXPORT/Program blocks/OP010/11_MES/MEStoPLC.xml,
"MEStoPLC.""MES.Load_Station5ReqMesDone""",MEStoPLC,0,0,0,0,,1,MEStoPLC_Load_Station3ReqMesDone,EXPORT/Program blocks/OP010/11_MES/MEStoPLC.xml,
"MEStoPLC.""MES.Load_Station6PartNG""",MEStoPLC,0,0,0,0,,1,MEStoPLC_Load_Station3Spare2,EXPORT/Program blocks/OP010/11_MES/MEStoPLC.xml,
"MEStoPLC.""MES.Load_Station6PartOK""",MEStoPLC,0,0,0,0,,1,MEStoPLC_Load_Station3Spare1,EXPORT/Program blocks/OP010/11_MES/MEStoPLC.xml,
"MEStoPLC.""MES.Load_Station6ReqMesDone""",MEStoPLC,0,0,0,0,,1,MEStoPLC_Load_Station3Spare3,EXPORT/Program blocks/OP010/11_MES/MEStoPLC.xml,
"MEStoPLC.""MES.Load_Station7PartNG""",MEStoPLC,0,0,0,0,,1,MEStoPLC_Load_Station4PartNG,EXPORT/Program blocks/OP010/11_MES/MEStoPLC.xml,
"MEStoPLC.""MES.Load_Station7PartOK""",MEStoPLC,0,0,0,0,,1,MEStoPLC_Load_Station4PartOK,EXPORT/Program blocks/OP010/11_MES/MEStoPLC.xml,
"MEStoPLC.""MES.Load_Station7ReqMesDone""",MEStoPLC,0,0,0,0,,1,MEStoPLC_Load_Station4ReqMesDone,EXPORT/Program blocks/OP010/11_MES/MEStoPLC.xml,
"MEStoPLC.""MES.Load_Station8PartNG""",MEStoPLC,0,0,0,0,,1,MEStoPLC_Load_Station4Spare2,EXPORT/Program blocks/OP010/11_MES/MEStoPLC.xml,
"MEStoPLC.""MES.Load_Station8PartOK""",MEStoPLC,0,0,0,0,,1,MEStoPLC_Load_Station4Spare1,EXPORT/Program blocks/OP010/11_MES/MEStoPLC.xml,
"MEStoPLC.""MES.Load_Station8ReqMesDone""",MEStoPLC,0,0,0,0,,1,MEStoPLC_Load_Station4Spare3,EXPORT/Program blocks/OP010/11_MES/MEStoPLC.xml,
"MEStoPLC.""MES.Load_StoveCheckInOk""",MEStoPLC,0,0,0,0,,1,MEStoPLC_Load_SubPart5tNG,EXPORT/Program blocks/OP010/11_MES/MEStoPLC.xml,
"MEStoPLC.""MES.Load_SubPart1OK""",MEStoPLC,0,0,0,0,,1,MEStoPLC_Load_Station5ReqMesDone,EXPORT/Program blocks/OP010/11_MES/MEStoPLC.xml,
"MEStoPLC.""MES.Load_SubPart1ReqMesDone""",MEStoPLC,0,0,0,0,,1,MEStoPLC_Load_Station5Spare1,EXPORT/Program blocks/OP010/11_MES/MEStoPLC.xml,
"MEStoPLC.""MES.Load_SubPart1tNG""",MEStoPLC,0,0,0,0,,1,MEStoPLC_Load_Station5Spare,EXPORT/Program blocks/OP010/11_MES/MEStoPLC.xml,
"MEStoPLC.""MES.Load_SubPart2OK""",MEStoPLC,0,0,0,0,,1,MEStoPLC_Load_Station5Spare3,EXPORT/Program blocks/OP010/11_MES/MEStoPLC.xml,
"MEStoPLC.""MES.Load_SubPart2ReqMesDone""",MEStoPLC,0,0,0,0,,1,MEStoPLC_Load_Station6PartOK,EXPORT/Program blocks/OP010/11_MES/MEStoPLC.xml,
"MEStoPLC.""MES.Load_SubPart2tNG""",MEStoPLC,0,0,0,0,,1,MEStoPLC_Load_Station5Spare4,EXPORT/Program blocks/OP010/11_MES/MEStoPLC.xml,
"MEStoPLC.""MES.Load_SubPart3OK""",MEStoPLC,0,0,0,0,,1,MEStoPLC_Load_Station6ReqMesDone,EXPORT/Program blocks/OP010/11_MES/MEStoPLC.xml,
"MEStoPLC.""MES.Load_SubPart3ReqMesDone""",MEStoPLC,0,0,0,0,,1,MEStoPLC_Load_Station6Spare1,EXPORT/Program blocks/OP010/11_MES/MEStoPLC.xml,
"MEStoPLC.""MES.Load_SubPart3tNG""",MEStoPLC,0,0,0,0,,1,MEStoPLC_Load_Station6Spare,EXPORT/Program blocks/OP010/11_MES/MEStoPLC.xml,
"MEStoPLC.""MES.Load_SubPart4OK""",MEStoPLC,0,0,0,0,,1,MEStoPLC_Load_Station6Spare3,EXPORT/Program blocks/OP010/11_MES/MEStoPLC.xml,
"MEStoPLC.""MES.Load_SubPart4ReqMesDone""",MEStoPLC,0,0,0,0,,1,MEStoPLC_Load_Station7PartOK,EXPORT/Program blocks/OP010/11_MES/MEStoPLC.xml,
"MEStoPLC.""MES.Load_SubPart4tNG""",MEStoPLC,0,0,0,0,,1,MEStoPLC_Load_Station6Spare4,EXPORT/Program blocks/OP010/11_MES/MEStoPLC.xml,
"MEStoPLC.""MES.Load_SubPart5OK""",MEStoPLC,0,0,0,0,,1,MEStoPLC_Load_Station7ReqMesDone,EXPORT/Program blocks/OP010/11_MES/MEStoPLC.xml,
"MEStoPLC.""MES.Load_SubPart5ReqMesDone""",MEStoPLC,0,0,0,0,,1,MEStoPLC_Load_Station7Spare1,EXPORT/Program blocks/OP010/11_MES/MEStoPLC.xml,
"MEStoPLC.""MES.Load_SubPart5tNG""",MEStoPLC,0,0,0,0,,1,MEStoPLC_Load_Station7Spare,EXPORT/Program blocks/OP010/11_MES/MEStoPLC.xml,
"MEStoPLC.""MES.Load_SubPart6OK""",MEStoPLC,0,0,0,0,,1,MEStoPLC_Load_Station7Spare3,EXPORT/Program blocks/OP010/11_MES/MEStoPLC.xml,
"MEStoPLC.""MES.Load_SubPart6ReqMesDone""",MEStoPLC,0,0,0,0,,1,MEStoPLC_Load_Station8PartOK,EXPORT/Program blocks/OP010/11_MES/MEStoPLC.xml,
"MEStoPLC.""MES.Load_SubPart6tNG""",MEStoPLC,0,0,0,0,,1,MEStoPLC_Load_Station7Spare4,EXPORT/Program blocks/OP010/11_MES/MEStoPLC.xml,
"MEStoPLC.""MES.Load_SubPart7OK""",MEStoPLC,0,0,0,0,,1,MEStoPLC_Load_Station8ReqMesDone,EXPORT/Program blocks/OP010/11_MES/MEStoPLC.xml,
"MEStoPLC.""MES.Load_SubPart7ReqMesDone""",MEStoPLC,0,0,0,0,,1,MEStoPLC_Load_Station8Spare5,EXPORT/Program blocks/OP010/11_MES/MEStoPLC.xml,
"MEStoPLC.""MES.Load_SubPart7tNG""",MEStoPLC,0,0,0,0,,1,MEStoPLC_Load_Station8Spare,EXPORT/Program blocks/OP010/11_MES/MEStoPLC.xml,
"MEStoPLC.""MES.Load_SubPart8OK""",MEStoPLC,0,0,0,0,,1,MEStoPLC_Load_Station8Spare8,EXPORT/Program blocks/OP010/11_MES/MEStoPLC.xml,
"MEStoPLC.""MES.Load_SubPart8tNG""",MEStoPLC,0,0,0,0,,1,MEStoPLC_Load_Station8Spare9,EXPORT/Program blocks/OP010/11_MES/MEStoPLC.xml,
"MEStoPLC.""MES.Unload_ResultsStored2NG""",MEStoPLC,0,0,0,0,,1,MEStoPLC_Load_SubPart7OK,EXPORT/Program blocks/OP010/11_MES/MEStoPLC.xml,
"MEStoPLC.""MES.Unload_ResultsStored2ReqMesDone""",MEStoPLC,0,0,0,0,,1,MEStoPLC_Load_SubPart7tNG,EXPORT/Program blocks/OP010/11_MES/MEStoPLC.xml,
"MEStoPLC.""MES.Unload_ResultsStored4NG""",MEStoPLC,0,0,0,0,,1,MEStoPLC_Load_SubPart8OK,EXPORT/Program blocks/OP010/11_MES/MEStoPLC.xml,
"MEStoPLC.""MES.Unload_ResultsStored6ReqMesDone""",MEStoPLC,0,0,0,0,,1,MEStoPLC_Load_ResultsStored1OK,EXPORT/Program blocks/OP010/11_MES/MEStoPLC.xml,
"MEStoPLC.""MES.Unload_ResultsStored7NG""",MEStoPLC,0,0,0,0,,1,MEStoPLC_Load_ResultsStored1Spare,EXPORT/Program blocks/OP010/11_MES/MEStoPLC.xml,
"MEStoPLC.""MES.Unload_ResultsStored7OK""",MEStoPLC,0,0,0,0,,1,MEStoPLC_Load_ResultsStored1ReqMesDone,EXPORT/Program blocks/OP010/11_MES/MEStoPLC.xml,
"MEStoPLC.""MES.Unload_ResultsStored7ReqMesDone""",MEStoPLC,0,0,0,0,,1,MEStoPLC_Load_ResultsStored1Spare1,EXPORT/Program blocks/OP010/11_MES/MEStoPLC.xml,
"MEStoPLC.""MES.Unload_ResultsStored8NG""",MEStoPLC,0,0,0,0,,1,MEStoPLC_Load_ResultsStored1Spare4,EXPORT/Program blocks/OP010/11_MES/MEStoPLC.xml,
"MEStoPLC.""MES.Unload_ResultsStored8OK""",MEStoPLC,0,0,0,0,,1,MEStoPLC_Load_ResultsStored1Spare3,EXPORT/Program blocks/OP010/11_MES/MEStoPLC.xml,
"MEStoPLC.""MES.Unload_ResultsStored8ReqMesDone""",MEStoPLC,0,0,0,0,,1,MEStoPLC_Load_ResultsStored2OK,EXPORT/Program blocks/OP010/11_MES/MEStoPLC.xml,
MEStoPLC.Spare,MEStoPLC,0,0,0,0,,1,MEStoPLC_Load_SubPart1OK,EXPORT/Program blocks/OP010/11_MES/MEStoPLC.xml,
MEStoPLC.Spare_1,MEStoPLC,0,0,0,0,,1,MEStoPLC_Load_Station1Spare,EXPORT/Program blocks/OP010/11_MES/MEStoPLC.xml,
MEStoPLC.Spare_10,MEStoPLC,0,0,0,0,,1,MEStoPLC_Load_Station5Spare2,EXPORT/Program blocks/OP010/11_MES/MEStoPLC.xml,
MEStoPLC.Spare_11,MEStoPLC,0,0,0,0,,1,MEStoPLC_Load_Station6PartNG,EXPORT/Program blocks/OP010/11_MES/MEStoPLC.xml,
MEStoPLC.Spare_12,MEStoPLC,0,0,0,0,,1,MEStoPLC_Load_Station6Spare2,EXPORT/Program blocks/OP010/11_MES/MEStoPLC.xml,
MEStoPLC.Spare_13,MEStoPLC,0,0,0,0,,1,MEStoPLC_Load_Station7PartNG,EXPORT/Program blocks/OP010/11_MES/MEStoPLC.xml,
MEStoPLC.Spare_14,MEStoPLC,0,0,0,0,,1,MEStoPLC_Load_Station7Spare2,EXPORT/Program blocks/OP010/11_MES/MEStoPLC.xml,
MEStoPLC.Spare_15,MEStoPLC,0,0,0,0,,1,MEStoPLC_Load_Station8PartNG,EXPORT/Program blocks/OP010/11_MES/MEStoPLC.xml,
MEStoPLC.Spare_16,MEStoPLC,0,0,0,0,,1,MEStoPLC_Load_Station8Spare6,EXPORT/Program blocks/OP010/11_MES/MEStoPLC.xml,
MEStoPLC.Spare_17,MEStoPLC,0,0,0,0,,1,MEStoPLC_Load_SubPart1tNG,EXPORT/Program blocks/OP010/11_MES/MEStoPLC.xml,
MEStoPLC.Spare_19,MEStoPLC,0,0,0,0,,1,MEStoPLC_Load_SubPart2tNG,EXPORT/Program blocks/OP010/11_MES/MEStoPLC.xml,
MEStoPLC.Spare_2,MEStoPLC,0,0,0,0,,1,MEStoPLC_Load_Station1Spare4,EXPORT/Program blocks/OP010/11_MES/MEStoPLC.xml,
MEStoPLC.Spare_21,MEStoPLC,0,0,0,0,,1,MEStoPLC_Load_SubPart3tNG,EXPORT/Program blocks/OP010/11_MES/MEStoPLC.xml,
MEStoPLC.Spare_23,MEStoPLC,0,0,0,0,,1,MEStoPLC_Load_SubPart4tNG,EXPORT/Program blocks/OP010/11_MES/MEStoPLC.xml,
MEStoPLC.Spare_3,MEStoPLC,0,0,0,0,,1,MEStoPLC_Load_Station2Spare,EXPORT/Program blocks/OP010/11_MES/MEStoPLC.xml,
MEStoPLC.Spare_31,MEStoPLC,0,0,0,0,,1,MEStoPLC_Load_SubPart6OK,EXPORT/Program blocks/OP010/11_MES/MEStoPLC.xml,
MEStoPLC.Spare_32,MEStoPLC,0,0,0,0,,1,MEStoPLC_Load_SubPart6tNG,EXPORT/Program blocks/OP010/11_MES/MEStoPLC.xml,
MEStoPLC.Spare_33,MEStoPLC,0,0,0,0,,1,MEStoPLC_Load_SubPart6ReqMesDone,EXPORT/Program blocks/OP010/11_MES/MEStoPLC.xml,
MEStoPLC.Spare_35,MEStoPLC,0,0,0,0,,1,MEStoPLC_Load_SubPart7ReqMesDone,EXPORT/Program blocks/OP010/11_MES/MEStoPLC.xml,
MEStoPLC.Spare_39,MEStoPLC,0,0,0,0,,1,MEStoPLC_Load_ResultsStored1NG,EXPORT/Program blocks/OP010/11_MES/MEStoPLC.xml,
MEStoPLC.Spare_4,MEStoPLC,0,0,0,0,,1,MEStoPLC_Load_Station2Spare4,EXPORT/Program blocks/OP010/11_MES/MEStoPLC.xml,
MEStoPLC.Spare_40,MEStoPLC,0,0,0,0,,1,MEStoPLC_Load_ResultsStored1Spare2,EXPORT/Program blocks/OP010/11_MES/MEStoPLC.xml,
MEStoPLC.Spare_41,MEStoPLC,0,0,0,0,,1,MEStoPLC_Load_ResultsStored2NG,EXPORT/Program blocks/OP010/11_MES/MEStoPLC.xml,
MEStoPLC.Spare_5,MEStoPLC,0,0,0,0,,1,MEStoPLC_Load_Station3Spare,EXPORT/Program blocks/OP010/11_MES/MEStoPLC.xml,
MEStoPLC.Spare_6,MEStoPLC,0,0,0,0,,1,MEStoPLC_Load_Station3Spare4,EXPORT/Program blocks/OP010/11_MES/MEStoPLC.xml,
MEStoPLC.Spare_7,MEStoPLC,0,0,0,0,,1,MEStoPLC_Load_Station4Spare,EXPORT/Program blocks/OP010/11_MES/MEStoPLC.xml,
MEStoPLC.Spare_8,MEStoPLC,0,0,0,0,,1,MEStoPLC_Load_Station4Spare4,EXPORT/Program blocks/OP010/11_MES/MEStoPLC.xml,
MEStoPLC.Spare_9,MEStoPLC,0,0,0,0,,1,MEStoPLC_Load_Station5PartOK,EXPORT/Program blocks/OP010/11_MES/MEStoPLC.xml,
MEStoPLC.Static_1,MEStoPLC,0,0,0,0,,1,MEStoPLC_Load_SubPart5ReqMesDone,EXPORT/Program blocks/OP010/11_MES/MEStoPLC.xml,
MEStoPLC.Static_3,MEStoPLC,0,0,0,0,,1,MEStoPLC_Load_Station5PartNG,EXPORT/Program blocks/OP010/11_MES/MEStoPLC.xml,
MotorControl.Dev[10],MotorControl,0,0,0,0,,1,MotorControl_Dev{10},EXPORT/Program blocks/OP010/10_Device/31_Motor_1/MotorControl.xml,
MotorControl.Dev[11],MotorControl,0,0,0,0,,1,MotorControl_Dev{11},EXPORT/Program blocks/OP010/10_Device/31_Motor_1/MotorControl.xml,
MotorControl.Dev[12],MotorControl,0,0,0,0,,1,MotorControl_Dev{12},EXPORT/Program blocks/OP010/10_Device/31_Motor_1/MotorControl.xml,
MotorControl.Dev[13],MotorControl,0,0,0,0,,1,MotorControl_Dev{13},EXPORT/Program blocks/OP010/10_Device/31_Motor_1/MotorControl.xml,
MotorControl.Dev[14],MotorControl,0,0,0,0,,1,MotorControl_Dev{14},EXPORT/Program blocks/OP010/10_Device/31_Motor_1/MotorControl.xml,
MotorControl.Dev[15],MotorControl,0,0,0,0,,1,MotorControl_Dev{15},EXPORT/Program blocks/OP010/10_Device/31_Motor_1/MotorControl.xml,
MotorControl.Dev[16],MotorControl,0,0,0,0,,1,MotorControl_Dev{16},EXPORT/Program blocks/OP010/10_Device/31_Motor_1/MotorControl.xml,
MotorControl.Dev[17],MotorControl,0,0,0,0,,1,MotorControl_Dev{17},EXPORT/Program blocks/OP010/10_Device/31_Motor_1/MotorControl.xml,
MotorControl.Dev[18],MotorControl,0,0,0,0,,1,MotorControl_Dev{18},EXPORT/Program blocks/OP010/10_Device/31_Motor_1/MotorControl.xml,
MotorControl.Dev[19],MotorControl,0,0,0,0,,1,MotorControl_Dev{19},EXPORT/Program blocks/OP010/10_Device/31_Motor_1/MotorControl.xml,
MotorControl.Dev[1],MotorControl,0,0,0,0,,1,MotorControl_Dev{1},EXPORT/Program blocks/OP010/10_Device/31_Motor_1/MotorControl.xml,
MotorControl.Dev[20],MotorControl,0,0,0,0,,1,MotorControl_Dev{20},EXPORT/Program blocks/OP010/10_Device/31_Motor_1/MotorControl.xml,
MotorControl.Dev[2],MotorControl,0,0,0,0,,1,MotorControl_Dev{2},EXPORT/Program blocks/OP010/10_Device/31_Motor_1/MotorControl.xml,
MotorControl.Dev[3],MotorControl,0,0,0,0,,1,MotorControl_Dev{3},EXPORT/Program blocks/OP010/10_Device/31_Motor_1/MotorControl.xml,
MotorControl.Dev[4],MotorControl,0,0,0,0,,1,MotorControl_Dev{4},EXPORT/Program blocks/OP010/10_Device/31_Motor_1/MotorControl.xml,
MotorControl.Dev[5],MotorControl,0,0,0,0,,1,MotorControl_Dev{5},EXPORT/Program blocks/OP010/10_Device/31_Motor_1/MotorControl.xml,
MotorControl.Dev[6],MotorControl,0,0,0,0,,1,MotorControl_Dev{6},EXPORT/Program blocks/OP010/10_Device/31_Motor_1/MotorControl.xml,
MotorControl.Dev[7],MotorControl,0,0,0,0,,1,MotorControl_Dev{7},EXPORT/Program blocks/OP010/10_Device/31_Motor_1/MotorControl.xml,
MotorControl.Dev[8],MotorControl,0,0,0,0,,1,MotorControl_Dev{8},EXPORT/Program blocks/OP010/10_Device/31_Motor_1/MotorControl.xml,
MotorControl.Dev[9],MotorControl,0,0,0,0,,1,MotorControl_Dev{9},EXPORT/Program blocks/OP010/10_Device/31_Motor_1/MotorControl.xml,
OP10_GeneralAnalogDB.aDev[1],OP10_GeneralAnalogDB,0,0,0,0,,1,STxxx_GeneralAnalogDB_aDev{1},EXPORT/Program blocks/OP010/10_Device/08_PressureAanlog/OP10_GeneralAnalogDB.xml,
OP10_GeneralAnalogDB.aDev[2],OP10_GeneralAnalogDB,0,0,0,0,,1,STxxx_GeneralAnalogDB_aDev{2},EXPORT/Program blocks/OP010/10_Device/08_PressureAanlog/OP10_GeneralAnalogDB.xml,
"PLCtoMES.""PLC.Load_Station1ChickInReq""",PLCtoMES,0,0,0,0,,1,PLCtoMES_Load_Station1ChickInReq,EXPORT/Program blocks/OP010/11_MES/PLCtoMES.xml,
"PLCtoMES.""PLC.Load_Station2ChickInReq""",PLCtoMES,0,0,0,0,,1,PLCtoMES_Load_Station2ChickInReq,EXPORT/Program blocks/OP010/11_MES/PLCtoMES.xml,
"PLCtoMES.""PLC.Load_Station3ChickInReq""",PLCtoMES,0,0,0,0,,1,PLCtoMES_Load_Station3ChickInReq,EXPORT/Program blocks/OP010/11_MES/PLCtoMES.xml,
"PLCtoMES.""PLC.Load_Station4ChickInReq""",PLCtoMES,0,0,0,0,,1,PLCtoMES_Load_Station4ChickInReq,EXPORT/Program blocks/OP010/11_MES/PLCtoMES.xml,
"PLCtoMES.""PLC.Load_Station5ChickInReq""",PLCtoMES,0,0,0,0,,1,PLCtoMES_Load_Station5ChickInReq,EXPORT/Program blocks/OP010/11_MES/PLCtoMES.xml,
"PLCtoMES.""PLC.Load_Station6ChickInReq""",PLCtoMES,0,0,0,0,,1,PLCtoMES_Load_Station6ChickInReq,EXPORT/Program blocks/OP010/11_MES/PLCtoMES.xml,
"PLCtoMES.""PLC.Load_Station7ChickInReq""",PLCtoMES,0,0,0,0,,1,PLCtoMES_Load_Station7ChickInReq,EXPORT/Program blocks/OP010/11_MES/PLCtoMES.xml,
"PLCtoMES.""PLC.Load_Station8ChickInReq""",PLCtoMES,0,0,0,0,,1,PLCtoMES_Load_Station8ChickInReq,EXPORT/Program blocks/OP010/11_MES/PLCtoMES.xml,
"PLCtoMES.""PLC.Load_StoveCheckIn""",PLCtoMES,0,0,0,0,,1,PLCtoMES_Load_SubPart1ChickInReq,EXPORT/Program blocks/OP010/11_MES/PLCtoMES.xml,
"PLCtoMES.""PLC.Unload_Station1DataSaveReq""",PLCtoMES,0,0,0,0,,1,PLCtoMES_Unload_Station2DataSaveReq,EXPORT/Program blocks/OP010/11_MES/PLCtoMES.xml,
"PLCtoMES.""PLC.Unload_Station2DataSaveReq""",PLCtoMES,0,0,0,0,,1,PLCtoMES_Unload_Station3DataSaveReq,EXPORT/Program blocks/OP010/11_MES/PLCtoMES.xml,
"PLCtoMES.""PLC.Unload_Station3DataSaveReq""",PLCtoMES,0,0,0,0,,1,PLCtoMES_Unload_Station4DataSaveReq,EXPORT/Program blocks/OP010/11_MES/PLCtoMES.xml,
"PLCtoMES.""PLC.Unload_Station4DataSaveReq""",PLCtoMES,0,0,0,0,,1,PLCtoMES_Unload_Station5DataSaveReq,EXPORT/Program blocks/OP010/11_MES/PLCtoMES.xml,
"PLCtoMES.""PLC.Unload_Station5DataSaveReq""",PLCtoMES,0,0,0,0,,1,PLCtoMES_Unload_Station6DataSaveReq,EXPORT/Program blocks/OP010/11_MES/PLCtoMES.xml,
"PLCtoMES.""PLC.Unload_Station6DataSaveReq""",PLCtoMES,0,0,0,0,,1,PLCtoMES_Unload_Station7DataSaveReq,EXPORT/Program blocks/OP010/11_MES/PLCtoMES.xml,
"PLCtoMES.""PLC.Unload_Station7DataSaveReq""",PLCtoMES,0,0,0,0,,1,PLCtoMES_Unload_Station8DataSaveReq,EXPORT/Program blocks/OP010/11_MES/PLCtoMES.xml,
"PLCtoMES.""PLC.Unload_Station8DataSaveReq""",PLCtoMES,0,0,0,0,,1,PLCtoMES_P-HeartBeat,EXPORT/Program blocks/OP010/11_MES/PLCtoMES.xml,
PLCtoMES.Spare_1,PLCtoMES,0,0,0,0,,1,PLCtoMES_SpareByte,EXPORT/Program blocks/OP010/11_MES/PLCtoMES.xml,
PLCtoMES.Spare_11,PLCtoMES,0,0,0,0,,1,PLCtoMES_Load_SubPart2ChickInReq,EXPORT/Program blocks/OP010/11_MES/PLCtoMES.xml,
PLCtoMES.Spare_12,PLCtoMES,0,0,0,0,,1,PLCtoMES_Load_SubPart3ChickInReq,EXPORT/Program blocks/OP010/11_MES/PLCtoMES.xml,
PLCtoMES.Spare_13,PLCtoMES,0,0,0,0,,1,PLCtoMES_Load_SubPart4ChickInReq,EXPORT/Program blocks/OP010/11_MES/PLCtoMES.xml,
PLCtoMES.Spare_14,PLCtoMES,0,0,0,0,,1,PLCtoMES_Load_SubPart5ChickInReq,EXPORT/Program blocks/OP010/11_MES/PLCtoMES.xml,
PLCtoMES.Spare_15,PLCtoMES,0,0,0,0,,1,PLCtoMES_Load_SubPart6ChickInReq,EXPORT/Program blocks/OP010/11_MES/PLCtoMES.xml,
PLCtoMES.Spare_16,PLCtoMES,0,0,0,0,,1,PLCtoMES_Load_SubPart7ChickInReq,EXPORT/Program blocks/OP010/11_MES/PLCtoMES.xml,
PLCtoMES.Spare_17,PLCtoMES,0,0,0,0,,1,PLCtoMES_Load_SubPart8ChickInReq,EXPORT/Program blocks/OP010/11_MES/PLCtoMES.xml,
PLCtoMES.Spare_18,PLCtoMES,0,0,0,0,,1,PLCtoMES_Load_Scanner1ChickInReq,EXPORT/Program blocks/OP010/11_MES/PLCtoMES.xml,
PLCtoMES.Spare_19,PLCtoMES,0,0,0,0,,1,PLCtoMES_Load_Scanner2ChickInReq,EXPORT/Program blocks/OP010/11_MES/PLCtoMES.xml,
PLCtoMES.Spare_2,PLCtoMES,0,0,0,0,,1,PLCtoMES_Load_PrintReq,EXPORT/Program blocks/OP010/11_MES/PLCtoMES.xml,
PLCtoMES.Spare_20,PLCtoMES,0,0,0,0,,1,PLCtoMES_Load_Scanner3ChickInReq,EXPORT/Program blocks/OP010/11_MES/PLCtoMES.xml,
PLCtoMES.Spare_21,PLCtoMES,0,0,0,0,,1,PLCtoMES_Load_Scanner4ChickInReq,EXPORT/Program blocks/OP010/11_MES/PLCtoMES.xml,
PLCtoMES.Spare_22,PLCtoMES,0,0,0,0,,1,PLCtoMES_Load_Scanner5ChickInReq,EXPORT/Program blocks/OP010/11_MES/PLCtoMES.xml,
PLCtoMES.Spare_23,PLCtoMES,0,0,0,0,,1,PLCtoMES_Load_Scanner6ChickInReq,EXPORT/Program blocks/OP010/11_MES/PLCtoMES.xml,
PLCtoMES.Spare_24,PLCtoMES,0,0,0,0,,1,PLCtoMES_Load_Scanner7ChickInReq,EXPORT/Program blocks/OP010/11_MES/PLCtoMES.xml,
PLCtoMES.Spare_25,PLCtoMES,0,0,0,0,,1,PLCtoMES_Load_Scanner8ChickInReq,EXPORT/Program blocks/OP010/11_MES/PLCtoMES.xml,
PLCtoMES.Spare_3,PLCtoMES,0,0,0,0,,1,PLCtoMES_Load_DataMatrixCheckReq,EXPORT/Program blocks/OP010/11_MES/PLCtoMES.xml,
PLCtoMES.Spare_4,PLCtoMES,0,0,0,0,,1,PLCtoMES_Load_Spare,EXPORT/Program blocks/OP010/11_MES/PLCtoMES.xml,
PLCtoMES.Spare_5,PLCtoMES,0,0,0,0,,1,PLCtoMES_Load_Spare_1,EXPORT/Program blocks/OP010/11_MES/PLCtoMES.xml,
PLCtoMES.Spare_6,PLCtoMES,0,0,0,0,,1,PLCtoMES_Load_Spare_2,EXPORT/Program blocks/OP010/11_MES/PLCtoMES.xml,
PLCtoMES.Spare_7,PLCtoMES,0,0,0,0,,1,PLCtoMES_Load_Spare_3,EXPORT/Program blocks/OP010/11_MES/PLCtoMES.xml,
PLCtoMES.Spare_8,PLCtoMES,0,0,0,0,,1,PLCtoMES_Load_Spare_4,EXPORT/Program blocks/OP010/11_MES/PLCtoMES.xml,
PLCtoMES.Spare_9,PLCtoMES,0,0,0,0,,1,PLCtoMES_Load_Spare_5,EXPORT/Program blocks/OP010/11_MES/PLCtoMES.xml,
Parameter.AxisRun.Axis[10],Parameter,0,0,0,0,,1,Parameter_AxisRun_Axis{10},EXPORT/Program blocks/OP010/08_ChangeOver/Parameter.xml,
Parameter.AxisRun.Axis[11],Parameter,0,0,0,0,,1,Parameter_AxisRun_Axis{11},EXPORT/Program blocks/OP010/08_ChangeOver/Parameter.xml,
Parameter.AxisRun.Axis[12],Parameter,0,0,0,0,,1,Parameter_AxisRun_Axis{12},EXPORT/Program blocks/OP010/08_ChangeOver/Parameter.xml,
Parameter.AxisRun.Axis[13],Parameter,0,0,0,0,,1,Parameter_AxisRun_Axis{13},EXPORT/Program blocks/OP010/08_ChangeOver/Parameter.xml,
Parameter.AxisRun.Axis[14],Parameter,0,0,0,0,,1,Parameter_AxisRun_Axis{14},EXPORT/Program blocks/OP010/08_ChangeOver/Parameter.xml,
Parameter.AxisRun.Axis[15],Parameter,0,0,0,0,,1,Parameter_AxisRun_Axis{15},EXPORT/Program blocks/OP010/08_ChangeOver/Parameter.xml,
Parameter.AxisRun.Axis[1],Parameter,0,0,0,0,,1,Parameter_AxisRun_Axis{1},EXPORT/Program blocks/OP010/08_ChangeOver/Parameter.xml,
Parameter.AxisRun.Axis[2],Parameter,0,0,0,0,,1,Parameter_AxisRun_Axis{2},EXPORT/Program blocks/OP010/08_ChangeOver/Parameter.xml,
Parameter.AxisRun.Axis[3],Parameter,0,0,0,0,,1,Parameter_AxisRun_Axis{3},EXPORT/Program blocks/OP010/08_ChangeOver/Parameter.xml,
Parameter.AxisRun.Axis[4],Parameter,0,0,0,0,,1,Parameter_AxisRun_Axis{4},EXPORT/Program blocks/OP010/08_ChangeOver/Parameter.xml,
Parameter.AxisRun.Axis[5],Parameter,0,0,0,0,,1,Parameter_AxisRun_Axis{5},EXPORT/Program blocks/OP010/08_ChangeOver/Parameter.xml,
Parameter.AxisRun.Axis[6],Parameter,0,0,0,0,,1,Parameter_AxisRun_Axis{6},EXPORT/Program blocks/OP010/08_ChangeOver/Parameter.xml,
Parameter.AxisRun.Axis[7],Parameter,0,0,0,0,,1,Parameter_AxisRun_Axis{7},EXPORT/Program blocks/OP010/08_ChangeOver/Parameter.xml,
Parameter.AxisRun.Axis[8],Parameter,0,0,0,0,,1,Parameter_AxisRun_Axis{8},EXPORT/Program blocks/OP010/08_ChangeOver/Parameter.xml,
Parameter.AxisRun.Axis[9],Parameter,0,0,0,0,,1,Parameter_AxisRun_Axis{9},EXPORT/Program blocks/OP010/08_ChangeOver/Parameter.xml,
PartData_Interface_DB.PartCMD[1].Set,PartData_Interface_DB,0,0,0,0,,1,PartData_Interface_DB_PartCMD{1}_Set(1),EXPORT/Program blocks/OP010/12_PartData/PartData_Interface_DB.xml,
PartData_Interface_DB.PartCMD[1].Use,PartData_Interface_DB,0,0,0,0,,1,PartData_Interface_DB_PartCMD{1}_Use(1),EXPORT/Program blocks/OP010/12_PartData/PartData_Interface_DB.xml,
PartData_Interface_DB.PartCMD[2].Set,PartData_Interface_DB,0,0,0,0,,1,PartData_Interface_DB_PartCMD{2}_Set,EXPORT/Program blocks/OP010/12_PartData/PartData_Interface_DB.xml,
PartData_Interface_DB.PartCMD[2].Use,PartData_Interface_DB,0,0,0,0,,1,PartData_Interface_DB_PartCMD{2}_Use,EXPORT/Program blocks/OP010/12_PartData/PartData_Interface_DB.xml,
PartData_Interface_DB.PartDataID,PartData_Interface_DB,0,0,0,0,,1,PartData_Interface_DB_PartDataID,EXPORT/Program blocks/OP010/12_PartData/PartData_Interface_DB.xml,
PartData_Interface_DB.PartData[1].PartDataHMI,PartData_Interface_DB,0,0,0,0,,1,PartData_Interface_DB_PartData{1}_PartDataHMI,EXPORT/Program blocks/OP010/12_PartData/PartData_Interface_DB.xml,
PartData_Interface_DB.PartData[2].PartDataHMI,PartData_Interface_DB,0,0,0,0,,1,PartData_Interface_DB_PartData{2}_PartDataHMI,EXPORT/Program blocks/OP010/12_PartData/PartData_Interface_DB.xml,
PilzData.85A1.I0,PilzData,0,0,0,0,,1,PilzData_85A1_I0,EXPORT/Program blocks/OP010/10_Device/27_Pilz/PilzData.xml,
PilzData.85A1.I1,PilzData,0,0,0,0,,1,PilzData_85A1_I1,EXPORT/Program blocks/OP010/10_Device/27_Pilz/PilzData.xml,
PilzData.85A1.I14,PilzData,0,0,0,0,,1,PilzData_85A1_I14,EXPORT/Program blocks/OP010/10_Device/27_Pilz/PilzData.xml,
PilzData.85A1.I15,PilzData,0,0,0,0,,1,PilzData_85A1_I15,EXPORT/Program blocks/OP010/10_Device/27_Pilz/PilzData.xml,
PilzData.85A1.I16,PilzData,0,0,0,0,,1,PilzData_85A1_I16,EXPORT/Program blocks/OP010/10_Device/27_Pilz/PilzData.xml,
PilzData.85A1.I17,PilzData,0,0,0,0,,1,PilzData_85A1_I17,EXPORT/Program blocks/OP010/10_Device/27_Pilz/PilzData.xml,
PilzData.85A1.I18,PilzData,0,0,0,0,,1,PilzData_85A1_I18,EXPORT/Program blocks/OP010/10_Device/27_Pilz/PilzData.xml,
PilzData.85A1.I19,PilzData,0,0,0,0,,1,PilzData_85A1_I19,EXPORT/Program blocks/OP010/10_Device/27_Pilz/PilzData.xml,
PilzData.85A1.I2,PilzData,0,0,0,0,,1,PilzData_85A1_I2,EXPORT/Program blocks/OP010/10_Device/27_Pilz/PilzData.xml,
PilzData.85A1.I20,PilzData,0,0,0,0,,1,PilzData_85A1_I20,EXPORT/Program blocks/OP010/10_Device/27_Pilz/PilzData.xml,
PilzData.85A1.I21,PilzData,0,0,0,0,,1,PilzData_85A1_I21,EXPORT/Program blocks/OP010/10_Device/27_Pilz/PilzData.xml,
PilzData.85A1.I22,PilzData,0,0,0,0,,1,PilzData_85A1_I22,EXPORT/Program blocks/OP010/10_Device/27_Pilz/PilzData.xml,
PilzData.85A1.I23,PilzData,0,0,0,0,,1,PilzData_85A1_I23,EXPORT/Program blocks/OP010/10_Device/27_Pilz/PilzData.xml,
PilzData.85A1.I24,PilzData,0,0,0,0,,1,PilzData_85A1_I24,EXPORT/Program blocks/OP010/10_Device/27_Pilz/PilzData.xml,
PilzData.85A1.I25,PilzData,0,0,0,0,,1,PilzData_85A1_I25,EXPORT/Program blocks/OP010/10_Device/27_Pilz/PilzData.xml,
PilzData.85A1.I26,PilzData,0,0,0,0,,1,PilzData_85A1_I26,EXPORT/Program blocks/OP010/10_Device/27_Pilz/PilzData.xml,
PilzData.85A1.I27,PilzData,0,0,0,0,,1,PilzData_85A1_I27,EXPORT/Program blocks/OP010/10_Device/27_Pilz/PilzData.xml,
PilzData.85A1.I28,PilzData,0,0,0,0,,1,PilzData_85A1_I28,EXPORT/Program blocks/OP010/10_Device/27_Pilz/PilzData.xml,
PilzData.85A1.I29,PilzData,0,0,0,0,,1,PilzData_85A1_I29,EXPORT/Program blocks/OP010/10_Device/27_Pilz/PilzData.xml,
PilzData.85A1.I3,PilzData,0,0,0,0,,1,PilzData_85A1_I3,EXPORT/Program blocks/OP010/10_Device/27_Pilz/PilzData.xml,
PilzData.85A1.I30,PilzData,0,0,0,0,,1,PilzData_85A1_I30,EXPORT/Program blocks/OP010/10_Device/27_Pilz/PilzData.xml,
PilzData.85A1.I31,PilzData,0,0,0,0,,1,PilzData_85A1_I31,EXPORT/Program blocks/OP010/10_Device/27_Pilz/PilzData.xml,
PilzData.85A1.O0,PilzData,0,0,0,0,,1,PilzData_85A1_O0,EXPORT/Program blocks/OP010/10_Device/27_Pilz/PilzData.xml,
PilzData.85A1.O1,PilzData,0,0,0,0,,1,PilzData_85A1_O1,EXPORT/Program blocks/OP010/10_Device/27_Pilz/PilzData.xml,
PilzData.85A1.O2,PilzData,0,0,0,0,,1,PilzData_85A1_O2,EXPORT/Program blocks/OP010/10_Device/27_Pilz/PilzData.xml,
PilzData.85A1.O3,PilzData,0,0,0,0,,1,PilzData_85A1_O3,EXPORT/Program blocks/OP010/10_Device/27_Pilz/PilzData.xml,
PilzData.85A1.Spare_1,PilzData,0,0,0,0,,1,PilzData_85A1_Spare_1,EXPORT/Program blocks/OP010/10_Device/27_Pilz/PilzData.xml,
PilzData.85A1.Spare_10,PilzData,0,0,0,0,,1,PilzData_85A1_Spare_10,EXPORT/Program blocks/OP010/10_Device/27_Pilz/PilzData.xml,
PilzData.85A1.Spare_11,PilzData,0,0,0,0,,1,PilzData_85A1_Spare_11,EXPORT/Program blocks/OP010/10_Device/27_Pilz/PilzData.xml,
PilzData.85A1.Spare_12,PilzData,0,0,0,0,,1,PilzData_85A1_Spare_12,EXPORT/Program blocks/OP010/10_Device/27_Pilz/PilzData.xml,
PilzData.85A1.Spare_2,PilzData,0,0,0,0,,1,PilzData_85A1_Spare_2,EXPORT/Program blocks/OP010/10_Device/27_Pilz/PilzData.xml,
PilzData.85A1.Spare_3,PilzData,0,0,0,0,,1,PilzData_85A1_Spare_3,EXPORT/Program blocks/OP010/10_Device/27_Pilz/PilzData.xml,
PilzData.85A1.Spare_4,PilzData,0,0,0,0,,1,PilzData_85A1_Spare_4,EXPORT/Program blocks/OP010/10_Device/27_Pilz/PilzData.xml,
PilzData.85A1.Spare_5,PilzData,0,0,0,0,,1,PilzData_85A1_Spare_5,EXPORT/Program blocks/OP010/10_Device/27_Pilz/PilzData.xml,
PilzData.85A1.Spare_6,PilzData,0,0,0,0,,1,PilzData_85A1_Spare_6,EXPORT/Program blocks/OP010/10_Device/27_Pilz/PilzData.xml,
PilzData.85A1.Spare_7,PilzData,0,0,0,0,,1,PilzData_85A1_Spare_7,EXPORT/Program blocks/OP010/10_Device/27_Pilz/PilzData.xml,
PilzData.85A1.Spare_8,PilzData,0,0,0,0,,1,PilzData_85A1_Spare_8,EXPORT/Program blocks/OP010/10_Device/27_Pilz/PilzData.xml,
PilzData.85A1.Spare_9,PilzData,0,0,0,0,,1,PilzData_85A1_Spare_9,EXPORT/Program blocks/OP010/10_Device/27_Pilz/PilzData.xml,
PilzData.85A2.O0,PilzData,0,0,0,0,,1,PilzData_85A2_O0,EXPORT/Program blocks/OP010/10_Device/27_Pilz/PilzData.xml,
PilzData.85A2.O1,PilzData,0,0,0,0,,1,PilzData_85A2_O1,EXPORT/Program blocks/OP010/10_Device/27_Pilz/PilzData.xml,
PilzData.85A2.O2,PilzData,0,0,0,0,,1,PilzData_85A2_O2,EXPORT/Program blocks/OP010/10_Device/27_Pilz/PilzData.xml,
PilzData.85A2.O3,PilzData,0,0,0,0,,1,PilzData_85A2_O3,EXPORT/Program blocks/OP010/10_Device/27_Pilz/PilzData.xml,
PilzData.85A2.Spare_1,PilzData,0,0,0,0,,1,PilzData_85A2_Spare_1,EXPORT/Program blocks/OP010/10_Device/27_Pilz/PilzData.xml,
PilzData.85A2.Spare_2,PilzData,0,0,0,0,,1,PilzData_85A2_Spare_2,EXPORT/Program blocks/OP010/10_Device/27_Pilz/PilzData.xml,
PilzData.85A2.Spare_3,PilzData,0,0,0,0,,1,PilzData_85A2_Spare_3,EXPORT/Program blocks/OP010/10_Device/27_Pilz/PilzData.xml,
PilzData.85A2.Spare_4,PilzData,0,0,0,0,,1,PilzData_85A2_Spare_4,EXPORT/Program blocks/OP010/10_Device/27_Pilz/PilzData.xml,
PilzData.85A3.I4,PilzData,0,0,0,0,,1,PilzData_85A3_I4,EXPORT/Program blocks/OP010/10_Device/27_Pilz/PilzData.xml,
PilzData.85A3.I5,PilzData,0,0,0,0,,1,PilzData_85A3_I5,EXPORT/Program blocks/OP010/10_Device/27_Pilz/PilzData.xml,
PilzData.85A3.I6,PilzData,0,0,0,0,,1,PilzData_85A3_I6,EXPORT/Program blocks/OP010/10_Device/27_Pilz/PilzData.xml,
PilzData.85A3.I7,PilzData,0,0,0,0,,1,PilzData_85A3_I7,EXPORT/Program blocks/OP010/10_Device/27_Pilz/PilzData.xml,
PilzData.85A3.O0,PilzData,0,0,0,0,,1,PilzData_85A3_O0,EXPORT/Program blocks/OP010/10_Device/27_Pilz/PilzData.xml,
PilzData.85A3.O1,PilzData,0,0,0,0,,1,PilzData_85A3_O1,EXPORT/Program blocks/OP010/10_Device/27_Pilz/PilzData.xml,
PilzData.85A3.O2,PilzData,0,0,0,0,,1,PilzData_85A3_O2,EXPORT/Program blocks/OP010/10_Device/27_Pilz/PilzData.xml,
PilzData.85A3.O3,PilzData,0,0,0,0,,1,PilzData_85A3_O3,EXPORT/Program blocks/OP010/10_Device/27_Pilz/PilzData.xml,
PilzData.85A3.Spare_1,PilzData,0,0,0,0,,1,PilzData_85A3_Spare_1,EXPORT/Program blocks/OP010/10_Device/27_Pilz/PilzData.xml,
PilzData.85A3.Spare_2,PilzData,0,0,0,0,,1,PilzData_85A3_Spare_2,EXPORT/Program blocks/OP010/10_Device/27_Pilz/PilzData.xml,
PilzData.85A3.Spare_3,PilzData,0,0,0,0,,1,PilzData_85A3_Spare_3,EXPORT/Program blocks/OP010/10_Device/27_Pilz/PilzData.xml,
PilzData.85A3.Spare_4,PilzData,0,0,0,0,,1,PilzData_85A3_Spare_4,EXPORT/Program blocks/OP010/10_Device/27_Pilz/PilzData.xml,
PilzData.85A4.I6,PilzData,0,0,0,0,,1,PilzData_85A4_I6,EXPORT/Program blocks/OP010/10_Device/27_Pilz/PilzData.xml,
PilzData.85A4.I7,PilzData,0,0,0,0,,1,PilzData_85A4_I7,EXPORT/Program blocks/OP010/10_Device/27_Pilz/PilzData.xml,
PilzData.85A4.O0,PilzData,0,0,0,0,,1,PilzData_85A4_O0,EXPORT/Program blocks/OP010/10_Device/27_Pilz/PilzData.xml,
PilzData.85A4.O1,PilzData,0,0,0,0,,1,PilzData_85A4_O1,EXPORT/Program blocks/OP010/10_Device/27_Pilz/PilzData.xml,
PilzData.85A4.O2,PilzData,0,0,0,0,,1,PilzData_85A4_O2,EXPORT/Program blocks/OP010/10_Device/27_Pilz/PilzData.xml,
PilzData.85A4.O3,PilzData,0,0,0,0,,1,PilzData_85A4_O3,EXPORT/Program blocks/OP010/10_Device/27_Pilz/PilzData.xml,
PilzData.85A4.Spare_1,PilzData,0,0,0,0,,1,PilzData_85A4_Spare_1,EXPORT/Program blocks/OP010/10_Device/27_Pilz/PilzData.xml,
PilzData.85A4.Spare_2,PilzData,0,0,0,0,,1,PilzData_85A4_Spare_2,EXPORT/Program blocks/OP010/10_Device/27_Pilz/PilzData.xml,
PilzData.85A4.Spare_3,PilzData,0,0,0,0,,1,PilzData_85A4_Spare_3,EXPORT/Program blocks/OP010/10_Device/27_Pilz/PilzData.xml,
PilzData.85A4.Spare_4,PilzData,0,0,0,0,,1,PilzData_85A4_Spare_4,EXPORT/Program blocks/OP010/10_Device/27_Pilz/PilzData.xml,
PilzData.85A5.I6,PilzData,0,0,0,0,,1,PilzData_85A5_I6,EXPORT/Program blocks/OP010/10_Device/27_Pilz/PilzData.xml,
PilzData.85A5.I7,PilzData,0,0,0,0,,1,PilzData_85A5_I7,EXPORT/Program blocks/OP010/10_Device/27_Pilz/PilzData.xml,
PilzData.85A5.O0,PilzData,0,0,0,0,,1,PilzData_85A5_O0,EXPORT/Program blocks/OP010/10_Device/27_Pilz/PilzData.xml,
PilzData.85A5.O1,PilzData,0,0,0,0,,1,PilzData_85A5_O1,EXPORT/Program blocks/OP010/10_Device/27_Pilz/PilzData.xml,
PilzData.85A5.O2,PilzData,0,0,0,0,,1,PilzData_85A5_O2,EXPORT/Program blocks/OP010/10_Device/27_Pilz/PilzData.xml,
PilzData.85A5.O3,PilzData,0,0,0,0,,1,PilzData_85A5_O3,EXPORT/Program blocks/OP010/10_Device/27_Pilz/PilzData.xml,
PilzData.85A5.Spare_1,PilzData,0,0,0,0,,1,PilzData_85A5_Spare_1,EXPORT/Program blocks/OP010/10_Device/27_Pilz/PilzData.xml,
PilzData.85A5.Spare_2,PilzData,0,0,0,0,,1,PilzData_85A5_Spare_2,EXPORT/Program blocks/OP010/10_Device/27_Pilz/PilzData.xml,
PilzData.85A5.Spare_3,PilzData,0,0,0,0,,1,PilzData_85A5_Spare_3,EXPORT/Program blocks/OP010/10_Device/27_Pilz/PilzData.xml,
PilzData.85A5.Spare_4,PilzData,0,0,0,0,,1,PilzData_85A5_Spare_4,EXPORT/Program blocks/OP010/10_Device/27_Pilz/PilzData.xml,
Robot_DB.Robot_2.PalletCount_2,Robot_DB,0,0,0,0,,1,KukaRobot2_PalletCount_2,EXPORT/Program blocks/OP010/10_Device/24_Robot/Robot_DB.xml,
Robot_DB.Robot_3.PalletCount_2,Robot_DB,0,0,0,0,,1,KukaRobot3_PalletCount_2,EXPORT/Program blocks/OP010/10_Device/24_Robot/Robot_DB.xml,
ST10_GeneralData.FixtureIDCheck[10],ST10_GeneralData,0,0,0,0,,1,STxxx_GeneralData_FixtureIDCheck{10},EXPORT/Program blocks/OP010/00_Main/ST10_GeneralData.xml,
ST10_GeneralData.FixtureIDCheck[11],ST10_GeneralData,0,0,0,0,,1,STxxx_GeneralData_FixtureIDCheck{11},EXPORT/Program blocks/OP010/00_Main/ST10_GeneralData.xml,
ST10_GeneralData.FixtureIDCheck[12],ST10_GeneralData,0,0,0,0,,1,STxxx_GeneralData_FixtureIDCheck{12},EXPORT/Program blocks/OP010/00_Main/ST10_GeneralData.xml,
ST10_GeneralData.FixtureIDCheck[13],ST10_GeneralData,0,0,0,0,,1,STxxx_GeneralData_FixtureIDCheck{13},EXPORT/Program blocks/OP010/00_Main/ST10_GeneralData.xml,
ST10_GeneralData.FixtureIDCheck[14],ST10_GeneralData,0,0,0,0,,1,STxxx_GeneralData_FixtureIDCheck{14},EXPORT/Program blocks/OP010/00_Main/ST10_GeneralData.xml,
ST10_GeneralData.FixtureIDCheck[15],ST10_GeneralData,0,0,0,0,,1,STxxx_GeneralData_FixtureIDCheck{15},EXPORT/Program blocks/OP010/00_Main/ST10_GeneralData.xml,
ST10_GeneralData.FixtureIDCheck[16],ST10_GeneralData,0,0,0,0,,1,STxxx_GeneralData_FixtureIDCheck{16},EXPORT/Program blocks/OP010/00_Main/ST10_GeneralData.xml,
ST10_GeneralData.FixtureIDCheck[1],ST10_GeneralData,0,0,0,0,,1,STxxx_GeneralData_FixtureIDCheck{1},EXPORT/Program blocks/OP010/00_Main/ST10_GeneralData.xml,
ST10_GeneralData.FixtureIDCheck[2],ST10_GeneralData,0,0,0,0,,1,STxxx_GeneralData_FixtureIDCheck{2},EXPORT/Program blocks/OP010/00_Main/ST10_GeneralData.xml,
ST10_GeneralData.FixtureIDCheck[3],ST10_GeneralData,0,0,0,0,,1,STxxx_GeneralData_FixtureIDCheck{3},EXPORT/Program blocks/OP010/00_Main/ST10_GeneralData.xml,
ST10_GeneralData.FixtureIDCheck[4],ST10_GeneralData,0,0,0,0,,1,STxxx_GeneralData_FixtureIDCheck{4},EXPORT/Program blocks/OP010/00_Main/ST10_GeneralData.xml,
ST10_GeneralData.FixtureIDCheck[5],ST10_GeneralData,0,0,0,0,,1,STxxx_GeneralData_FixtureIDCheck{5},EXPORT/Program blocks/OP010/00_Main/ST10_GeneralData.xml,
ST10_GeneralData.FixtureIDCheck[6],ST10_GeneralData,0,0,0,0,,1,STxxx_GeneralData_FixtureIDCheck{6},EXPORT/Program blocks/OP010/00_Main/ST10_GeneralData.xml,
ST10_GeneralData.FixtureIDCheck[7],ST10_GeneralData,0,0,0,0,,1,STxxx_GeneralData_FixtureIDCheck{7},EXPORT/Program blocks/OP010/00_Main/ST10_GeneralData.xml,
ST10_GeneralData.FixtureIDCheck[8],ST10_GeneralData,0,0,0,0,,1,STxxx_GeneralData_FixtureIDCheck{8},EXPORT/Program blocks/OP010/00_Main/ST10_GeneralData.xml,
ST10_GeneralData.FixtureIDCheck[9],ST10_GeneralData,0,0,0,0,,1,STxxx_GeneralData_FixtureIDCheck{9},EXPORT/Program blocks/OP010/00_Main/ST10_GeneralData.xml,
ST10_GeneralData.FlowPartStatus[1],ST10_GeneralData,0,0,0,0,,1,Status_FlowPart1,EXPORT/Program blocks/OP010/00_Main/ST10_GeneralData.xml,
ST10_GeneralData.FlowPartStatus[2],ST10_GeneralData,0,0,0,0,,1,Status_FlowPart2,EXPORT/Program blocks/OP010/00_Main/ST10_GeneralData.xml,
ST10_GeneralData.FlowPartStatus[3],ST10_GeneralData,0,0,0,0,,1,Status_FlowPart3,EXPORT/Program blocks/OP010/00_Main/ST10_GeneralData.xml,
ST10_GeneralData.FunctionDeSelect.Global.DeSelectPB_DryMode,ST10_GeneralData,0,0,0,0,,1,ST10_GeneralData_FunctionDeSelect_Global_DeSelectPB_DryMode,EXPORT/Program blocks/OP010/00_Main/ST10_GeneralData.xml,
ST10_GeneralData.FunctionDeSelect.Global.FunctionDeSelected_DryMode,ST10_GeneralData,0,0,0,0,,1,ST10_GeneralData_FunctionDeSelect_Global_FunctionDeSelected_DryMode,EXPORT/Program blocks/OP010/00_Main/ST10_GeneralData.xml,
ST10_GeneralData.HMI.AREAPOINTER.SCREEN_NUMBER.SCREENNUMBER,ST10_GeneralData,0,0,0,0,,1,Sys_VersionManagement_HMIPageID,EXPORT/Program blocks/OP010/00_Main/ST10_GeneralData.xml,
ST10_GeneralData.HMI.Win.10x弹窗[10],ST10_GeneralData,0,0,0,0,,1,Win110,EXPORT/Program blocks/OP010/00_Main/ST10_GeneralData.xml,
ST10_GeneralData.HMI.Win.10x弹窗[1],ST10_GeneralData,0,0,0,0,,1,Win101,EXPORT/Program blocks/OP010/00_Main/ST10_GeneralData.xml,
ST10_GeneralData.HMI.Win.10x弹窗[2],ST10_GeneralData,0,0,0,0,,1,Win102,EXPORT/Program blocks/OP010/00_Main/ST10_GeneralData.xml,
ST10_GeneralData.HMI.Win.10x弹窗[3],ST10_GeneralData,0,0,0,0,,1,Win103,EXPORT/Program blocks/OP010/00_Main/ST10_GeneralData.xml,
ST10_GeneralData.HMI.Win.10x弹窗[4],ST10_GeneralData,0,0,0,0,,1,Win104,EXPORT/Program blocks/OP010/00_Main/ST10_GeneralData.xml,
ST10_GeneralData.HMI.Win.10x弹窗[5],ST10_GeneralData,0,0,0,0,,1,Win105,EXPORT/Program blocks/OP010/00_Main/ST10_GeneralData.xml,
ST10_GeneralData.HMI.Win.10x弹窗[6],ST10_GeneralData,0,0,0,0,,1,Win106,EXPORT/Program blocks/OP010/00_Main/ST10_GeneralData.xml,
ST10_GeneralData.HMI.Win.10x弹窗[7],ST10_GeneralData,0,0,0,0,,1,Win107,EXPORT/Program blocks/OP010/00_Main/ST10_GeneralData.xml,
ST10_GeneralData.HMI.Win.10x弹窗[8],ST10_GeneralData,0,0,0,0,,1,Win108,EXPORT/Program blocks/OP010/00_Main/ST10_GeneralData.xml,
ST10_GeneralData.HMI.Win.10x弹窗[9],ST10_GeneralData,0,0,0,0,,1,Win109,EXPORT/Program blocks/OP010/00_Main/ST10_GeneralData.xml,
ST10_GeneralData.HMI.Win.20x弹窗[10],ST10_GeneralData,0,0,0,0,,1,Win210,EXPORT/Program blocks/OP010/00_Main/ST10_GeneralData.xml,
ST10_GeneralData.HMI.Win.20x弹窗[1],ST10_GeneralData,0,0,0,0,,1,Win201,EXPORT/Program blocks/OP010/00_Main/ST10_GeneralData.xml,
ST10_GeneralData.HMI.Win.20x弹窗[2],ST10_GeneralData,0,0,0,0,,1,Win202,EXPORT/Program blocks/OP010/00_Main/ST10_GeneralData.xml,
ST10_GeneralData.HMI.Win.20x弹窗[3],ST10_GeneralData,0,0,0,0,,1,Win203,EXPORT/Program blocks/OP010/00_Main/ST10_GeneralData.xml,
ST10_GeneralData.HMI.Win.20x弹窗[4],ST10_GeneralData,0,0,0,0,,1,Win204,EXPORT/Program blocks/OP010/00_Main/ST10_GeneralData.xml,
ST10_GeneralData.HMI.Win.20x弹窗[5],ST10_GeneralData,0,0,0,0,,1,Win205,EXPORT/Program blocks/OP010/00_Main/ST10_GeneralData.xml,
ST10_GeneralData.HMI.Win.20x弹窗[6],ST10_GeneralData,0,0,0,0,,1,Win206,EXPORT/Program blocks/OP010/00_Main/ST10_GeneralData.xml,
ST10_GeneralData.HMI.Win.20x弹窗[7],ST10_GeneralData,0,0,0,0,,1,Win207,EXPORT/Program blocks/OP010/00_Main/ST10_GeneralData.xml,
ST10_GeneralData.HMI.Win.20x弹窗[8],ST10_GeneralData,0,0,0,0,,1,Win208,EXPORT/Program blocks/OP010/00_Main/ST10_GeneralData.xml,
ST10_GeneralData.HMI.Win.20x弹窗[9],ST10_GeneralData,0,0,0,0,,1,Win209,EXPORT/Program blocks/OP010/00_Main/ST10_GeneralData.xml,
ST10_GeneralData.HMI.Win.30x弹窗[10],ST10_GeneralData,0,0,0,0,,1,Win310,EXPORT/Program blocks/OP010/00_Main/ST10_GeneralData.xml,
ST10_GeneralData.HMI.Win.30x弹窗[1],ST10_GeneralData,0,0,0,0,,1,Win301,EXPORT/Program blocks/OP010/00_Main/ST10_GeneralData.xml,
ST10_GeneralData.HMI.Win.30x弹窗[2],ST10_GeneralData,0,0,0,0,,1,Win302,EXPORT/Program blocks/OP010/00_Main/ST10_GeneralData.xml,
ST10_GeneralData.HMI.Win.30x弹窗[3],ST10_GeneralData,0,0,0,0,,1,Win303,EXPORT/Program blocks/OP010/00_Main/ST10_GeneralData.xml,
ST10_GeneralData.HMI.Win.30x弹窗[4],ST10_GeneralData,0,0,0,0,,1,Win304,EXPORT/Program blocks/OP010/00_Main/ST10_GeneralData.xml,
ST10_GeneralData.HMI.Win.30x弹窗[5],ST10_GeneralData,0,0,0,0,,1,Win305,EXPORT/Program blocks/OP010/00_Main/ST10_GeneralData.xml,
ST10_GeneralData.HMI.Win.30x弹窗[6],ST10_GeneralData,0,0,0,0,,1,Win306,EXPORT/Program blocks/OP010/00_Main/ST10_GeneralData.xml,
ST10_GeneralData.HMI.Win.30x弹窗[7],ST10_GeneralData,0,0,0,0,,1,Win307,EXPORT/Program blocks/OP010/00_Main/ST10_GeneralData.xml,
ST10_GeneralData.HMI.Win.30x弹窗[8],ST10_GeneralData,0,0,0,0,,1,Win308,EXPORT/Program blocks/OP010/00_Main/ST10_GeneralData.xml,
ST10_GeneralData.HMI.Win.30x弹窗[9],ST10_GeneralData,0,0,0,0,,1,Win309,EXPORT/Program blocks/OP010/00_Main/ST10_GeneralData.xml,
ST10_GeneralData.HMI.Win.40x弹窗[10],ST10_GeneralData,0,0,0,0,,1,Win410,EXPORT/Program blocks/OP010/00_Main/ST10_GeneralData.xml,
ST10_GeneralData.HMI.Win.40x弹窗[1],ST10_GeneralData,0,0,0,0,,1,Win401,EXPORT/Program blocks/OP010/00_Main/ST10_GeneralData.xml,
ST10_GeneralData.HMI.Win.40x弹窗[2],ST10_GeneralData,0,0,0,0,,1,Win402,EXPORT/Program blocks/OP010/00_Main/ST10_GeneralData.xml,
ST10_GeneralData.HMI.Win.40x弹窗[3],ST10_GeneralData,0,0,0,0,,1,Win403,EXPORT/Program blocks/OP010/00_Main/ST10_GeneralData.xml,
ST10_GeneralData.HMI.Win.40x弹窗[4],ST10_GeneralData,0,0,0,0,,1,Win404,EXPORT/Program blocks/OP010/00_Main/ST10_GeneralData.xml,
ST10_GeneralData.HMI.Win.40x弹窗[5],ST10_GeneralData,0,0,0,0,,1,Win405,EXPORT/Program blocks/OP010/00_Main/ST10_GeneralData.xml,
ST10_GeneralData.HMI.Win.40x弹窗[6],ST10_GeneralData,0,0,0,0,,1,Win406,EXPORT/Program blocks/OP010/00_Main/ST10_GeneralData.xml,
ST10_GeneralData.HMI.Win.40x弹窗[7],ST10_GeneralData,0,0,0,0,,1,Win407,EXPORT/Program blocks/OP010/00_Main/ST10_GeneralData.xml,
ST10_GeneralData.HMI.Win.40x弹窗[8],ST10_GeneralData,0,0,0,0,,1,Win408,EXPORT/Program blocks/OP010/00_Main/ST10_GeneralData.xml,
ST10_GeneralData.HMI.Win.40x弹窗[9],ST10_GeneralData,0,0,0,0,,1,Win409,EXPORT/Program blocks/OP010/00_Main/ST10_GeneralData.xml,
ST10_GeneralData.Operator.ID,ST10_GeneralData,0,0,0,0,,1,OpNo,EXPORT/Program blocks/OP010/00_Main/ST10_GeneralData.xml,
ST10_GeneralData.Operator.Name,ST10_GeneralData,0,0,0,0,,1,OpName,EXPORT/Program blocks/OP010/00_Main/ST10_GeneralData.xml,
ST10_PLC_GetDB.InData.Data.ActualSolidifyTime,ST10_PLC_GetDB,0,0,0,0,,1,ST10_PLC_GetDB_InData_Data_ActualSolidifyTime,EXPORT/Program blocks/OP010/10_Device/09_CuringOven/ST10_PLC_GetDB.xml,
ST10_PLC_GetDB.InData.Data.CurrentTemperature_1,ST10_PLC_GetDB,0,0,0,0,,1,ST10_PLC_GetDB_InData_Data_CurrentTemperature_1,EXPORT/Program blocks/OP010/10_Device/09_CuringOven/ST10_PLC_GetDB.xml,
ST10_PLC_GetDB.InData.Data.CurrentTemperature_2,ST10_PLC_GetDB,0,0,0,0,,1,ST10_PLC_GetDB_InData_Data_CurrentTemperature_2,EXPORT/Program blocks/OP010/10_Device/09_CuringOven/ST10_PLC_GetDB.xml,
ST10_PLC_GetDB.InData.Data.SetSolidifyTime,ST10_PLC_GetDB,0,0,0,0,,1,ST10_PLC_GetDB_InData_Data_SetSolidifyTime,EXPORT/Program blocks/OP010/10_Device/09_CuringOven/ST10_PLC_GetDB.xml,
ST10_PLC_GetDB.InData.Data.SetTemperature,ST10_PLC_GetDB,0,0,0,0,,1,ST10_PLC_GetDB_InData_Data_SetTemperature,EXPORT/Program blocks/OP010/10_Device/09_CuringOven/ST10_PLC_GetDB.xml,
ST10_PLC_GetDB.InData.Global.AutoMode,ST10_PLC_GetDB,0,0,0,0,,1,ST10_PLC_GetDB_InData_Global_AutoMode,EXPORT/Program blocks/OP010/10_Device/09_CuringOven/ST10_PLC_GetDB.xml,
ST10_PLC_GetDB.InData.Global.AutoRunning,ST10_PLC_GetDB,0,0,0,0,,1,ST10_PLC_GetDB_InData_Global_AutoRunning,EXPORT/Program blocks/OP010/10_Device/09_CuringOven/ST10_PLC_GetDB.xml,
ST10_PLC_GetDB.InData.Global.Beat,ST10_PLC_GetDB,0,0,0,0,,1,ST10_PLC_GetDB_InData_Global_Beat,EXPORT/Program blocks/OP010/10_Device/09_CuringOven/ST10_PLC_GetDB.xml,
ST10_PLC_GetDB.InData.Global.ManualMode,ST10_PLC_GetDB,0,0,0,0,,1,ST10_PLC_GetDB_InData_Global_ManualMode,EXPORT/Program blocks/OP010/10_Device/09_CuringOven/ST10_PLC_GetDB.xml,
ST10_PLC_GetDB.InData.Global.SystemStandby,ST10_PLC_GetDB,0,0,0,0,,1,ST10_PLC_GetDB_InData_Global_SystemStandby,EXPORT/Program blocks/OP010/10_Device/09_CuringOven/ST10_PLC_GetDB.xml,
ST10_PM.Num[3].ProcessResult,ST10_PM,0,0,0,0,,1,Station1_PM_Num{3}_ProcessResult,EXPORT/Program blocks/OP010/03_Auto/ST10_PM.xml,
ST10_PMCountCycleTime.PM_Num,ST10_PMCountCycleTime,0,0,0,0,,1,ST10_PMCountCycleTime_PM_Num,EXPORT/Program blocks/OP010/09_Count_CycleTime/ST10_PMCountCycleTime.xml,
ST10_RecipeDB.ParameterElement.CGlueShaftIV3Program_2,ST10_RecipeDB,0,0,0,0,,1,ST10_RecipeDB_ParameterElement_CGlueShaftIV3Program_2,EXPORT/Program blocks/OP010/08_ChangeOver/ST10_RecipeDB.xml,
ST10_RecipeDB.ParameterElement.CGlueShaftIV3Program_3,ST10_RecipeDB,0,0,0,0,,1,ST10_RecipeDB_ParameterElement_CGlueShaftIV3Program_3,EXPORT/Program blocks/OP010/08_ChangeOver/ST10_RecipeDB.xml,
ST10_RecipeDB.ParameterElement.CGlueShaftIV3Program_4,ST10_RecipeDB,0,0,0,0,,1,ST10_RecipeDB_ParameterElement_CGlueShaftIV3Program_4,EXPORT/Program blocks/OP010/08_ChangeOver/ST10_RecipeDB.xml,
ST10_RecipeDB.ParameterElement.FixtureID[1],ST10_RecipeDB,0,0,0,0,,1,STxxx_RecipeDB_ParameterElement_FixtureID{1},EXPORT/Program blocks/OP010/08_ChangeOver/ST10_RecipeDB.xml,
ST10_RecipeDB.ParameterElement.TypeName,ST10_RecipeDB,0,0,0,0,,1,RecipeDB_ParameterElement_TypeName,EXPORT/Program blocks/OP010/08_ChangeOver/ST10_RecipeDB.xml,
ST10_RecipeDB.Recipe.DataRecord_TransferStatus,ST10_RecipeDB,0,0,0,0,,1,RecipeDB_Recipe_DataRecord_TransferStatus,EXPORT/Program blocks/OP010/08_ChangeOver/ST10_RecipeDB.xml,
ST10_RecipeDB.Recipe.Pulse,ST10_RecipeDB,0,0,0,0,,1,RecipeDB_Recipe_Pulse,EXPORT/Program blocks/OP010/08_ChangeOver/ST10_RecipeDB.xml,
ST10_RecipeDB.Recipe.RecipeTag,ST10_RecipeDB,0,0,0,0,,1,RecipeDB_Recipe_RecipeTag,EXPORT/Program blocks/OP010/08_ChangeOver/ST10_RecipeDB.xml,
ST10_RecipeDB.Recipe.Trigger,ST10_RecipeDB,0,0,0,0,,1,RecipeDB_Recipe_Trigger,EXPORT/Program blocks/OP010/08_ChangeOver/ST10_RecipeDB.xml,
ST10_RecipeDB_HMI.ParameterElement.A1RingUnloadingFixtureCode,ST10_RecipeDB_HMI,0,0,0,0,,1,ST10_RecipeDB_HMI_ParameterElement_A1RingUnloadingFixtureCode,EXPORT/Program blocks/OP010/08_ChangeOver/ST10_RecipeDB_HMI.xml,
ST10_RecipeDB_HMI.ParameterElement.A1_TableFixtureCode,ST10_RecipeDB_HMI,0,0,0,0,,1,ST10_RecipeDB_HMI_ParameterElement_A1_TableFixtureCode,EXPORT/Program blocks/OP010/08_ChangeOver/ST10_RecipeDB_HMI.xml,
ST10_RecipeDB_HMI.ParameterElement.A2RingUnloadingFixtureCode,ST10_RecipeDB_HMI,0,0,0,0,,1,ST10_RecipeDB_HMI_ParameterElement_A2RingUnloadingFixtureCode,EXPORT/Program blocks/OP010/08_ChangeOver/ST10_RecipeDB_HMI.xml,
ST10_RecipeDB_HMI.ParameterElement.A2_TableFixtureCode,ST10_RecipeDB_HMI,0,0,0,0,,1,ST10_RecipeDB_HMI_ParameterElement_A2_TableFixtureCode,EXPORT/Program blocks/OP010/08_ChangeOver/ST10_RecipeDB_HMI.xml,
ST10_RecipeDB_HMI.ParameterElement.B1PressCylFixtureCode,ST10_RecipeDB_HMI,0,0,0,0,,1,ST10_RecipeDB_HMI_ParameterElement_B1PressCylFixtureCode,EXPORT/Program blocks/OP010/08_ChangeOver/ST10_RecipeDB_HMI.xml,
ST10_RecipeDB_HMI.ParameterElement.B1PressFixtureCode,ST10_RecipeDB_HMI,0,0,0,0,,1,ST10_RecipeDB_HMI_ParameterElement_B1PressFixtureCode,EXPORT/Program blocks/OP010/08_ChangeOver/ST10_RecipeDB_HMI.xml,
ST10_RecipeDB_HMI.ParameterElement.B2PressCylFixtureCode,ST10_RecipeDB_HMI,0,0,0,0,,1,ST10_RecipeDB_HMI_ParameterElement_B2PressCylFixtureCode,EXPORT/Program blocks/OP010/08_ChangeOver/ST10_RecipeDB_HMI.xml,
ST10_RecipeDB_HMI.ParameterElement.B2PressFixtureCode,ST10_RecipeDB_HMI,0,0,0,0,,1,ST10_RecipeDB_HMI_ParameterElement_B2PressFixtureCode,EXPORT/Program blocks/OP010/08_ChangeOver/ST10_RecipeDB_HMI.xml,
ST10_RecipeDB_HMI.ParameterElement.CGlueFixtureCode,ST10_RecipeDB_HMI,0,0,0,0,,1,ST10_RecipeDB_HMI_ParameterElement_CGlueFixtureCode,EXPORT/Program blocks/OP010/08_ChangeOver/ST10_RecipeDB_HMI.xml,
ST10_RecipeDB_HMI.ParameterElement.CGlueNGFixtureCode,ST10_RecipeDB_HMI,0,0,0,0,,1,ST10_RecipeDB_HMI_ParameterElement_CGlueNGFixtureCode,EXPORT/Program blocks/OP010/08_ChangeOver/ST10_RecipeDB_HMI.xml,
ST10_RecipeDB_HMI.ParameterElement.E1LoadingNGFixtureCode,ST10_RecipeDB_HMI,0,0,0,0,,1,ST10_RecipeDB_HMI_ParameterElement_E1LoadingNGFixtureCode,EXPORT/Program blocks/OP010/08_ChangeOver/ST10_RecipeDB_HMI.xml,
ST10_RecipeDB_HMI.ParameterElement.E2UnloadingNGFixtureCode,ST10_RecipeDB_HMI,0,0,0,0,,1,ST10_RecipeDB_HMI_ParameterElement_E2UnloadingNGFixtureCode,EXPORT/Program blocks/OP010/08_ChangeOver/ST10_RecipeDB_HMI.xml,
ST10_RecipeDB_HMI.ParameterElement.R1GripperFixtureCode,ST10_RecipeDB_HMI,0,0,0,0,,1,ST10_RecipeDB_HMI_ParameterElement_R1GripperFixtureCode,EXPORT/Program blocks/OP010/08_ChangeOver/ST10_RecipeDB_HMI.xml,
ST10_RecipeDB_HMI.ParameterElement.R2GripperFixtureCode,ST10_RecipeDB_HMI,0,0,0,0,,1,ST10_RecipeDB_HMI_ParameterElement_R2GripperFixtureCode,EXPORT/Program blocks/OP010/08_ChangeOver/ST10_RecipeDB_HMI.xml,
ST10_RecipeDB_HMI.ParameterElement.R3GripperFixtureCode,ST10_RecipeDB_HMI,0,0,0,0,,1,ST10_RecipeDB_HMI_ParameterElement_R3GripperFixtureCode,EXPORT/Program blocks/OP010/08_ChangeOver/ST10_RecipeDB_HMI.xml,
ST10_RecipeDB_HMI.ParameterElement.ShaftScanFixtureCode,ST10_RecipeDB_HMI,0,0,0,0,,1,ST10_RecipeDB_HMI_ParameterElement_ShaftScanFixtureCode,EXPORT/Program blocks/OP010/08_ChangeOver/ST10_RecipeDB_HMI.xml,
ST10_SafetyGate_InterfaceDB.aDev[10],ST10_SafetyGate_InterfaceDB,0,0,0,0,,1,ST10_SafetyGate_InterfaceDB_aDev{10},EXPORT/Program blocks/OP010/10_Device/03_SafetyGate/ST10_SafetyGate_InterfaceDB.xml,
ST10_SafetyGate_InterfaceDB.aDev[11],ST10_SafetyGate_InterfaceDB,0,0,0,0,,1,ST10_SafetyGate_InterfaceDB_aDev{11},EXPORT/Program blocks/OP010/10_Device/03_SafetyGate/ST10_SafetyGate_InterfaceDB.xml,
ST10_SafetyGate_InterfaceDB.aDev[12],ST10_SafetyGate_InterfaceDB,0,0,0,0,,1,ST10_SafetyGate_InterfaceDB_aDev{12},EXPORT/Program blocks/OP010/10_Device/03_SafetyGate/ST10_SafetyGate_InterfaceDB.xml,
ST10_SafetyGate_InterfaceDB.aDev[13],ST10_SafetyGate_InterfaceDB,0,0,0,0,,1,ST10_SafetyGate_InterfaceDB_aDev{13},EXPORT/Program blocks/OP010/10_Device/03_SafetyGate/ST10_SafetyGate_InterfaceDB.xml,
ST10_SafetyGate_InterfaceDB.aDev[14],ST10_SafetyGate_InterfaceDB,0,0,0,0,,1,ST10_SafetyGate_InterfaceDB_aDev{14},EXPORT/Program blocks/OP010/10_Device/03_SafetyGate/ST10_SafetyGate_InterfaceDB.xml,
ST10_SafetyGate_InterfaceDB.aDev[15],ST10_SafetyGate_InterfaceDB,0,0,0,0,,1,ST10_SafetyGate_InterfaceDB_aDev{15},EXPORT/Program blocks/OP010/10_Device/03_SafetyGate/ST10_SafetyGate_InterfaceDB.xml,
ST10_SafetyGate_InterfaceDB.aDev[16],ST10_SafetyGate_InterfaceDB,0,0,0,0,,1,ST10_SafetyGate_InterfaceDB_aDev{16},EXPORT/Program blocks/OP010/10_Device/03_SafetyGate/ST10_SafetyGate_InterfaceDB.xml,
ST10_SafetyGate_InterfaceDB.aDev[17],ST10_SafetyGate_InterfaceDB,0,0,0,0,,1,ST10_SafetyGate_InterfaceDB_aDev{17},EXPORT/Program blocks/OP010/10_Device/03_SafetyGate/ST10_SafetyGate_InterfaceDB.xml,
ST10_SafetyGate_InterfaceDB.aDev[18],ST10_SafetyGate_InterfaceDB,0,0,0,0,,1,ST10_SafetyGate_InterfaceDB_aDev{18},EXPORT/Program blocks/OP010/10_Device/03_SafetyGate/ST10_SafetyGate_InterfaceDB.xml,
ST10_SafetyGate_InterfaceDB.aDev[19],ST10_SafetyGate_InterfaceDB,0,0,0,0,,1,ST10_SafetyGate_InterfaceDB_aDev{19},EXPORT/Program blocks/OP010/10_Device/03_SafetyGate/ST10_SafetyGate_InterfaceDB.xml,
ST10_SafetyGate_InterfaceDB.aDev[1],ST10_SafetyGate_InterfaceDB,0,0,0,0,,1,ST10_SafetyGate_InterfaceDB_aDev{1},EXPORT/Program blocks/OP010/10_Device/03_SafetyGate/ST10_SafetyGate_InterfaceDB.xml,
ST10_SafetyGate_InterfaceDB.aDev[20],ST10_SafetyGate_InterfaceDB,0,0,0,0,,1,ST10_SafetyGate_InterfaceDB_aDev{20},EXPORT/Program blocks/OP010/10_Device/03_SafetyGate/ST10_SafetyGate_InterfaceDB.xml,
ST10_SafetyGate_InterfaceDB.aDev[2],ST10_SafetyGate_InterfaceDB,0,0,0,0,,1,ST10_SafetyGate_InterfaceDB_aDev{2},EXPORT/Program blocks/OP010/10_Device/03_SafetyGate/ST10_SafetyGate_InterfaceDB.xml,
ST10_SafetyGate_InterfaceDB.aDev[3],ST10_SafetyGate_InterfaceDB,0,0,0,0,,1,ST10_SafetyGate_InterfaceDB_aDev{3},EXPORT/Program blocks/OP010/10_Device/03_SafetyGate/ST10_SafetyGate_InterfaceDB.xml,
ST10_SafetyGate_InterfaceDB.aDev[4],ST10_SafetyGate_InterfaceDB,0,0,0,0,,1,ST10_SafetyGate_InterfaceDB_aDev{4},EXPORT/Program blocks/OP010/10_Device/03_SafetyGate/ST10_SafetyGate_InterfaceDB.xml,
ST10_SafetyGate_InterfaceDB.aDev[5],ST10_SafetyGate_InterfaceDB,0,0,0,0,,1,ST10_SafetyGate_InterfaceDB_aDev{5},EXPORT/Program blocks/OP010/10_Device/03_SafetyGate/ST10_SafetyGate_InterfaceDB.xml,
ST10_SafetyGate_InterfaceDB.aDev[6],ST10_SafetyGate_InterfaceDB,0,0,0,0,,1,ST10_SafetyGate_InterfaceDB_aDev{6},EXPORT/Program blocks/OP010/10_Device/03_SafetyGate/ST10_SafetyGate_InterfaceDB.xml,
ST10_SafetyGate_InterfaceDB.aDev[7],ST10_SafetyGate_InterfaceDB,0,0,0,0,,1,ST10_SafetyGate_InterfaceDB_aDev{7},EXPORT/Program blocks/OP010/10_Device/03_SafetyGate/ST10_SafetyGate_InterfaceDB.xml,
ST10_SafetyGate_InterfaceDB.aDev[8],ST10_SafetyGate_InterfaceDB,0,0,0,0,,1,ST10_SafetyGate_InterfaceDB_aDev{8},EXPORT/Program blocks/OP010/10_Device/03_SafetyGate/ST10_SafetyGate_InterfaceDB.xml,
ST10_SafetyGate_InterfaceDB.aDev[9],ST10_SafetyGate_InterfaceDB,0,0,0,0,,1,ST10_SafetyGate_InterfaceDB_aDev{9},EXPORT/Program blocks/OP010/10_Device/03_SafetyGate/ST10_SafetyGate_InterfaceDB.xml,
ST10_Stopper_InterfaceDB.aDev[1],ST10_Stopper_InterfaceDB,0,0,0,0,,1,ST350_Stopper_InterfaceDB.aDev[1],EXPORT/Program blocks/OP010/10_Device/06_Stopper/ST10_Stopper_InterfaceDB.xml,
ST10_Stopper_InterfaceDB.aDev[2],ST10_Stopper_InterfaceDB,0,0,0,0,,1,ST350_Stopper_InterfaceDB.aDev[2],EXPORT/Program blocks/OP010/10_Device/06_Stopper/ST10_Stopper_InterfaceDB.xml,
ST10_Stopper_InterfaceDB.aDev[3],ST10_Stopper_InterfaceDB,0,0,0,0,,1,ST350_Stopper_InterfaceDB.aDev[3],EXPORT/Program blocks/OP010/10_Device/06_Stopper/ST10_Stopper_InterfaceDB.xml,
ST10_Stopper_InterfaceDB.aDev[4],ST10_Stopper_InterfaceDB,0,0,0,0,,1,ST350_Stopper_InterfaceDB.aDev[4],EXPORT/Program blocks/OP010/10_Device/06_Stopper/ST10_Stopper_InterfaceDB.xml,
ST10_Stopper_InterfaceDB.aDev[5],ST10_Stopper_InterfaceDB,0,0,0,0,,1,ST350_Stopper_InterfaceDB.aDev[5],EXPORT/Program blocks/OP010/10_Device/06_Stopper/ST10_Stopper_InterfaceDB.xml,
ST10_SysInput.iE-StopPB[10],ST10_SysInput,0,0,0,0,,1,ESTOP_PB10,EXPORT/Program blocks/OP010/01_Input/ST10_SysInput.xml,
ST10_SysInput.iE-StopPB[11],ST10_SysInput,0,0,0,0,,1,ESTOP_PB11,EXPORT/Program blocks/OP010/01_Input/ST10_SysInput.xml,
ST10_SysInput.iE-StopPB[12],ST10_SysInput,0,0,0,0,,1,ESTOP_PB12,EXPORT/Program blocks/OP010/01_Input/ST10_SysInput.xml,
ST10_SysInput.iE-StopPB[1],ST10_SysInput,0,0,0,0,,1,ESTOP_PB1,EXPORT/Program blocks/OP010/01_Input/ST10_SysInput.xml,
ST10_SysInput.iE-StopPB[2],ST10_SysInput,0,0,0,0,,1,ESTOP_PB2,EXPORT/Program blocks/OP010/01_Input/ST10_SysInput.xml,
ST10_SysInput.iE-StopPB[3],ST10_SysInput,0,0,0,0,,1,ESTOP_PB3,EXPORT/Program blocks/OP010/01_Input/ST10_SysInput.xml,
ST10_SysInput.iE-StopPB[4],ST10_SysInput,0,0,0,0,,1,ESTOP_PB4,EXPORT/Program blocks/OP010/01_Input/ST10_SysInput.xml,
ST10_SysInput.iE-StopPB[5],ST10_SysInput,0,0,0,0,,1,ESTOP_PB5,EXPORT/Program blocks/OP010/01_Input/ST10_SysInput.xml,
ST10_SysInput.iE-StopPB[6],ST10_SysInput,0,0,0,0,,1,ESTOP_PB6,EXPORT/Program blocks/OP010/01_Input/ST10_SysInput.xml,
ST10_SysInput.iE-StopPB[7],ST10_SysInput,0,0,0,0,,1,ESTOP_PB7,EXPORT/Program blocks/OP010/01_Input/ST10_SysInput.xml,
ST10_SysInput.iE-StopPB[8],ST10_SysInput,0,0,0,0,,1,ESTOP_PB8,EXPORT/Program blocks/OP010/01_Input/ST10_SysInput.xml,
ST10_SysInput.iE-StopPB[9],ST10_SysInput,0,0,0,0,,1,ESTOP_PB9,EXPORT/Program blocks/OP010/01_Input/ST10_SysInput.xml,
"Sys.VersionManagement.""HMI IP Addr""",Sys,0,0,0,0,,1,Sys_VersionManagement_HMI IP Addr,EXPORT/Program blocks/02_Comm/06_SysDataBlock&Function/Sys.xml,
"Sys.VersionManagement.""PLC IP Addr""",Sys,0,0,0,0,,1,Sys_VersionManagement_PLC IP Addr,EXPORT/Program blocks/02_Comm/06_SysDataBlock&Function/Sys.xml,
"Sys.VersionManagement.""TIA Version""",Sys,0,0,0,0,,1,Sys_VersionManagement_TIA Version,EXPORT/Program blocks/02_Comm/06_SysDataBlock&Function/Sys.xml,
Sys.VersionManagement.HMIVersion,Sys,0,0,0,0,,1,Sys_VersionManagement_HMIVersion,EXPORT/Program blocks/02_Comm/06_SysDataBlock&Function/Sys.xml,
Sys.VersionManagement.PLCVersion,Sys,0,0,0,0,,1,Sys_VersionManagement_PLCVersion,EXPORT/Program blocks/02_Comm/06_SysDataBlock&Function/Sys.xml,
Sys.VersionManagement.ProductLineName,Sys,0,0,0,0,,1,Sys_VersionManagement_ProductLineName,EXPORT/Program blocks/02_Comm/06_SysDataBlock&Function/Sys.xml,
Sys.VersionManagement.ProjectNumber,Sys,0,0,0,0,,1,Sys_VersionManagement_ProjectNumber,EXPORT/Program blocks/02_Comm/06_SysDataBlock&Function/Sys.xml,
Sys.VersionManagement.StationID,Sys,0,0,0,0,,1,Sys_VersionManagement_StationID,EXPORT/Program blocks/02_Comm/06_SysDataBlock&Function/Sys.xml,
