TabulkaHMI,TagHMI,ControllerTag,KořenPLC,DatovýTypPLC,DatovýTypHMI,Cyklus,Spojení,ZdrojSoubor
ChangeOverProcess,AutoProcessData_A_Table_1{1}_PartStatus,AutoProcessData.A_Table_1[1].PartStatus,AutoProcessData,Int,Int,1 s,CPU S71500-2PN_TP700,EXPORT/HMI tags/ChangeOverProcess.xml
ChangeOverProcess,AutoProcessData_A_Table_1{2}_PartStatus,AutoProcessData.A_Table_1[2].PartStatus,AutoProcessData,Int,Int,1 s,CPU S71500-2PN_TP700,EXPORT/HMI tags/ChangeOverProcess.xml
ChangeOverProcess,AutoProcessData_A_Table_1{3}_PartStatus,AutoProcessData.A_Table_1[3].PartStatus,AutoProcessData,Int,Int,1 s,CPU S71500-2PN_TP700,EXPORT/HMI tags/ChangeOverProcess.xml
ChangeOverProcess,AutoProcessData_A_Table_1{4}_PartStatus,AutoProcessData.A_Table_1[4].PartStatus,AutoProcessData,Int,Int,1 s,CPU S71500-2PN_TP700,EXPORT/HMI tags/ChangeOverProcess.xml
ChangeOverProcess,AutoProcessData_A_Table_1{5}_PartStatus,AutoProcessData.A_Table_1[5].PartStatus,AutoProcessData,Int,Int,1 s,CPU S71500-2PN_TP700,EXPORT/HMI tags/ChangeOverProcess.xml
ChangeOverProcess,AutoProcessData_A_Table_1{6}_PartStatus,AutoProcessData.A_Table_1[6].PartStatus,AutoProcessData,Int,Int,1 s,CPU S71500-2PN_TP700,EXPORT/HMI tags/ChangeOverProcess.xml
ChangeOverProcess,AutoProcessData_A_Table_1{7}_PartStatus,AutoProcessData.A_Table_1[7].PartStatus,AutoProcessData,Int,Int,1 s,CPU S71500-2PN_TP700,EXPORT/HMI tags/ChangeOverProcess.xml
ChangeOverProcess,AutoProcessData_A_Table_1{8}_PartStatus,AutoProcessData.A_Table_1[8].PartStatus,AutoProcessData,Int,Int,1 s,CPU S71500-2PN_TP700,EXPORT/HMI tags/ChangeOverProcess.xml
ChangeOverProcess,AutoProcessData_A_Table_2{1}_PartStatus,AutoProcessData.A_Table_2[1].PartStatus,AutoProcessData,Int,Int,1 s,CPU S71500-2PN_TP700,EXPORT/HMI tags/ChangeOverProcess.xml
ChangeOverProcess,AutoProcessData_A_Table_2{2}_PartStatus,AutoProcessData.A_Table_2[2].PartStatus,AutoProcessData,Int,Int,1 s,CPU S71500-2PN_TP700,EXPORT/HMI tags/ChangeOverProcess.xml
ChangeOverProcess,AutoProcessData_A_Table_2{3}_PartStatus,AutoProcessData.A_Table_2[3].PartStatus,AutoProcessData,Int,Int,1 s,CPU S71500-2PN_TP700,EXPORT/HMI tags/ChangeOverProcess.xml
ChangeOverProcess,AutoProcessData_A_Table_2{4}_PartStatus,AutoProcessData.A_Table_2[4].PartStatus,AutoProcessData,Int,Int,1 s,CPU S71500-2PN_TP700,EXPORT/HMI tags/ChangeOverProcess.xml
ChangeOverProcess,AutoProcessData_A_Table_2{5}_PartStatus,AutoProcessData.A_Table_2[5].PartStatus,AutoProcessData,Int,Int,1 s,CPU S71500-2PN_TP700,EXPORT/HMI tags/ChangeOverProcess.xml
ChangeOverProcess,AutoProcessData_A_Table_2{6}_PartStatus,AutoProcessData.A_Table_2[6].PartStatus,AutoProcessData,Int,Int,1 s,CPU S71500-2PN_TP700,EXPORT/HMI tags/ChangeOverProcess.xml
ChangeOverProcess,AutoProcessData_A_Table_2{7}_PartStatus,AutoProcessData.A_Table_2[7].PartStatus,AutoProcessData,Int,Int,1 s,CPU S71500-2PN_TP700,EXPORT/HMI tags/ChangeOverProcess.xml
ChangeOverProcess,AutoProcessData_A_Table_2{8}_PartStatus,AutoProcessData.A_Table_2[8].PartStatus,AutoProcessData,Int,Int,1 s,CPU S71500-2PN_TP700,EXPORT/HMI tags/ChangeOverProcess.xml
ChangeOverProcess,AutoProcessData_GlobalData_Table1CodeOKFlag,AutoProcessData.GlobalData.Table1CodeOKFlag,AutoProcessData,Bool,Bool,1 s,CPU S71500-2PN_TP700,EXPORT/HMI tags/ChangeOverProcess.xml
ChangeOverProcess,AutoProcessData_GlobalData_Table2CodeOKFlag,AutoProcessData.GlobalData.Table2CodeOKFlag,AutoProcessData,Bool,Bool,1 s,CPU S71500-2PN_TP700,EXPORT/HMI tags/ChangeOverProcess.xml
ChangeOverProcess,AutoProcessData_GlobalData_Fixture1CodeOKFlag,AutoProcessData.GlobalData.Fixture1CodeOKFlag,AutoProcessData,Bool,Bool,1 s,CPU S71500-2PN_TP700,EXPORT/HMI tags/ChangeOverProcess.xml
ChangeOverProcess,AutoProcessData_GlobalData_Fixture2CodeOKFlag,AutoProcessData.GlobalData.Fixture2CodeOKFlag,AutoProcessData,Bool,Bool,1 s,CPU S71500-2PN_TP700,EXPORT/HMI tags/ChangeOverProcess.xml
ChangeOverProcess,AutoProcessData_GlobalData_Robot2GripperCodeOKFlag,AutoProcessData.GlobalData.Robot2GripperCodeOKFlag,AutoProcessData,Bool,Bool,1 s,CPU S71500-2PN_TP700,EXPORT/HMI tags/ChangeOverProcess.xml
ChangeOverProcess,AutoProcessData_GlobalData_Robot1GripperCodeOKFlag,AutoProcessData.GlobalData.Robot1GripperCodeOKFlag,AutoProcessData,Bool,Bool,1 s,CPU S71500-2PN_TP700,EXPORT/HMI tags/ChangeOverProcess.xml
ChangeOverProcess,AutoProcessData_GlobalData_Robot3GripperCodeOKFlag,AutoProcessData.GlobalData.Robot3GripperCodeOKFlag,AutoProcessData,Bool,Bool,1 s,CPU S71500-2PN_TP700,EXPORT/HMI tags/ChangeOverProcess.xml
ChangeOverProcess,AutoProcessData_GlobalData_Robot1GripCodeStatus1,AutoProcessData.GlobalData.Robot1GripCodeStatus1,AutoProcessData,Int,Int,1 s,CPU S71500-2PN_TP700,EXPORT/HMI tags/ChangeOverProcess.xml
ChangeOverProcess,AutoProcessData_GlobalData_Robot1GripCodeStatus2,AutoProcessData.GlobalData.Robot1GripCodeStatus2,AutoProcessData,Int,Int,1 s,CPU S71500-2PN_TP700,EXPORT/HMI tags/ChangeOverProcess.xml
ChangeOverProcess,AutoProcessData_GlobalData_Robot1GripCodeStatus3,AutoProcessData.GlobalData.Robot1GripCodeStatus3,AutoProcessData,Int,Int,1 s,CPU S71500-2PN_TP700,EXPORT/HMI tags/ChangeOverProcess.xml
ChangeOverProcess,AutoProcessData_GlobalData_Robot1GripCodeStatus4,AutoProcessData.GlobalData.Robot1GripCodeStatus4,AutoProcessData,Int,Int,1 s,CPU S71500-2PN_TP700,EXPORT/HMI tags/ChangeOverProcess.xml
ChangeOverProcess,AutoProcessData_GlobalData_Robot2GripCodeStatus1,AutoProcessData.GlobalData.Robot2GripCodeStatus1,AutoProcessData,Int,Int,1 s,CPU S71500-2PN_TP700,EXPORT/HMI tags/ChangeOverProcess.xml
ChangeOverProcess,AutoProcessData_GlobalData_Robot2GripCodeStatus2,AutoProcessData.GlobalData.Robot2GripCodeStatus2,AutoProcessData,Int,Int,1 s,CPU S71500-2PN_TP700,EXPORT/HMI tags/ChangeOverProcess.xml
ChangeOverProcess,AutoProcessData_GlobalData_Robot2GripCodeStatus3,AutoProcessData.GlobalData.Robot2GripCodeStatus3,AutoProcessData,Int,Int,1 s,CPU S71500-2PN_TP700,EXPORT/HMI tags/ChangeOverProcess.xml
ChangeOverProcess,AutoProcessData_GlobalData_Robot2GripCodeStatus4,AutoProcessData.GlobalData.Robot2GripCodeStatus4,AutoProcessData,Int,Int,1 s,CPU S71500-2PN_TP700,EXPORT/HMI tags/ChangeOverProcess.xml
ChangeOverProcess,AutoProcessData_GlobalData_Robot3GripCodeStatus1,AutoProcessData.GlobalData.Robot3GripCodeStatus1,AutoProcessData,Int,Int,1 s,CPU S71500-2PN_TP700,EXPORT/HMI tags/ChangeOverProcess.xml
ChangeOverProcess,AutoProcessData_GlobalData_Robot3GripCodeStatus2,AutoProcessData.GlobalData.Robot3GripCodeStatus2,AutoProcessData,Int,Int,1 s,CPU S71500-2PN_TP700,EXPORT/HMI tags/ChangeOverProcess.xml
ChangeOverProcess,AutoProcessData_GlobalData_Robot3GripCodeStatus3,AutoProcessData.GlobalData.Robot3GripCodeStatus3,AutoProcessData,Int,Int,1 s,CPU S71500-2PN_TP700,EXPORT/HMI tags/ChangeOverProcess.xml
ChangeOverProcess,AutoProcessData_GlobalData_Robot3GripCodeStatus4,AutoProcessData.GlobalData.Robot3GripCodeStatus4,AutoProcessData,Int,Int,1 s,CPU S71500-2PN_TP700,EXPORT/HMI tags/ChangeOverProcess.xml
ChangeOverProcess,AutoProcessData_GlobalData_FixtureCode_A1Status1,AutoProcessData.GlobalData.FixtureCode_A1Status1,AutoProcessData,Int,Int,1 s,CPU S71500-2PN_TP700,EXPORT/HMI tags/ChangeOverProcess.xml
ChangeOverProcess,AutoProcessData_GlobalData_FixtureCode_A1Status2,AutoProcessData.GlobalData.FixtureCode_A1Status2,AutoProcessData,Int,Int,1 s,CPU S71500-2PN_TP700,EXPORT/HMI tags/ChangeOverProcess.xml
ChangeOverProcess,AutoProcessData_GlobalData_FixtureCode_A1Status3,AutoProcessData.GlobalData.FixtureCode_A1Status3,AutoProcessData,Int,Int,1 s,CPU S71500-2PN_TP700,EXPORT/HMI tags/ChangeOverProcess.xml
ChangeOverProcess,AutoProcessData_GlobalData_FixtureCode_A1Status4,AutoProcessData.GlobalData.FixtureCode_A1Status4,AutoProcessData,Int,Int,1 s,CPU S71500-2PN_TP700,EXPORT/HMI tags/ChangeOverProcess.xml
ChangeOverProcess,AutoProcessData_GlobalData_FixtureCode_A1Status5,AutoProcessData.GlobalData.FixtureCode_A1Status5,AutoProcessData,Int,Int,1 s,CPU S71500-2PN_TP700,EXPORT/HMI tags/ChangeOverProcess.xml
ChangeOverProcess,AutoProcessData_GlobalData_FixtureCode_A1Status6,AutoProcessData.GlobalData.FixtureCode_A1Status6,AutoProcessData,Int,Int,1 s,CPU S71500-2PN_TP700,EXPORT/HMI tags/ChangeOverProcess.xml
ChangeOverProcess,AutoProcessData_GlobalData_FixtureCode_A1Status7,AutoProcessData.GlobalData.FixtureCode_A1Status7,AutoProcessData,Int,Int,1 s,CPU S71500-2PN_TP700,EXPORT/HMI tags/ChangeOverProcess.xml
ChangeOverProcess,AutoProcessData_GlobalData_FixtureCode_A1Status8,AutoProcessData.GlobalData.FixtureCode_A1Status8,AutoProcessData,Int,Int,1 s,CPU S71500-2PN_TP700,EXPORT/HMI tags/ChangeOverProcess.xml
ChangeOverProcess,AutoProcessData_GlobalData_FixtureCode_A1Status9,AutoProcessData.GlobalData.FixtureCode_A1Status9,AutoProcessData,Int,Int,1 s,CPU S71500-2PN_TP700,EXPORT/HMI tags/ChangeOverProcess.xml
ChangeOverProcess,AutoProcessData_GlobalData_FixtureCode_A1Status10,AutoProcessData.GlobalData.FixtureCode_A1Status10,AutoProcessData,Int,Int,1 s,CPU S71500-2PN_TP700,EXPORT/HMI tags/ChangeOverProcess.xml
ChangeOverProcess,AutoProcessData_GlobalData_FixtureCode_A2Status1,AutoProcessData.GlobalData.FixtureCode_A2Status1,AutoProcessData,Int,Int,1 s,CPU S71500-2PN_TP700,EXPORT/HMI tags/ChangeOverProcess.xml
ChangeOverProcess,AutoProcessData_GlobalData_FixtureCode_A2Status2,AutoProcessData.GlobalData.FixtureCode_A2Status2,AutoProcessData,Int,Int,1 s,CPU S71500-2PN_TP700,EXPORT/HMI tags/ChangeOverProcess.xml
ChangeOverProcess,AutoProcessData_GlobalData_FixtureCode_A2Status3,AutoProcessData.GlobalData.FixtureCode_A2Status3,AutoProcessData,Int,Int,1 s,CPU S71500-2PN_TP700,EXPORT/HMI tags/ChangeOverProcess.xml
ChangeOverProcess,AutoProcessData_GlobalData_FixtureCode_A2Status4,AutoProcessData.GlobalData.FixtureCode_A2Status4,AutoProcessData,Int,Int,1 s,CPU S71500-2PN_TP700,EXPORT/HMI tags/ChangeOverProcess.xml
ChangeOverProcess,AutoProcessData_GlobalData_FixtureCode_A2Status5,AutoProcessData.GlobalData.FixtureCode_A2Status5,AutoProcessData,Int,Int,1 s,CPU S71500-2PN_TP700,EXPORT/HMI tags/ChangeOverProcess.xml
ChangeOverProcess,AutoProcessData_GlobalData_FixtureCode_A2Status6,AutoProcessData.GlobalData.FixtureCode_A2Status6,AutoProcessData,Int,Int,1 s,CPU S71500-2PN_TP700,EXPORT/HMI tags/ChangeOverProcess.xml
ChangeOverProcess,AutoProcessData_GlobalData_FixtureCode_A2Status7,AutoProcessData.GlobalData.FixtureCode_A2Status7,AutoProcessData,Int,Int,1 s,CPU S71500-2PN_TP700,EXPORT/HMI tags/ChangeOverProcess.xml
ChangeOverProcess,AutoProcessData_GlobalData_FixtureCode_A2Status8,AutoProcessData.GlobalData.FixtureCode_A2Status8,AutoProcessData,Int,Int,1 s,CPU S71500-2PN_TP700,EXPORT/HMI tags/ChangeOverProcess.xml
ChangeOverProcess,AutoProcessData_GlobalData_FixtureCode_A2Status9,AutoProcessData.GlobalData.FixtureCode_A2Status9,AutoProcessData,Int,Int,1 s,CPU S71500-2PN_TP700,EXPORT/HMI tags/ChangeOverProcess.xml
ChangeOverProcess,AutoProcessData_GlobalData_FixtureCode_A2Status10,AutoProcessData.GlobalData.FixtureCode_A2Status10,AutoProcessData,Int,Int,1 s,CPU S71500-2PN_TP700,EXPORT/HMI tags/ChangeOverProcess.xml
ChangeOverProcess,ChangeOver_DB_Global_ChangeOverFinish,ChangeOver_DB.Global.AllFixtureScanCompareOk,ChangeOver_DB,Bool,Bool,1 s,CPU S71500-2PN_TP700,EXPORT/HMI tags/ChangeOverProcess.xml
ChangeOverProcess,ChangeOver_DB_Global_ChangeOverRequest,ChangeOver_DB.Global.ChangeOverRequest,ChangeOver_DB,Bool,Bool,1 s,CPU S71500-2PN_TP700,EXPORT/HMI tags/ChangeOverProcess.xml
ChangeOverProcess,ChangeOver_DB_Global_Hmi_Confirm_ChangeOver,ChangeOver_DB.Global.Hmi_Confirm_ChangeOver,ChangeOver_DB,Bool,Bool,1 s,CPU S71500-2PN_TP700,EXPORT/HMI tags/ChangeOverProcess.xml
ChangeOverProcess,ChangeOver_DB_Global_ScanFixtureFlag,ChangeOver_DB.Global.ScanFixtureFlag,ChangeOver_DB,Bool,Bool,1 s,CPU S71500-2PN_TP700,EXPORT/HMI tags/ChangeOverProcess.xml
ChangeOverProcess,ChangeOver_DB_Global_ChangeOverSelected,ChangeOver_DB.Global.ChangeOverSelected,ChangeOver_DB,Bool,Bool,1 s,CPU S71500-2PN_TP700,EXPORT/HMI tags/ChangeOverProcess.xml
ProcessData,AutoProcessData_A_ScanRotate,AutoProcessData.A_ScanRotate,AutoProcessData,ProcessData,ProcessData,1 s,CPU S71500-2PN_TP700,EXPORT/HMI tags/ProcessData.xml
ProcessData,AutoProcessData_F_Robot1Grip1,AutoProcessData.F_Robot1Grip1,AutoProcessData,ProcessData,ProcessData,1 s,CPU S71500-2PN_TP700,EXPORT/HMI tags/ProcessData.xml
ProcessData,AutoProcessData_F_Robot1Grip2,AutoProcessData.F_Robot1Grip2,AutoProcessData,ProcessData,ProcessData,1 s,CPU S71500-2PN_TP700,EXPORT/HMI tags/ProcessData.xml
ProcessData,AutoProcessData_B_Press1,AutoProcessData.B_Press1,AutoProcessData,ProcessData,ProcessData,1 s,CPU S71500-2PN_TP700,EXPORT/HMI tags/ProcessData.xml
ProcessData,AutoProcessData_C_Glue,AutoProcessData.C_Glue,AutoProcessData,ProcessData,ProcessData,1 s,CPU S71500-2PN_TP700,EXPORT/HMI tags/ProcessData.xml
ProcessData,AutoProcessData_F_Robot2Grip1,AutoProcessData.F_Robot2Grip1,AutoProcessData,ProcessData,ProcessData,1 s,CPU S71500-2PN_TP700,EXPORT/HMI tags/ProcessData.xml
ProcessData,AutoProcessData_F_Robot2Grip2,AutoProcessData.F_Robot2Grip2,AutoProcessData,ProcessData,ProcessData,1 s,CPU S71500-2PN_TP700,EXPORT/HMI tags/ProcessData.xml
ProcessData,AutoProcessData_C_GlueNGBuffer,AutoProcessData.C_GlueNGBuffer,AutoProcessData,ProcessData,ProcessData,1 s,CPU S71500-2PN_TP700,EXPORT/HMI tags/ProcessData.xml
ProcessData,AutoProcessData_C_MagnScanNGBuffer,AutoProcessData.C_MagnScanNGBuffer,AutoProcessData,ProcessData,ProcessData,1 s,CPU S71500-2PN_TP700,EXPORT/HMI tags/ProcessData.xml
ProcessData,AutoProcessData_B_Press2,AutoProcessData.B_Press2,AutoProcessData,ProcessData,ProcessData,1 s,CPU S71500-2PN_TP700,EXPORT/HMI tags/ProcessData.xml
ProcessData,AutoProcessData_F_Robot3Grip1,AutoProcessData.F_Robot3Grip1,AutoProcessData,ProcessData,ProcessData,1 s,CPU S71500-2PN_TP700,EXPORT/HMI tags/ProcessData.xml
ProcessData,AutoProcessData_F_Robot3Grip2,AutoProcessData.F_Robot3Grip2,AutoProcessData,ProcessData,ProcessData,1 s,CPU S71500-2PN_TP700,EXPORT/HMI tags/ProcessData.xml
ProcessData,AutoProcessData_H_ShafeLine,AutoProcessData.H_ShafeLine,AutoProcessData,ProcessData,ProcessData,1 s,CPU S71500-2PN_TP700,EXPORT/HMI tags/ProcessData.xml
ProcessData,AutoProcessData_J_ShafeLine,AutoProcessData.J_MagnetBelt,AutoProcessData,ProcessData,ProcessData,1 s,CPU S71500-2PN_TP700,EXPORT/HMI tags/ProcessData.xml
ProcessData,AutoProcessData_K_ShafeLine,AutoProcessData.K_ReserveBelt,AutoProcessData,ProcessData,ProcessData,1 s,CPU S71500-2PN_TP700,EXPORT/HMI tags/ProcessData.xml
ProcessData,AutoProcessData_L_ShafeLine,AutoProcessData.L_UnloadBelt,AutoProcessData,ProcessData,ProcessData,1 s,CPU S71500-2PN_TP700,EXPORT/HMI tags/ProcessData.xml
ProcessData_Buffet,AutoProcessData_Buffer_DataBuffer_1,AutoProcessData_Buffer.DataBuffer_1,AutoProcessData_Buffer,ProcessData,ProcessData,500 ms,CPU S71500-2PN_TP700,EXPORT/HMI tags/ProcessData_Buffet.xml
ProcessData_Buffet,AutoProcessData_Buffer_DataBuffer_2,AutoProcessData_Buffer.DataBuffer_2,AutoProcessData_Buffer,ProcessData,ProcessData,500 ms,CPU S71500-2PN_TP700,EXPORT/HMI tags/ProcessData_Buffet.xml
ProcessData_Buffet,AutoProcessData_Buffer_DataBuffer_3,AutoProcessData_Buffer.DataBuffer_3,AutoProcessData_Buffer,ProcessData,ProcessData,500 ms,CPU S71500-2PN_TP700,EXPORT/HMI tags/ProcessData_Buffet.xml
ProcessData_Buffet,AutoProcessData_Buffer_DataBuffer_4,AutoProcessData_Buffer.DataBuffer_4,AutoProcessData_Buffer,ProcessData,ProcessData,500 ms,CPU S71500-2PN_TP700,EXPORT/HMI tags/ProcessData_Buffet.xml
ProcessData_Buffet,AutoProcessData_Buffer_DataBuffer_5,AutoProcessData_Buffer.DataBuffer_5,AutoProcessData_Buffer,ProcessData,ProcessData,500 ms,CPU S71500-2PN_TP700,EXPORT/HMI tags/ProcessData_Buffet.xml
ProcessData_Buffet,AutoProcessData_Buffer_DataBuffer_6,AutoProcessData_Buffer.DataBuffer_6,AutoProcessData_Buffer,ProcessData,ProcessData,500 ms,CPU S71500-2PN_TP700,EXPORT/HMI tags/ProcessData_Buffet.xml
ProcessData_Buffet,AutoProcessData_Buffer_SelectButton,AutoProcessData_Buffer.SelectButton,AutoProcessData_Buffer,Int,Int,500 ms,CPU S71500-2PN_TP700,EXPORT/HMI tags/ProcessData_Buffet.xml
过程数据,Status_FlowPart2,ST10_GeneralData.FlowPartStatus[2],ST10_GeneralData,Int,Int,1 s,CPU S71500-2PN_TP700,EXPORT/HMI tags/过程数据.xml
过程数据,Status_FlowPart1,ST10_GeneralData.FlowPartStatus[1],ST10_GeneralData,Int,Int,1 s,CPU S71500-2PN_TP700,EXPORT/HMI tags/过程数据.xml
过程数据,Status_FlowPart3,ST10_GeneralData.FlowPartStatus[3],ST10_GeneralData,Int,Int,1 s,CPU S71500-2PN_TP700,EXPORT/HMI tags/过程数据.xml
过程数据,Station1_PM_Num{3}_ProcessResult,ST10_PM.Num[3].ProcessResult,ST10_PM,DInt,DInt,1 s,CPU S71500-2PN_TP700,EXPORT/HMI tags/过程数据.xml
Addon,Sys_VersionManagement_ProjectNumber,Sys.VersionManagement.ProjectNumber,Sys,String,WString,1 s,CPU S71500-2PN_TP700,EXPORT/HMI tags/01 SysCom/Addon.xml
Addon,Sys_VersionManagement_PLC IP Addr,"Sys.VersionManagement.""PLC IP Addr""",Sys,Array [0..3] of UInt,Array [0..3] of UInt,1 s,CPU S71500-2PN_TP700,EXPORT/HMI tags/01 SysCom/Addon.xml
Addon,Sys_VersionManagement_HMI IP Addr,"Sys.VersionManagement.""HMI IP Addr""",Sys,Array [0..3] of UInt,Array [0..3] of UInt,1 s,CPU S71500-2PN_TP700,EXPORT/HMI tags/01 SysCom/Addon.xml
Addon,Sys_VersionManagement_PLCVersion,Sys.VersionManagement.PLCVersion,Sys,Array [0..1] of UInt,Array [0..1] of UInt,1 s,CPU S71500-2PN_TP700,EXPORT/HMI tags/01 SysCom/Addon.xml
Addon,Sys_VersionManagement_HMIVersion,Sys.VersionManagement.HMIVersion,Sys,Array [0..1] of UInt,Array [0..1] of UInt,1 s,CPU S71500-2PN_TP700,EXPORT/HMI tags/01 SysCom/Addon.xml
Addon,Sys_VersionManagement_TIA Version,"Sys.VersionManagement.""TIA Version""",Sys,String,WString,1 s,CPU S71500-2PN_TP700,EXPORT/HMI tags/01 SysCom/Addon.xml
Addon,Sys_VersionManagement_ProductLineName,Sys.VersionManagement.ProductLineName,Sys,String,WString,1 s,CPU S71500-2PN_TP700,EXPORT/HMI tags/01 SysCom/Addon.xml
Addon,Sys_VersionManagement_HMIPageID,ST10_GeneralData.HMI.AREAPOINTER.SCREEN_NUMBER.SCREENNUMBER,ST10_GeneralData,Int,Int,1 s,CPU S71500-2PN_TP700,EXPORT/HMI tags/01 SysCom/Addon.xml
Addon,Sys_VersionManagement_StationID,Sys.VersionManagement.StationID,Sys,Int,Int,1 s,CPU S71500-2PN_TP700,EXPORT/HMI tags/01 SysCom/Addon.xml
Com,Sys_COM_FlashTime100mS,Sys.COM.FlashTime100mS,Sys,Bool,Bool,100 ms,CPU S71500-2PN_TP700,EXPORT/HMI tags/01 SysCom/Com.xml
Com,Sys_COM_FlashTime200mS,Sys.COM.FlashTime200mS,Sys,Bool,Bool,100 ms,CPU S71500-2PN_TP700,EXPORT/HMI tags/01 SysCom/Com.xml
Com,Sys_COM_FlashTime500mS,Sys.COM.FlashTime500mS,Sys,Bool,Bool,100 ms,CPU S71500-2PN_TP700,EXPORT/HMI tags/01 SysCom/Com.xml
Com,Sys_COM_FlashTime1S,Sys.COM.FlashTime1S,Sys,Bool,Bool,100 ms,CPU S71500-2PN_TP700,EXPORT/HMI tags/01 SysCom/Com.xml
Com,Sys_COM_FlashTime2S,Sys.COM.FlashTime2S,Sys,Bool,Bool,100 ms,CPU S71500-2PN_TP700,EXPORT/HMI tags/01 SysCom/Com.xml
Com,Sys_COM_AlwaysON,Sys.COM.AlwaysON,Sys,Bool,Bool,1 s,CPU S71500-2PN_TP700,EXPORT/HMI tags/01 SysCom/Com.xml
Com,Sys_DateTime_Set,Sys.DateTime.Set,Sys,Date_And_Time,DateTime,1 s,CPU S71500-2PN_TP700,EXPORT/HMI tags/01 SysCom/Com.xml
Com,Sys_DateTime_Read,Sys.DateTime.Read,Sys,Date_And_Time,DateTime,1 s,CPU S71500-2PN_TP700,EXPORT/HMI tags/01 SysCom/Com.xml
Com,Sys_DateTime_Trigger,Sys.DateTime.Trigger,Sys,Bool,Bool,1 s,CPU S71500-2PN_TP700,EXPORT/HMI tags/01 SysCom/Com.xml
Com,SysComFlashTime100mS,Sys.COM.FlashTime100mS,Sys,Bool,Bool,100 ms,CPU S71500-2PN_TP700,EXPORT/HMI tags/01 SysCom/Com.xml
Com,SysComFlashTime200mS,Sys.COM.FlashTime200mS,Sys,Bool,Bool,100 ms,CPU S71500-2PN_TP700,EXPORT/HMI tags/01 SysCom/Com.xml
Com,SysComFlashTime500mS,Sys.COM.FlashTime500mS,Sys,Bool,Bool,100 ms,CPU S71500-2PN_TP700,EXPORT/HMI tags/01 SysCom/Com.xml
Com,SysComFlashTime1S,Sys.COM.FlashTime1S,Sys,Bool,Bool,100 ms,CPU S71500-2PN_TP700,EXPORT/HMI tags/01 SysCom/Com.xml
Com,SysComFlashTime2S,Sys.COM.FlashTime2S,Sys,Bool,Bool,100 ms,CPU S71500-2PN_TP700,EXPORT/HMI tags/01 SysCom/Com.xml
Com,SysComAlwaysON,Sys.COM.AlwaysON,Sys,Bool,Bool,1 s,CPU S71500-2PN_TP700,EXPORT/HMI tags/01 SysCom/Com.xml
Com,SysDateTimeSet,Sys.DateTime.Set,Sys,Date_And_Time,DateTime,1 s,CPU S71500-2PN_TP700,EXPORT/HMI tags/01 SysCom/Com.xml
Com,SysDateTimeRead,Sys.DateTime.Read,Sys,Date_And_Time,DateTime,1 s,CPU S71500-2PN_TP700,EXPORT/HMI tags/01 SysCom/Com.xml
Com,SysDateTimeTrigger,Sys.DateTime.Trigger,Sys,Bool,Bool,1 s,CPU S71500-2PN_TP700,EXPORT/HMI tags/01 SysCom/Com.xml
LXL_CylTime,ST10_PMCountCycleTime_PM_Num,ST10_PMCountCycleTime.PM_Num,ST10_PMCountCycleTime,Int,Int,1 s,CPU S71500-2PN_TP700,EXPORT/HMI tags/02 ST_Sys/LXL_CylTime.xml
ST_Mode,Station_Sys_Cmd_ClearFlags,Station_Sys.Cmd.ClearFlags,Station_Sys,Bool,Bool,1 s,CPU S71500-2PN_TP700,EXPORT/HMI tags/02 ST_Sys/ST_Mode.xml
IAI,HMISystemDB_HMI_Axis,HMISystemDB.HMI_Axis,HMISystemDB,HMI_Axis,HMI_Axis,1 s,CPU S71500-2PN_TP700,EXPORT/HMI tags/IAI/IAI.xml
IV3,DB_KeyenceCheckerIV3_aDev{1},DB_KeyenceCheckerIV3.aDev[1],DB_KeyenceCheckerIV3,ST_KeyenceCheckerIV3,ST_KeyenceCheckerIV3,1 s,CPU S71500-2PN_TP700,EXPORT/HMI tags/IV3/IV3.xml
IV3,DB_KeyenceCheckerIV3_aDev{2},DB_KeyenceCheckerIV3.aDev[2],DB_KeyenceCheckerIV3,ST_KeyenceCheckerIV3,ST_KeyenceCheckerIV3,1 s,CPU S71500-2PN_TP700,EXPORT/HMI tags/IV3/IV3.xml
IV3,DB_KeyenceCheckerIV3_aDev{3},DB_KeyenceCheckerIV3.aDev[3],DB_KeyenceCheckerIV3,ST_KeyenceCheckerIV3,ST_KeyenceCheckerIV3,1 s,CPU S71500-2PN_TP700,EXPORT/HMI tags/IV3/IV3.xml
IV3,DB_KeyenceCheckerIV3_aDev{4},DB_KeyenceCheckerIV3.aDev[4],DB_KeyenceCheckerIV3,ST_KeyenceCheckerIV3,ST_KeyenceCheckerIV3,1 s,CPU S71500-2PN_TP700,EXPORT/HMI tags/IV3/IV3.xml
Presser,ProcessData_1_PressInterlock_1,ProcessData_1.PressInterlock_1,ProcessData_1,Array [0..15] of Bool,Array [0..15] of Bool,1 s,CPU S71500-2PN_TP700,EXPORT/HMI tags/Kistler/Presser.xml
Presser,ProcessData_1_PressInterlock_2,ProcessData_1.PressInterlock_2,ProcessData_1,Array [0..15] of Bool,Array [0..15] of Bool,1 s,CPU S71500-2PN_TP700,EXPORT/HMI tags/Kistler/Presser.xml
Presser,KistlerPressData2_ManualPro,KistlerPressData2.ManualPro,KistlerPressData2,Int,Int,1 s,CPU S71500-2PN_TP700,EXPORT/HMI tags/Kistler/Presser.xml
Presser,KistlerPressData1_ManualPro,KistlerPressData1.ManualPro,KistlerPressData1,Int,Int,1 s,CPU S71500-2PN_TP700,EXPORT/HMI tags/Kistler/Presser.xml
Presser,ProcessData_1_Calibartion_1,ProcessData_1.Calibartion_1,ProcessData_1,Bool,Bool,1 s,CPU S71500-2PN_TP700,EXPORT/HMI tags/Kistler/Presser.xml
Presser,ProcessData_1_Calibartion_2,ProcessData_1.Calibartion_2,ProcessData_1,Bool,Bool,1 s,CPU S71500-2PN_TP700,EXPORT/HMI tags/Kistler/Presser.xml
Bypass,ST10_GeneralData_FunctionDeSelect_A_DeSelectPB_Servo380A1,ST10_GeneralData.FunctionDeSelect.A.DeSelectPB_Servo380A1,ST10_GeneralData,Bool,Bool,1 s,CPU S71500-2PN_TP700,EXPORT/HMI tags/Message/Bypass.xml
Bypass,ST10_GeneralData_FunctionDeSelect_A_FunctionDeSelected_Servo380A1,ST10_GeneralData.FunctionDeSelect.A.FunctionDeSelected_Servo380A1,ST10_GeneralData,Bool,Bool,1 s,CPU S71500-2PN_TP700,EXPORT/HMI tags/Message/Bypass.xml
Bypass,ST10_GeneralData_FunctionDeSelect_A_DeSelectPB_Servo381A1,ST10_GeneralData.FunctionDeSelect.A.DeSelectPB_Servo381A1,ST10_GeneralData,Bool,Bool,1 s,CPU S71500-2PN_TP700,EXPORT/HMI tags/Message/Bypass.xml
Bypass,ST10_GeneralData_FunctionDeSelect_A_FunctionDeSelected_Servo381A1,ST10_GeneralData.FunctionDeSelect.A.FunctionDeSelected_Servo381A1,ST10_GeneralData,Bool,Bool,1 s,CPU S71500-2PN_TP700,EXPORT/HMI tags/Message/Bypass.xml
Bypass,ST10_GeneralData_FunctionDeSelect_A_DeSelectPB_Servo383A1,ST10_GeneralData.FunctionDeSelect.A.DeSelectPB_Servo383A1,ST10_GeneralData,Bool,Bool,1 s,CPU S71500-2PN_TP700,EXPORT/HMI tags/Message/Bypass.xml
Bypass,ST10_GeneralData_FunctionDeSelect_A_FunctionDeSelected_Servo383A1,ST10_GeneralData.FunctionDeSelect.A.FunctionDeSelected_Servo383A1,ST10_GeneralData,Bool,Bool,1 s,CPU S71500-2PN_TP700,EXPORT/HMI tags/Message/Bypass.xml
Bypass,ST10_GeneralData_FunctionDeSelect_A_DeSelectPB_Reader800A1,ST10_GeneralData.FunctionDeSelect.A.DeSelectPB_Reader800A1,ST10_GeneralData,Bool,Bool,1 s,CPU S71500-2PN_TP700,EXPORT/HMI tags/Message/Bypass.xml
Bypass,ST10_GeneralData_FunctionDeSelect_A_FunctionDeSelected_Reader800A1,ST10_GeneralData.FunctionDeSelect.A.FunctionDeSelected_Reader800A1,ST10_GeneralData,Bool,Bool,1 s,CPU S71500-2PN_TP700,EXPORT/HMI tags/Message/Bypass.xml
Bypass,ST10_GeneralData_FunctionDeSelect_A_DeSelectPB_Reader801A1,ST10_GeneralData.FunctionDeSelect.A.DeSelectPB_Reader801A1,ST10_GeneralData,Bool,Bool,1 s,CPU S71500-2PN_TP700,EXPORT/HMI tags/Message/Bypass.xml
Bypass,ST10_GeneralData_FunctionDeSelect_A_FunctionDeSelected_Reader801A1,ST10_GeneralData.FunctionDeSelect.A.FunctionDeSelected_Reader801A1,ST10_GeneralData,Bool,Bool,1 s,CPU S71500-2PN_TP700,EXPORT/HMI tags/Message/Bypass.xml
Bypass,ST10_GeneralData_FunctionDeSelect_A_DeSelectPB_Reader802A1,ST10_GeneralData.FunctionDeSelect.A.DeSelectPB_Reader802A1,ST10_GeneralData,Bool,Bool,1 s,CPU S71500-2PN_TP700,EXPORT/HMI tags/Message/Bypass.xml
Bypass,ST10_GeneralData_FunctionDeSelect_A_FunctionDeSelected_Reader802A1,ST10_GeneralData.FunctionDeSelect.A.FunctionDeSelected_Reader802A1,ST10_GeneralData,Bool,Bool,1 s,CPU S71500-2PN_TP700,EXPORT/HMI tags/Message/Bypass.xml
Bypass,ST10_GeneralData_FunctionDeSelect_A_DeSelectPB_Reader803A1,ST10_GeneralData.FunctionDeSelect.A.DeSelectPB_Reader803A1,ST10_GeneralData,Bool,Bool,1 s,CPU S71500-2PN_TP700,EXPORT/HMI tags/Message/Bypass.xml
Bypass,ST10_GeneralData_FunctionDeSelect_A_FunctionDeSelected_Reader803A1,ST10_GeneralData.FunctionDeSelect.A.FunctionDeSelected_Reader803A1,ST10_GeneralData,Bool,Bool,1 s,CPU S71500-2PN_TP700,EXPORT/HMI tags/Message/Bypass.xml
Bypass,ST10_GeneralData_FunctionDeSelect_A_DeSelectPB_Reader804A1,ST10_GeneralData.FunctionDeSelect.A.DeSelectPB_Reader804A1,ST10_GeneralData,Bool,Bool,1 s,CPU S71500-2PN_TP700,EXPORT/HMI tags/Message/Bypass.xml
Bypass,ST10_GeneralData_FunctionDeSelect_A_FunctionDeSelected_Reader804A1,ST10_GeneralData.FunctionDeSelect.A.FunctionDeSelected_Reader804A1,ST10_GeneralData,Bool,Bool,1 s,CPU S71500-2PN_TP700,EXPORT/HMI tags/Message/Bypass.xml
Bypass,ST10_GeneralData_FunctionDeSelect_B_DeSelectPB_Press372A1,ST10_GeneralData.FunctionDeSelect.B.DeSelectPB_Press372A1,ST10_GeneralData,Bool,Bool,1 s,CPU S71500-2PN_TP700,EXPORT/HMI tags/Message/Bypass.xml
Bypass,ST10_GeneralData_FunctionDeSelect_B_FunctionDeSelected_Press372A1,ST10_GeneralData.FunctionDeSelect.B.FunctionDeSelected_Press372A1,ST10_GeneralData,Bool,Bool,1 s,CPU S71500-2PN_TP700,EXPORT/HMI tags/Message/Bypass.xml
Bypass,ST10_GeneralData_FunctionDeSelect_B_DeSelectPB_Press375A1,ST10_GeneralData.FunctionDeSelect.B.DeSelectPB_Press375A1,ST10_GeneralData,Bool,Bool,1 s,CPU S71500-2PN_TP700,EXPORT/HMI tags/Message/Bypass.xml
Bypass,ST10_GeneralData_FunctionDeSelect_B_FunctionDeSelected_Press375A1,ST10_GeneralData.FunctionDeSelect.B.FunctionDeSelected_Press375A1,ST10_GeneralData,Bool,Bool,1 s,CPU S71500-2PN_TP700,EXPORT/HMI tags/Message/Bypass.xml
Bypass,ST10_GeneralData_FunctionDeSelect_B_DeSelectPB_Reader806A1,ST10_GeneralData.FunctionDeSelect.B.DeSelectPB_Reader806A1,ST10_GeneralData,Bool,Bool,1 s,CPU S71500-2PN_TP700,EXPORT/HMI tags/Message/Bypass.xml
Bypass,ST10_GeneralData_FunctionDeSelect_B_FunctionDeSelected_Reader806A1,ST10_GeneralData.FunctionDeSelect.B.FunctionDeSelected_Reader806A1,ST10_GeneralData,Bool,Bool,1 s,CPU S71500-2PN_TP700,EXPORT/HMI tags/Message/Bypass.xml
Bypass,ST10_GeneralData_FunctionDeSelect_C_DeSelectPB_Servo382A1,ST10_GeneralData.FunctionDeSelect.C.DeSelectPB_Servo382A1,ST10_GeneralData,Bool,Bool,1 s,CPU S71500-2PN_TP700,EXPORT/HMI tags/Message/Bypass.xml
Bypass,ST10_GeneralData_FunctionDeSelect_C_FunctionDeSelected_Servo382A1,ST10_GeneralData.FunctionDeSelect.C.FunctionDeSelected_Servo382A1,ST10_GeneralData,Bool,Bool,1 s,CPU S71500-2PN_TP700,EXPORT/HMI tags/Message/Bypass.xml
Bypass,ST10_GeneralData_FunctionDeSelect_C_DeSelectPB_ServoIAI,ST10_GeneralData.FunctionDeSelect.C.DeSelectPB_ServoIAI,ST10_GeneralData,Bool,Bool,1 s,CPU S71500-2PN_TP700,EXPORT/HMI tags/Message/Bypass.xml
Bypass,ST10_GeneralData_FunctionDeSelect_C_FunctionDeSelected_ServoIAI,ST10_GeneralData.FunctionDeSelect.C.FunctionDeSelected_ServoIAI,ST10_GeneralData,Bool,Bool,1 s,CPU S71500-2PN_TP700,EXPORT/HMI tags/Message/Bypass.xml
Bypass,ST10_GeneralData_FunctionDeSelect_C_DeSelectPB_IV3810A1,ST10_GeneralData.FunctionDeSelect.C.DeSelectPB_IV3810A1,ST10_GeneralData,Bool,Bool,1 s,CPU S71500-2PN_TP700,EXPORT/HMI tags/Message/Bypass.xml
Bypass,ST10_GeneralData_FunctionDeSelect_C_FunctionDeSelected_IV3810A1,ST10_GeneralData.FunctionDeSelect.C.FunctionDeSelected_IV3810A1,ST10_GeneralData,Bool,Bool,1 s,CPU S71500-2PN_TP700,EXPORT/HMI tags/Message/Bypass.xml
Bypass,ST10_GeneralData_FunctionDeSelect_C_DeSelectPB_IV3811A1,ST10_GeneralData.FunctionDeSelect.C.DeSelectPB_IV3811A1,ST10_GeneralData,Bool,Bool,1 s,CPU S71500-2PN_TP700,EXPORT/HMI tags/Message/Bypass.xml
Bypass,ST10_GeneralData_FunctionDeSelect_C_FunctionDeSelected_IV3811A1,ST10_GeneralData.FunctionDeSelect.C.FunctionDeSelected_IV3811A1,ST10_GeneralData,Bool,Bool,1 s,CPU S71500-2PN_TP700,EXPORT/HMI tags/Message/Bypass.xml
Bypass,ST10_GeneralData_FunctionDeSelect_C_DeSelectPB_Glue,ST10_GeneralData.FunctionDeSelect.C.DeSelectPB_Glue,ST10_GeneralData,Bool,Bool,1 s,CPU S71500-2PN_TP700,EXPORT/HMI tags/Message/Bypass.xml
Bypass,ST10_GeneralData_FunctionDeSelect_C_FunctionDeSelected_Glue,ST10_GeneralData.FunctionDeSelect.C.FunctionDeSelected_Glue,ST10_GeneralData,Bool,Bool,1 s,CPU S71500-2PN_TP700,EXPORT/HMI tags/Message/Bypass.xml
Bypass,ST10_GeneralData_FunctionDeSelect_F_DeSelectPB_Reader805A1,ST10_GeneralData.FunctionDeSelect.F.DeSelectPB_Reader805A1,ST10_GeneralData,Bool,Bool,1 s,CPU S71500-2PN_TP700,EXPORT/HMI tags/Message/Bypass.xml
Bypass,ST10_GeneralData_FunctionDeSelect_F_FunctionDeSelected_Reader805A1,ST10_GeneralData.FunctionDeSelect.F.FunctionDeSelected_Reader805A1,ST10_GeneralData,Bool,Bool,1 s,CPU S71500-2PN_TP700,EXPORT/HMI tags/Message/Bypass.xml
Bypass,ST10_GeneralData_FunctionDeSelect_Global_DeSelectPB_DryMode,ST10_GeneralData.FunctionDeSelect.Global.DeSelectPB_DryMode,ST10_GeneralData,Bool,Bool,1 s,CPU S71500-2PN_TP700,EXPORT/HMI tags/Message/Bypass.xml
Bypass,ST10_GeneralData_FunctionDeSelect_Global_FunctionDeSelected_DryMode,ST10_GeneralData.FunctionDeSelect.Global.FunctionDeSelected_DryMode,ST10_GeneralData,Bool,Bool,1 s,CPU S71500-2PN_TP700,EXPORT/HMI tags/Message/Bypass.xml
Bypass,Station_Sys_Auto_Mode,Station_Sys.Auto.Mode,Station_Sys,Bool,Bool,1 s,CPU S71500-2PN_TP700,EXPORT/HMI tags/Message/Bypass.xml
Bypass,AutoProcessControl_C_Glue_GlueTest,AutoProcessControl.C_Glue.GlueTest,AutoProcessControl,Bool,Bool,100 ms,CPU S71500-2PN_TP700,EXPORT/HMI tags/Message/Bypass.xml
Bypass,ST10_GeneralData_FunctionDeSelect_MES_DeSelectPB,ST10_GeneralData.FunctionDeSelect.MES.DeSelectPB,ST10_GeneralData,Bool,Bool,1 s,CPU S71500-2PN_TP700,EXPORT/HMI tags/Message/Bypass.xml
Bypass,ST10_GeneralData_FunctionDeSelect_MES_FunctionDeSelected,ST10_GeneralData.FunctionDeSelect.MES.FunctionDeSelected,ST10_GeneralData,Bool,Bool,1 s,CPU S71500-2PN_TP700,EXPORT/HMI tags/Message/Bypass.xml
Bypass,ST10_GeneralData_FunctionDeSelect_Global_DeSelectPB_ScanFixture,ST10_GeneralData.FunctionDeSelect.Global.DeSelectPB_ScanFixture,ST10_GeneralData,Bool,Bool,1 s,CPU S71500-2PN_TP700,EXPORT/HMI tags/Message/Bypass.xml
Bypass,ST10_GeneralData_FunctionDeSelect_Global_FunctionDeSelected_ScanFixture,ST10_GeneralData.FunctionDeSelect.Global.FunctionDeSelected_ScanFixture,ST10_GeneralData,Bool,Bool,1 s,CPU S71500-2PN_TP700,EXPORT/HMI tags/Message/Bypass.xml
Mode,ST10_Manual_mode,Station_Sys.Manual.Mode,Station_Sys,Bool,Bool,1 s,CPU S71500-2PN_TP700,EXPORT/HMI tags/Mode/Mode.xml
Mode,ST10_Auto_Mode,Station_Sys.Auto.Mode,Station_Sys,Bool,Bool,1 s,CPU S71500-2PN_TP700,EXPORT/HMI tags/Mode/Mode.xml
Mode,ST10_Status_ModeSV,Station_Sys.Status.ModeSV,Station_Sys,Int,Int,1 s,CPU S71500-2PN_TP700,EXPORT/HMI tags/Mode/Mode.xml
Motor_1,MotorControl_Dev{1},MotorControl.Dev[1],MotorControl,Motor_Control,Motor_Control,1 s,CPU S71500-2PN_TP700,EXPORT/HMI tags/Motor/Motor_1.xml
Motor_1,MotorControl_Dev{2},MotorControl.Dev[2],MotorControl,Motor_Control,Motor_Control,1 s,CPU S71500-2PN_TP700,EXPORT/HMI tags/Motor/Motor_1.xml
Motor_1,MotorControl_Dev{3},MotorControl.Dev[3],MotorControl,Motor_Control,Motor_Control,1 s,CPU S71500-2PN_TP700,EXPORT/HMI tags/Motor/Motor_1.xml
Motor_1,MotorControl_Dev{4},MotorControl.Dev[4],MotorControl,Motor_Control,Motor_Control,1 s,CPU S71500-2PN_TP700,EXPORT/HMI tags/Motor/Motor_1.xml
Motor_1,MotorControl_Dev{5},MotorControl.Dev[5],MotorControl,Motor_Control,Motor_Control,1 s,CPU S71500-2PN_TP700,EXPORT/HMI tags/Motor/Motor_1.xml
Motor_1,MotorControl_Dev{6},MotorControl.Dev[6],MotorControl,Motor_Control,Motor_Control,1 s,CPU S71500-2PN_TP700,EXPORT/HMI tags/Motor/Motor_1.xml
Motor_1,MotorControl_Dev{7},MotorControl.Dev[7],MotorControl,Motor_Control,Motor_Control,1 s,CPU S71500-2PN_TP700,EXPORT/HMI tags/Motor/Motor_1.xml
Motor_1,MotorControl_Dev{8},MotorControl.Dev[8],MotorControl,Motor_Control,Motor_Control,1 s,CPU S71500-2PN_TP700,EXPORT/HMI tags/Motor/Motor_1.xml
Motor_1,MotorControl_Dev{9},MotorControl.Dev[9],MotorControl,Motor_Control,Motor_Control,1 s,CPU S71500-2PN_TP700,EXPORT/HMI tags/Motor/Motor_1.xml
Motor_1,MotorControl_Dev{10},MotorControl.Dev[10],MotorControl,Motor_Control,Motor_Control,1 s,CPU S71500-2PN_TP700,EXPORT/HMI tags/Motor/Motor_1.xml
Motor_1,MotorControl_Dev{11},MotorControl.Dev[11],MotorControl,Motor_Control,Motor_Control,1 s,CPU S71500-2PN_TP700,EXPORT/HMI tags/Motor/Motor_1.xml
Motor_1,MotorControl_Dev{12},MotorControl.Dev[12],MotorControl,Motor_Control,Motor_Control,1 s,CPU S71500-2PN_TP700,EXPORT/HMI tags/Motor/Motor_1.xml
Motor_1,MotorControl_Dev{13},MotorControl.Dev[13],MotorControl,Motor_Control,Motor_Control,1 s,CPU S71500-2PN_TP700,EXPORT/HMI tags/Motor/Motor_1.xml
Motor_1,MotorControl_Dev{14},MotorControl.Dev[14],MotorControl,Motor_Control,Motor_Control,1 s,CPU S71500-2PN_TP700,EXPORT/HMI tags/Motor/Motor_1.xml
Motor_1,MotorControl_Dev{15},MotorControl.Dev[15],MotorControl,Motor_Control,Motor_Control,1 s,CPU S71500-2PN_TP700,EXPORT/HMI tags/Motor/Motor_1.xml
Motor_1,MotorControl_Dev{16},MotorControl.Dev[16],MotorControl,Motor_Control,Motor_Control,1 s,CPU S71500-2PN_TP700,EXPORT/HMI tags/Motor/Motor_1.xml
Motor_1,MotorControl_Dev{17},MotorControl.Dev[17],MotorControl,Motor_Control,Motor_Control,1 s,CPU S71500-2PN_TP700,EXPORT/HMI tags/Motor/Motor_1.xml
Motor_1,MotorControl_Dev{18},MotorControl.Dev[18],MotorControl,Motor_Control,Motor_Control,1 s,CPU S71500-2PN_TP700,EXPORT/HMI tags/Motor/Motor_1.xml
Motor_1,MotorControl_Dev{19},MotorControl.Dev[19],MotorControl,Motor_Control,Motor_Control,1 s,CPU S71500-2PN_TP700,EXPORT/HMI tags/Motor/Motor_1.xml
Motor_1,MotorControl_Dev{20},MotorControl.Dev[20],MotorControl,Motor_Control,Motor_Control,1 s,CPU S71500-2PN_TP700,EXPORT/HMI tags/Motor/Motor_1.xml
Motor_2,MotorData_Time,MotorData.Time,MotorData,Array [0..50] of Time,Array [0..50] of DInt,1 s,CPU S71500-2PN_TP700,EXPORT/HMI tags/Motor/Motor_2.xml
NG,PalletNGData_LoadingNGPallet_NG_1_1,PalletNGData.LoadingNGPallet.NG_1_1,PalletNGData,Bool,Bool,100 ms,CPU S71500-2PN_TP700,EXPORT/HMI tags/OP010/NG.xml
NG,PalletNGData_LoadingNGPallet_NG_1_2,PalletNGData.LoadingNGPallet.NG_1_2,PalletNGData,Bool,Bool,100 ms,CPU S71500-2PN_TP700,EXPORT/HMI tags/OP010/NG.xml
NG,PalletNGData_LoadingNGPallet_NG_1_3,PalletNGData.LoadingNGPallet.NG_1_3,PalletNGData,Bool,Bool,100 ms,CPU S71500-2PN_TP700,EXPORT/HMI tags/OP010/NG.xml
NG,PalletNGData_LoadingNGPallet_NG_1_4,PalletNGData.LoadingNGPallet.NG_1_4,PalletNGData,Bool,Bool,100 ms,CPU S71500-2PN_TP700,EXPORT/HMI tags/OP010/NG.xml
NG,PalletNGData_LoadingNGPallet_NG_1_5,PalletNGData.LoadingNGPallet.NG_1_5,PalletNGData,Bool,Bool,100 ms,CPU S71500-2PN_TP700,EXPORT/HMI tags/OP010/NG.xml
NG,PalletNGData_LoadingNGPallet_NG_2_1,PalletNGData.LoadingNGPallet.NG_2_1,PalletNGData,Bool,Bool,100 ms,CPU S71500-2PN_TP700,EXPORT/HMI tags/OP010/NG.xml
NG,PalletNGData_LoadingNGPallet_NG_2_2,PalletNGData.LoadingNGPallet.NG_2_2,PalletNGData,Bool,Bool,100 ms,CPU S71500-2PN_TP700,EXPORT/HMI tags/OP010/NG.xml
NG,PalletNGData_LoadingNGPallet_NG_2_3,PalletNGData.LoadingNGPallet.NG_2_3,PalletNGData,Bool,Bool,100 ms,CPU S71500-2PN_TP700,EXPORT/HMI tags/OP010/NG.xml
NG,PalletNGData_LoadingNGPallet_NG_2_4,PalletNGData.LoadingNGPallet.NG_2_4,PalletNGData,Bool,Bool,100 ms,CPU S71500-2PN_TP700,EXPORT/HMI tags/OP010/NG.xml
NG,PalletNGData_LoadingNGPallet_NG_2_5,PalletNGData.LoadingNGPallet.NG_2_5,PalletNGData,Bool,Bool,100 ms,CPU S71500-2PN_TP700,EXPORT/HMI tags/OP010/NG.xml
NG,PalletNGData_LoadingNGPallet_NG_3_1,PalletNGData.LoadingNGPallet.NG_3_1,PalletNGData,Bool,Bool,100 ms,CPU S71500-2PN_TP700,EXPORT/HMI tags/OP010/NG.xml
NG,PalletNGData_LoadingNGPallet_NG_3_2,PalletNGData.LoadingNGPallet.NG_3_2,PalletNGData,Bool,Bool,100 ms,CPU S71500-2PN_TP700,EXPORT/HMI tags/OP010/NG.xml
NG,PalletNGData_LoadingNGPallet_NG_3_3,PalletNGData.LoadingNGPallet.NG_3_3,PalletNGData,Bool,Bool,100 ms,CPU S71500-2PN_TP700,EXPORT/HMI tags/OP010/NG.xml
NG,PalletNGData_LoadingNGPallet_NG_3_4,PalletNGData.LoadingNGPallet.NG_3_4,PalletNGData,Bool,Bool,100 ms,CPU S71500-2PN_TP700,EXPORT/HMI tags/OP010/NG.xml
NG,PalletNGData_LoadingNGPallet_NG_3_5,PalletNGData.LoadingNGPallet.NG_3_5,PalletNGData,Bool,Bool,100 ms,CPU S71500-2PN_TP700,EXPORT/HMI tags/OP010/NG.xml
NG,PalletNGData_LoadingNGPallet_Status_1,PalletNGData.LoadingNGPallet.Status_1,PalletNGData,Int,Int,100 ms,CPU S71500-2PN_TP700,EXPORT/HMI tags/OP010/NG.xml
NG,PalletNGData_LoadingNGPallet_Status_2,PalletNGData.LoadingNGPallet.Status_2,PalletNGData,Int,Int,100 ms,CPU S71500-2PN_TP700,EXPORT/HMI tags/OP010/NG.xml
NG,PalletNGData_LoadingNGPallet_Status_3,PalletNGData.LoadingNGPallet.Status_3,PalletNGData,Int,Int,100 ms,CPU S71500-2PN_TP700,EXPORT/HMI tags/OP010/NG.xml
NG,PalletNGData_LoadingNGPallet_Ready_1,PalletNGData.LoadingNGPallet.Ready_1,PalletNGData,Bool,Bool,100 ms,CPU S71500-2PN_TP700,EXPORT/HMI tags/OP010/NG.xml
NG,PalletNGData_LoadingNGPallet_Ready_2,PalletNGData.LoadingNGPallet.Ready_2,PalletNGData,Bool,Bool,100 ms,CPU S71500-2PN_TP700,EXPORT/HMI tags/OP010/NG.xml
NG,PalletNGData_LoadingNGPallet_Ready_3,PalletNGData.LoadingNGPallet.Ready_3,PalletNGData,Bool,Bool,100 ms,CPU S71500-2PN_TP700,EXPORT/HMI tags/OP010/NG.xml
NG,PalletNGData_LoadingNGPallet_Interlock_1,PalletNGData.LoadingNGPallet.Interlock_1,PalletNGData,Array [0..9] of Bool,Array [0..9] of Bool,1 s,CPU S71500-2PN_TP700,EXPORT/HMI tags/OP010/NG.xml
NG,PalletNGData_LoadingNGPallet_Interlock_2,PalletNGData.LoadingNGPallet.Interlock_2,PalletNGData,Array [0..9] of Bool,Array [0..9] of Bool,1 s,CPU S71500-2PN_TP700,EXPORT/HMI tags/OP010/NG.xml
NG,PalletNGData_LoadingNGPallet_Interlock_3,PalletNGData.LoadingNGPallet.Interlock_3,PalletNGData,Array [0..9] of Bool,Array [0..9] of Bool,1 s,CPU S71500-2PN_TP700,EXPORT/HMI tags/OP010/NG.xml
NG,PalletNGData_LoadingNGPallet_LockStatus,PalletNGData.LoadingNGPallet.LockStatus,PalletNGData,Int,Int,1 s,CPU S71500-2PN_TP700,EXPORT/HMI tags/OP010/NG.xml
NG,PalletNGData_UnLoadingNGPallet_NG_1_1,PalletNGData.UnLoadingNGPallet.NG_1_1,PalletNGData,Bool,Bool,100 ms,CPU S71500-2PN_TP700,EXPORT/HMI tags/OP010/NG.xml
NG,PalletNGData_UnLoadingNGPallet_NG_1_2,PalletNGData.UnLoadingNGPallet.NG_1_2,PalletNGData,Bool,Bool,100 ms,CPU S71500-2PN_TP700,EXPORT/HMI tags/OP010/NG.xml
NG,PalletNGData_UnLoadingNGPallet_NG_1_3,PalletNGData.UnLoadingNGPallet.NG_1_3,PalletNGData,Bool,Bool,100 ms,CPU S71500-2PN_TP700,EXPORT/HMI tags/OP010/NG.xml
NG,PalletNGData_UnLoadingNGPallet_NG_1_4,PalletNGData.UnLoadingNGPallet.NG_1_4,PalletNGData,Bool,Bool,100 ms,CPU S71500-2PN_TP700,EXPORT/HMI tags/OP010/NG.xml
NG,PalletNGData_UnLoadingNGPallet_NG_1_5,PalletNGData.UnLoadingNGPallet.NG_1_5,PalletNGData,Bool,Bool,100 ms,CPU S71500-2PN_TP700,EXPORT/HMI tags/OP010/NG.xml
NG,PalletNGData_UnLoadingNGPallet_NG_2_1,PalletNGData.UnLoadingNGPallet.NG_2_1,PalletNGData,Bool,Bool,100 ms,CPU S71500-2PN_TP700,EXPORT/HMI tags/OP010/NG.xml
NG,PalletNGData_UnLoadingNGPallet_NG_2_2,PalletNGData.UnLoadingNGPallet.NG_2_2,PalletNGData,Bool,Bool,100 ms,CPU S71500-2PN_TP700,EXPORT/HMI tags/OP010/NG.xml
NG,PalletNGData_UnLoadingNGPallet_NG_2_3,PalletNGData.UnLoadingNGPallet.NG_2_3,PalletNGData,Bool,Bool,100 ms,CPU S71500-2PN_TP700,EXPORT/HMI tags/OP010/NG.xml
NG,PalletNGData_UnLoadingNGPallet_NG_2_4,PalletNGData.UnLoadingNGPallet.NG_2_4,PalletNGData,Bool,Bool,100 ms,CPU S71500-2PN_TP700,EXPORT/HMI tags/OP010/NG.xml
NG,PalletNGData_UnLoadingNGPallet_NG_2_5,PalletNGData.UnLoadingNGPallet.NG_2_5,PalletNGData,Bool,Bool,100 ms,CPU S71500-2PN_TP700,EXPORT/HMI tags/OP010/NG.xml
NG,PalletNGData_UnLoadingNGPallet_NG_3_1,PalletNGData.UnLoadingNGPallet.NG_3_1,PalletNGData,Bool,Bool,100 ms,CPU S71500-2PN_TP700,EXPORT/HMI tags/OP010/NG.xml
NG,PalletNGData_UnLoadingNGPallet_NG_3_2,PalletNGData.UnLoadingNGPallet.NG_3_2,PalletNGData,Bool,Bool,100 ms,CPU S71500-2PN_TP700,EXPORT/HMI tags/OP010/NG.xml
NG,PalletNGData_UnLoadingNGPallet_NG_3_3,PalletNGData.UnLoadingNGPallet.NG_3_3,PalletNGData,Bool,Bool,100 ms,CPU S71500-2PN_TP700,EXPORT/HMI tags/OP010/NG.xml
NG,PalletNGData_UnLoadingNGPallet_NG_3_4,PalletNGData.UnLoadingNGPallet.NG_3_4,PalletNGData,Bool,Bool,100 ms,CPU S71500-2PN_TP700,EXPORT/HMI tags/OP010/NG.xml
NG,PalletNGData_UnLoadingNGPallet_NG_3_5,PalletNGData.UnLoadingNGPallet.NG_3_5,PalletNGData,Bool,Bool,100 ms,CPU S71500-2PN_TP700,EXPORT/HMI tags/OP010/NG.xml
NG,PalletNGData_UnLoadingNGPallet_Status_1,PalletNGData.UnLoadingNGPallet.Status_1,PalletNGData,Int,Int,100 ms,CPU S71500-2PN_TP700,EXPORT/HMI tags/OP010/NG.xml
NG,PalletNGData_UnLoadingNGPallet_Status_2,PalletNGData.UnLoadingNGPallet.Status_2,PalletNGData,Int,Int,100 ms,CPU S71500-2PN_TP700,EXPORT/HMI tags/OP010/NG.xml
NG,PalletNGData_UnLoadingNGPallet_Status_3,PalletNGData.UnLoadingNGPallet.Status_3,PalletNGData,Int,Int,100 ms,CPU S71500-2PN_TP700,EXPORT/HMI tags/OP010/NG.xml
NG,PalletNGData_UnLoadingNGPallet_Ready_1,PalletNGData.UnLoadingNGPallet.Ready_1,PalletNGData,Bool,Bool,100 ms,CPU S71500-2PN_TP700,EXPORT/HMI tags/OP010/NG.xml
NG,PalletNGData_UnLoadingNGPallet_Ready_2,PalletNGData.UnLoadingNGPallet.Ready_2,PalletNGData,Bool,Bool,100 ms,CPU S71500-2PN_TP700,EXPORT/HMI tags/OP010/NG.xml
NG,PalletNGData_UnLoadingNGPallet_Ready_3,PalletNGData.UnLoadingNGPallet.Ready_3,PalletNGData,Bool,Bool,100 ms,CPU S71500-2PN_TP700,EXPORT/HMI tags/OP010/NG.xml
NG,PalletNGData_UnLoadingNGPallet_Interlock_1,PalletNGData.UnLoadingNGPallet.Interlock_1,PalletNGData,Array [0..9] of Bool,Array [0..9] of Bool,1 s,CPU S71500-2PN_TP700,EXPORT/HMI tags/OP010/NG.xml
NG,PalletNGData_UnLoadingNGPallet_Interlock_2,PalletNGData.UnLoadingNGPallet.Interlock_2,PalletNGData,Array [0..9] of Bool,Array [0..9] of Bool,1 s,CPU S71500-2PN_TP700,EXPORT/HMI tags/OP010/NG.xml
NG,PalletNGData_UnLoadingNGPallet_Interlock_3,PalletNGData.UnLoadingNGPallet.Interlock_3,PalletNGData,Array [0..9] of Bool,Array [0..9] of Bool,1 s,CPU S71500-2PN_TP700,EXPORT/HMI tags/OP010/NG.xml
NG,PalletNGData_UnLoadingNGPallet_LockStatus,PalletNGData.UnLoadingNGPallet.LockStatus,PalletNGData,Int,Int,1 s,CPU S71500-2PN_TP700,EXPORT/HMI tags/OP010/NG.xml
Pallet,AutoProcessControl_Global_H_EmptyPallet,AutoProcessControl.Global.H.EmptyPallet,AutoProcessControl,Bool,Bool,100 ms,CPU S71500-2PN_TP700,EXPORT/HMI tags/OP010/Pallet.xml
Pallet,AutoProcessControl_Global_J_EmptyPallet,AutoProcessControl.Global.J.EmptyPallet,AutoProcessControl,Bool,Bool,100 ms,CPU S71500-2PN_TP700,EXPORT/HMI tags/OP010/Pallet.xml
Pallet,AutoProcessControl_Global_K_EmptyPallet,AutoProcessControl.Global.K.EmptyPallet,AutoProcessControl,Bool,Bool,100 ms,CPU S71500-2PN_TP700,EXPORT/HMI tags/OP010/Pallet.xml
Pallet,AutoProcessControl_Global_L_EmptyPallet,AutoProcessControl.Global.L.EmptyPallet,AutoProcessControl,Bool,Bool,100 ms,CPU S71500-2PN_TP700,EXPORT/HMI tags/OP010/Pallet.xml
Pallet,AutoProcessControl_Global_ALL_EmptyPallet,AutoProcessControl.Global.ALL_EmptyPallet,AutoProcessControl,Bool,Bool,100 ms,CPU S71500-2PN_TP700,EXPORT/HMI tags/OP010/Pallet.xml
Pallet,AutoProcessControl_Robot_3_PalletFull(1),AutoProcessControl.Robot_3.PalletFull,AutoProcessControl,Bool,Bool,1 s,CPU S71500-2PN_TP700,EXPORT/HMI tags/OP010/Pallet.xml
ST350_GeneralData,STxxx_GeneralData_HMI_StationLightPB,ST10_GeneralData.HMI.StationLightPB,ST10_GeneralData,Bool,Bool,1 s,CPU S71500-2PN_TP700,EXPORT/HMI tags/OP010/ST350_GeneralData.xml
ST350_OperatorMessage,OpName,ST10_GeneralData.Operator.Name,ST10_GeneralData,String,WString,1 s,CPU S71500-2PN_TP700,EXPORT/HMI tags/OP010/ST350_OperatorMessage.xml
ST350_OperatorMessage,OpNo,ST10_GeneralData.Operator.ID,ST10_GeneralData,String,WString,1 s,CPU S71500-2PN_TP700,EXPORT/HMI tags/OP010/ST350_OperatorMessage.xml
ST350_PartData,PartData_Interface_DB_PartDataID,PartData_Interface_DB.PartDataID,PartData_Interface_DB,Int,Int,1 s,CPU S71500-2PN_TP700,EXPORT/HMI tags/OP010/ST350_PartData.xml
ST350_PartData,PartData_Interface_DB_PartData{1}_PartDataHMI,PartData_Interface_DB.PartData[1].PartDataHMI,PartData_Interface_DB,PartDataHMI,PartDataHMI,1 s,CPU S71500-2PN_TP700,EXPORT/HMI tags/OP010/ST350_PartData.xml
ST350_PartData,PartData_Interface_DB_PartData{2}_PartDataHMI,PartData_Interface_DB.PartData[2].PartDataHMI,PartData_Interface_DB,PartDataHMI,PartDataHMI,1 s,CPU S71500-2PN_TP700,EXPORT/HMI tags/OP010/ST350_PartData.xml
ST350_PartData,PartData_Interface_DB_PartCMD{1}_Set(1),PartData_Interface_DB.PartCMD[1].Set,PartData_Interface_DB,Bool,Bool,1 s,CPU S71500-2PN_TP700,EXPORT/HMI tags/OP010/ST350_PartData.xml
ST350_PartData,PartData_Interface_DB_PartCMD{1}_Use(1),PartData_Interface_DB.PartCMD[1].Use,PartData_Interface_DB,Bool,Bool,1 s,CPU S71500-2PN_TP700,EXPORT/HMI tags/OP010/ST350_PartData.xml
ST350_PartData,PartData_Interface_DB_PartCMD{2}_Set,PartData_Interface_DB.PartCMD[2].Set,PartData_Interface_DB,Bool,Bool,1 s,CPU S71500-2PN_TP700,EXPORT/HMI tags/OP010/ST350_PartData.xml
ST350_PartData,PartData_Interface_DB_PartCMD{2}_Use,PartData_Interface_DB.PartCMD[2].Use,PartData_Interface_DB,Bool,Bool,1 s,CPU S71500-2PN_TP700,EXPORT/HMI tags/OP010/ST350_PartData.xml
StationStatus,Status_A1TableScanStatus,AutoProcessControl.Status.A1TableScan.Status,AutoProcessControl,Int,Int,1 s,CPU S71500-2PN_TP700,EXPORT/HMI tags/OP010/StationStatus.xml
StationStatus,Status_B1Press_Status,AutoProcessControl.Status.B1Press.Status,AutoProcessControl,Int,Int,1 s,CPU S71500-2PN_TP700,EXPORT/HMI tags/OP010/StationStatus.xml
StationStatus,Status_B2Press_Status,AutoProcessControl.Status.B2Press.Status,AutoProcessControl,Int,Int,1 s,CPU S71500-2PN_TP700,EXPORT/HMI tags/OP010/StationStatus.xml
StationStatus,Status_C_Glue_Status,AutoProcessControl.Status.CGlueing.Status,AutoProcessControl,Int,Int,1 s,CPU S71500-2PN_TP700,EXPORT/HMI tags/OP010/StationStatus.xml
StationStatus,Status_ENG_1_Status,AutoProcessControl.Status.ENG_1.Status,AutoProcessControl,Int,Int,1 s,CPU S71500-2PN_TP700,EXPORT/HMI tags/OP010/StationStatus.xml
StationStatus,Status_ENG_2_Status,AutoProcessControl.Status.ENG_2.Status,AutoProcessControl,Int,Int,1 s,CPU S71500-2PN_TP700,EXPORT/HMI tags/OP010/StationStatus.xml
StationStatus,Status_FRobot_1_Status,AutoProcessControl.Status.FRobot_1.Status,AutoProcessControl,Int,Int,1 s,CPU S71500-2PN_TP700,EXPORT/HMI tags/OP010/StationStatus.xml
StationStatus,Status_FRobot_2_Status,AutoProcessControl.Status.FRobot_2.Status,AutoProcessControl,Int,Int,1 s,CPU S71500-2PN_TP700,EXPORT/HMI tags/OP010/StationStatus.xml
StationStatus,Status_FRobot_3_Status,AutoProcessControl.Status.FRobot_3.Status,AutoProcessControl,Int,Int,1 s,CPU S71500-2PN_TP700,EXPORT/HMI tags/OP010/StationStatus.xml
StationStatus,StationStatusH,AutoProcessControl.Status.HShaftLifting.Status,AutoProcessControl,Int,Int,1 s,CPU S71500-2PN_TP700,EXPORT/HMI tags/OP010/StationStatus.xml
StationStatus,StationStatusJ,AutoProcessControl.Status.JMagnetLifting.Status,AutoProcessControl,Int,Int,1 s,CPU S71500-2PN_TP700,EXPORT/HMI tags/OP010/StationStatus.xml
StationStatus,StationStatusK,AutoProcessControl.Status.KReserveLifting.Status,AutoProcessControl,Int,Int,1 s,CPU S71500-2PN_TP700,EXPORT/HMI tags/OP010/StationStatus.xml
StationStatus,HMI_ESTOP,ST10_SysInput.HMI_Button.E-Stop,ST10_SysInput,Bool,Bool,1 s,CPU S71500-2PN_TP700,EXPORT/HMI tags/OP010/StationStatus.xml
StationStatus,ESTOP_PB1,ST10_SysInput.iE-StopPB[1],ST10_SysInput,Bool,Bool,1 s,CPU S71500-2PN_TP700,EXPORT/HMI tags/OP010/StationStatus.xml
StationStatus,ESTOP_PB2,ST10_SysInput.iE-StopPB[2],ST10_SysInput,Bool,Bool,1 s,CPU S71500-2PN_TP700,EXPORT/HMI tags/OP010/StationStatus.xml
StationStatus,ESTOP_PB3,ST10_SysInput.iE-StopPB[3],ST10_SysInput,Bool,Bool,1 s,CPU S71500-2PN_TP700,EXPORT/HMI tags/OP010/StationStatus.xml
StationStatus,ESTOP_PB4,ST10_SysInput.iE-StopPB[4],ST10_SysInput,Bool,Bool,1 s,CPU S71500-2PN_TP700,EXPORT/HMI tags/OP010/StationStatus.xml
StationStatus,ESTOP_PB5,ST10_SysInput.iE-StopPB[5],ST10_SysInput,Bool,Bool,1 s,CPU S71500-2PN_TP700,EXPORT/HMI tags/OP010/StationStatus.xml
StationStatus,ESTOP_PB6,ST10_SysInput.iE-StopPB[6],ST10_SysInput,Bool,Bool,1 s,CPU S71500-2PN_TP700,EXPORT/HMI tags/OP010/StationStatus.xml
StationStatus,ESTOP_PB7,ST10_SysInput.iE-StopPB[7],ST10_SysInput,Bool,Bool,1 s,CPU S71500-2PN_TP700,EXPORT/HMI tags/OP010/StationStatus.xml
StationStatus,ESTOP_PB8,ST10_SysInput.iE-StopPB[8],ST10_SysInput,Bool,Bool,1 s,CPU S71500-2PN_TP700,EXPORT/HMI tags/OP010/StationStatus.xml
StationStatus,ESTOP_PB9,ST10_SysInput.iE-StopPB[9],ST10_SysInput,Bool,Bool,1 s,CPU S71500-2PN_TP700,EXPORT/HMI tags/OP010/StationStatus.xml
StationStatus,ESTOP_PB10,ST10_SysInput.iE-StopPB[10],ST10_SysInput,Bool,Bool,1 s,CPU S71500-2PN_TP700,EXPORT/HMI tags/OP010/StationStatus.xml
StationStatus,ESTOP_PB11,ST10_SysInput.iE-StopPB[11],ST10_SysInput,Bool,Bool,1 s,CPU S71500-2PN_TP700,EXPORT/HMI tags/OP010/StationStatus.xml
StationStatus,ESTOP_PB12,ST10_SysInput.iE-StopPB[12],ST10_SysInput,Bool,Bool,1 s,CPU S71500-2PN_TP700,EXPORT/HMI tags/OP010/StationStatus.xml
StationStatus,Status_A2TableScanStatus,AutoProcessControl.Status.A2TableScan.Status,AutoProcessControl,Int,Int,1 s,CPU S71500-2PN_TP700,EXPORT/HMI tags/OP010/StationStatus.xml
StationStatus,StationStatusL,AutoProcessControl.Status.LUnloadingTrans.Status,AutoProcessControl,Int,Int,1 s,CPU S71500-2PN_TP700,EXPORT/HMI tags/OP010/StationStatus.xml
StationStatus,Status_Solidify_Status,AutoProcessControl.Status.Solidify.Status,AutoProcessControl,Int,Int,1 s,CPU S71500-2PN_TP700,EXPORT/HMI tags/OP010/StationStatus.xml
弹窗,Win101,ST10_GeneralData.HMI.Win.10x弹窗[1],ST10_GeneralData,Int,Int,100 ms,CPU S71500-2PN_TP700,EXPORT/HMI tags/Win/弹窗.xml
弹窗,Win102,ST10_GeneralData.HMI.Win.10x弹窗[2],ST10_GeneralData,Int,Int,100 ms,CPU S71500-2PN_TP700,EXPORT/HMI tags/Win/弹窗.xml
弹窗,Win103,ST10_GeneralData.HMI.Win.10x弹窗[3],ST10_GeneralData,Int,Int,100 ms,CPU S71500-2PN_TP700,EXPORT/HMI tags/Win/弹窗.xml
弹窗,Win104,ST10_GeneralData.HMI.Win.10x弹窗[4],ST10_GeneralData,Int,Int,100 ms,CPU S71500-2PN_TP700,EXPORT/HMI tags/Win/弹窗.xml
弹窗,Win105,ST10_GeneralData.HMI.Win.10x弹窗[5],ST10_GeneralData,Int,Int,100 ms,CPU S71500-2PN_TP700,EXPORT/HMI tags/Win/弹窗.xml
弹窗,Win106,ST10_GeneralData.HMI.Win.10x弹窗[6],ST10_GeneralData,Int,Int,100 ms,CPU S71500-2PN_TP700,EXPORT/HMI tags/Win/弹窗.xml
弹窗,Win107,ST10_GeneralData.HMI.Win.10x弹窗[7],ST10_GeneralData,Int,Int,100 ms,CPU S71500-2PN_TP700,EXPORT/HMI tags/Win/弹窗.xml
弹窗,Win108,ST10_GeneralData.HMI.Win.10x弹窗[8],ST10_GeneralData,Int,Int,100 ms,CPU S71500-2PN_TP700,EXPORT/HMI tags/Win/弹窗.xml
弹窗,Win109,ST10_GeneralData.HMI.Win.10x弹窗[9],ST10_GeneralData,Int,Int,100 ms,CPU S71500-2PN_TP700,EXPORT/HMI tags/Win/弹窗.xml
弹窗,Win110,ST10_GeneralData.HMI.Win.10x弹窗[10],ST10_GeneralData,Int,Int,100 ms,CPU S71500-2PN_TP700,EXPORT/HMI tags/Win/弹窗.xml
弹窗,Win201,ST10_GeneralData.HMI.Win.20x弹窗[1],ST10_GeneralData,Int,Int,100 ms,CPU S71500-2PN_TP700,EXPORT/HMI tags/Win/弹窗.xml
弹窗,Win202,ST10_GeneralData.HMI.Win.20x弹窗[2],ST10_GeneralData,Int,Int,100 ms,CPU S71500-2PN_TP700,EXPORT/HMI tags/Win/弹窗.xml
弹窗,Win203,ST10_GeneralData.HMI.Win.20x弹窗[3],ST10_GeneralData,Int,Int,100 ms,CPU S71500-2PN_TP700,EXPORT/HMI tags/Win/弹窗.xml
弹窗,Win204,ST10_GeneralData.HMI.Win.20x弹窗[4],ST10_GeneralData,Int,Int,100 ms,CPU S71500-2PN_TP700,EXPORT/HMI tags/Win/弹窗.xml
弹窗,Win205,ST10_GeneralData.HMI.Win.20x弹窗[5],ST10_GeneralData,Int,Int,100 ms,CPU S71500-2PN_TP700,EXPORT/HMI tags/Win/弹窗.xml
弹窗,Win206,ST10_GeneralData.HMI.Win.20x弹窗[6],ST10_GeneralData,Int,Int,100 ms,CPU S71500-2PN_TP700,EXPORT/HMI tags/Win/弹窗.xml
弹窗,Win207,ST10_GeneralData.HMI.Win.20x弹窗[7],ST10_GeneralData,Int,Int,100 ms,CPU S71500-2PN_TP700,EXPORT/HMI tags/Win/弹窗.xml
弹窗,Win208,ST10_GeneralData.HMI.Win.20x弹窗[8],ST10_GeneralData,Int,Int,100 ms,CPU S71500-2PN_TP700,EXPORT/HMI tags/Win/弹窗.xml
弹窗,Win209,ST10_GeneralData.HMI.Win.20x弹窗[9],ST10_GeneralData,Int,Int,100 ms,CPU S71500-2PN_TP700,EXPORT/HMI tags/Win/弹窗.xml
弹窗,Win210,ST10_GeneralData.HMI.Win.20x弹窗[10],ST10_GeneralData,Int,Int,100 ms,CPU S71500-2PN_TP700,EXPORT/HMI tags/Win/弹窗.xml
弹窗,Win301,ST10_GeneralData.HMI.Win.30x弹窗[1],ST10_GeneralData,Int,Int,100 ms,CPU S71500-2PN_TP700,EXPORT/HMI tags/Win/弹窗.xml
弹窗,Win302,ST10_GeneralData.HMI.Win.30x弹窗[2],ST10_GeneralData,Int,Int,100 ms,CPU S71500-2PN_TP700,EXPORT/HMI tags/Win/弹窗.xml
弹窗,Win303,ST10_GeneralData.HMI.Win.30x弹窗[3],ST10_GeneralData,Int,Int,100 ms,CPU S71500-2PN_TP700,EXPORT/HMI tags/Win/弹窗.xml
弹窗,Win304,ST10_GeneralData.HMI.Win.30x弹窗[4],ST10_GeneralData,Int,Int,100 ms,CPU S71500-2PN_TP700,EXPORT/HMI tags/Win/弹窗.xml
弹窗,Win305,ST10_GeneralData.HMI.Win.30x弹窗[5],ST10_GeneralData,Int,Int,100 ms,CPU S71500-2PN_TP700,EXPORT/HMI tags/Win/弹窗.xml
弹窗,Win306,ST10_GeneralData.HMI.Win.30x弹窗[6],ST10_GeneralData,Int,Int,100 ms,CPU S71500-2PN_TP700,EXPORT/HMI tags/Win/弹窗.xml
弹窗,Win307,ST10_GeneralData.HMI.Win.30x弹窗[7],ST10_GeneralData,Int,Int,100 ms,CPU S71500-2PN_TP700,EXPORT/HMI tags/Win/弹窗.xml
弹窗,Win308,ST10_GeneralData.HMI.Win.30x弹窗[8],ST10_GeneralData,Int,Int,100 ms,CPU S71500-2PN_TP700,EXPORT/HMI tags/Win/弹窗.xml
弹窗,Win309,ST10_GeneralData.HMI.Win.30x弹窗[9],ST10_GeneralData,Int,Int,100 ms,CPU S71500-2PN_TP700,EXPORT/HMI tags/Win/弹窗.xml
弹窗,Win310,ST10_GeneralData.HMI.Win.30x弹窗[10],ST10_GeneralData,Int,Int,100 ms,CPU S71500-2PN_TP700,EXPORT/HMI tags/Win/弹窗.xml
弹窗,Win401,ST10_GeneralData.HMI.Win.40x弹窗[1],ST10_GeneralData,Int,Int,100 ms,CPU S71500-2PN_TP700,EXPORT/HMI tags/Win/弹窗.xml
弹窗,Win402,ST10_GeneralData.HMI.Win.40x弹窗[2],ST10_GeneralData,Int,Int,100 ms,CPU S71500-2PN_TP700,EXPORT/HMI tags/Win/弹窗.xml
弹窗,Win403,ST10_GeneralData.HMI.Win.40x弹窗[3],ST10_GeneralData,Int,Int,100 ms,CPU S71500-2PN_TP700,EXPORT/HMI tags/Win/弹窗.xml
弹窗,Win404,ST10_GeneralData.HMI.Win.40x弹窗[4],ST10_GeneralData,Int,Int,100 ms,CPU S71500-2PN_TP700,EXPORT/HMI tags/Win/弹窗.xml
弹窗,Win405,ST10_GeneralData.HMI.Win.40x弹窗[5],ST10_GeneralData,Int,Int,100 ms,CPU S71500-2PN_TP700,EXPORT/HMI tags/Win/弹窗.xml
弹窗,Win406,ST10_GeneralData.HMI.Win.40x弹窗[6],ST10_GeneralData,Int,Int,100 ms,CPU S71500-2PN_TP700,EXPORT/HMI tags/Win/弹窗.xml
弹窗,Win407,ST10_GeneralData.HMI.Win.40x弹窗[7],ST10_GeneralData,Int,Int,100 ms,CPU S71500-2PN_TP700,EXPORT/HMI tags/Win/弹窗.xml
弹窗,Win408,ST10_GeneralData.HMI.Win.40x弹窗[8],ST10_GeneralData,Int,Int,100 ms,CPU S71500-2PN_TP700,EXPORT/HMI tags/Win/弹窗.xml
弹窗,Win409,ST10_GeneralData.HMI.Win.40x弹窗[9],ST10_GeneralData,Int,Int,100 ms,CPU S71500-2PN_TP700,EXPORT/HMI tags/Win/弹窗.xml
弹窗,Win410,ST10_GeneralData.HMI.Win.40x弹窗[10],ST10_GeneralData,Int,Int,100 ms,CPU S71500-2PN_TP700,EXPORT/HMI tags/Win/弹窗.xml
弹窗,Win,ST10_GeneralData.HMI.Win.Win,ST10_GeneralData,Int,Int,100 ms,CPU S71500-2PN_TP700,EXPORT/HMI tags/Win/弹窗.xml
弹窗,WinBuffer,ST10_GeneralData.HMI.Win.WinBullfer,ST10_GeneralData,Int,Int,100 ms,CPU S71500-2PN_TP700,EXPORT/HMI tags/Win/弹窗.xml
Axis,Parameter_AxisRun_Axis{1},Parameter.AxisRun.Axis[1],Parameter,ServoType_UDT,ServoType_UDT,1 s,CPU S71500-2PN_TP700,EXPORT/HMI tags/OP010/ChangeOver/Axis.xml
Axis,Parameter_AxisRun_Axis{2},Parameter.AxisRun.Axis[2],Parameter,ServoType_UDT,ServoType_UDT,1 s,CPU S71500-2PN_TP700,EXPORT/HMI tags/OP010/ChangeOver/Axis.xml
Axis,Parameter_AxisRun_Axis{3},Parameter.AxisRun.Axis[3],Parameter,ServoType_UDT,ServoType_UDT,1 s,CPU S71500-2PN_TP700,EXPORT/HMI tags/OP010/ChangeOver/Axis.xml
Axis,Parameter_AxisRun_Axis{4},Parameter.AxisRun.Axis[4],Parameter,ServoType_UDT,ServoType_UDT,1 s,CPU S71500-2PN_TP700,EXPORT/HMI tags/OP010/ChangeOver/Axis.xml
Axis,Parameter_AxisRun_Axis{5},Parameter.AxisRun.Axis[5],Parameter,ServoType_UDT,ServoType_UDT,1 s,CPU S71500-2PN_TP700,EXPORT/HMI tags/OP010/ChangeOver/Axis.xml
Axis,Parameter_AxisRun_Axis{6},Parameter.AxisRun.Axis[6],Parameter,ServoType_UDT,ServoType_UDT,1 s,CPU S71500-2PN_TP700,EXPORT/HMI tags/OP010/ChangeOver/Axis.xml
Axis,Parameter_AxisRun_Axis{7},Parameter.AxisRun.Axis[7],Parameter,ServoType_UDT,ServoType_UDT,1 s,CPU S71500-2PN_TP700,EXPORT/HMI tags/OP010/ChangeOver/Axis.xml
Axis,Parameter_AxisRun_Axis{8},Parameter.AxisRun.Axis[8],Parameter,ServoType_UDT,ServoType_UDT,1 s,CPU S71500-2PN_TP700,EXPORT/HMI tags/OP010/ChangeOver/Axis.xml
Axis,Parameter_AxisRun_Axis{9},Parameter.AxisRun.Axis[9],Parameter,ServoType_UDT,ServoType_UDT,1 s,CPU S71500-2PN_TP700,EXPORT/HMI tags/OP010/ChangeOver/Axis.xml
Axis,Parameter_AxisRun_Axis{10},Parameter.AxisRun.Axis[10],Parameter,ServoType_UDT,ServoType_UDT,1 s,CPU S71500-2PN_TP700,EXPORT/HMI tags/OP010/ChangeOver/Axis.xml
Axis,Parameter_AxisRun_Axis{11},Parameter.AxisRun.Axis[11],Parameter,ServoType_UDT,ServoType_UDT,1 s,CPU S71500-2PN_TP700,EXPORT/HMI tags/OP010/ChangeOver/Axis.xml
Axis,Parameter_AxisRun_Axis{12},Parameter.AxisRun.Axis[12],Parameter,ServoType_UDT,ServoType_UDT,1 s,CPU S71500-2PN_TP700,EXPORT/HMI tags/OP010/ChangeOver/Axis.xml
Axis,Parameter_AxisRun_Axis{13},Parameter.AxisRun.Axis[13],Parameter,ServoType_UDT,ServoType_UDT,1 s,CPU S71500-2PN_TP700,EXPORT/HMI tags/OP010/ChangeOver/Axis.xml
Axis,Parameter_AxisRun_Axis{14},Parameter.AxisRun.Axis[14],Parameter,ServoType_UDT,ServoType_UDT,1 s,CPU S71500-2PN_TP700,EXPORT/HMI tags/OP010/ChangeOver/Axis.xml
Axis,Parameter_AxisRun_Axis{15},Parameter.AxisRun.Axis[15],Parameter,ServoType_UDT,ServoType_UDT,1 s,CPU S71500-2PN_TP700,EXPORT/HMI tags/OP010/ChangeOver/Axis.xml
HMI_Tool,ST10_RecipeDB_HMI_ParameterElement_R1GripperFixtureCode,ST10_RecipeDB_HMI.ParameterElement.R1GripperFixtureCode,ST10_RecipeDB_HMI,Array [0..6] of String,WString,1 s,CPU S71500-2PN_TP700,EXPORT/HMI tags/OP010/ChangeOver/HMI_Tool.xml
HMI_Tool,ST10_RecipeDB_HMI_ParameterElement_R2GripperFixtureCode,ST10_RecipeDB_HMI.ParameterElement.R2GripperFixtureCode,ST10_RecipeDB_HMI,Array [0..6] of String,WString,1 s,CPU S71500-2PN_TP700,EXPORT/HMI tags/OP010/ChangeOver/HMI_Tool.xml
HMI_Tool,ST10_RecipeDB_HMI_ParameterElement_R3GripperFixtureCode,ST10_RecipeDB_HMI.ParameterElement.R3GripperFixtureCode,ST10_RecipeDB_HMI,Array [0..6] of String,WString,1 s,CPU S71500-2PN_TP700,EXPORT/HMI tags/OP010/ChangeOver/HMI_Tool.xml
HMI_Tool,ST10_RecipeDB_HMI_ParameterElement_A1RingUnloadingFixtureCode,ST10_RecipeDB_HMI.ParameterElement.A1RingUnloadingFixtureCode,ST10_RecipeDB_HMI,String,WString,1 s,CPU S71500-2PN_TP700,EXPORT/HMI tags/OP010/ChangeOver/HMI_Tool.xml
HMI_Tool,ST10_RecipeDB_HMI_ParameterElement_E1LoadingNGFixtureCode,ST10_RecipeDB_HMI.ParameterElement.E1LoadingNGFixtureCode,ST10_RecipeDB_HMI,String,WString,1 s,CPU S71500-2PN_TP700,EXPORT/HMI tags/OP010/ChangeOver/HMI_Tool.xml
HMI_Tool,ST10_RecipeDB_HMI_ParameterElement_ShaftScanFixtureCode,ST10_RecipeDB_HMI.ParameterElement.ShaftScanFixtureCode,ST10_RecipeDB_HMI,String,WString,1 s,CPU S71500-2PN_TP700,EXPORT/HMI tags/OP010/ChangeOver/HMI_Tool.xml
HMI_Tool,ST10_RecipeDB_HMI_ParameterElement_B1PressFixtureCode,ST10_RecipeDB_HMI.ParameterElement.B1PressFixtureCode,ST10_RecipeDB_HMI,String,WString,1 s,CPU S71500-2PN_TP700,EXPORT/HMI tags/OP010/ChangeOver/HMI_Tool.xml
HMI_Tool,ST10_RecipeDB_HMI_ParameterElement_CGlueFixtureCode,ST10_RecipeDB_HMI.ParameterElement.CGlueFixtureCode,ST10_RecipeDB_HMI,String,WString,1 s,CPU S71500-2PN_TP700,EXPORT/HMI tags/OP010/ChangeOver/HMI_Tool.xml
HMI_Tool,ST10_RecipeDB_HMI_ParameterElement_B1PressCylFixtureCode,ST10_RecipeDB_HMI.ParameterElement.B1PressCylFixtureCode,ST10_RecipeDB_HMI,String,WString,1 s,CPU S71500-2PN_TP700,EXPORT/HMI tags/OP010/ChangeOver/HMI_Tool.xml
HMI_Tool,ST10_RecipeDB_HMI_ParameterElement_A2RingUnloadingFixtureCode,ST10_RecipeDB_HMI.ParameterElement.A2RingUnloadingFixtureCode,ST10_RecipeDB_HMI,String,WString,1 s,CPU S71500-2PN_TP700,EXPORT/HMI tags/OP010/ChangeOver/HMI_Tool.xml
HMI_Tool,ST10_RecipeDB_HMI_ParameterElement_E2UnloadingNGFixtureCode,ST10_RecipeDB_HMI.ParameterElement.E2UnloadingNGFixtureCode,ST10_RecipeDB_HMI,String,WString,1 s,CPU S71500-2PN_TP700,EXPORT/HMI tags/OP010/ChangeOver/HMI_Tool.xml
HMI_Tool,ST10_RecipeDB_HMI_ParameterElement_B2PressFixtureCode,ST10_RecipeDB_HMI.ParameterElement.B2PressFixtureCode,ST10_RecipeDB_HMI,String,WString,1 s,CPU S71500-2PN_TP700,EXPORT/HMI tags/OP010/ChangeOver/HMI_Tool.xml
HMI_Tool,ST10_RecipeDB_HMI_ParameterElement_CGlueNGFixtureCode,ST10_RecipeDB_HMI.ParameterElement.CGlueNGFixtureCode,ST10_RecipeDB_HMI,String,WString,1 s,CPU S71500-2PN_TP700,EXPORT/HMI tags/OP010/ChangeOver/HMI_Tool.xml
HMI_Tool,ST10_RecipeDB_HMI_ParameterElement_B2PressCylFixtureCode,ST10_RecipeDB_HMI.ParameterElement.B2PressCylFixtureCode,ST10_RecipeDB_HMI,String,WString,1 s,CPU S71500-2PN_TP700,EXPORT/HMI tags/OP010/ChangeOver/HMI_Tool.xml
HMI_Tool,ST10_RecipeDB_HMI_ParameterElement_A1_TableFixtureCode,ST10_RecipeDB_HMI.ParameterElement.A1_TableFixtureCode,ST10_RecipeDB_HMI,Array [0..10] of String,WString,1 s,CPU S71500-2PN_TP700,EXPORT/HMI tags/OP010/ChangeOver/HMI_Tool.xml
HMI_Tool,ST10_RecipeDB_HMI_ParameterElement_A2_TableFixtureCode,ST10_RecipeDB_HMI.ParameterElement.A2_TableFixtureCode,ST10_RecipeDB_HMI,Array [0..10] of String,WString,1 s,CPU S71500-2PN_TP700,EXPORT/HMI tags/OP010/ChangeOver/HMI_Tool.xml
ST350_ChangeOver,RecipeDB_Recipe_Equal,ST10_RecipeDB.Recipe.Equal,ST10_RecipeDB,Bool,Bool,1 s,CPU S71500-2PN_TP700,EXPORT/HMI tags/OP010/ChangeOver/ST350_ChangeOver.xml
ST350_ChangeOver,RecipeDB_Recipe_PreConfigType,ST10_RecipeDB.Recipe.PreConfigType,ST10_RecipeDB,String,WString,1 s,CPU S71500-2PN_TP700,EXPORT/HMI tags/OP010/ChangeOver/ST350_ChangeOver.xml
ST350_ChangeOver,RecipeDB_Recipe_Pulse,ST10_RecipeDB.Recipe.Pulse,ST10_RecipeDB,Bool,Bool,100 ms,CPU S71500-2PN_TP700,EXPORT/HMI tags/OP010/ChangeOver/ST350_ChangeOver.xml
ST350_ChangeOver,RecipeDB_Recipe_RecipeTag,ST10_RecipeDB.Recipe.RecipeTag,ST10_RecipeDB,String,WString,1 s,CPU S71500-2PN_TP700,EXPORT/HMI tags/OP010/ChangeOver/ST350_ChangeOver.xml
ST350_ChangeOver,RecipeDB_Recipe_RecordName,ST10_RecipeDB.Recipe.RecordName,ST10_RecipeDB,String,WString,1 s,CPU S71500-2PN_TP700,EXPORT/HMI tags/OP010/ChangeOver/ST350_ChangeOver.xml
ST350_ChangeOver,RecipeDB_Recipe_Trigger,ST10_RecipeDB.Recipe.Trigger,ST10_RecipeDB,Bool,Bool,1 s,CPU S71500-2PN_TP700,EXPORT/HMI tags/OP010/ChangeOver/ST350_ChangeOver.xml
ST350_ChangeOver,RecipeDB_Recipe_DataRecord_TransferStatus,ST10_RecipeDB.Recipe.DataRecord_TransferStatus,ST10_RecipeDB,Int,Int,1 s,CPU S71500-2PN_TP700,EXPORT/HMI tags/OP010/ChangeOver/ST350_ChangeOver.xml
ST350_FixtureCheck,STxxx_GeneralData_FixtureIDCheck{1},ST10_GeneralData.FixtureIDCheck[1],ST10_GeneralData,FixtureCheck_UDT,FixtureCheck_UDT,1 s,CPU S71500-2PN_TP700,EXPORT/HMI tags/OP010/ChangeOver/ST350_FixtureCheck.xml
ST350_FixtureCheck,STxxx_GeneralData_FixtureIDCheck{2},ST10_GeneralData.FixtureIDCheck[2],ST10_GeneralData,FixtureCheck_UDT,FixtureCheck_UDT,1 s,CPU S71500-2PN_TP700,EXPORT/HMI tags/OP010/ChangeOver/ST350_FixtureCheck.xml
ST350_FixtureCheck,STxxx_GeneralData_FixtureIDCheck{3},ST10_GeneralData.FixtureIDCheck[3],ST10_GeneralData,FixtureCheck_UDT,FixtureCheck_UDT,1 s,CPU S71500-2PN_TP700,EXPORT/HMI tags/OP010/ChangeOver/ST350_FixtureCheck.xml
ST350_FixtureCheck,STxxx_GeneralData_FixtureIDCheck{4},ST10_GeneralData.FixtureIDCheck[4],ST10_GeneralData,FixtureCheck_UDT,FixtureCheck_UDT,1 s,CPU S71500-2PN_TP700,EXPORT/HMI tags/OP010/ChangeOver/ST350_FixtureCheck.xml
ST350_FixtureCheck,STxxx_GeneralData_FixtureIDCheck{5},ST10_GeneralData.FixtureIDCheck[5],ST10_GeneralData,FixtureCheck_UDT,FixtureCheck_UDT,1 s,CPU S71500-2PN_TP700,EXPORT/HMI tags/OP010/ChangeOver/ST350_FixtureCheck.xml
ST350_FixtureCheck,STxxx_GeneralData_FixtureIDCheck{6},ST10_GeneralData.FixtureIDCheck[6],ST10_GeneralData,FixtureCheck_UDT,FixtureCheck_UDT,1 s,CPU S71500-2PN_TP700,EXPORT/HMI tags/OP010/ChangeOver/ST350_FixtureCheck.xml
ST350_FixtureCheck,STxxx_GeneralData_FixtureIDCheck{7},ST10_GeneralData.FixtureIDCheck[7],ST10_GeneralData,FixtureCheck_UDT,FixtureCheck_UDT,1 s,CPU S71500-2PN_TP700,EXPORT/HMI tags/OP010/ChangeOver/ST350_FixtureCheck.xml
ST350_FixtureCheck,STxxx_GeneralData_FixtureIDCheck{8},ST10_GeneralData.FixtureIDCheck[8],ST10_GeneralData,FixtureCheck_UDT,FixtureCheck_UDT,1 s,CPU S71500-2PN_TP700,EXPORT/HMI tags/OP010/ChangeOver/ST350_FixtureCheck.xml
ST350_FixtureCheck,STxxx_GeneralData_FixtureIDCheck{9},ST10_GeneralData.FixtureIDCheck[9],ST10_GeneralData,FixtureCheck_UDT,FixtureCheck_UDT,1 s,CPU S71500-2PN_TP700,EXPORT/HMI tags/OP010/ChangeOver/ST350_FixtureCheck.xml
ST350_FixtureCheck,STxxx_GeneralData_FixtureIDCheck{10},ST10_GeneralData.FixtureIDCheck[10],ST10_GeneralData,FixtureCheck_UDT,FixtureCheck_UDT,1 s,CPU S71500-2PN_TP700,EXPORT/HMI tags/OP010/ChangeOver/ST350_FixtureCheck.xml
ST350_FixtureCheck,STxxx_GeneralData_FixtureIDCheck{11},ST10_GeneralData.FixtureIDCheck[11],ST10_GeneralData,FixtureCheck_UDT,FixtureCheck_UDT,1 s,CPU S71500-2PN_TP700,EXPORT/HMI tags/OP010/ChangeOver/ST350_FixtureCheck.xml
ST350_FixtureCheck,STxxx_GeneralData_FixtureIDCheck{12},ST10_GeneralData.FixtureIDCheck[12],ST10_GeneralData,FixtureCheck_UDT,FixtureCheck_UDT,1 s,CPU S71500-2PN_TP700,EXPORT/HMI tags/OP010/ChangeOver/ST350_FixtureCheck.xml
ST350_FixtureCheck,STxxx_GeneralData_FixtureIDCheck{13},ST10_GeneralData.FixtureIDCheck[13],ST10_GeneralData,FixtureCheck_UDT,FixtureCheck_UDT,1 s,CPU S71500-2PN_TP700,EXPORT/HMI tags/OP010/ChangeOver/ST350_FixtureCheck.xml
ST350_FixtureCheck,STxxx_GeneralData_FixtureIDCheck{14},ST10_GeneralData.FixtureIDCheck[14],ST10_GeneralData,FixtureCheck_UDT,FixtureCheck_UDT,1 s,CPU S71500-2PN_TP700,EXPORT/HMI tags/OP010/ChangeOver/ST350_FixtureCheck.xml
ST350_FixtureCheck,STxxx_GeneralData_FixtureIDCheck{15},ST10_GeneralData.FixtureIDCheck[15],ST10_GeneralData,FixtureCheck_UDT,FixtureCheck_UDT,1 s,CPU S71500-2PN_TP700,EXPORT/HMI tags/OP010/ChangeOver/ST350_FixtureCheck.xml
ST350_FixtureCheck,STxxx_GeneralData_FixtureIDCheck{16},ST10_GeneralData.FixtureIDCheck[16],ST10_GeneralData,FixtureCheck_UDT,FixtureCheck_UDT,1 s,CPU S71500-2PN_TP700,EXPORT/HMI tags/OP010/ChangeOver/ST350_FixtureCheck.xml
ST350_Recpie,RecipeDB_ParameterElement_TypeID,ST10_RecipeDB.ParameterElement.TypeID,ST10_RecipeDB,USInt,USInt,1 s,CPU S71500-2PN_TP700,EXPORT/HMI tags/OP010/ChangeOver/ST350_Recpie.xml
ST350_Recpie,RecipeDB_ParameterElement_TypeName,ST10_RecipeDB.ParameterElement.TypeName,ST10_RecipeDB,String,WString,1 s,CPU S71500-2PN_TP700,EXPORT/HMI tags/OP010/ChangeOver/ST350_Recpie.xml
ST350_Recpie,STxxx_RecipeDB_ParameterElement_FixtureID{1},ST10_RecipeDB.ParameterElement.FixtureID[1],ST10_RecipeDB,Byte,USInt,1 s,CPU S71500-2PN_TP700,EXPORT/HMI tags/OP010/ChangeOver/ST350_Recpie.xml
ST350_Recpie,ST10_RecipeDB_ParameterElement_A1_TableFixtureCode,ST10_RecipeDB.ParameterElement.A1_TableFixtureCode,ST10_RecipeDB,Array [0..10] of String,WString,1 s,CPU S71500-2PN_TP700,EXPORT/HMI tags/OP010/ChangeOver/ST350_Recpie.xml
ST350_Recpie,ST10_RecipeDB_ParameterElement_A2_TableFixtureCode,ST10_RecipeDB.ParameterElement.A2_TableFixtureCode,ST10_RecipeDB,Array [0..10] of String,WString,1 s,CPU S71500-2PN_TP700,EXPORT/HMI tags/OP010/ChangeOver/ST350_Recpie.xml
ST350_Recpie,ST10_RecipeDB_ParameterElement_A1RingUnloadingFixtureCode,ST10_RecipeDB.ParameterElement.A1RingUnloadingFixtureCode,ST10_RecipeDB,String,WString,1 s,CPU S71500-2PN_TP700,EXPORT/HMI tags/OP010/ChangeOver/ST350_Recpie.xml
ST350_Recpie,ST10_RecipeDB_ParameterElement_E1LoadingNGFixtureCode,ST10_RecipeDB.ParameterElement.E1LoadingNGFixtureCode,ST10_RecipeDB,String,WString,1 s,CPU S71500-2PN_TP700,EXPORT/HMI tags/OP010/ChangeOver/ST350_Recpie.xml
ST350_Recpie,ST10_RecipeDB_ParameterElement_ShaftScanFixtureCode,ST10_RecipeDB.ParameterElement.ShaftScanFixtureCode,ST10_RecipeDB,String,WString,1 s,CPU S71500-2PN_TP700,EXPORT/HMI tags/OP010/ChangeOver/ST350_Recpie.xml
ST350_Recpie,ST10_RecipeDB_ParameterElement_B1PressFixtureCode,ST10_RecipeDB.ParameterElement.B1PressFixtureCode,ST10_RecipeDB,String,WString,1 s,CPU S71500-2PN_TP700,EXPORT/HMI tags/OP010/ChangeOver/ST350_Recpie.xml
ST350_Recpie,ST10_RecipeDB_ParameterElement_CGlueFixtureCode,ST10_RecipeDB.ParameterElement.CGlueFixtureCode,ST10_RecipeDB,String,WString,1 s,CPU S71500-2PN_TP700,EXPORT/HMI tags/OP010/ChangeOver/ST350_Recpie.xml
ST350_Recpie,ST10_RecipeDB_ParameterElement_B1PressCylFixtureCode,ST10_RecipeDB.ParameterElement.B1PressCylFixtureCode,ST10_RecipeDB,String,WString,1 s,CPU S71500-2PN_TP700,EXPORT/HMI tags/OP010/ChangeOver/ST350_Recpie.xml
ST350_Recpie,ST10_RecipeDB_ParameterElement_A2RingUnloadingFixtureCode,ST10_RecipeDB.ParameterElement.A2RingUnloadingFixtureCode,ST10_RecipeDB,String,WString,1 s,CPU S71500-2PN_TP700,EXPORT/HMI tags/OP010/ChangeOver/ST350_Recpie.xml
ST350_Recpie,ST10_RecipeDB_ParameterElement_E2UnloadingNGFixtureCode,ST10_RecipeDB.ParameterElement.E2UnloadingNGFixtureCode,ST10_RecipeDB,String,WString,1 s,CPU S71500-2PN_TP700,EXPORT/HMI tags/OP010/ChangeOver/ST350_Recpie.xml
ST350_Recpie,ST10_RecipeDB_ParameterElement_B2PressFixtureCode,ST10_RecipeDB.ParameterElement.B2PressFixtureCode,ST10_RecipeDB,String,WString,1 s,CPU S71500-2PN_TP700,EXPORT/HMI tags/OP010/ChangeOver/ST350_Recpie.xml
ST350_Recpie,ST10_RecipeDB_ParameterElement_CGlueNGFixtureCode,ST10_RecipeDB.ParameterElement.CGlueNGFixtureCode,ST10_RecipeDB,String,WString,1 s,CPU S71500-2PN_TP700,EXPORT/HMI tags/OP010/ChangeOver/ST350_Recpie.xml
ST350_Recpie,ST10_RecipeDB_ParameterElement_B2PressCylFixtureCode,ST10_RecipeDB.ParameterElement.B2PressCylFixtureCode,ST10_RecipeDB,String,WString,1 s,CPU S71500-2PN_TP700,EXPORT/HMI tags/OP010/ChangeOver/ST350_Recpie.xml
ST350_Recpie,ST10_RecipeDB_ParameterElement_B1PressProgram,ST10_RecipeDB.ParameterElement.B1PressProgram,ST10_RecipeDB,Int,Int,1 s,CPU S71500-2PN_TP700,EXPORT/HMI tags/OP010/ChangeOver/ST350_Recpie.xml
ST350_Recpie,ST10_RecipeDB_ParameterElement_B2PressProgram,ST10_RecipeDB.ParameterElement.B2PressProgram,ST10_RecipeDB,Int,Int,1 s,CPU S71500-2PN_TP700,EXPORT/HMI tags/OP010/ChangeOver/ST350_Recpie.xml
ST350_Recpie,ST10_RecipeDB_ParameterElement_CGlueShaftIV3Program_1,ST10_RecipeDB.ParameterElement.CGlueShaftIV3Program_1,ST10_RecipeDB,Word,UInt,1 s,CPU S71500-2PN_TP700,EXPORT/HMI tags/OP010/ChangeOver/ST350_Recpie.xml
ST350_Recpie,ST10_RecipeDB_ParameterElement_CGlueShaftIV3Program_2,ST10_RecipeDB.ParameterElement.CGlueShaftIV3Program_2,ST10_RecipeDB,Word,UInt,1 s,CPU S71500-2PN_TP700,EXPORT/HMI tags/OP010/ChangeOver/ST350_Recpie.xml
ST350_Recpie,ST10_RecipeDB_ParameterElement_CGlueShaftIV3Program_3,ST10_RecipeDB.ParameterElement.CGlueShaftIV3Program_3,ST10_RecipeDB,Word,UInt,1 s,CPU S71500-2PN_TP700,EXPORT/HMI tags/OP010/ChangeOver/ST350_Recpie.xml
ST350_Recpie,ST10_RecipeDB_ParameterElement_CGlueShaftIV3Program_4,ST10_RecipeDB.ParameterElement.CGlueShaftIV3Program_4,ST10_RecipeDB,Word,UInt,1 s,CPU S71500-2PN_TP700,EXPORT/HMI tags/OP010/ChangeOver/ST350_Recpie.xml
ST350_Recpie,ST10_RecipeDB_ParameterElement_CGlueMagnetIV3Program,ST10_RecipeDB.ParameterElement.CGlueMagnetIV3Program,ST10_RecipeDB,Word,UInt,1 s,CPU S71500-2PN_TP700,EXPORT/HMI tags/OP010/ChangeOver/ST350_Recpie.xml
ST350_Recpie,ST10_RecipeDB_ParameterElement_CGlueProgram,ST10_RecipeDB.ParameterElement.CGlueProgram,ST10_RecipeDB,Int,Int,1 s,CPU S71500-2PN_TP700,EXPORT/HMI tags/OP010/ChangeOver/ST350_Recpie.xml
ST350_Recpie,AutoProcessData_Gripper1_LCode_R1[1],AutoProcessData.GripperCode_R1[1],AutoProcessData,String,WString,1 s,CPU S71500-2PN_TP700,EXPORT/HMI tags/OP010/ChangeOver/ST350_Recpie.xml
ST350_Recpie,AutoProcessData_Gripper1_RCode_R1[2],AutoProcessData.GripperCode_R1[2],AutoProcessData,String,WString,1 s,CPU S71500-2PN_TP700,EXPORT/HMI tags/OP010/ChangeOver/ST350_Recpie.xml
ST350_Recpie,AutoProcessData_Gripper2_LCode_R1[3],AutoProcessData.GripperCode_R1[3],AutoProcessData,String,WString,1 s,CPU S71500-2PN_TP700,EXPORT/HMI tags/OP010/ChangeOver/ST350_Recpie.xml
ST350_Recpie,AutoProcessData_Gripper2_RCode_R1[4],AutoProcessData.GripperCode_R1[4],AutoProcessData,String,WString,1 s,CPU S71500-2PN_TP700,EXPORT/HMI tags/OP010/ChangeOver/ST350_Recpie.xml
ST350_Recpie,AutoProcessData_Gripper1_LCode_R2[1],AutoProcessData.GripperCode_R2[1],AutoProcessData,String,WString,1 s,CPU S71500-2PN_TP700,EXPORT/HMI tags/OP010/ChangeOver/ST350_Recpie.xml
ST350_Recpie,AutoProcessData_Gripper1_RCode_R2[2],AutoProcessData.GripperCode_R2[2],AutoProcessData,String,WString,1 s,CPU S71500-2PN_TP700,EXPORT/HMI tags/OP010/ChangeOver/ST350_Recpie.xml
ST350_Recpie,AutoProcessData_Gripper2_LCode_R2[3],AutoProcessData.GripperCode_R2[3],AutoProcessData,String,WString,1 s,CPU S71500-2PN_TP700,EXPORT/HMI tags/OP010/ChangeOver/ST350_Recpie.xml
ST350_Recpie,AutoProcessData_Gripper2_RCode_R2[4],AutoProcessData.GripperCode_R2[4],AutoProcessData,String,WString,1 s,CPU S71500-2PN_TP700,EXPORT/HMI tags/OP010/ChangeOver/ST350_Recpie.xml
ST350_Recpie,AutoProcessData_Gripper1_LCode_R3[1],AutoProcessData.GripperCode_R3[1],AutoProcessData,String,WString,1 s,CPU S71500-2PN_TP700,EXPORT/HMI tags/OP010/ChangeOver/ST350_Recpie.xml
ST350_Recpie,AutoProcessData_Gripper1_RCode_R3[2],AutoProcessData.GripperCode_R3[2],AutoProcessData,String,WString,1 s,CPU S71500-2PN_TP700,EXPORT/HMI tags/OP010/ChangeOver/ST350_Recpie.xml
ST350_Recpie,AutoProcessData_Gripper2_LCode_R3[3],AutoProcessData.GripperCode_R3[3],AutoProcessData,String,WString,1 s,CPU S71500-2PN_TP700,EXPORT/HMI tags/OP010/ChangeOver/ST350_Recpie.xml
ST350_Recpie,AutoProcessData_Gripper2_RCode_R3[4],AutoProcessData.GripperCode_R3[4],AutoProcessData,String,WString,1 s,CPU S71500-2PN_TP700,EXPORT/HMI tags/OP010/ChangeOver/ST350_Recpie.xml
ST350_Recpie,ST10_RecipeDB_ParameterElement_R1GripperFixtureCode,ST10_RecipeDB.ParameterElement.R1GripperFixtureCode,ST10_RecipeDB,Array [0..6] of String,WString,1 s,CPU S71500-2PN_TP700,EXPORT/HMI tags/OP010/ChangeOver/ST350_Recpie.xml
ST350_Recpie,ST10_RecipeDB_ParameterElement_R2GripperFixtureCode,ST10_RecipeDB.ParameterElement.R2GripperFixtureCode,ST10_RecipeDB,Array [0..6] of String,WString,1 s,CPU S71500-2PN_TP700,EXPORT/HMI tags/OP010/ChangeOver/ST350_Recpie.xml
ST350_Recpie,ST10_RecipeDB_ParameterElement_R3GripperFixtureCode,ST10_RecipeDB.ParameterElement.R3GripperFixtureCode,ST10_RecipeDB,Array [0..6] of String,WString,1 s,CPU S71500-2PN_TP700,EXPORT/HMI tags/OP010/ChangeOver/ST350_Recpie.xml
CuringOven,ST10_PLC_GetDB_InData_Global_Beat,ST10_PLC_GetDB.InData.Global.Beat,ST10_PLC_GetDB,Bool,Bool,100 ms,CPU S71500-2PN_TP700,EXPORT/HMI tags/OP010/Device/CuringOven.xml
CuringOven,ST10_PLC_GetDB_InData_Global_AutoRunning,ST10_PLC_GetDB.InData.Global.AutoRunning,ST10_PLC_GetDB,Bool,Bool,100 ms,CPU S71500-2PN_TP700,EXPORT/HMI tags/OP010/Device/CuringOven.xml
CuringOven,ST10_PLC_GetDB_InData_Global_Alarm,ST10_PLC_GetDB.InData.Global.Alarm,ST10_PLC_GetDB,Bool,Bool,100 ms,CPU S71500-2PN_TP700,EXPORT/HMI tags/OP010/Device/CuringOven.xml
CuringOven,ST10_PLC_GetDB_InData_Global_SystemStandby,ST10_PLC_GetDB.InData.Global.SystemStandby,ST10_PLC_GetDB,Bool,Bool,100 ms,CPU S71500-2PN_TP700,EXPORT/HMI tags/OP010/Device/CuringOven.xml
CuringOven,ST10_PLC_GetDB_InData_Global_AutoMode,ST10_PLC_GetDB.InData.Global.AutoMode,ST10_PLC_GetDB,Bool,Bool,100 ms,CPU S71500-2PN_TP700,EXPORT/HMI tags/OP010/Device/CuringOven.xml
CuringOven,ST10_PLC_GetDB_InData_Global_ManualMode,ST10_PLC_GetDB.InData.Global.ManualMode,ST10_PLC_GetDB,Bool,Bool,100 ms,CPU S71500-2PN_TP700,EXPORT/HMI tags/OP010/Device/CuringOven.xml
CuringOven,ST10_PLC_GetDB_InData_Control_AskPallet,ST10_PLC_GetDB.InData.Control.AskPallet,ST10_PLC_GetDB,Bool,Bool,100 ms,CPU S71500-2PN_TP700,EXPORT/HMI tags/OP010/Device/CuringOven.xml
CuringOven,ST10_PLC_GetDB_InData_Control_PalletInPos,ST10_PLC_GetDB.InData.Control.PalletInPos,ST10_PLC_GetDB,Bool,Bool,100 ms,CPU S71500-2PN_TP700,EXPORT/HMI tags/OP010/Device/CuringOven.xml
CuringOven,ST10_PLC_GetDB_InData_Data_CurrentTemperature_1,ST10_PLC_GetDB.InData.Data.CurrentTemperature_1,ST10_PLC_GetDB,Int,Int,100 ms,CPU S71500-2PN_TP700,EXPORT/HMI tags/OP010/Device/CuringOven.xml
CuringOven,ST10_PLC_GetDB_InData_Data_CurrentTemperature_2,ST10_PLC_GetDB.InData.Data.CurrentTemperature_2,ST10_PLC_GetDB,Int,Int,100 ms,CPU S71500-2PN_TP700,EXPORT/HMI tags/OP010/Device/CuringOven.xml
CuringOven,ST10_PLC_GetDB_InData_Data_SetTemperature,ST10_PLC_GetDB.InData.Data.SetTemperature,ST10_PLC_GetDB,Int,Int,100 ms,CPU S71500-2PN_TP700,EXPORT/HMI tags/OP010/Device/CuringOven.xml
CuringOven,ST10_PLC_GetDB_InData_Data_SetSolidifyTime,ST10_PLC_GetDB.InData.Data.SetSolidifyTime,ST10_PLC_GetDB,Int,Int,100 ms,CPU S71500-2PN_TP700,EXPORT/HMI tags/OP010/Device/CuringOven.xml
CuringOven,ST10_PLC_GetDB_InData_Data_ActualSolidifyTime,ST10_PLC_GetDB.InData.Data.ActualSolidifyTime,ST10_PLC_GetDB,Int,Int,100 ms,CPU S71500-2PN_TP700,EXPORT/HMI tags/OP010/Device/CuringOven.xml
Glue,GluingControl_Input_GluingDeviceReady,GluingControl.Input.GluingDeviceReady,GluingControl,Bool,Bool,1 s,CPU S71500-2PN_TP700,EXPORT/HMI tags/OP010/Device/Glue.xml
Glue,GluingControl_Input_GluingFault,GluingControl.Input.GluingFault,GluingControl,Bool,Bool,1 s,CPU S71500-2PN_TP700,EXPORT/HMI tags/OP010/Device/Glue.xml
Glue,GluingControl_Input_GluingRefillTank,GluingControl.Input.GluingRefillTank,GluingControl,Bool,Bool,1 s,CPU S71500-2PN_TP700,EXPORT/HMI tags/OP010/Device/Glue.xml
Glue,GluingControl_Input_GluingTankEmpty,GluingControl.Input.GluingTankEmpty,GluingControl,Bool,Bool,1 s,CPU S71500-2PN_TP700,EXPORT/HMI tags/OP010/Device/Glue.xml
Glue,GluingControl_Output_GluingPro_X,GluingControl.Output.GluingPro_X,GluingControl,Bool,Bool,1 s,CPU S71500-2PN_TP700,EXPORT/HMI tags/OP010/Device/Glue.xml
Glue,GluingControl_Output_GluingPro_Y,GluingControl.Output.GluingPro_Y,GluingControl,Bool,Bool,1 s,CPU S71500-2PN_TP700,EXPORT/HMI tags/OP010/Device/Glue.xml
Glue,GluingControl_Output_GluingPro_Z,GluingControl.Output.GluingPro_Z,GluingControl,Bool,Bool,1 s,CPU S71500-2PN_TP700,EXPORT/HMI tags/OP010/Device/Glue.xml
Glue,GluingControl_Output_GluingReset,GluingControl.Output.GluingReset,GluingControl,Bool,Bool,1 s,CPU S71500-2PN_TP700,EXPORT/HMI tags/OP010/Device/Glue.xml
Glue,GluingControl_Control_Manual_X,GluingControl.Control.Manual_X,GluingControl,Bool,Bool,1 s,CPU S71500-2PN_TP700,EXPORT/HMI tags/OP010/Device/Glue.xml
Glue,GluingControl_Control_Manual_Y,GluingControl.Control.Manual_Y,GluingControl,Bool,Bool,1 s,CPU S71500-2PN_TP700,EXPORT/HMI tags/OP010/Device/Glue.xml
Glue,GluingControl_Control_Manual_Z,GluingControl.Control.Manual_Z,GluingControl,Bool,Bool,1 s,CPU S71500-2PN_TP700,EXPORT/HMI tags/OP010/Device/Glue.xml
Glue,GluingControl_Control_ManualTest_X,GluingControl.Control.ManualTest_X,GluingControl,Bool,Bool,1 s,CPU S71500-2PN_TP700,EXPORT/HMI tags/OP010/Device/Glue.xml
Glue,GluingControl_Control_ManualTestStartGlue,GluingControl.Control.ManualTestStartGlue,GluingControl,Bool,Bool,1 s,CPU S71500-2PN_TP700,EXPORT/HMI tags/OP010/Device/Glue.xml
Glue,GluingControl_GlueCalibraton,GluingControl.GlueCalibratonMode,GluingControl,Bool,Bool,1 s,CPU S71500-2PN_TP700,EXPORT/HMI tags/OP010/Device/Glue.xml
Robot,Robot_DB_Control_Robot1GripControl,Robot_DB.Control.Robot1GripControl,Robot_DB,Bool,Bool,1 s,CPU S71500-2PN_TP700,EXPORT/HMI tags/OP010/Device/Robot.xml
Robot,Robot_DB_Control_Robot2GripControl,Robot_DB.Control.Robot2GripControl,Robot_DB,Bool,Bool,1 s,CPU S71500-2PN_TP700,EXPORT/HMI tags/OP010/Device/Robot.xml
Robot,Robot_DB_Control_Robot3GripControl,Robot_DB.Control.Robot3GripControl,Robot_DB,Bool,Bool,1 s,CPU S71500-2PN_TP700,EXPORT/HMI tags/OP010/Device/Robot.xml
Robot,KukaRobot1_CtrlDB_sHMI,KukaRobot1_CtrlDB.sHMI,KukaRobot1_CtrlDB,KukaRobot_HMI,KukaRobot_HMI,1 s,CPU S71500-2PN_TP700,EXPORT/HMI tags/OP010/Device/Robot.xml
Robot,KukaRobot2_CtrlDB_sHMI,KukaRobot2_CtrlDB.sHMI,KukaRobot2_CtrlDB,KukaRobot_HMI,KukaRobot_HMI,1 s,CPU S71500-2PN_TP700,EXPORT/HMI tags/OP010/Device/Robot.xml
Robot,KukaRobot3_CtrlDB_sHMI,KukaRobot3_CtrlDB.sHMI,KukaRobot3_CtrlDB,KukaRobot_HMI,KukaRobot_HMI,1 s,CPU S71500-2PN_TP700,EXPORT/HMI tags/OP010/Device/Robot.xml
Robot,KukaRobot1_PalletCount_1,Robot_DB.Robot_1.PalletCount_1,Robot_DB,Int,Int,100 ms,CPU S71500-2PN_TP700,EXPORT/HMI tags/OP010/Device/Robot.xml
Robot,KukaRobot2_PalletCount_1,Robot_DB.Robot_2.PalletCount_1,Robot_DB,Int,Int,100 ms,CPU S71500-2PN_TP700,EXPORT/HMI tags/OP010/Device/Robot.xml
Robot,KukaRobot2_PalletCount_2,Robot_DB.Robot_2.PalletCount_2,Robot_DB,Int,Int,100 ms,CPU S71500-2PN_TP700,EXPORT/HMI tags/OP010/Device/Robot.xml
Robot,KukaRobot3_PalletCount_1,Robot_DB.Robot_3.PalletCount_1,Robot_DB,Int,Int,100 ms,CPU S71500-2PN_TP700,EXPORT/HMI tags/OP010/Device/Robot.xml
Robot,KukaRobot3_PalletCount_2,Robot_DB.Robot_3.PalletCount_2,Robot_DB,Int,Int,100 ms,CPU S71500-2PN_TP700,EXPORT/HMI tags/OP010/Device/Robot.xml
Robot,KukaRobot1_CtrlDB_iSpeedValue,KukaRobot1_CtrlDB.iSpeedValue,KukaRobot1_CtrlDB,USInt,USInt,100 ms,CPU S71500-2PN_TP700,EXPORT/HMI tags/OP010/Device/Robot.xml
Robot,KukaRobot2_CtrlDB_iSpeedValue,KukaRobot2_CtrlDB.iSpeedValue,KukaRobot2_CtrlDB,USInt,USInt,100 ms,CPU S71500-2PN_TP700,EXPORT/HMI tags/OP010/Device/Robot.xml
Robot,KukaRobot3_CtrlDB_iSpeedValue,KukaRobot3_CtrlDB.iSpeedValue,KukaRobot3_CtrlDB,USInt,USInt,100 ms,CPU S71500-2PN_TP700,EXPORT/HMI tags/OP010/Device/Robot.xml
Robot,AutoProcessControl_Robot_3_PalletFull,AutoProcessControl.Robot_3.PalletFull,AutoProcessControl,Bool,Bool,1 s,CPU S71500-2PN_TP700,EXPORT/HMI tags/OP010/Device/Robot.xml
Robot,AutoProcessControl_Robot_1_ClearPart,AutoProcessControl.Robot_1.ClearPart,AutoProcessControl,Bool,Bool,1 s,CPU S71500-2PN_TP700,EXPORT/HMI tags/OP010/Device/Robot.xml
Robot,ChangeOver_DB_Robot_1_HMI_MaintenancePosReqSel,ChangeOver_DB.Robot_1.HMI_MaintenancePosReqSel,ChangeOver_DB,Bool,Bool,1 s,CPU S71500-2PN_TP700,EXPORT/HMI tags/OP010/Device/Robot.xml
Robot,ChangeOver_DB_Robot_1_HMI_MaintenancePosActive,ChangeOver_DB.Robot_1.HMI_MaintenancePosActive,ChangeOver_DB,Bool,Bool,1 s,CPU S71500-2PN_TP700,EXPORT/HMI tags/OP010/Device/Robot.xml
Robot,ChangeOver_DB_Robot_1_HMI_MaintenanceHomeReq,ChangeOver_DB.Robot_1.HMI_MaintenanceHomeReq,ChangeOver_DB,Bool,Bool,1 s,CPU S71500-2PN_TP700,EXPORT/HMI tags/OP010/Device/Robot.xml
Robot,ChangeOver_DB_Robot_1_MaintenancePosReqSelFlag,ChangeOver_DB.Robot_1.MaintenancePosReqSelFlag,ChangeOver_DB,Bool,Bool,1 s,CPU S71500-2PN_TP700,EXPORT/HMI tags/OP010/Device/Robot.xml
Robot,ChangeOver_DB_Robot_2_HMI_MaintenancePosReqSel,ChangeOver_DB.Robot_2.HMI_MaintenancePosReqSel,ChangeOver_DB,Bool,Bool,1 s,CPU S71500-2PN_TP700,EXPORT/HMI tags/OP010/Device/Robot.xml
Robot,ChangeOver_DB_Robot_2_HMI_MaintenancePosActive,ChangeOver_DB.Robot_2.HMI_MaintenancePosActive,ChangeOver_DB,Bool,Bool,1 s,CPU S71500-2PN_TP700,EXPORT/HMI tags/OP010/Device/Robot.xml
Robot,ChangeOver_DB_Robot_2_HMI_MaintenanceHomeReq,ChangeOver_DB.Robot_2.HMI_MaintenanceHomeReq,ChangeOver_DB,Bool,Bool,1 s,CPU S71500-2PN_TP700,EXPORT/HMI tags/OP010/Device/Robot.xml
Robot,ChangeOver_DB_Robot_2_MaintenancePosReqSelFlag,ChangeOver_DB.Robot_2.MaintenancePosReqSelFlag,ChangeOver_DB,Bool,Bool,1 s,CPU S71500-2PN_TP700,EXPORT/HMI tags/OP010/Device/Robot.xml
Robot,ChangeOver_DB_Robot_3_HMI_MaintenancePosReqSel,ChangeOver_DB.Robot_3.HMI_MaintenancePosReqSel,ChangeOver_DB,Bool,Bool,1 s,CPU S71500-2PN_TP700,EXPORT/HMI tags/OP010/Device/Robot.xml
Robot,ChangeOver_DB_Robot_3_HMI_MaintenancePosActive,ChangeOver_DB.Robot_3.HMI_MaintenancePosActive,ChangeOver_DB,Bool,Bool,1 s,CPU S71500-2PN_TP700,EXPORT/HMI tags/OP010/Device/Robot.xml
Robot,ChangeOver_DB_Robot_3_HMI_MaintenanceHomeReq,ChangeOver_DB.Robot_3.HMI_MaintenanceHomeReq,ChangeOver_DB,Bool,Bool,1 s,CPU S71500-2PN_TP700,EXPORT/HMI tags/OP010/Device/Robot.xml
Robot,ChangeOver_DB_Robot_3_MaintenancePosReqSelFlag,ChangeOver_DB.Robot_3.MaintenancePosReqSelFlag,ChangeOver_DB,Bool,Bool,1 s,CPU S71500-2PN_TP700,EXPORT/HMI tags/OP010/Device/Robot.xml
Robot,Robot3HomeRunning,KukaRobot3_CtrlDB.sROBtoPLC.User.Cycle.DO300_HomeInside,KukaRobot3_CtrlDB,Bool,Bool,1 s,CPU S71500-2PN_TP700,EXPORT/HMI tags/OP010/Device/Robot.xml
Robot,Robot1HomeRunning,KukaRobot1_CtrlDB.sROBtoPLC.User.Cycle.DO300_HomeInside,KukaRobot1_CtrlDB,Bool,Bool,1 s,CPU S71500-2PN_TP700,EXPORT/HMI tags/OP010/Device/Robot.xml
Robot,Robot2HomeRunning,KukaRobot2_CtrlDB.sROBtoPLC.User.Cycle.DO300_HomeInside,KukaRobot2_CtrlDB,Bool,Bool,1 s,CPU S71500-2PN_TP700,EXPORT/HMI tags/OP010/Device/Robot.xml
Robot,ST10_RecipeDB_ParameterElement_Robot1_Ring1Weight,ChangeOver_DB.Robot1.Ring1Weight,ChangeOver_DB,Int,Int,1 s,CPU S71500-2PN_TP700,EXPORT/HMI tags/OP010/Device/Robot.xml
Robot,ST10_RecipeDB_ParameterElement_Robot1_ShaftWeight,ChangeOver_DB.Robot1.ShaftWeight,ChangeOver_DB,Int,Int,1 s,CPU S71500-2PN_TP700,EXPORT/HMI tags/OP010/Device/Robot.xml
Robot,ST10_RecipeDB_ParameterElement_Robot1_MagnetWeight,ChangeOver_DB.Robot1.MagnetWeight,ChangeOver_DB,Int,Int,1 s,CPU S71500-2PN_TP700,EXPORT/HMI tags/OP010/Device/Robot.xml
Robot,ST10_RecipeDB_ParameterElement_Robot1_Ring2Weight,ChangeOver_DB.Robot1.Ring2Weight,ChangeOver_DB,Int,Int,1 s,CPU S71500-2PN_TP700,EXPORT/HMI tags/OP010/Device/Robot.xml
Robot,ST10_RecipeDB_ParameterElement_Robot2_Ring1Weight,ChangeOver_DB.Robot2.Ring1Weight,ChangeOver_DB,Int,Int,1 s,CPU S71500-2PN_TP700,EXPORT/HMI tags/OP010/Device/Robot.xml
Robot,ST10_RecipeDB_ParameterElement_Robot2_ShaftWeight,ChangeOver_DB.Robot2.ShaftWeight,ChangeOver_DB,Int,Int,1 s,CPU S71500-2PN_TP700,EXPORT/HMI tags/OP010/Device/Robot.xml
Robot,ST10_RecipeDB_ParameterElement_Robot2_MagnetWeight,ChangeOver_DB.Robot2.MagnetWeight,ChangeOver_DB,Int,Int,1 s,CPU S71500-2PN_TP700,EXPORT/HMI tags/OP010/Device/Robot.xml
Robot,ST10_RecipeDB_ParameterElement_Robot2_Ring2Weight,ChangeOver_DB.Robot2.Ring2Weight,ChangeOver_DB,Int,Int,1 s,CPU S71500-2PN_TP700,EXPORT/HMI tags/OP010/Device/Robot.xml
Robot,ST10_RecipeDB_ParameterElement_Robot3_Ring1Weight,ChangeOver_DB.Robot3.Ring1Weight,ChangeOver_DB,Int,Int,1 s,CPU S71500-2PN_TP700,EXPORT/HMI tags/OP010/Device/Robot.xml
Robot,ST10_RecipeDB_ParameterElement_Robot3_ShaftWeight,ChangeOver_DB.Robot3.ShaftWeight,ChangeOver_DB,Int,Int,1 s,CPU S71500-2PN_TP700,EXPORT/HMI tags/OP010/Device/Robot.xml
Robot,ST10_RecipeDB_ParameterElement_Robot3_MagnetWeight,ChangeOver_DB.Robot3.MagnetWeight,ChangeOver_DB,Int,Int,1 s,CPU S71500-2PN_TP700,EXPORT/HMI tags/OP010/Device/Robot.xml
Robot,ST10_RecipeDB_ParameterElement_Robot3_Ring2Weight,ChangeOver_DB.Robot3.Ring2Weight,ChangeOver_DB,Int,Int,1 s,CPU S71500-2PN_TP700,EXPORT/HMI tags/OP010/Device/Robot.xml
Robot,Robot_DB_Robot_1_BrakeTest_Req,Robot_DB.Robot_1.BrakeTest_Req,Robot_DB,Bool,Bool,1 s,CPU S71500-2PN_TP700,EXPORT/HMI tags/OP010/Device/Robot.xml
Robot,Robot_DB_Robot_2_BrakeTest_Req,Robot_DB.Robot_2.BrakeTest_Req,Robot_DB,Bool,Bool,1 s,CPU S71500-2PN_TP700,EXPORT/HMI tags/OP010/Device/Robot.xml
Robot,Robot_DB_Robot_3_BrakeTest_Req,Robot_DB.Robot_3.BrakeTest_Req,Robot_DB,Bool,Bool,1 s,CPU S71500-2PN_TP700,EXPORT/HMI tags/OP010/Device/Robot.xml
ST350_GengralAnalog,STxxx_GeneralAnalogDB_aDev{1},OP10_GeneralAnalogDB.aDev[1],OP10_GeneralAnalogDB,ST_GeneralAnalog,ST_GeneralAnalog,1 s,CPU S71500-2PN_TP700,EXPORT/HMI tags/OP010/Device/ST350_GengralAnalog.xml
ST350_GengralAnalog,STxxx_GeneralAnalogDB_aDev{2},OP10_GeneralAnalogDB.aDev[2],OP10_GeneralAnalogDB,ST_GeneralAnalog,ST_GeneralAnalog,1 s,CPU S71500-2PN_TP700,EXPORT/HMI tags/OP010/Device/ST350_GengralAnalog.xml
ST350_SafetyGate,ST10_SafetyGate_InterfaceDB_aDev{1},ST10_SafetyGate_InterfaceDB.aDev[1],ST10_SafetyGate_InterfaceDB,SafetyGateUDT,SafetyGateUDT,100 ms,CPU S71500-2PN_TP700,EXPORT/HMI tags/OP010/Device/ST350_SafetyGate.xml
ST350_SafetyGate,ST10_SafetyGate_InterfaceDB_aDev{2},ST10_SafetyGate_InterfaceDB.aDev[2],ST10_SafetyGate_InterfaceDB,SafetyGateUDT,SafetyGateUDT,100 ms,CPU S71500-2PN_TP700,EXPORT/HMI tags/OP010/Device/ST350_SafetyGate.xml
ST350_SafetyGate,ST10_SafetyGate_InterfaceDB_aDev{3},ST10_SafetyGate_InterfaceDB.aDev[3],ST10_SafetyGate_InterfaceDB,SafetyGateUDT,SafetyGateUDT,100 ms,CPU S71500-2PN_TP700,EXPORT/HMI tags/OP010/Device/ST350_SafetyGate.xml
ST350_SafetyGate,ST10_SafetyGate_InterfaceDB_aDev{4},ST10_SafetyGate_InterfaceDB.aDev[4],ST10_SafetyGate_InterfaceDB,SafetyGateUDT,SafetyGateUDT,100 ms,CPU S71500-2PN_TP700,EXPORT/HMI tags/OP010/Device/ST350_SafetyGate.xml
ST350_SafetyGate,ST10_SafetyGate_InterfaceDB_aDev{5},ST10_SafetyGate_InterfaceDB.aDev[5],ST10_SafetyGate_InterfaceDB,SafetyGateUDT,SafetyGateUDT,100 ms,CPU S71500-2PN_TP700,EXPORT/HMI tags/OP010/Device/ST350_SafetyGate.xml
ST350_SafetyGate,ST10_SafetyGate_InterfaceDB_aDev{7},ST10_SafetyGate_InterfaceDB.aDev[7],ST10_SafetyGate_InterfaceDB,SafetyGateUDT,SafetyGateUDT,100 ms,CPU S71500-2PN_TP700,EXPORT/HMI tags/OP010/Device/ST350_SafetyGate.xml
ST350_SafetyGate,ST10_SafetyGate_InterfaceDB_aDev{8},ST10_SafetyGate_InterfaceDB.aDev[8],ST10_SafetyGate_InterfaceDB,SafetyGateUDT,SafetyGateUDT,100 ms,CPU S71500-2PN_TP700,EXPORT/HMI tags/OP010/Device/ST350_SafetyGate.xml
ST350_SafetyGate,ST10_SafetyGate_InterfaceDB_aDev{9},ST10_SafetyGate_InterfaceDB.aDev[9],ST10_SafetyGate_InterfaceDB,SafetyGateUDT,SafetyGateUDT,100 ms,CPU S71500-2PN_TP700,EXPORT/HMI tags/OP010/Device/ST350_SafetyGate.xml
ST350_SafetyGate,ST10_SafetyGate_InterfaceDB_aDev{10},ST10_SafetyGate_InterfaceDB.aDev[10],ST10_SafetyGate_InterfaceDB,SafetyGateUDT,SafetyGateUDT,100 ms,CPU S71500-2PN_TP700,EXPORT/HMI tags/OP010/Device/ST350_SafetyGate.xml
ST350_SafetyGate,ST10_SafetyGate_InterfaceDB_aDev{11},ST10_SafetyGate_InterfaceDB.aDev[11],ST10_SafetyGate_InterfaceDB,SafetyGateUDT,SafetyGateUDT,100 ms,CPU S71500-2PN_TP700,EXPORT/HMI tags/OP010/Device/ST350_SafetyGate.xml
ST350_SafetyGate,ST10_SafetyGate_InterfaceDB_aDev{12},ST10_SafetyGate_InterfaceDB.aDev[12],ST10_SafetyGate_InterfaceDB,SafetyGateUDT,SafetyGateUDT,100 ms,CPU S71500-2PN_TP700,EXPORT/HMI tags/OP010/Device/ST350_SafetyGate.xml
ST350_SafetyGate,ST10_SafetyGate_InterfaceDB_aDev{13},ST10_SafetyGate_InterfaceDB.aDev[13],ST10_SafetyGate_InterfaceDB,SafetyGateUDT,SafetyGateUDT,100 ms,CPU S71500-2PN_TP700,EXPORT/HMI tags/OP010/Device/ST350_SafetyGate.xml
ST350_SafetyGate,ST10_SafetyGate_InterfaceDB_aDev{14},ST10_SafetyGate_InterfaceDB.aDev[14],ST10_SafetyGate_InterfaceDB,SafetyGateUDT,SafetyGateUDT,100 ms,CPU S71500-2PN_TP700,EXPORT/HMI tags/OP010/Device/ST350_SafetyGate.xml
ST350_SafetyGate,ST10_SafetyGate_InterfaceDB_aDev{15},ST10_SafetyGate_InterfaceDB.aDev[15],ST10_SafetyGate_InterfaceDB,SafetyGateUDT,SafetyGateUDT,100 ms,CPU S71500-2PN_TP700,EXPORT/HMI tags/OP010/Device/ST350_SafetyGate.xml
ST350_SafetyGate,ST10_SafetyGate_InterfaceDB_aDev{16},ST10_SafetyGate_InterfaceDB.aDev[16],ST10_SafetyGate_InterfaceDB,SafetyGateUDT,SafetyGateUDT,100 ms,CPU S71500-2PN_TP700,EXPORT/HMI tags/OP010/Device/ST350_SafetyGate.xml
ST350_SafetyGate,ST10_SafetyGate_InterfaceDB_aDev{17},ST10_SafetyGate_InterfaceDB.aDev[17],ST10_SafetyGate_InterfaceDB,SafetyGateUDT,SafetyGateUDT,100 ms,CPU S71500-2PN_TP700,EXPORT/HMI tags/OP010/Device/ST350_SafetyGate.xml
ST350_SafetyGate,ST10_SafetyGate_InterfaceDB_aDev{18},ST10_SafetyGate_InterfaceDB.aDev[18],ST10_SafetyGate_InterfaceDB,SafetyGateUDT,SafetyGateUDT,100 ms,CPU S71500-2PN_TP700,EXPORT/HMI tags/OP010/Device/ST350_SafetyGate.xml
ST350_SafetyGate,ST10_SafetyGate_InterfaceDB_aDev{19},ST10_SafetyGate_InterfaceDB.aDev[19],ST10_SafetyGate_InterfaceDB,SafetyGateUDT,SafetyGateUDT,100 ms,CPU S71500-2PN_TP700,EXPORT/HMI tags/OP010/Device/ST350_SafetyGate.xml
ST350_SafetyGate,ST10_SafetyGate_InterfaceDB_aDev{20},ST10_SafetyGate_InterfaceDB.aDev[20],ST10_SafetyGate_InterfaceDB,SafetyGateUDT,SafetyGateUDT,100 ms,CPU S71500-2PN_TP700,EXPORT/HMI tags/OP010/Device/ST350_SafetyGate.xml
ST350_SafetyGate,ST10_SafetyGate_InterfaceDB_aDev{6},ST10_SafetyGate_InterfaceDB.aDev[6],ST10_SafetyGate_InterfaceDB,SafetyGateUDT,SafetyGateUDT,100 ms,CPU S71500-2PN_TP700,EXPORT/HMI tags/OP010/Device/ST350_SafetyGate.xml
ST350_Stopper,ST350_Stopper_InterfaceDB.aDev[1],ST10_Stopper_InterfaceDB.aDev[1],ST10_Stopper_InterfaceDB,ST_Stopper,ST_Stopper,100 ms,CPU S71500-2PN_TP700,EXPORT/HMI tags/OP010/Device/ST350_Stopper.xml
ST350_Stopper,ST350_Stopper_InterfaceDB.aDev[2],ST10_Stopper_InterfaceDB.aDev[2],ST10_Stopper_InterfaceDB,ST_Stopper,ST_Stopper,100 ms,CPU S71500-2PN_TP700,EXPORT/HMI tags/OP010/Device/ST350_Stopper.xml
ST350_Stopper,ST350_Stopper_InterfaceDB.aDev[3],ST10_Stopper_InterfaceDB.aDev[3],ST10_Stopper_InterfaceDB,ST_Stopper,ST_Stopper,100 ms,CPU S71500-2PN_TP700,EXPORT/HMI tags/OP010/Device/ST350_Stopper.xml
ST350_Stopper,ST350_Stopper_InterfaceDB.aDev[4],ST10_Stopper_InterfaceDB.aDev[4],ST10_Stopper_InterfaceDB,ST_Stopper,ST_Stopper,100 ms,CPU S71500-2PN_TP700,EXPORT/HMI tags/OP010/Device/ST350_Stopper.xml
ST350_Stopper,ST350_Stopper_InterfaceDB.aDev[5],ST10_Stopper_InterfaceDB.aDev[5],ST10_Stopper_InterfaceDB,ST_Stopper,ST_Stopper,100 ms,CPU S71500-2PN_TP700,EXPORT/HMI tags/OP010/Device/ST350_Stopper.xml
ToolingCode,AutoProcessData.A_Table1_Code1,AutoProcessData.A_Table_1[1].Code,AutoProcessData,String,WString,1 s,CPU S71500-2PN_TP700,EXPORT/HMI tags/OP010/Device/ToolingCode.xml
ToolingCode,AutoProcessData.A_Table1_Code2,AutoProcessData.A_Table_1[2].Code,AutoProcessData,String,WString,1 s,CPU S71500-2PN_TP700,EXPORT/HMI tags/OP010/Device/ToolingCode.xml
ToolingCode,AutoProcessData.A_Table1_Code3,AutoProcessData.A_Table_1[3].Code,AutoProcessData,String,WString,1 s,CPU S71500-2PN_TP700,EXPORT/HMI tags/OP010/Device/ToolingCode.xml
ToolingCode,AutoProcessData.A_Table1_Code4,AutoProcessData.A_Table_1[4].Code,AutoProcessData,String,WString,1 s,CPU S71500-2PN_TP700,EXPORT/HMI tags/OP010/Device/ToolingCode.xml
ToolingCode,AutoProcessData.A_Table1_Code5,AutoProcessData.A_Table_1[5].Code,AutoProcessData,String,WString,1 s,CPU S71500-2PN_TP700,EXPORT/HMI tags/OP010/Device/ToolingCode.xml
ToolingCode,AutoProcessData.A_Table1_Code6,AutoProcessData.A_Table_1[6].Code,AutoProcessData,String,WString,1 s,CPU S71500-2PN_TP700,EXPORT/HMI tags/OP010/Device/ToolingCode.xml
ToolingCode,AutoProcessData.A_Table1_Code7,AutoProcessData.A_Table_1[7].Code,AutoProcessData,String,WString,1 s,CPU S71500-2PN_TP700,EXPORT/HMI tags/OP010/Device/ToolingCode.xml
ToolingCode,AutoProcessData.A_Table1_Code8,AutoProcessData.A_Table_1[8].Code,AutoProcessData,String,WString,1 s,CPU S71500-2PN_TP700,EXPORT/HMI tags/OP010/Device/ToolingCode.xml
ToolingCode,AutoProcessData.A_Table2_Code1,AutoProcessData.A_Table_2[1].Code,AutoProcessData,String,WString,1 s,CPU S71500-2PN_TP700,EXPORT/HMI tags/OP010/Device/ToolingCode.xml
ToolingCode,AutoProcessData.A_Table2_Code2,AutoProcessData.A_Table_2[2].Code,AutoProcessData,String,WString,1 s,CPU S71500-2PN_TP700,EXPORT/HMI tags/OP010/Device/ToolingCode.xml
ToolingCode,AutoProcessData.A_Table2_Code3,AutoProcessData.A_Table_2[3].Code,AutoProcessData,String,WString,1 s,CPU S71500-2PN_TP700,EXPORT/HMI tags/OP010/Device/ToolingCode.xml
ToolingCode,AutoProcessData.A_Table2_Code4,AutoProcessData.A_Table_2[4].Code,AutoProcessData,String,WString,1 s,CPU S71500-2PN_TP700,EXPORT/HMI tags/OP010/Device/ToolingCode.xml
ToolingCode,AutoProcessData.A_Table2_Code5,AutoProcessData.A_Table_2[5].Code,AutoProcessData,String,WString,1 s,CPU S71500-2PN_TP700,EXPORT/HMI tags/OP010/Device/ToolingCode.xml
ToolingCode,AutoProcessData.A_Table2_Code6,AutoProcessData.A_Table_2[6].Code,AutoProcessData,String,WString,1 s,CPU S71500-2PN_TP700,EXPORT/HMI tags/OP010/Device/ToolingCode.xml
ToolingCode,AutoProcessData.A_Table2_Code7,AutoProcessData.A_Table_2[7].Code,AutoProcessData,String,WString,1 s,CPU S71500-2PN_TP700,EXPORT/HMI tags/OP010/Device/ToolingCode.xml
ToolingCode,AutoProcessData.A_Table2_Code8,AutoProcessData.A_Table_2[8].Code,AutoProcessData,String,WString,1 s,CPU S71500-2PN_TP700,EXPORT/HMI tags/OP010/Device/ToolingCode.xml
ToolingCode,AutoProcessData.FixtureCode_A1_1,AutoProcessData.FixtureCode_A1[1],AutoProcessData,String,WString,1 s,CPU S71500-2PN_TP700,EXPORT/HMI tags/OP010/Device/ToolingCode.xml
ToolingCode,AutoProcessData.FixtureCode_A1_2,AutoProcessData.FixtureCode_A1[2],AutoProcessData,String,WString,1 s,CPU S71500-2PN_TP700,EXPORT/HMI tags/OP010/Device/ToolingCode.xml
ToolingCode,AutoProcessData.FixtureCode_A1_3,AutoProcessData.FixtureCode_A1[3],AutoProcessData,String,WString,1 s,CPU S71500-2PN_TP700,EXPORT/HMI tags/OP010/Device/ToolingCode.xml
ToolingCode,AutoProcessData.FixtureCode_A1_4,AutoProcessData.FixtureCode_A1[4],AutoProcessData,String,WString,1 s,CPU S71500-2PN_TP700,EXPORT/HMI tags/OP010/Device/ToolingCode.xml
ToolingCode,AutoProcessData.FixtureCode_A1_5,AutoProcessData.FixtureCode_A1[5],AutoProcessData,String,WString,1 s,CPU S71500-2PN_TP700,EXPORT/HMI tags/OP010/Device/ToolingCode.xml
ToolingCode,AutoProcessData.FixtureCode_A2_1,AutoProcessData.FixtureCode_A2[1],AutoProcessData,String,WString,1 s,CPU S71500-2PN_TP700,EXPORT/HMI tags/OP010/Device/ToolingCode.xml
ToolingCode,AutoProcessData.FixtureCode_A2_2,AutoProcessData.FixtureCode_A2[2],AutoProcessData,String,WString,1 s,CPU S71500-2PN_TP700,EXPORT/HMI tags/OP010/Device/ToolingCode.xml
ToolingCode,AutoProcessData.FixtureCode_A2_3,AutoProcessData.FixtureCode_A2[3],AutoProcessData,String,WString,1 s,CPU S71500-2PN_TP700,EXPORT/HMI tags/OP010/Device/ToolingCode.xml
ToolingCode,AutoProcessData.FixtureCode_A2_4,AutoProcessData.FixtureCode_A2[4],AutoProcessData,String,WString,1 s,CPU S71500-2PN_TP700,EXPORT/HMI tags/OP010/Device/ToolingCode.xml
ToolingCode,AutoProcessData.FixtureCode_A2_5,AutoProcessData.FixtureCode_A2[5],AutoProcessData,String,WString,1 s,CPU S71500-2PN_TP700,EXPORT/HMI tags/OP010/Device/ToolingCode.xml
ToolingCode,AutoProcessData.FixtureCode_A1_6,AutoProcessData.FixtureCode_A1[6],AutoProcessData,String,WString,1 s,CPU S71500-2PN_TP700,EXPORT/HMI tags/OP010/Device/ToolingCode.xml
ToolingCode,AutoProcessData.FixtureCode_A1_7,AutoProcessData.FixtureCode_A1[7],AutoProcessData,String,WString,1 s,CPU S71500-2PN_TP700,EXPORT/HMI tags/OP010/Device/ToolingCode.xml
ToolingCode,AutoProcessData.FixtureCode_A2_6,AutoProcessData.FixtureCode_A2[6],AutoProcessData,String,WString,1 s,CPU S71500-2PN_TP700,EXPORT/HMI tags/OP010/Device/ToolingCode.xml
ToolingCode,AutoProcessData.FixtureCode_A2_7,AutoProcessData.FixtureCode_A2[7],AutoProcessData,String,WString,1 s,CPU S71500-2PN_TP700,EXPORT/HMI tags/OP010/Device/ToolingCode.xml
ToolingCode,AutoProcessData.FixtureCode_A2_8,AutoProcessData.FixtureCode_A2[8],AutoProcessData,String,WString,1 s,CPU S71500-2PN_TP700,EXPORT/HMI tags/OP010/Device/ToolingCode.xml
ToolingCode,AutoProcessData.GripperCode_R1[1],AutoProcessData.GripperCode_R1[1],AutoProcessData,String,WString,1 s,CPU S71500-2PN_TP700,EXPORT/HMI tags/OP010/Device/ToolingCode.xml
ToolingCode,AutoProcessData.GripperCode_R1[2],AutoProcessData.GripperCode_R1[2],AutoProcessData,String,WString,1 s,CPU S71500-2PN_TP700,EXPORT/HMI tags/OP010/Device/ToolingCode.xml
ToolingCode,AutoProcessData.GripperCode_R1[3],AutoProcessData.GripperCode_R1[3],AutoProcessData,String,WString,1 s,CPU S71500-2PN_TP700,EXPORT/HMI tags/OP010/Device/ToolingCode.xml
ToolingCode,AutoProcessData.GripperCode_R1[4],AutoProcessData.GripperCode_R1[4],AutoProcessData,String,WString,1 s,CPU S71500-2PN_TP700,EXPORT/HMI tags/OP010/Device/ToolingCode.xml
ToolingCode,AutoProcessData.GripperCode_R2[1],AutoProcessData.GripperCode_R2[1],AutoProcessData,String,WString,1 s,CPU S71500-2PN_TP700,EXPORT/HMI tags/OP010/Device/ToolingCode.xml
ToolingCode,AutoProcessData.GripperCode_R2[2],AutoProcessData.GripperCode_R2[2],AutoProcessData,String,WString,1 s,CPU S71500-2PN_TP700,EXPORT/HMI tags/OP010/Device/ToolingCode.xml
ToolingCode,AutoProcessData.GripperCode_R2[3],AutoProcessData.GripperCode_R2[3],AutoProcessData,String,WString,1 s,CPU S71500-2PN_TP700,EXPORT/HMI tags/OP010/Device/ToolingCode.xml
ToolingCode,AutoProcessData.GripperCode_R2[4],AutoProcessData.GripperCode_R2[4],AutoProcessData,String,WString,1 s,CPU S71500-2PN_TP700,EXPORT/HMI tags/OP010/Device/ToolingCode.xml
ToolingCode,AutoProcessData.GripperCode_R3[1],AutoProcessData.GripperCode_R3[1],AutoProcessData,String,WString,1 s,CPU S71500-2PN_TP700,EXPORT/HMI tags/OP010/Device/ToolingCode.xml
ToolingCode,AutoProcessData.GripperCode_R3[2],AutoProcessData.GripperCode_R3[2],AutoProcessData,String,WString,1 s,CPU S71500-2PN_TP700,EXPORT/HMI tags/OP010/Device/ToolingCode.xml
ToolingCode,AutoProcessData.GripperCode_R3[3],AutoProcessData.GripperCode_R3[3],AutoProcessData,String,WString,1 s,CPU S71500-2PN_TP700,EXPORT/HMI tags/OP010/Device/ToolingCode.xml
ToolingCode,AutoProcessData.GripperCode_R3[4],AutoProcessData.GripperCode_R3[4],AutoProcessData,String,WString,1 s,CPU S71500-2PN_TP700,EXPORT/HMI tags/OP010/Device/ToolingCode.xml
1Command PLC To Mes_DB500,PLCtoMES_Load_Station1ChickInReq,"PLCtoMES.""PLC.Load_Station1ChickInReq""",PLCtoMES,Bool,Bool,1 s,CPU S71500-2PN_TP700,EXPORT/HMI tags/OP010/MES/1Command PLC To Mes_DB500.xml
1Command PLC To Mes_DB500,PLCtoMES_Load_Station2ChickInReq,"PLCtoMES.""PLC.Load_Station2ChickInReq""",PLCtoMES,Bool,Bool,1 s,CPU S71500-2PN_TP700,EXPORT/HMI tags/OP010/MES/1Command PLC To Mes_DB500.xml
1Command PLC To Mes_DB500,PLCtoMES_Load_Station3ChickInReq,"PLCtoMES.""PLC.Load_Station3ChickInReq""",PLCtoMES,Bool,Bool,1 s,CPU S71500-2PN_TP700,EXPORT/HMI tags/OP010/MES/1Command PLC To Mes_DB500.xml
1Command PLC To Mes_DB500,PLCtoMES_Load_Station4ChickInReq,"PLCtoMES.""PLC.Load_Station4ChickInReq""",PLCtoMES,Bool,Bool,1 s,CPU S71500-2PN_TP700,EXPORT/HMI tags/OP010/MES/1Command PLC To Mes_DB500.xml
1Command PLC To Mes_DB500,PLCtoMES_Load_Station5ChickInReq,"PLCtoMES.""PLC.Load_Station5ChickInReq""",PLCtoMES,Bool,Bool,1 s,CPU S71500-2PN_TP700,EXPORT/HMI tags/OP010/MES/1Command PLC To Mes_DB500.xml
1Command PLC To Mes_DB500,PLCtoMES_Load_Station6ChickInReq,"PLCtoMES.""PLC.Load_Station6ChickInReq""",PLCtoMES,Bool,Bool,1 s,CPU S71500-2PN_TP700,EXPORT/HMI tags/OP010/MES/1Command PLC To Mes_DB500.xml
1Command PLC To Mes_DB500,PLCtoMES_Load_Station7ChickInReq,"PLCtoMES.""PLC.Load_Station7ChickInReq""",PLCtoMES,Bool,Bool,1 s,CPU S71500-2PN_TP700,EXPORT/HMI tags/OP010/MES/1Command PLC To Mes_DB500.xml
1Command PLC To Mes_DB500,PLCtoMES_Load_Station8ChickInReq,"PLCtoMES.""PLC.Load_Station8ChickInReq""",PLCtoMES,Bool,Bool,1 s,CPU S71500-2PN_TP700,EXPORT/HMI tags/OP010/MES/1Command PLC To Mes_DB500.xml
1Command PLC To Mes_DB500,PLCtoMES_Load_SubPart1ChickInReq,"PLCtoMES.""PLC.Load_StoveCheckIn""",PLCtoMES,Bool,Bool,1 s,CPU S71500-2PN_TP700,EXPORT/HMI tags/OP010/MES/1Command PLC To Mes_DB500.xml
1Command PLC To Mes_DB500,PLCtoMES_Load_SubPart2ChickInReq,PLCtoMES.Spare_11,PLCtoMES,Bool,Bool,1 s,CPU S71500-2PN_TP700,EXPORT/HMI tags/OP010/MES/1Command PLC To Mes_DB500.xml
1Command PLC To Mes_DB500,PLCtoMES_Load_SubPart3ChickInReq,PLCtoMES.Spare_12,PLCtoMES,Bool,Bool,1 s,CPU S71500-2PN_TP700,EXPORT/HMI tags/OP010/MES/1Command PLC To Mes_DB500.xml
1Command PLC To Mes_DB500,PLCtoMES_Load_SubPart4ChickInReq,PLCtoMES.Spare_13,PLCtoMES,Bool,Bool,1 s,CPU S71500-2PN_TP700,EXPORT/HMI tags/OP010/MES/1Command PLC To Mes_DB500.xml
1Command PLC To Mes_DB500,PLCtoMES_Load_SubPart5ChickInReq,PLCtoMES.Spare_14,PLCtoMES,Bool,Bool,1 s,CPU S71500-2PN_TP700,EXPORT/HMI tags/OP010/MES/1Command PLC To Mes_DB500.xml
1Command PLC To Mes_DB500,PLCtoMES_Load_SubPart6ChickInReq,PLCtoMES.Spare_15,PLCtoMES,Bool,Bool,1 s,CPU S71500-2PN_TP700,EXPORT/HMI tags/OP010/MES/1Command PLC To Mes_DB500.xml
1Command PLC To Mes_DB500,PLCtoMES_Load_SubPart7ChickInReq,PLCtoMES.Spare_16,PLCtoMES,Bool,Bool,1 s,CPU S71500-2PN_TP700,EXPORT/HMI tags/OP010/MES/1Command PLC To Mes_DB500.xml
1Command PLC To Mes_DB500,PLCtoMES_Load_SubPart8ChickInReq,PLCtoMES.Spare_17,PLCtoMES,Bool,Bool,1 s,CPU S71500-2PN_TP700,EXPORT/HMI tags/OP010/MES/1Command PLC To Mes_DB500.xml
1Command PLC To Mes_DB500,PLCtoMES_Load_Scanner1ChickInReq,PLCtoMES.Spare_18,PLCtoMES,Bool,Bool,1 s,CPU S71500-2PN_TP700,EXPORT/HMI tags/OP010/MES/1Command PLC To Mes_DB500.xml
1Command PLC To Mes_DB500,PLCtoMES_Load_Scanner2ChickInReq,PLCtoMES.Spare_19,PLCtoMES,Bool,Bool,1 s,CPU S71500-2PN_TP700,EXPORT/HMI tags/OP010/MES/1Command PLC To Mes_DB500.xml
1Command PLC To Mes_DB500,PLCtoMES_Load_Scanner3ChickInReq,PLCtoMES.Spare_20,PLCtoMES,Bool,Bool,1 s,CPU S71500-2PN_TP700,EXPORT/HMI tags/OP010/MES/1Command PLC To Mes_DB500.xml
1Command PLC To Mes_DB500,PLCtoMES_Load_Scanner4ChickInReq,PLCtoMES.Spare_21,PLCtoMES,Bool,Bool,1 s,CPU S71500-2PN_TP700,EXPORT/HMI tags/OP010/MES/1Command PLC To Mes_DB500.xml
1Command PLC To Mes_DB500,PLCtoMES_Load_Scanner5ChickInReq,PLCtoMES.Spare_22,PLCtoMES,Bool,Bool,1 s,CPU S71500-2PN_TP700,EXPORT/HMI tags/OP010/MES/1Command PLC To Mes_DB500.xml
1Command PLC To Mes_DB500,PLCtoMES_Load_Scanner6ChickInReq,PLCtoMES.Spare_23,PLCtoMES,Bool,Bool,1 s,CPU S71500-2PN_TP700,EXPORT/HMI tags/OP010/MES/1Command PLC To Mes_DB500.xml
1Command PLC To Mes_DB500,PLCtoMES_Load_Scanner7ChickInReq,PLCtoMES.Spare_24,PLCtoMES,Bool,Bool,1 s,CPU S71500-2PN_TP700,EXPORT/HMI tags/OP010/MES/1Command PLC To Mes_DB500.xml
1Command PLC To Mes_DB500,PLCtoMES_Load_Scanner8ChickInReq,PLCtoMES.Spare_25,PLCtoMES,Bool,Bool,1 s,CPU S71500-2PN_TP700,EXPORT/HMI tags/OP010/MES/1Command PLC To Mes_DB500.xml
1Command PLC To Mes_DB500,PLCtoMES_SpareByte,PLCtoMES.Spare_1,PLCtoMES,Byte,USInt,1 s,CPU S71500-2PN_TP700,EXPORT/HMI tags/OP010/MES/1Command PLC To Mes_DB500.xml
1Command PLC To Mes_DB500,PLCtoMES_Load_PrintReq,PLCtoMES.Spare_2,PLCtoMES,Bool,Bool,1 s,CPU S71500-2PN_TP700,EXPORT/HMI tags/OP010/MES/1Command PLC To Mes_DB500.xml
1Command PLC To Mes_DB500,PLCtoMES_Load_DataMatrixCheckReq,PLCtoMES.Spare_3,PLCtoMES,Bool,Bool,1 s,CPU S71500-2PN_TP700,EXPORT/HMI tags/OP010/MES/1Command PLC To Mes_DB500.xml
1Command PLC To Mes_DB500,PLCtoMES_Load_Spare,PLCtoMES.Spare_4,PLCtoMES,Bool,Bool,1 s,CPU S71500-2PN_TP700,EXPORT/HMI tags/OP010/MES/1Command PLC To Mes_DB500.xml
1Command PLC To Mes_DB500,PLCtoMES_Load_Spare_1,PLCtoMES.Spare_5,PLCtoMES,Bool,Bool,1 s,CPU S71500-2PN_TP700,EXPORT/HMI tags/OP010/MES/1Command PLC To Mes_DB500.xml
1Command PLC To Mes_DB500,PLCtoMES_Load_Spare_2,PLCtoMES.Spare_6,PLCtoMES,Bool,Bool,1 s,CPU S71500-2PN_TP700,EXPORT/HMI tags/OP010/MES/1Command PLC To Mes_DB500.xml
1Command PLC To Mes_DB500,PLCtoMES_Load_Spare_3,PLCtoMES.Spare_7,PLCtoMES,Bool,Bool,1 s,CPU S71500-2PN_TP700,EXPORT/HMI tags/OP010/MES/1Command PLC To Mes_DB500.xml
1Command PLC To Mes_DB500,PLCtoMES_Load_Spare_4,PLCtoMES.Spare_8,PLCtoMES,Bool,Bool,1 s,CPU S71500-2PN_TP700,EXPORT/HMI tags/OP010/MES/1Command PLC To Mes_DB500.xml
1Command PLC To Mes_DB500,PLCtoMES_Load_Spare_5,PLCtoMES.Spare_9,PLCtoMES,Bool,Bool,1 s,CPU S71500-2PN_TP700,EXPORT/HMI tags/OP010/MES/1Command PLC To Mes_DB500.xml
1Command PLC To Mes_DB500,PLCtoMES_Unload_Station1DataSaveReq,PLCtoMES.Static_2,PLCtoMES,Bool,Bool,1 s,CPU S71500-2PN_TP700,EXPORT/HMI tags/OP010/MES/1Command PLC To Mes_DB500.xml
1Command PLC To Mes_DB500,PLCtoMES_Unload_Station2DataSaveReq,"PLCtoMES.""PLC.Unload_Station1DataSaveReq""",PLCtoMES,Bool,Bool,1 s,CPU S71500-2PN_TP700,EXPORT/HMI tags/OP010/MES/1Command PLC To Mes_DB500.xml
1Command PLC To Mes_DB500,PLCtoMES_Unload_Station3DataSaveReq,"PLCtoMES.""PLC.Unload_Station2DataSaveReq""",PLCtoMES,Bool,Bool,1 s,CPU S71500-2PN_TP700,EXPORT/HMI tags/OP010/MES/1Command PLC To Mes_DB500.xml
1Command PLC To Mes_DB500,PLCtoMES_Unload_Station4DataSaveReq,"PLCtoMES.""PLC.Unload_Station3DataSaveReq""",PLCtoMES,Bool,Bool,1 s,CPU S71500-2PN_TP700,EXPORT/HMI tags/OP010/MES/1Command PLC To Mes_DB500.xml
1Command PLC To Mes_DB500,PLCtoMES_Unload_Station5DataSaveReq,"PLCtoMES.""PLC.Unload_Station4DataSaveReq""",PLCtoMES,Bool,Bool,1 s,CPU S71500-2PN_TP700,EXPORT/HMI tags/OP010/MES/1Command PLC To Mes_DB500.xml
1Command PLC To Mes_DB500,PLCtoMES_Unload_Station6DataSaveReq,"PLCtoMES.""PLC.Unload_Station5DataSaveReq""",PLCtoMES,Bool,Bool,1 s,CPU S71500-2PN_TP700,EXPORT/HMI tags/OP010/MES/1Command PLC To Mes_DB500.xml
1Command PLC To Mes_DB500,PLCtoMES_Unload_Station7DataSaveReq,"PLCtoMES.""PLC.Unload_Station6DataSaveReq""",PLCtoMES,Bool,Bool,1 s,CPU S71500-2PN_TP700,EXPORT/HMI tags/OP010/MES/1Command PLC To Mes_DB500.xml
1Command PLC To Mes_DB500,PLCtoMES_Unload_Station8DataSaveReq,"PLCtoMES.""PLC.Unload_Station7DataSaveReq""",PLCtoMES,Bool,Bool,1 s,CPU S71500-2PN_TP700,EXPORT/HMI tags/OP010/MES/1Command PLC To Mes_DB500.xml
1Command PLC To Mes_DB500,PLCtoMES_P-HeartBeat,"PLCtoMES.""PLC.Unload_Station8DataSaveReq""",PLCtoMES,Bool,Bool,1 s,CPU S71500-2PN_TP700,EXPORT/HMI tags/OP010/MES/1Command PLC To Mes_DB500.xml
2Command Mes To PLC_DB501,MEStoPLC_Load_Station1PartOK,"MEStoPLC.""MES.Load_Station1PartOK""",MEStoPLC,Bool,Bool,1 s,CPU S71500-2PN_TP700,EXPORT/HMI tags/OP010/MES/2Command Mes To PLC_DB501.xml
2Command Mes To PLC_DB501,MEStoPLC_Load_Station1PartNG,"MEStoPLC.""MES.Load_Station1PartNG""",MEStoPLC,Bool,Bool,1 s,CPU S71500-2PN_TP700,EXPORT/HMI tags/OP010/MES/2Command Mes To PLC_DB501.xml
2Command Mes To PLC_DB501,MEStoPLC_Load_Station1ReqMesDone,"MEStoPLC.""MES.Load_Station1ReqMesDone""",MEStoPLC,Bool,Bool,1 s,CPU S71500-2PN_TP700,EXPORT/HMI tags/OP010/MES/2Command Mes To PLC_DB501.xml
2Command Mes To PLC_DB501,MEStoPLC_Load_Station1Spare,MEStoPLC.Spare_1,MEStoPLC,Bool,Bool,1 s,CPU S71500-2PN_TP700,EXPORT/HMI tags/OP010/MES/2Command Mes To PLC_DB501.xml
2Command Mes To PLC_DB501,MEStoPLC_Load_Station1Spare1,"MEStoPLC.""MES.Load_Station2PartOK""",MEStoPLC,Bool,Bool,1 s,CPU S71500-2PN_TP700,EXPORT/HMI tags/OP010/MES/2Command Mes To PLC_DB501.xml
2Command Mes To PLC_DB501,MEStoPLC_Load_Station1Spare2,"MEStoPLC.""MES.Load_Station2PartNG""",MEStoPLC,Bool,Bool,1 s,CPU S71500-2PN_TP700,EXPORT/HMI tags/OP010/MES/2Command Mes To PLC_DB501.xml
2Command Mes To PLC_DB501,MEStoPLC_Load_Station1Spare3,"MEStoPLC.""MES.Load_Station2ReqMesDone""",MEStoPLC,Bool,Bool,1 s,CPU S71500-2PN_TP700,EXPORT/HMI tags/OP010/MES/2Command Mes To PLC_DB501.xml
2Command Mes To PLC_DB501,MEStoPLC_Load_Station1Spare4,MEStoPLC.Spare_2,MEStoPLC,Bool,Bool,1 s,CPU S71500-2PN_TP700,EXPORT/HMI tags/OP010/MES/2Command Mes To PLC_DB501.xml
2Command Mes To PLC_DB501,MEStoPLC_Load_Station2PartOK,"MEStoPLC.""MES.Load_Station3PartOK""",MEStoPLC,Bool,Bool,1 s,CPU S71500-2PN_TP700,EXPORT/HMI tags/OP010/MES/2Command Mes To PLC_DB501.xml
2Command Mes To PLC_DB501,MEStoPLC_Load_Station2PartNG,"MEStoPLC.""MES.Load_Station3PartNG""",MEStoPLC,Bool,Bool,1 s,CPU S71500-2PN_TP700,EXPORT/HMI tags/OP010/MES/2Command Mes To PLC_DB501.xml
2Command Mes To PLC_DB501,MEStoPLC_Load_Station2ReqMesDone,"MEStoPLC.""MES.Load_Station3ReqMesDone""",MEStoPLC,Bool,Bool,1 s,CPU S71500-2PN_TP700,EXPORT/HMI tags/OP010/MES/2Command Mes To PLC_DB501.xml
2Command Mes To PLC_DB501,MEStoPLC_Load_Station2Spare,MEStoPLC.Spare_3,MEStoPLC,Bool,Bool,1 s,CPU S71500-2PN_TP700,EXPORT/HMI tags/OP010/MES/2Command Mes To PLC_DB501.xml
2Command Mes To PLC_DB501,MEStoPLC_Load_Station2Spare1,"MEStoPLC.""MES.Load_Station4PartOK""",MEStoPLC,Bool,Bool,1 s,CPU S71500-2PN_TP700,EXPORT/HMI tags/OP010/MES/2Command Mes To PLC_DB501.xml
2Command Mes To PLC_DB501,MEStoPLC_Load_Station2Spare2,"MEStoPLC.""MES.Load_Station4PartNG""",MEStoPLC,Bool,Bool,1 s,CPU S71500-2PN_TP700,EXPORT/HMI tags/OP010/MES/2Command Mes To PLC_DB501.xml
2Command Mes To PLC_DB501,MEStoPLC_Load_Station2Spare3,"MEStoPLC.""MES.Load_Station4ReqMesDone""",MEStoPLC,Bool,Bool,1 s,CPU S71500-2PN_TP700,EXPORT/HMI tags/OP010/MES/2Command Mes To PLC_DB501.xml
2Command Mes To PLC_DB501,MEStoPLC_Load_Station2Spare4,MEStoPLC.Spare_4,MEStoPLC,Bool,Bool,1 s,CPU S71500-2PN_TP700,EXPORT/HMI tags/OP010/MES/2Command Mes To PLC_DB501.xml
2Command Mes To PLC_DB501,MEStoPLC_Load_Station3PartOK,"MEStoPLC.""MES.Load_Station5PartOK""",MEStoPLC,Bool,Bool,1 s,CPU S71500-2PN_TP700,EXPORT/HMI tags/OP010/MES/2Command Mes To PLC_DB501.xml
2Command Mes To PLC_DB501,MEStoPLC_Load_Station3PartNG,"MEStoPLC.""MES.Load_Station5PartNG""",MEStoPLC,Bool,Bool,1 s,CPU S71500-2PN_TP700,EXPORT/HMI tags/OP010/MES/2Command Mes To PLC_DB501.xml
2Command Mes To PLC_DB501,MEStoPLC_Load_Station3ReqMesDone,"MEStoPLC.""MES.Load_Station5ReqMesDone""",MEStoPLC,Bool,Bool,1 s,CPU S71500-2PN_TP700,EXPORT/HMI tags/OP010/MES/2Command Mes To PLC_DB501.xml
2Command Mes To PLC_DB501,MEStoPLC_Load_Station3Spare,MEStoPLC.Spare_5,MEStoPLC,Bool,Bool,1 s,CPU S71500-2PN_TP700,EXPORT/HMI tags/OP010/MES/2Command Mes To PLC_DB501.xml
2Command Mes To PLC_DB501,MEStoPLC_Load_Station3Spare1,"MEStoPLC.""MES.Load_Station6PartOK""",MEStoPLC,Bool,Bool,1 s,CPU S71500-2PN_TP700,EXPORT/HMI tags/OP010/MES/2Command Mes To PLC_DB501.xml
2Command Mes To PLC_DB501,MEStoPLC_Load_Station3Spare2,"MEStoPLC.""MES.Load_Station6PartNG""",MEStoPLC,Bool,Bool,1 s,CPU S71500-2PN_TP700,EXPORT/HMI tags/OP010/MES/2Command Mes To PLC_DB501.xml
2Command Mes To PLC_DB501,MEStoPLC_Load_Station3Spare3,"MEStoPLC.""MES.Load_Station6ReqMesDone""",MEStoPLC,Bool,Bool,1 s,CPU S71500-2PN_TP700,EXPORT/HMI tags/OP010/MES/2Command Mes To PLC_DB501.xml
2Command Mes To PLC_DB501,MEStoPLC_Load_Station3Spare4,MEStoPLC.Spare_6,MEStoPLC,Bool,Bool,1 s,CPU S71500-2PN_TP700,EXPORT/HMI tags/OP010/MES/2Command Mes To PLC_DB501.xml
2Command Mes To PLC_DB501,MEStoPLC_Load_Station4PartOK,"MEStoPLC.""MES.Load_Station7PartOK""",MEStoPLC,Bool,Bool,1 s,CPU S71500-2PN_TP700,EXPORT/HMI tags/OP010/MES/2Command Mes To PLC_DB501.xml
2Command Mes To PLC_DB501,MEStoPLC_Load_Station4PartNG,"MEStoPLC.""MES.Load_Station7PartNG""",MEStoPLC,Bool,Bool,1 s,CPU S71500-2PN_TP700,EXPORT/HMI tags/OP010/MES/2Command Mes To PLC_DB501.xml
2Command Mes To PLC_DB501,MEStoPLC_Load_Station4ReqMesDone,"MEStoPLC.""MES.Load_Station7ReqMesDone""",MEStoPLC,Bool,Bool,1 s,CPU S71500-2PN_TP700,EXPORT/HMI tags/OP010/MES/2Command Mes To PLC_DB501.xml
2Command Mes To PLC_DB501,MEStoPLC_Load_Station4Spare,MEStoPLC.Spare_7,MEStoPLC,Bool,Bool,1 s,CPU S71500-2PN_TP700,EXPORT/HMI tags/OP010/MES/2Command Mes To PLC_DB501.xml
2Command Mes To PLC_DB501,MEStoPLC_Load_Station4Spare1,"MEStoPLC.""MES.Load_Station8PartOK""",MEStoPLC,Bool,Bool,1 s,CPU S71500-2PN_TP700,EXPORT/HMI tags/OP010/MES/2Command Mes To PLC_DB501.xml
2Command Mes To PLC_DB501,MEStoPLC_Load_Station4Spare2,"MEStoPLC.""MES.Load_Station8PartNG""",MEStoPLC,Bool,Bool,1 s,CPU S71500-2PN_TP700,EXPORT/HMI tags/OP010/MES/2Command Mes To PLC_DB501.xml
2Command Mes To PLC_DB501,MEStoPLC_Load_Station4Spare3,"MEStoPLC.""MES.Load_Station8ReqMesDone""",MEStoPLC,Bool,Bool,1 s,CPU S71500-2PN_TP700,EXPORT/HMI tags/OP010/MES/2Command Mes To PLC_DB501.xml
2Command Mes To PLC_DB501,MEStoPLC_Load_Station4Spare4,MEStoPLC.Spare_8,MEStoPLC,Bool,Bool,1 s,CPU S71500-2PN_TP700,EXPORT/HMI tags/OP010/MES/2Command Mes To PLC_DB501.xml
2Command Mes To PLC_DB501,MEStoPLC_Load_Station5PartOK,MEStoPLC.Spare_9,MEStoPLC,Bool,Bool,1 s,CPU S71500-2PN_TP700,EXPORT/HMI tags/OP010/MES/2Command Mes To PLC_DB501.xml
2Command Mes To PLC_DB501,MEStoPLC_Load_Station5PartNG,MEStoPLC.Static_3,MEStoPLC,Bool,Bool,1 s,CPU S71500-2PN_TP700,EXPORT/HMI tags/OP010/MES/2Command Mes To PLC_DB501.xml
2Command Mes To PLC_DB501,MEStoPLC_Load_Station5ReqMesDone,"MEStoPLC.""MES.Load_SubPart1OK""",MEStoPLC,Bool,Bool,1 s,CPU S71500-2PN_TP700,EXPORT/HMI tags/OP010/MES/2Command Mes To PLC_DB501.xml
2Command Mes To PLC_DB501,MEStoPLC_Load_Station5Spare,"MEStoPLC.""MES.Load_SubPart1tNG""",MEStoPLC,Bool,Bool,1 s,CPU S71500-2PN_TP700,EXPORT/HMI tags/OP010/MES/2Command Mes To PLC_DB501.xml
2Command Mes To PLC_DB501,MEStoPLC_Load_Station5Spare1,"MEStoPLC.""MES.Load_SubPart1ReqMesDone""",MEStoPLC,Bool,Bool,1 s,CPU S71500-2PN_TP700,EXPORT/HMI tags/OP010/MES/2Command Mes To PLC_DB501.xml
2Command Mes To PLC_DB501,MEStoPLC_Load_Station5Spare2,MEStoPLC.Spare_10,MEStoPLC,Bool,Bool,1 s,CPU S71500-2PN_TP700,EXPORT/HMI tags/OP010/MES/2Command Mes To PLC_DB501.xml
2Command Mes To PLC_DB501,MEStoPLC_Load_Station5Spare3,"MEStoPLC.""MES.Load_SubPart2OK""",MEStoPLC,Bool,Bool,1 s,CPU S71500-2PN_TP700,EXPORT/HMI tags/OP010/MES/2Command Mes To PLC_DB501.xml
2Command Mes To PLC_DB501,MEStoPLC_Load_Station5Spare4,"MEStoPLC.""MES.Load_SubPart2tNG""",MEStoPLC,Bool,Bool,1 s,CPU S71500-2PN_TP700,EXPORT/HMI tags/OP010/MES/2Command Mes To PLC_DB501.xml
2Command Mes To PLC_DB501,MEStoPLC_Load_Station6PartOK,"MEStoPLC.""MES.Load_SubPart2ReqMesDone""",MEStoPLC,Bool,Bool,1 s,CPU S71500-2PN_TP700,EXPORT/HMI tags/OP010/MES/2Command Mes To PLC_DB501.xml
2Command Mes To PLC_DB501,MEStoPLC_Load_Station6PartNG,MEStoPLC.Spare_11,MEStoPLC,Bool,Bool,1 s,CPU S71500-2PN_TP700,EXPORT/HMI tags/OP010/MES/2Command Mes To PLC_DB501.xml
2Command Mes To PLC_DB501,MEStoPLC_Load_Station6ReqMesDone,"MEStoPLC.""MES.Load_SubPart3OK""",MEStoPLC,Bool,Bool,1 s,CPU S71500-2PN_TP700,EXPORT/HMI tags/OP010/MES/2Command Mes To PLC_DB501.xml
2Command Mes To PLC_DB501,MEStoPLC_Load_Station6Spare,"MEStoPLC.""MES.Load_SubPart3tNG""",MEStoPLC,Bool,Bool,1 s,CPU S71500-2PN_TP700,EXPORT/HMI tags/OP010/MES/2Command Mes To PLC_DB501.xml
2Command Mes To PLC_DB501,MEStoPLC_Load_Station6Spare1,"MEStoPLC.""MES.Load_SubPart3ReqMesDone""",MEStoPLC,Bool,Bool,1 s,CPU S71500-2PN_TP700,EXPORT/HMI tags/OP010/MES/2Command Mes To PLC_DB501.xml
2Command Mes To PLC_DB501,MEStoPLC_Load_Station6Spare2,MEStoPLC.Spare_12,MEStoPLC,Bool,Bool,1 s,CPU S71500-2PN_TP700,EXPORT/HMI tags/OP010/MES/2Command Mes To PLC_DB501.xml
2Command Mes To PLC_DB501,MEStoPLC_Load_Station6Spare3,"MEStoPLC.""MES.Load_SubPart4OK""",MEStoPLC,Bool,Bool,1 s,CPU S71500-2PN_TP700,EXPORT/HMI tags/OP010/MES/2Command Mes To PLC_DB501.xml
2Command Mes To PLC_DB501,MEStoPLC_Load_Station6Spare4,"MEStoPLC.""MES.Load_SubPart4tNG""",MEStoPLC,Bool,Bool,1 s,CPU S71500-2PN_TP700,EXPORT/HMI tags/OP010/MES/2Command Mes To PLC_DB501.xml
2Command Mes To PLC_DB501,MEStoPLC_Load_Station7PartOK,"MEStoPLC.""MES.Load_SubPart4ReqMesDone""",MEStoPLC,Bool,Bool,1 s,CPU S71500-2PN_TP700,EXPORT/HMI tags/OP010/MES/2Command Mes To PLC_DB501.xml
2Command Mes To PLC_DB501,MEStoPLC_Load_Station7PartNG,MEStoPLC.Spare_13,MEStoPLC,Bool,Bool,1 s,CPU S71500-2PN_TP700,EXPORT/HMI tags/OP010/MES/2Command Mes To PLC_DB501.xml
2Command Mes To PLC_DB501,MEStoPLC_Load_Station7ReqMesDone,"MEStoPLC.""MES.Load_SubPart5OK""",MEStoPLC,Bool,Bool,1 s,CPU S71500-2PN_TP700,EXPORT/HMI tags/OP010/MES/2Command Mes To PLC_DB501.xml
2Command Mes To PLC_DB501,MEStoPLC_Load_Station7Spare,"MEStoPLC.""MES.Load_SubPart5tNG""",MEStoPLC,Bool,Bool,1 s,CPU S71500-2PN_TP700,EXPORT/HMI tags/OP010/MES/2Command Mes To PLC_DB501.xml
2Command Mes To PLC_DB501,MEStoPLC_Load_Station7Spare1,"MEStoPLC.""MES.Load_SubPart5ReqMesDone""",MEStoPLC,Bool,Bool,1 s,CPU S71500-2PN_TP700,EXPORT/HMI tags/OP010/MES/2Command Mes To PLC_DB501.xml
2Command Mes To PLC_DB501,MEStoPLC_Load_Station7Spare2,MEStoPLC.Spare_14,MEStoPLC,Bool,Bool,1 s,CPU S71500-2PN_TP700,EXPORT/HMI tags/OP010/MES/2Command Mes To PLC_DB501.xml
2Command Mes To PLC_DB501,MEStoPLC_Load_Station7Spare3,"MEStoPLC.""MES.Load_SubPart6OK""",MEStoPLC,Bool,Bool,1 s,CPU S71500-2PN_TP700,EXPORT/HMI tags/OP010/MES/2Command Mes To PLC_DB501.xml
2Command Mes To PLC_DB501,MEStoPLC_Load_Station7Spare4,"MEStoPLC.""MES.Load_SubPart6tNG""",MEStoPLC,Bool,Bool,1 s,CPU S71500-2PN_TP700,EXPORT/HMI tags/OP010/MES/2Command Mes To PLC_DB501.xml
2Command Mes To PLC_DB501,MEStoPLC_Load_Station8PartOK,"MEStoPLC.""MES.Load_SubPart6ReqMesDone""",MEStoPLC,Bool,Bool,1 s,CPU S71500-2PN_TP700,EXPORT/HMI tags/OP010/MES/2Command Mes To PLC_DB501.xml
2Command Mes To PLC_DB501,MEStoPLC_Load_Station8PartNG,MEStoPLC.Spare_15,MEStoPLC,Bool,Bool,1 s,CPU S71500-2PN_TP700,EXPORT/HMI tags/OP010/MES/2Command Mes To PLC_DB501.xml
2Command Mes To PLC_DB501,MEStoPLC_Load_Station8ReqMesDone,"MEStoPLC.""MES.Load_SubPart7OK""",MEStoPLC,Bool,Bool,1 s,CPU S71500-2PN_TP700,EXPORT/HMI tags/OP010/MES/2Command Mes To PLC_DB501.xml
2Command Mes To PLC_DB501,MEStoPLC_Load_Station8Spare,"MEStoPLC.""MES.Load_SubPart7tNG""",MEStoPLC,Bool,Bool,1 s,CPU S71500-2PN_TP700,EXPORT/HMI tags/OP010/MES/2Command Mes To PLC_DB501.xml
2Command Mes To PLC_DB501,MEStoPLC_Load_Station8Spare5,"MEStoPLC.""MES.Load_SubPart7ReqMesDone""",MEStoPLC,Bool,Bool,1 s,CPU S71500-2PN_TP700,EXPORT/HMI tags/OP010/MES/2Command Mes To PLC_DB501.xml
2Command Mes To PLC_DB501,MEStoPLC_Load_Station8Spare6,MEStoPLC.Spare_16,MEStoPLC,Bool,Bool,1 s,CPU S71500-2PN_TP700,EXPORT/HMI tags/OP010/MES/2Command Mes To PLC_DB501.xml
2Command Mes To PLC_DB501,MEStoPLC_Load_Station8Spare8,"MEStoPLC.""MES.Load_SubPart8OK""",MEStoPLC,Bool,Bool,1 s,CPU S71500-2PN_TP700,EXPORT/HMI tags/OP010/MES/2Command Mes To PLC_DB501.xml
2Command Mes To PLC_DB501,MEStoPLC_Load_Station8Spare9,"MEStoPLC.""MES.Load_SubPart8tNG""",MEStoPLC,Bool,Bool,1 s,CPU S71500-2PN_TP700,EXPORT/HMI tags/OP010/MES/2Command Mes To PLC_DB501.xml
2Command Mes To PLC_DB501,MEStoPLC_Load_SubPart1OK,MEStoPLC.Spare,MEStoPLC,Bool,Bool,1 s,CPU S71500-2PN_TP700,EXPORT/HMI tags/OP010/MES/2Command Mes To PLC_DB501.xml
2Command Mes To PLC_DB501,MEStoPLC_Load_SubPart1tNG,MEStoPLC.Spare_17,MEStoPLC,Bool,Bool,1 s,CPU S71500-2PN_TP700,EXPORT/HMI tags/OP010/MES/2Command Mes To PLC_DB501.xml
2Command Mes To PLC_DB501,MEStoPLC_Load_SubPart1ReqMesDone,"MEStoPLC.""MES.Load_ResultsStored1OK""",MEStoPLC,Bool,Bool,1 s,CPU S71500-2PN_TP700,EXPORT/HMI tags/OP010/MES/2Command Mes To PLC_DB501.xml
2Command Mes To PLC_DB501,MEStoPLC_Load_SubPart2OK,"MEStoPLC.""MES.Load_ResultsStored2ReqMesDone""",MEStoPLC,Bool,Bool,1 s,CPU S71500-2PN_TP700,EXPORT/HMI tags/OP010/MES/2Command Mes To PLC_DB501.xml
2Command Mes To PLC_DB501,MEStoPLC_Load_SubPart2tNG,MEStoPLC.Spare_19,MEStoPLC,Bool,Bool,1 s,CPU S71500-2PN_TP700,EXPORT/HMI tags/OP010/MES/2Command Mes To PLC_DB501.xml
2Command Mes To PLC_DB501,MEStoPLC_Load_SubPart2ReqMesDone,"MEStoPLC.""MES.Load_ResultsStored3OK""",MEStoPLC,Bool,Bool,1 s,CPU S71500-2PN_TP700,EXPORT/HMI tags/OP010/MES/2Command Mes To PLC_DB501.xml
2Command Mes To PLC_DB501,MEStoPLC_Load_SubPart3OK,"MEStoPLC.""MES.Load_ResultsStored4ReqMesDone""",MEStoPLC,Bool,Bool,1 s,CPU S71500-2PN_TP700,EXPORT/HMI tags/OP010/MES/2Command Mes To PLC_DB501.xml
2Command Mes To PLC_DB501,MEStoPLC_Load_SubPart3tNG,MEStoPLC.Spare_21,MEStoPLC,Bool,Bool,1 s,CPU S71500-2PN_TP700,EXPORT/HMI tags/OP010/MES/2Command Mes To PLC_DB501.xml
2Command Mes To PLC_DB501,MEStoPLC_Load_SubPart3ReqMesDone,"MEStoPLC.""MES.Load_ResultsStored5OK""",MEStoPLC,Bool,Bool,1 s,CPU S71500-2PN_TP700,EXPORT/HMI tags/OP010/MES/2Command Mes To PLC_DB501.xml
2Command Mes To PLC_DB501,MEStoPLC_Load_SubPart4OK,"MEStoPLC.""MES.Load_ResultsStored6ReqMesDone""",MEStoPLC,Bool,Bool,1 s,CPU S71500-2PN_TP700,EXPORT/HMI tags/OP010/MES/2Command Mes To PLC_DB501.xml
2Command Mes To PLC_DB501,MEStoPLC_Load_SubPart4tNG,MEStoPLC.Spare_23,MEStoPLC,Bool,Bool,1 s,CPU S71500-2PN_TP700,EXPORT/HMI tags/OP010/MES/2Command Mes To PLC_DB501.xml
2Command Mes To PLC_DB501,MEStoPLC_Load_SubPart4ReqMesDone,"MEStoPLC.""MES.Load_ResultsStored7OK""",MEStoPLC,Bool,Bool,1 s,CPU S71500-2PN_TP700,EXPORT/HMI tags/OP010/MES/2Command Mes To PLC_DB501.xml
2Command Mes To PLC_DB501,MEStoPLC_Load_SubPart5OK,"MEStoPLC.""MES.Load_ResultsStored8ReqMesDone""",MEStoPLC,Bool,Bool,1 s,CPU S71500-2PN_TP700,EXPORT/HMI tags/OP010/MES/2Command Mes To PLC_DB501.xml
2Command Mes To PLC_DB501,MEStoPLC_Load_SubPart5tNG,"MEStoPLC.""MES.Load_StoveCheckInOk""",MEStoPLC,Bool,Bool,1 s,CPU S71500-2PN_TP700,EXPORT/HMI tags/OP010/MES/2Command Mes To PLC_DB501.xml
2Command Mes To PLC_DB501,MEStoPLC_Load_SubPart5ReqMesDone,MEStoPLC.Static_1,MEStoPLC,Bool,Bool,1 s,CPU S71500-2PN_TP700,EXPORT/HMI tags/OP010/MES/2Command Mes To PLC_DB501.xml
2Command Mes To PLC_DB501,MEStoPLC_Load_SubPart6OK,MEStoPLC.Spare_31,MEStoPLC,Bool,Bool,1 s,CPU S71500-2PN_TP700,EXPORT/HMI tags/OP010/MES/2Command Mes To PLC_DB501.xml
2Command Mes To PLC_DB501,MEStoPLC_Load_SubPart6tNG,MEStoPLC.Spare_32,MEStoPLC,Bool,Bool,1 s,CPU S71500-2PN_TP700,EXPORT/HMI tags/OP010/MES/2Command Mes To PLC_DB501.xml
2Command Mes To PLC_DB501,MEStoPLC_Load_SubPart6ReqMesDone,MEStoPLC.Spare_33,MEStoPLC,Bool,Bool,1 s,CPU S71500-2PN_TP700,EXPORT/HMI tags/OP010/MES/2Command Mes To PLC_DB501.xml
2Command Mes To PLC_DB501,MEStoPLC_Load_SubPart7OK,"MEStoPLC.""MES.Unload_ResultsStored2NG""",MEStoPLC,Bool,Bool,1 s,CPU S71500-2PN_TP700,EXPORT/HMI tags/OP010/MES/2Command Mes To PLC_DB501.xml
2Command Mes To PLC_DB501,MEStoPLC_Load_SubPart7tNG,"MEStoPLC.""MES.Unload_ResultsStored2ReqMesDone""",MEStoPLC,Bool,Bool,1 s,CPU S71500-2PN_TP700,EXPORT/HMI tags/OP010/MES/2Command Mes To PLC_DB501.xml
2Command Mes To PLC_DB501,MEStoPLC_Load_SubPart7ReqMesDone,MEStoPLC.Spare_35,MEStoPLC,Bool,Bool,1 s,CPU S71500-2PN_TP700,EXPORT/HMI tags/OP010/MES/2Command Mes To PLC_DB501.xml
2Command Mes To PLC_DB501,MEStoPLC_Load_SubPart8OK,"MEStoPLC.""MES.Unload_ResultsStored4NG""",MEStoPLC,Bool,Bool,1 s,CPU S71500-2PN_TP700,EXPORT/HMI tags/OP010/MES/2Command Mes To PLC_DB501.xml
2Command Mes To PLC_DB501,MEStoPLC_Load_ResultsStored1OK,"MEStoPLC.""MES.Unload_ResultsStored6ReqMesDone""",MEStoPLC,Bool,Bool,1 s,CPU S71500-2PN_TP700,EXPORT/HMI tags/OP010/MES/2Command Mes To PLC_DB501.xml
2Command Mes To PLC_DB501,MEStoPLC_Load_ResultsStored1NG,MEStoPLC.Spare_39,MEStoPLC,Bool,Bool,1 s,CPU S71500-2PN_TP700,EXPORT/HMI tags/OP010/MES/2Command Mes To PLC_DB501.xml
2Command Mes To PLC_DB501,MEStoPLC_Load_ResultsStored1ReqMesDone,"MEStoPLC.""MES.Unload_ResultsStored7OK""",MEStoPLC,Bool,Bool,1 s,CPU S71500-2PN_TP700,EXPORT/HMI tags/OP010/MES/2Command Mes To PLC_DB501.xml
2Command Mes To PLC_DB501,MEStoPLC_Load_ResultsStored1Spare,"MEStoPLC.""MES.Unload_ResultsStored7NG""",MEStoPLC,Bool,Bool,1 s,CPU S71500-2PN_TP700,EXPORT/HMI tags/OP010/MES/2Command Mes To PLC_DB501.xml
2Command Mes To PLC_DB501,MEStoPLC_Load_ResultsStored1Spare1,"MEStoPLC.""MES.Unload_ResultsStored7ReqMesDone""",MEStoPLC,Bool,Bool,1 s,CPU S71500-2PN_TP700,EXPORT/HMI tags/OP010/MES/2Command Mes To PLC_DB501.xml
2Command Mes To PLC_DB501,MEStoPLC_Load_ResultsStored1Spare2,MEStoPLC.Spare_40,MEStoPLC,Bool,Bool,1 s,CPU S71500-2PN_TP700,EXPORT/HMI tags/OP010/MES/2Command Mes To PLC_DB501.xml
2Command Mes To PLC_DB501,MEStoPLC_Load_ResultsStored1Spare3,"MEStoPLC.""MES.Unload_ResultsStored8OK""",MEStoPLC,Bool,Bool,1 s,CPU S71500-2PN_TP700,EXPORT/HMI tags/OP010/MES/2Command Mes To PLC_DB501.xml
2Command Mes To PLC_DB501,MEStoPLC_Load_ResultsStored1Spare4,"MEStoPLC.""MES.Unload_ResultsStored8NG""",MEStoPLC,Bool,Bool,1 s,CPU S71500-2PN_TP700,EXPORT/HMI tags/OP010/MES/2Command Mes To PLC_DB501.xml
2Command Mes To PLC_DB501,MEStoPLC_Load_ResultsStored2OK,"MEStoPLC.""MES.Unload_ResultsStored8ReqMesDone""",MEStoPLC,Bool,Bool,1 s,CPU S71500-2PN_TP700,EXPORT/HMI tags/OP010/MES/2Command Mes To PLC_DB501.xml
2Command Mes To PLC_DB501,MEStoPLC_Load_ResultsStored2NG,MEStoPLC.Spare_41,MEStoPLC,Bool,Bool,1 s,CPU S71500-2PN_TP700,EXPORT/HMI tags/OP010/MES/2Command Mes To PLC_DB501.xml
2Command Mes To PLC_DB501,MEStoPLC_Load_ResultsStored2ReqMesDone,"MEStoPLC.""MES.HeartbeatSignal""",MEStoPLC,Bool,Bool,1 s,CPU S71500-2PN_TP700,EXPORT/HMI tags/OP010/MES/2Command Mes To PLC_DB501.xml
Pilz,PilzData_85A1_I8,PilzData.85A1.I8,PilzData,Bool,Bool,100 ms,CPU S71500-2PN_TP700,EXPORT/HMI tags/OP010/Pilz/Pilz.xml
Pilz,PilzData_85A1_I9,PilzData.85A1.I9,PilzData,Bool,Bool,100 ms,CPU S71500-2PN_TP700,EXPORT/HMI tags/OP010/Pilz/Pilz.xml
Pilz,PilzData_85A1_I10,PilzData.85A1.I10,PilzData,Bool,Bool,100 ms,CPU S71500-2PN_TP700,EXPORT/HMI tags/OP010/Pilz/Pilz.xml
Pilz,PilzData_85A1_I11,PilzData.85A1.I11,PilzData,Bool,Bool,100 ms,CPU S71500-2PN_TP700,EXPORT/HMI tags/OP010/Pilz/Pilz.xml
Pilz,PilzData_85A1_I12,PilzData.85A1.I12,PilzData,Bool,Bool,100 ms,CPU S71500-2PN_TP700,EXPORT/HMI tags/OP010/Pilz/Pilz.xml
Pilz,PilzData_85A1_I13,PilzData.85A1.I13,PilzData,Bool,Bool,100 ms,CPU S71500-2PN_TP700,EXPORT/HMI tags/OP010/Pilz/Pilz.xml
Pilz,PilzData_85A1_I14,PilzData.85A1.I14,PilzData,Bool,Bool,100 ms,CPU S71500-2PN_TP700,EXPORT/HMI tags/OP010/Pilz/Pilz.xml
Pilz,PilzData_85A1_I15,PilzData.85A1.I15,PilzData,Bool,Bool,100 ms,CPU S71500-2PN_TP700,EXPORT/HMI tags/OP010/Pilz/Pilz.xml
Pilz,PilzData_85A1_I0,PilzData.85A1.I0,PilzData,Bool,Bool,100 ms,CPU S71500-2PN_TP700,EXPORT/HMI tags/OP010/Pilz/Pilz.xml
Pilz,PilzData_85A1_I1,PilzData.85A1.I1,PilzData,Bool,Bool,100 ms,CPU S71500-2PN_TP700,EXPORT/HMI tags/OP010/Pilz/Pilz.xml
Pilz,PilzData_85A1_I2,PilzData.85A1.I2,PilzData,Bool,Bool,100 ms,CPU S71500-2PN_TP700,EXPORT/HMI tags/OP010/Pilz/Pilz.xml
Pilz,PilzData_85A1_I3,PilzData.85A1.I3,PilzData,Bool,Bool,100 ms,CPU S71500-2PN_TP700,EXPORT/HMI tags/OP010/Pilz/Pilz.xml
Pilz,PilzData_85A1_I4,PilzData.85A1.I4,PilzData,Bool,Bool,100 ms,CPU S71500-2PN_TP700,EXPORT/HMI tags/OP010/Pilz/Pilz.xml
Pilz,PilzData_85A1_I5,PilzData.85A1.I5,PilzData,Bool,Bool,100 ms,CPU S71500-2PN_TP700,EXPORT/HMI tags/OP010/Pilz/Pilz.xml
Pilz,PilzData_85A1_I6,PilzData.85A1.I6,PilzData,Bool,Bool,100 ms,CPU S71500-2PN_TP700,EXPORT/HMI tags/OP010/Pilz/Pilz.xml
Pilz,PilzData_85A1_I7,PilzData.85A1.I7,PilzData,Bool,Bool,100 ms,CPU S71500-2PN_TP700,EXPORT/HMI tags/OP010/Pilz/Pilz.xml
Pilz,PilzData_85A1_I24,PilzData.85A1.I24,PilzData,Bool,Bool,100 ms,CPU S71500-2PN_TP700,EXPORT/HMI tags/OP010/Pilz/Pilz.xml
Pilz,PilzData_85A1_I25,PilzData.85A1.I25,PilzData,Bool,Bool,100 ms,CPU S71500-2PN_TP700,EXPORT/HMI tags/OP010/Pilz/Pilz.xml
Pilz,PilzData_85A1_I26,PilzData.85A1.I26,PilzData,Bool,Bool,100 ms,CPU S71500-2PN_TP700,EXPORT/HMI tags/OP010/Pilz/Pilz.xml
Pilz,PilzData_85A1_I27,PilzData.85A1.I27,PilzData,Bool,Bool,100 ms,CPU S71500-2PN_TP700,EXPORT/HMI tags/OP010/Pilz/Pilz.xml
Pilz,PilzData_85A1_I28,PilzData.85A1.I28,PilzData,Bool,Bool,100 ms,CPU S71500-2PN_TP700,EXPORT/HMI tags/OP010/Pilz/Pilz.xml
Pilz,PilzData_85A1_I29,PilzData.85A1.I29,PilzData,Bool,Bool,100 ms,CPU S71500-2PN_TP700,EXPORT/HMI tags/OP010/Pilz/Pilz.xml
Pilz,PilzData_85A1_I30,PilzData.85A1.I30,PilzData,Bool,Bool,100 ms,CPU S71500-2PN_TP700,EXPORT/HMI tags/OP010/Pilz/Pilz.xml
Pilz,PilzData_85A1_I31,PilzData.85A1.I31,PilzData,Bool,Bool,100 ms,CPU S71500-2PN_TP700,EXPORT/HMI tags/OP010/Pilz/Pilz.xml
Pilz,PilzData_85A1_I16,PilzData.85A1.I16,PilzData,Bool,Bool,100 ms,CPU S71500-2PN_TP700,EXPORT/HMI tags/OP010/Pilz/Pilz.xml
Pilz,PilzData_85A1_I17,PilzData.85A1.I17,PilzData,Bool,Bool,100 ms,CPU S71500-2PN_TP700,EXPORT/HMI tags/OP010/Pilz/Pilz.xml
Pilz,PilzData_85A1_I18,PilzData.85A1.I18,PilzData,Bool,Bool,100 ms,CPU S71500-2PN_TP700,EXPORT/HMI tags/OP010/Pilz/Pilz.xml
Pilz,PilzData_85A1_I19,PilzData.85A1.I19,PilzData,Bool,Bool,100 ms,CPU S71500-2PN_TP700,EXPORT/HMI tags/OP010/Pilz/Pilz.xml
Pilz,PilzData_85A1_I20,PilzData.85A1.I20,PilzData,Bool,Bool,100 ms,CPU S71500-2PN_TP700,EXPORT/HMI tags/OP010/Pilz/Pilz.xml
Pilz,PilzData_85A1_I21,PilzData.85A1.I21,PilzData,Bool,Bool,100 ms,CPU S71500-2PN_TP700,EXPORT/HMI tags/OP010/Pilz/Pilz.xml
Pilz,PilzData_85A1_I22,PilzData.85A1.I22,PilzData,Bool,Bool,100 ms,CPU S71500-2PN_TP700,EXPORT/HMI tags/OP010/Pilz/Pilz.xml
Pilz,PilzData_85A1_I23,PilzData.85A1.I23,PilzData,Bool,Bool,100 ms,CPU S71500-2PN_TP700,EXPORT/HMI tags/OP010/Pilz/Pilz.xml
Pilz,PilzData_85A1_O0,PilzData.85A1.O0,PilzData,Bool,Bool,100 ms,CPU S71500-2PN_TP700,EXPORT/HMI tags/OP010/Pilz/Pilz.xml
Pilz,PilzData_85A1_O1,PilzData.85A1.O1,PilzData,Bool,Bool,100 ms,CPU S71500-2PN_TP700,EXPORT/HMI tags/OP010/Pilz/Pilz.xml
Pilz,PilzData_85A1_O2,PilzData.85A1.O2,PilzData,Bool,Bool,100 ms,CPU S71500-2PN_TP700,EXPORT/HMI tags/OP010/Pilz/Pilz.xml
Pilz,PilzData_85A1_O3,PilzData.85A1.O3,PilzData,Bool,Bool,100 ms,CPU S71500-2PN_TP700,EXPORT/HMI tags/OP010/Pilz/Pilz.xml
Pilz,PilzData_85A1_Spare_1,PilzData.85A1.Spare_1,PilzData,Bool,Bool,100 ms,CPU S71500-2PN_TP700,EXPORT/HMI tags/OP010/Pilz/Pilz.xml
Pilz,PilzData_85A1_Spare_2,PilzData.85A1.Spare_2,PilzData,Bool,Bool,100 ms,CPU S71500-2PN_TP700,EXPORT/HMI tags/OP010/Pilz/Pilz.xml
Pilz,PilzData_85A1_Spare_3,PilzData.85A1.Spare_3,PilzData,Bool,Bool,100 ms,CPU S71500-2PN_TP700,EXPORT/HMI tags/OP010/Pilz/Pilz.xml
Pilz,PilzData_85A1_Spare_4,PilzData.85A1.Spare_4,PilzData,Bool,Bool,100 ms,CPU S71500-2PN_TP700,EXPORT/HMI tags/OP010/Pilz/Pilz.xml
Pilz,PilzData_85A1_Spare_5,PilzData.85A1.Spare_5,PilzData,Bool,Bool,100 ms,CPU S71500-2PN_TP700,EXPORT/HMI tags/OP010/Pilz/Pilz.xml
Pilz,PilzData_85A1_Spare_6,PilzData.85A1.Spare_6,PilzData,Bool,Bool,100 ms,CPU S71500-2PN_TP700,EXPORT/HMI tags/OP010/Pilz/Pilz.xml
Pilz,PilzData_85A1_Spare_7,PilzData.85A1.Spare_7,PilzData,Bool,Bool,100 ms,CPU S71500-2PN_TP700,EXPORT/HMI tags/OP010/Pilz/Pilz.xml
Pilz,PilzData_85A1_Spare_8,PilzData.85A1.Spare_8,PilzData,Bool,Bool,100 ms,CPU S71500-2PN_TP700,EXPORT/HMI tags/OP010/Pilz/Pilz.xml
Pilz,PilzData_85A1_Spare_9,PilzData.85A1.Spare_9,PilzData,Bool,Bool,100 ms,CPU S71500-2PN_TP700,EXPORT/HMI tags/OP010/Pilz/Pilz.xml
Pilz,PilzData_85A1_Spare_10,PilzData.85A1.Spare_10,PilzData,Bool,Bool,100 ms,CPU S71500-2PN_TP700,EXPORT/HMI tags/OP010/Pilz/Pilz.xml
Pilz,PilzData_85A1_Spare_11,PilzData.85A1.Spare_11,PilzData,Bool,Bool,100 ms,CPU S71500-2PN_TP700,EXPORT/HMI tags/OP010/Pilz/Pilz.xml
Pilz,PilzData_85A1_Spare_12,PilzData.85A1.Spare_12,PilzData,Bool,Bool,100 ms,CPU S71500-2PN_TP700,EXPORT/HMI tags/OP010/Pilz/Pilz.xml
Pilz,PilzData_85A2_I0,PilzData.85A2.I0,PilzData,Bool,Bool,100 ms,CPU S71500-2PN_TP700,EXPORT/HMI tags/OP010/Pilz/Pilz.xml
Pilz,PilzData_85A2_I1,PilzData.85A2.I1,PilzData,Bool,Bool,100 ms,CPU S71500-2PN_TP700,EXPORT/HMI tags/OP010/Pilz/Pilz.xml
Pilz,PilzData_85A2_I2,PilzData.85A2.I2,PilzData,Bool,Bool,100 ms,CPU S71500-2PN_TP700,EXPORT/HMI tags/OP010/Pilz/Pilz.xml
Pilz,PilzData_85A2_I3,PilzData.85A2.I3,PilzData,Bool,Bool,100 ms,CPU S71500-2PN_TP700,EXPORT/HMI tags/OP010/Pilz/Pilz.xml
Pilz,PilzData_85A2_I4,PilzData.85A2.I4,PilzData,Bool,Bool,100 ms,CPU S71500-2PN_TP700,EXPORT/HMI tags/OP010/Pilz/Pilz.xml
Pilz,PilzData_85A2_I5,PilzData.85A2.I5,PilzData,Bool,Bool,100 ms,CPU S71500-2PN_TP700,EXPORT/HMI tags/OP010/Pilz/Pilz.xml
Pilz,PilzData_85A2_I6,PilzData.85A2.I6,PilzData,Bool,Bool,100 ms,CPU S71500-2PN_TP700,EXPORT/HMI tags/OP010/Pilz/Pilz.xml
Pilz,PilzData_85A2_I7,PilzData.85A2.I7,PilzData,Bool,Bool,100 ms,CPU S71500-2PN_TP700,EXPORT/HMI tags/OP010/Pilz/Pilz.xml
Pilz,PilzData_85A2_O0,PilzData.85A2.O0,PilzData,Bool,Bool,100 ms,CPU S71500-2PN_TP700,EXPORT/HMI tags/OP010/Pilz/Pilz.xml
Pilz,PilzData_85A2_O1,PilzData.85A2.O1,PilzData,Bool,Bool,100 ms,CPU S71500-2PN_TP700,EXPORT/HMI tags/OP010/Pilz/Pilz.xml
Pilz,PilzData_85A2_O2,PilzData.85A2.O2,PilzData,Bool,Bool,100 ms,CPU S71500-2PN_TP700,EXPORT/HMI tags/OP010/Pilz/Pilz.xml
Pilz,PilzData_85A2_O3,PilzData.85A2.O3,PilzData,Bool,Bool,100 ms,CPU S71500-2PN_TP700,EXPORT/HMI tags/OP010/Pilz/Pilz.xml
Pilz,PilzData_85A2_Spare_1,PilzData.85A2.Spare_1,PilzData,Bool,Bool,100 ms,CPU S71500-2PN_TP700,EXPORT/HMI tags/OP010/Pilz/Pilz.xml
Pilz,PilzData_85A2_Spare_2,PilzData.85A2.Spare_2,PilzData,Bool,Bool,100 ms,CPU S71500-2PN_TP700,EXPORT/HMI tags/OP010/Pilz/Pilz.xml
Pilz,PilzData_85A2_Spare_3,PilzData.85A2.Spare_3,PilzData,Bool,Bool,100 ms,CPU S71500-2PN_TP700,EXPORT/HMI tags/OP010/Pilz/Pilz.xml
Pilz,PilzData_85A2_Spare_4,PilzData.85A2.Spare_4,PilzData,Bool,Bool,100 ms,CPU S71500-2PN_TP700,EXPORT/HMI tags/OP010/Pilz/Pilz.xml
Pilz,PilzData_85A3_I0,PilzData.85A3.I0,PilzData,Bool,Bool,100 ms,CPU S71500-2PN_TP700,EXPORT/HMI tags/OP010/Pilz/Pilz.xml
Pilz,PilzData_85A3_I1,PilzData.85A3.I1,PilzData,Bool,Bool,100 ms,CPU S71500-2PN_TP700,EXPORT/HMI tags/OP010/Pilz/Pilz.xml
Pilz,PilzData_85A3_I2,PilzData.85A3.I2,PilzData,Bool,Bool,100 ms,CPU S71500-2PN_TP700,EXPORT/HMI tags/OP010/Pilz/Pilz.xml
Pilz,PilzData_85A3_I3,PilzData.85A3.I3,PilzData,Bool,Bool,100 ms,CPU S71500-2PN_TP700,EXPORT/HMI tags/OP010/Pilz/Pilz.xml
Pilz,PilzData_85A3_I4,PilzData.85A3.I4,PilzData,Bool,Bool,100 ms,CPU S71500-2PN_TP700,EXPORT/HMI tags/OP010/Pilz/Pilz.xml
Pilz,PilzData_85A3_I5,PilzData.85A3.I5,PilzData,Bool,Bool,100 ms,CPU S71500-2PN_TP700,EXPORT/HMI tags/OP010/Pilz/Pilz.xml
Pilz,PilzData_85A3_I6,PilzData.85A3.I6,PilzData,Bool,Bool,100 ms,CPU S71500-2PN_TP700,EXPORT/HMI tags/OP010/Pilz/Pilz.xml
Pilz,PilzData_85A3_I7,PilzData.85A3.I7,PilzData,Bool,Bool,100 ms,CPU S71500-2PN_TP700,EXPORT/HMI tags/OP010/Pilz/Pilz.xml
Pilz,PilzData_85A3_O0,PilzData.85A3.O0,PilzData,Bool,Bool,100 ms,CPU S71500-2PN_TP700,EXPORT/HMI tags/OP010/Pilz/Pilz.xml
Pilz,PilzData_85A3_O1,PilzData.85A3.O1,PilzData,Bool,Bool,100 ms,CPU S71500-2PN_TP700,EXPORT/HMI tags/OP010/Pilz/Pilz.xml
Pilz,PilzData_85A3_O2,PilzData.85A3.O2,PilzData,Bool,Bool,100 ms,CPU S71500-2PN_TP700,EXPORT/HMI tags/OP010/Pilz/Pilz.xml
Pilz,PilzData_85A3_O3,PilzData.85A3.O3,PilzData,Bool,Bool,100 ms,CPU S71500-2PN_TP700,EXPORT/HMI tags/OP010/Pilz/Pilz.xml
Pilz,PilzData_85A3_Spare_1,PilzData.85A3.Spare_1,PilzData,Bool,Bool,100 ms,CPU S71500-2PN_TP700,EXPORT/HMI tags/OP010/Pilz/Pilz.xml
Pilz,PilzData_85A3_Spare_2,PilzData.85A3.Spare_2,PilzData,Bool,Bool,100 ms,CPU S71500-2PN_TP700,EXPORT/HMI tags/OP010/Pilz/Pilz.xml
Pilz,PilzData_85A3_Spare_3,PilzData.85A3.Spare_3,PilzData,Bool,Bool,100 ms,CPU S71500-2PN_TP700,EXPORT/HMI tags/OP010/Pilz/Pilz.xml
Pilz,PilzData_85A3_Spare_4,PilzData.85A3.Spare_4,PilzData,Bool,Bool,100 ms,CPU S71500-2PN_TP700,EXPORT/HMI tags/OP010/Pilz/Pilz.xml
Pilz,PilzData_Status,PilzData.Status,PilzData,Int,Int,100 ms,CPU S71500-2PN_TP700,EXPORT/HMI tags/OP010/Pilz/Pilz.xml
Pilz,PilzData_85A4_I0,PilzData.85A4.I0,PilzData,Bool,Bool,100 ms,CPU S71500-2PN_TP700,EXPORT/HMI tags/OP010/Pilz/Pilz.xml
Pilz,PilzData_85A4_I1,PilzData.85A4.I1,PilzData,Bool,Bool,100 ms,CPU S71500-2PN_TP700,EXPORT/HMI tags/OP010/Pilz/Pilz.xml
Pilz,PilzData_85A4_I2,PilzData.85A4.I2,PilzData,Bool,Bool,100 ms,CPU S71500-2PN_TP700,EXPORT/HMI tags/OP010/Pilz/Pilz.xml
Pilz,PilzData_85A4_I3,PilzData.85A4.I3,PilzData,Bool,Bool,100 ms,CPU S71500-2PN_TP700,EXPORT/HMI tags/OP010/Pilz/Pilz.xml
Pilz,PilzData_85A4_I4,PilzData.85A4.I4,PilzData,Bool,Bool,100 ms,CPU S71500-2PN_TP700,EXPORT/HMI tags/OP010/Pilz/Pilz.xml
Pilz,PilzData_85A4_I5,PilzData.85A4.I5,PilzData,Bool,Bool,100 ms,CPU S71500-2PN_TP700,EXPORT/HMI tags/OP010/Pilz/Pilz.xml
Pilz,PilzData_85A4_I6,PilzData.85A4.I6,PilzData,Bool,Bool,100 ms,CPU S71500-2PN_TP700,EXPORT/HMI tags/OP010/Pilz/Pilz.xml
Pilz,PilzData_85A4_I7,PilzData.85A4.I7,PilzData,Bool,Bool,100 ms,CPU S71500-2PN_TP700,EXPORT/HMI tags/OP010/Pilz/Pilz.xml
Pilz,PilzData_85A4_O0,PilzData.85A4.O0,PilzData,Bool,Bool,100 ms,CPU S71500-2PN_TP700,EXPORT/HMI tags/OP010/Pilz/Pilz.xml
Pilz,PilzData_85A4_O1,PilzData.85A4.O1,PilzData,Bool,Bool,100 ms,CPU S71500-2PN_TP700,EXPORT/HMI tags/OP010/Pilz/Pilz.xml
Pilz,PilzData_85A4_O2,PilzData.85A4.O2,PilzData,Bool,Bool,100 ms,CPU S71500-2PN_TP700,EXPORT/HMI tags/OP010/Pilz/Pilz.xml
Pilz,PilzData_85A4_O3,PilzData.85A4.O3,PilzData,Bool,Bool,100 ms,CPU S71500-2PN_TP700,EXPORT/HMI tags/OP010/Pilz/Pilz.xml
Pilz,PilzData_85A4_Spare_1,PilzData.85A4.Spare_1,PilzData,Bool,Bool,100 ms,CPU S71500-2PN_TP700,EXPORT/HMI tags/OP010/Pilz/Pilz.xml
Pilz,PilzData_85A4_Spare_2,PilzData.85A4.Spare_2,PilzData,Bool,Bool,100 ms,CPU S71500-2PN_TP700,EXPORT/HMI tags/OP010/Pilz/Pilz.xml
Pilz,PilzData_85A4_Spare_3,PilzData.85A4.Spare_3,PilzData,Bool,Bool,100 ms,CPU S71500-2PN_TP700,EXPORT/HMI tags/OP010/Pilz/Pilz.xml
Pilz,PilzData_85A4_Spare_4,PilzData.85A4.Spare_4,PilzData,Bool,Bool,100 ms,CPU S71500-2PN_TP700,EXPORT/HMI tags/OP010/Pilz/Pilz.xml
Pilz,PilzData_85A5_I0,PilzData.85A5.I0,PilzData,Bool,Bool,100 ms,CPU S71500-2PN_TP700,EXPORT/HMI tags/OP010/Pilz/Pilz.xml
Pilz,PilzData_85A5_I1,PilzData.85A5.I1,PilzData,Bool,Bool,100 ms,CPU S71500-2PN_TP700,EXPORT/HMI tags/OP010/Pilz/Pilz.xml
Pilz,PilzData_85A5_I2,PilzData.85A5.I2,PilzData,Bool,Bool,100 ms,CPU S71500-2PN_TP700,EXPORT/HMI tags/OP010/Pilz/Pilz.xml
Pilz,PilzData_85A5_I3,PilzData.85A5.I3,PilzData,Bool,Bool,100 ms,CPU S71500-2PN_TP700,EXPORT/HMI tags/OP010/Pilz/Pilz.xml
Pilz,PilzData_85A5_I4,PilzData.85A5.I4,PilzData,Bool,Bool,100 ms,CPU S71500-2PN_TP700,EXPORT/HMI tags/OP010/Pilz/Pilz.xml
Pilz,PilzData_85A5_I5,PilzData.85A5.I5,PilzData,Bool,Bool,100 ms,CPU S71500-2PN_TP700,EXPORT/HMI tags/OP010/Pilz/Pilz.xml
Pilz,PilzData_85A5_I6,PilzData.85A5.I6,PilzData,Bool,Bool,100 ms,CPU S71500-2PN_TP700,EXPORT/HMI tags/OP010/Pilz/Pilz.xml
Pilz,PilzData_85A5_I7,PilzData.85A5.I7,PilzData,Bool,Bool,100 ms,CPU S71500-2PN_TP700,EXPORT/HMI tags/OP010/Pilz/Pilz.xml
Pilz,PilzData_85A5_O0,PilzData.85A5.O0,PilzData,Bool,Bool,100 ms,CPU S71500-2PN_TP700,EXPORT/HMI tags/OP010/Pilz/Pilz.xml
Pilz,PilzData_85A5_O1,PilzData.85A5.O1,PilzData,Bool,Bool,100 ms,CPU S71500-2PN_TP700,EXPORT/HMI tags/OP010/Pilz/Pilz.xml
Pilz,PilzData_85A5_O2,PilzData.85A5.O2,PilzData,Bool,Bool,100 ms,CPU S71500-2PN_TP700,EXPORT/HMI tags/OP010/Pilz/Pilz.xml
Pilz,PilzData_85A5_O3,PilzData.85A5.O3,PilzData,Bool,Bool,100 ms,CPU S71500-2PN_TP700,EXPORT/HMI tags/OP010/Pilz/Pilz.xml
Pilz,PilzData_85A5_Spare_1,PilzData.85A5.Spare_1,PilzData,Bool,Bool,100 ms,CPU S71500-2PN_TP700,EXPORT/HMI tags/OP010/Pilz/Pilz.xml
Pilz,PilzData_85A5_Spare_2,PilzData.85A5.Spare_2,PilzData,Bool,Bool,100 ms,CPU S71500-2PN_TP700,EXPORT/HMI tags/OP010/Pilz/Pilz.xml
Pilz,PilzData_85A5_Spare_3,PilzData.85A5.Spare_3,PilzData,Bool,Bool,100 ms,CPU S71500-2PN_TP700,EXPORT/HMI tags/OP010/Pilz/Pilz.xml
Pilz,PilzData_85A5_Spare_4,PilzData.85A5.Spare_4,PilzData,Bool,Bool,100 ms,CPU S71500-2PN_TP700,EXPORT/HMI tags/OP010/Pilz/Pilz.xml
SR_X80,KeyenceSR1000Ctrl_800A1DB_sHMI,KeyenceSR1000Ctrl_800A1DB.sHMI,KeyenceSR1000Ctrl_800A1DB,RCS_KeyenceSR1000_HMI1,RCS_KeyenceSR1000_HMI1,1 s,CPU S71500-2PN_TP700,EXPORT/HMI tags/OP010/SR_X80/SR_X80.xml
SR_X80,KeyenceSR1000Ctrl_801A1DB_sHMI,KeyenceSR1000Ctrl_801A1DB.sHMI,KeyenceSR1000Ctrl_801A1DB,RCS_KeyenceSR1000_HMI1,RCS_KeyenceSR1000_HMI1,1 s,CPU S71500-2PN_TP700,EXPORT/HMI tags/OP010/SR_X80/SR_X80.xml
SR_X80,KeyenceSR1000Ctrl_802A1DB_sHMI,KeyenceSR1000Ctrl_802A1DB.sHMI,KeyenceSR1000Ctrl_802A1DB,RCS_KeyenceSR1000_HMI1,RCS_KeyenceSR1000_HMI1,1 s,CPU S71500-2PN_TP700,EXPORT/HMI tags/OP010/SR_X80/SR_X80.xml
SR_X80,KeyenceSR1000Ctrl_803A1DB_sHMI,KeyenceSR1000Ctrl_803A1DB.sHMI,KeyenceSR1000Ctrl_803A1DB,RCS_KeyenceSR1000_HMI1,RCS_KeyenceSR1000_HMI1,1 s,CPU S71500-2PN_TP700,EXPORT/HMI tags/OP010/SR_X80/SR_X80.xml
SR_X80,KeyenceSR1000Ctrl_804A1DB_sHMI,KeyenceSR1000Ctrl_804A1DB.sHMI,KeyenceSR1000Ctrl_804A1DB,RCS_KeyenceSR1000_HMI1,RCS_KeyenceSR1000_HMI1,1 s,CPU S71500-2PN_TP700,EXPORT/HMI tags/OP010/SR_X80/SR_X80.xml
SR_X80,KeyenceSR1000Ctrl_805A1DB_sHMI,KeyenceSR1000Ctrl_805A1DB.sHMI,KeyenceSR1000Ctrl_805A1DB,RCS_KeyenceSR1000_HMI1,RCS_KeyenceSR1000_HMI1,1 s,CPU S71500-2PN_TP700,EXPORT/HMI tags/OP010/SR_X80/SR_X80.xml
SR_X80,KeyenceSR1000Ctrl_806A1DB_sHMI,KeyenceSR1000Ctrl_806A1DB.sHMI,KeyenceSR1000Ctrl_806A1DB,RCS_KeyenceSR1000_HMI1,RCS_KeyenceSR1000_HMI1,1 s,CPU S71500-2PN_TP700,EXPORT/HMI tags/OP010/SR_X80/SR_X80.xml
SR_X80,KeyenceSR1000Ctrl_807A1DB_sHMI,KeyenceSR1000Ctrl_807A1DB.sHMI,KeyenceSR1000Ctrl_807A1DB,RCS_KeyenceSR1000_HMI1,RCS_KeyenceSR1000_HMI1,1 s,CPU S71500-2PN_TP700,EXPORT/HMI tags/OP010/SR_X80/SR_X80.xml
C,Sys_ScanTime_CyclePrevious,Sys.ScanTime.CyclePrevious,Sys,Int,Int,1 s,CPU S71500-2PN_TP700,EXPORT/HMI tags/01 SysCom/GloInformation/CPUInformation/C.xml
C,Sys_ScanTime_CycleMax,Sys.ScanTime.CycleMax,Sys,Int,Int,1 s,CPU S71500-2PN_TP700,EXPORT/HMI tags/01 SysCom/GloInformation/CPUInformation/C.xml
C,Sys_ScanTime_CycleMin,Sys.ScanTime.CycleMin,Sys,Int,Int,1 s,CPU S71500-2PN_TP700,EXPORT/HMI tags/01 SysCom/GloInformation/CPUInformation/C.xml
C,SysScanTimeCyclePrevious,Sys.ScanTime.CyclePrevious,Sys,Int,Int,1 s,CPU S71500-2PN_TP700,EXPORT/HMI tags/01 SysCom/GloInformation/CPUInformation/C.xml
C,SysScanTimeCycleMax,Sys.ScanTime.CycleMax,Sys,Int,Int,1 s,CPU S71500-2PN_TP700,EXPORT/HMI tags/01 SysCom/GloInformation/CPUInformation/C.xml
C,SysScanTimeCycleMin,Sys.ScanTime.CycleMin,Sys,Int,Int,1 s,CPU S71500-2PN_TP700,EXPORT/HMI tags/01 SysCom/GloInformation/CPUInformation/C.xml
